freq_hz,asd_out_v_rthz,gain,asd_in_v_rthz,is_mains_line
0.21362,4.786649e-03,36.290,1.318997e-04,0
0.24414,2.236590e-03,37.819,5.913983e-05,0
0.27466,1.637810e-03,39.220,4.175915e-05,0
0.30518,3.052051e-03,40.518,7.532539e-05,0
0.33569,2.545513e-03,44.591,5.708602e-05,0
0.36621,1.713107e-03,49.235,3.479465e-05,0
0.39673,2.683807e-03,53.933,4.976212e-05,0
0.42725,3.082344e-03,58.681,5.252703e-05,0
0.45776,1.281804e-03,63.010,2.034293e-05,0
0.48828,1.663195e-03,65.394,2.543329e-05,0
0.51880,2.742242e-03,67.717,4.049590e-05,0
0.54932,1.818296e-03,69.981,2.598257e-05,0
0.57983,9.585192e-04,72.193,1.327710e-05,0
0.61035,1.638683e-03,74.357,2.203818e-05,0
0.64087,1.563255e-03,76.474,2.044159e-05,0
0.67139,8.624407e-04,78.089,1.104427e-05,0
0.70190,9.650707e-04,79.032,1.221109e-05,0
0.73242,1.981544e-03,79.946,2.478611e-05,0
0.76294,1.467447e-03,80.832,1.815432e-05,0
0.79346,1.494913e-03,81.692,1.829929e-05,0
0.82397,4.938660e-03,82.529,5.984142e-05,0
0.85449,4.538138e-03,83.344,5.445100e-05,0
0.88501,1.211312e-03,84.137,1.439691e-05,0
0.91553,1.029518e-03,84.911,1.212472e-05,0
0.94604,1.388118e-03,85.666,1.620388e-05,0
0.97656,9.834156e-04,86.160,1.141381e-05,0
1.00708,1.069243e-03,86.434,1.237059e-05,0
1.03760,1.028882e-03,86.701,1.186702e-05,0
1.06812,8.086912e-04,86.961,9.299494e-06,0
1.09863,7.157583e-04,87.214,8.206920e-06,0
1.12915,8.020722e-04,87.461,9.170627e-06,0
1.15967,9.337347e-04,87.702,1.064667e-05,0
1.19019,8.285370e-04,87.938,9.421882e-06,0
1.22070,9.352626e-04,88.168,1.060778e-05,0
1.25122,8.956338e-04,88.393,1.013245e-05,0
1.28174,9.637761e-04,88.613,1.087627e-05,0
1.31226,1.105019e-03,88.828,1.243995e-05,0
1.34277,7.762741e-04,89.039,8.718334e-06,0
1.37329,7.991369e-04,89.246,8.954312e-06,0
1.40381,9.262089e-04,89.464,1.035292e-05,0
1.43433,7.552982e-04,89.777,8.413092e-06,0
1.46484,1.007412e-03,90.084,1.118302e-05,0
1.49536,1.095761e-03,90.386,1.212309e-05,0
1.52588,9.849137e-04,90.683,1.086103e-05,0
1.55640,8.086582e-04,90.975,8.888757e-06,0
1.58691,7.879266e-04,91.263,8.633605e-06,0
1.61743,1.023019e-03,91.546,1.117497e-05,0
1.64795,1.558415e-03,91.824,1.697179e-05,0
1.67847,2.420139e-03,92.098,2.627789e-05,0
1.70898,1.485587e-03,92.368,1.608338e-05,0
1.73950,1.067432e-03,92.634,1.152314e-05,0
1.77002,9.943861e-04,92.896,1.070432e-05,0
1.80054,9.731277e-04,93.154,1.044644e-05,0
1.83105,7.875030e-04,93.409,8.430728e-06,0
1.86157,7.852197e-04,93.660,8.383747e-06,0
1.89209,1.001444e-03,93.907,1.066417e-05,0
1.92261,9.599193e-04,94.152,1.019545e-05,0
1.95312,1.064562e-03,94.393,1.127799e-05,0
1.98364,1.467851e-03,94.631,1.551133e-05,0
2.01416,1.249447e-03,94.866,1.317067e-05,0
2.04468,9.907524e-04,95.071,1.042117e-05,0
2.07520,8.975235e-04,95.080,9.439637e-06,0
2.10571,8.027249e-04,95.089,8.441796e-06,0
2.13623,7.397410e-04,95.098,7.778700e-06,0
2.16675,7.557829e-04,95.107,7.946654e-06,0
2.19727,7.470363e-04,95.116,7.853971e-06,0
2.22778,5.662992e-04,95.124,5.953255e-06,0
2.25830,7.047900e-04,95.133,7.408490e-06,0
2.28882,6.709666e-04,95.141,7.052335e-06,0
2.31934,7.026592e-04,95.149,7.384808e-06,0
2.34985,6.300854e-04,95.157,6.621508e-06,0
2.38037,5.790549e-04,95.165,6.084721e-06,0
2.41089,8.443208e-04,95.173,8.871404e-06,0
2.44141,7.782427e-04,95.181,8.176441e-06,0
2.47192,7.542489e-04,95.189,7.923713e-06,0
2.50244,1.543246e-03,95.196,1.621117e-05,0
2.53296,1.357924e-03,95.204,1.426331e-05,0
2.56348,8.070311e-04,95.211,8.476202e-06,0
2.59399,9.577955e-04,95.219,1.005890e-05,0
2.62451,7.704247e-04,95.226,8.090486e-06,0
2.65503,7.817040e-04,95.233,8.208315e-06,0
2.68555,6.243471e-04,95.240,6.555494e-06,0
2.71606,6.713348e-04,95.247,7.048334e-06,0
2.74658,9.140761e-04,95.254,9.596172e-06,0
2.77710,8.505751e-04,95.261,8.928881e-06,0
2.80762,7.194848e-04,95.268,7.552227e-06,0
2.83813,9.577790e-04,95.275,1.005283e-05,0
2.86865,8.873165e-04,95.281,9.312603e-06,0
2.89917,8.072978e-04,95.288,8.472202e-06,0
2.92969,8.406071e-04,95.294,8.821165e-06,0
2.96021,7.135165e-04,95.301,7.486996e-06,0
2.99072,6.571707e-04,95.323,6.894137e-06,0
3.02124,6.743847e-04,95.361,7.071880e-06,0
3.05176,7.833250e-04,95.399,8.211006e-06,0
3.08228,5.584093e-04,95.437,5.851078e-06,0
3.11279,6.797314e-04,95.474,7.119528e-06,0
3.14331,7.935527e-04,95.511,8.308488e-06,0
3.17383,6.046762e-04,95.548,6.328532e-06,0
3.20435,8.053300e-04,95.584,8.425378e-06,0
3.23486,7.750064e-04,95.620,8.105091e-06,0
3.26538,7.131447e-04,95.655,7.455363e-06,0
3.29590,8.642132e-04,95.690,9.031338e-06,0
3.32642,1.354113e-03,95.725,1.414581e-05,0
3.35693,1.762537e-03,95.760,1.840577e-05,0
3.38745,9.752961e-04,95.794,1.018115e-05,0
3.41797,6.168052e-04,95.828,6.436562e-06,0
3.44849,5.820712e-04,95.862,6.071965e-06,0
3.47900,6.086662e-04,95.896,6.347180e-06,0
3.50952,6.673722e-04,95.929,6.956962e-06,0
3.54004,7.792719e-04,95.962,8.120667e-06,0
3.57056,8.946043e-04,95.994,9.319359e-06,0
3.60107,7.748716e-04,96.027,8.069348e-06,0
3.63159,8.217115e-04,96.059,8.554272e-06,0
3.66211,8.331736e-04,96.090,8.670722e-06,0
3.69263,7.115212e-04,96.122,7.402271e-06,0
3.72314,6.402686e-04,96.153,6.658828e-06,0
3.75366,7.218330e-04,96.184,7.504676e-06,0
3.78418,7.486392e-04,96.215,7.780877e-06,0
3.81470,7.023427e-04,96.246,7.297380e-06,0
3.84521,7.868590e-04,96.276,8.172932e-06,0
3.87573,8.125010e-04,96.306,8.436629e-06,0
3.90625,1.001252e-03,96.336,1.039330e-05,0
3.93677,9.831846e-04,96.366,1.020261e-05,0
3.96729,9.335444e-04,96.395,9.684532e-06,0
3.99780,8.831713e-04,96.425,9.159185e-06,0
4.02832,6.743038e-04,96.454,6.990959e-06,0
4.05884,9.497397e-04,96.483,9.843646e-06,0
4.08936,1.134974e-03,96.511,1.176004e-05,0
4.11987,7.290272e-04,96.540,7.551591e-06,0
4.15039,2.022996e-03,96.568,2.094898e-05,0
4.18091,6.150457e-03,96.596,6.367213e-05,0
4.21143,4.477430e-03,96.624,4.633890e-05,0
4.24194,7.860784e-04,96.651,8.133147e-06,0
4.27246,8.095726e-04,96.679,8.373853e-06,0
4.30298,8.953685e-04,96.706,9.258677e-06,0
4.33350,6.996195e-04,96.733,7.232485e-06,0
4.36401,6.487674e-04,96.742,6.706142e-06,0
4.39453,6.736856e-04,96.748,6.963271e-06,0
4.42505,7.721923e-04,96.755,7.980940e-06,0
4.45557,6.417479e-04,96.761,6.632324e-06,0
4.48608,7.691977e-04,96.767,7.948994e-06,0
4.51660,7.592945e-04,96.773,7.846167e-06,0
4.54712,7.193009e-04,96.779,7.432435e-06,0
4.57764,6.084927e-04,96.785,6.287085e-06,0
4.60815,6.357258e-04,96.790,6.568065e-06,0
4.63867,7.217176e-04,96.796,7.456048e-06,0
4.66919,4.521140e-04,96.802,4.670499e-06,0
4.69971,6.592307e-04,96.808,6.809683e-06,0
4.73022,7.080975e-04,96.814,7.314032e-06,0
4.76074,5.854568e-04,96.819,6.046905e-06,0
4.79126,6.289911e-04,96.825,6.496170e-06,0
4.82178,8.835427e-04,96.831,9.124629e-06,0
4.85229,8.371748e-04,96.836,8.645274e-06,0
4.88281,6.263724e-04,96.842,6.468005e-06,0
4.91333,6.276515e-04,96.847,6.480844e-06,0
4.94385,7.112623e-04,96.853,7.343755e-06,0
4.97437,1.052245e-03,96.858,1.086378e-05,0
5.00488,1.779681e-03,96.864,1.837308e-05,0
5.03540,9.725581e-04,96.869,1.003994e-05,0
5.06592,5.152592e-04,96.874,5.318845e-06,0
5.09644,4.866289e-04,96.880,5.023029e-06,0
5.12695,6.949443e-04,96.885,7.172887e-06,0
5.15747,6.108635e-04,96.890,6.304703e-06,0
5.18799,7.375291e-04,96.895,7.611604e-06,0
5.21851,7.370163e-04,96.901,7.605904e-06,0
5.24902,5.916224e-04,96.906,6.105134e-06,0
5.27954,4.711261e-04,96.911,4.861438e-06,0
5.31006,6.190455e-04,96.916,6.387446e-06,0
5.34058,8.333294e-04,96.921,8.598024e-06,0
5.37109,8.274375e-04,96.926,8.536788e-06,0
5.40161,7.033466e-04,96.931,7.256149e-06,0
5.43213,6.440164e-04,96.936,6.643721e-06,0
5.46265,6.658945e-04,96.941,6.869065e-06,0
5.49316,5.851389e-04,96.946,6.035720e-06,0
5.52368,6.012731e-04,96.951,6.201831e-06,0
5.55420,8.078691e-04,96.956,8.332345e-06,0
5.58472,8.127446e-04,96.961,8.382211e-06,0
5.61523,7.675353e-04,96.965,7.915552e-06,0
5.64575,6.186389e-04,96.970,6.379675e-06,0
5.67627,5.844016e-04,96.975,6.026307e-06,0
5.70679,5.966022e-04,96.980,6.151818e-06,0
5.73730,4.607442e-04,96.985,4.750697e-06,0
5.76782,7.330735e-04,96.989,7.558296e-06,0
5.79834,8.034791e-04,96.994,8.283808e-06,0
5.82886,6.185719e-04,96.999,6.377123e-06,0
5.85938,7.988078e-04,97.003,8.234858e-06,0
5.88989,7.589639e-04,97.008,7.823739e-06,0
5.92041,6.263634e-04,97.012,6.456529e-06,0
5.95093,7.363174e-04,97.017,7.589573e-06,0
5.98145,8.135623e-04,97.022,8.385381e-06,0
6.01196,5.621370e-04,97.026,5.793673e-06,0
6.04248,5.847622e-04,97.031,6.026580e-06,0
6.07300,7.783745e-04,97.035,8.021587e-06,0
6.10352,7.382003e-04,97.039,7.607221e-06,0
6.13403,5.964347e-04,97.044,6.146033e-06,0
6.16455,8.705295e-04,97.048,8.970069e-06,0
6.19507,8.116943e-04,97.053,8.363444e-06,0
6.22559,5.900694e-04,97.057,6.079617e-06,0
6.25610,7.465869e-04,97.061,7.691909e-06,0
6.28662,5.093727e-04,97.066,5.247713e-06,0
6.31714,3.658134e-04,97.070,3.768555e-06,0
6.34766,3.784985e-04,97.071,3.899177e-06,0
6.37817,7.312333e-04,97.072,7.532906e-06,0
6.40869,7.268715e-04,97.072,7.487934e-06,0
6.43921,5.789672e-04,97.073,5.964254e-06,0
6.46973,7.263206e-04,97.073,7.482183e-06,0
6.50024,6.643870e-04,97.074,6.844141e-06,0
6.53076,5.039058e-04,97.074,5.190928e-06,0
6.56128,5.964485e-04,97.075,6.144215e-06,0
6.59180,5.718082e-04,97.075,5.890359e-06,0
6.62231,6.078997e-04,97.076,6.262116e-06,0
6.65283,7.716000e-04,97.076,7.948393e-06,0
6.68335,7.309278e-04,97.077,7.529384e-06,0
6.71387,7.321224e-04,97.077,7.541653e-06,0
6.74438,8.349178e-04,97.078,8.600516e-06,0
6.77490,8.238583e-04,97.078,8.486551e-06,0
6.80542,6.608416e-04,97.079,6.807286e-06,0
6.83594,8.724820e-04,97.079,8.987336e-06,0
6.86646,7.455908e-04,97.080,7.680208e-06,0
6.89697,5.020680e-04,97.080,5.171696e-06,0
6.92749,3.784229e-04,97.080,3.898036e-06,0
6.95801,5.123297e-04,97.081,5.277349e-06,0
6.98853,6.201519e-04,97.081,6.387963e-06,0
7.01904,7.053834e-04,97.082,7.265868e-06,0
7.04956,8.533428e-04,97.082,8.789897e-06,0
7.08008,7.173431e-04,97.083,7.388992e-06,0
7.11060,5.409055e-04,97.083,5.571571e-06,0
7.14111,6.723590e-04,97.084,6.925570e-06,0
7.17163,8.601290e-04,97.084,8.859637e-06,0
7.20215,9.081847e-04,97.084,9.354586e-06,0
7.23267,8.448679e-04,97.085,8.702363e-06,0
7.26318,7.632645e-04,97.085,7.861792e-06,0
7.29370,5.246668e-04,97.086,5.404159e-06,0
7.32422,4.634284e-04,97.086,4.773372e-06,0
7.35474,4.244570e-04,97.087,4.371941e-06,0
7.38525,5.365052e-04,97.087,5.526023e-06,0
7.41577,6.416859e-04,97.087,6.609359e-06,0
7.44629,5.017254e-04,97.088,5.167745e-06,0
7.47681,5.210393e-04,97.088,5.366654e-06,0
7.50732,6.682549e-04,97.089,6.882930e-06,0
7.53784,7.398155e-04,97.089,7.619960e-06,0
7.56836,7.054007e-04,97.090,7.265463e-06,0
7.59888,6.375548e-04,97.090,6.566638e-06,0
7.62939,6.165662e-04,97.090,6.350434e-06,0
7.65991,5.837494e-04,97.091,6.012406e-06,0
7.69043,6.356742e-04,97.091,6.547185e-06,0
7.72095,6.573051e-04,97.092,6.769946e-06,0
7.75146,4.782958e-04,97.092,4.926210e-06,0
7.78198,5.402034e-04,97.092,5.563804e-06,0
7.81250,6.362549e-04,97.093,6.553056e-06,0
7.84302,4.356959e-04,97.093,4.487396e-06,0
7.87354,5.568766e-04,97.094,5.735458e-06,0
7.90405,6.125215e-04,97.094,6.308537e-06,0
7.93457,5.254295e-04,97.094,5.411529e-06,0
7.96509,5.156310e-04,97.095,5.310591e-06,0
7.99561,5.146300e-04,97.095,5.300259e-06,0
8.02612,6.990541e-04,97.096,7.199644e-06,0
8.05664,8.255343e-04,97.096,8.502245e-06,0
8.08716,6.099977e-04,97.096,6.282391e-06,0
8.11768,7.202117e-04,97.097,7.417460e-06,0
8.14819,5.930256e-04,97.097,6.107546e-06,0
8.17871,6.993485e-04,97.098,7.202531e-06,0
8.20923,7.275617e-04,97.098,7.493067e-06,0
8.23975,6.099303e-04,97.098,6.281571e-06,0
8.27026,6.546213e-04,97.099,6.741811e-06,0
8.30078,6.679542e-04,97.099,6.879096e-06,0
8.33130,7.957141e-04,97.100,8.194832e-06,0
8.36182,1.310727e-03,97.100,1.349875e-05,0
8.39233,1.212894e-03,97.100,1.249115e-05,0
8.42285,6.359005e-04,97.101,6.548881e-06,0
8.45337,6.230359e-04,97.101,6.416369e-06,0
8.48389,8.103814e-04,97.101,8.345724e-06,0
8.51440,8.007983e-04,97.102,8.247001e-06,0
8.54492,5.321003e-04,97.102,5.479801e-06,0
8.57544,5.704765e-04,97.102,5.874994e-06,0
8.60596,5.224705e-04,97.103,5.380588e-06,0
8.63647,5.217865e-04,97.103,5.373524e-06,0
8.66699,5.972045e-04,97.104,6.150179e-06,0
8.69751,5.956806e-04,97.104,6.134463e-06,0
8.72803,6.406643e-04,97.104,6.597691e-06,0
8.75854,7.430599e-04,97.105,7.652153e-06,0
8.78906,6.066630e-04,97.105,6.247492e-06,0
8.81958,6.481302e-04,97.105,6.674502e-06,0
8.85010,7.546339e-04,97.106,7.771258e-06,0
8.88062,6.837645e-04,97.106,7.041416e-06,0
8.91113,6.791577e-04,97.106,6.993949e-06,0
8.94165,6.732859e-04,97.107,6.933456e-06,0
8.97217,6.896833e-04,97.107,7.102290e-06,0
9.00269,7.358582e-04,97.108,7.577767e-06,0
9.03320,6.253146e-04,97.108,6.439381e-06,0
9.06372,5.305255e-04,97.108,5.463240e-06,0
9.09424,6.175739e-04,97.109,6.359622e-06,0
9.12476,7.681890e-04,97.109,7.910591e-06,0
9.15527,6.769946e-04,97.109,6.971472e-06,0
9.18579,6.255712e-04,97.110,6.441908e-06,0
9.21631,7.217354e-04,97.110,7.432146e-06,0
9.24683,5.577018e-04,97.114,5.742728e-06,0
9.27734,6.237851e-04,97.120,6.422857e-06,0
9.30786,5.737696e-04,97.125,5.907556e-06,0
9.33838,5.687809e-04,97.130,5.855885e-06,0
9.36890,6.071507e-04,97.135,6.250592e-06,0
9.39941,7.623989e-04,97.140,7.848457e-06,0
9.42993,8.168406e-04,97.145,8.408465e-06,0
9.46045,6.443668e-04,97.150,6.632694e-06,0
9.49097,4.694824e-04,97.155,4.832298e-06,0
9.52148,5.875763e-04,97.160,6.047505e-06,0
9.55200,5.977475e-04,97.165,6.151874e-06,0
9.58252,5.213460e-04,97.170,5.365293e-06,0
9.61304,5.431040e-04,97.175,5.588924e-06,0
9.64355,4.868377e-04,97.180,5.009649e-06,0
9.67407,1.140691e-03,97.185,1.173732e-05,0
9.70459,2.947243e-03,97.190,3.032459e-05,0
9.73511,3.395969e-03,97.195,3.493984e-05,0
9.76562,1.883820e-03,97.200,1.938094e-05,0
9.79614,8.754100e-04,97.205,9.005857e-06,0
9.82666,6.854710e-04,97.209,7.051491e-06,0
9.85718,6.494276e-04,97.214,6.680377e-06,0
9.88770,6.348385e-04,97.219,6.529980e-06,0
9.91821,6.460604e-04,97.224,6.645081e-06,0
9.94873,5.631471e-04,97.229,5.791987e-06,0
9.97925,6.253008e-04,97.233,6.430923e-06,0
10.00977,1.261027e-03,97.238,1.296843e-05,0
10.04028,9.113765e-04,97.243,9.372158e-06,0
10.07080,6.630331e-04,97.248,6.817982e-06,0
10.10132,6.803343e-04,97.252,6.995550e-06,0
10.13184,6.307768e-04,97.257,6.485659e-06,0
10.16235,5.813011e-04,97.262,5.976661e-06,0
10.19287,7.163345e-04,97.267,7.364655e-06,0
10.22339,7.328750e-04,97.271,7.534346e-06,0
10.25391,5.954783e-04,97.276,6.121542e-06,0
10.28442,4.941104e-04,97.281,5.079233e-06,0
10.31494,6.331493e-04,97.285,6.508181e-06,0
10.34546,4.229160e-04,97.290,4.346973e-06,0
10.37598,5.554873e-04,97.294,5.709347e-06,0
10.40649,6.860832e-04,97.299,7.051291e-06,0
10.43701,6.718661e-04,97.304,6.904848e-06,0
10.46753,5.721359e-04,97.308,5.879633e-06,0
10.49805,5.357030e-04,97.313,5.504967e-06,0
10.52856,6.176957e-04,97.317,6.347241e-06,0
10.55908,5.993460e-04,97.322,6.158399e-06,0
10.58960,6.889298e-04,97.326,7.078563e-06,0
10.62012,7.526590e-04,97.331,7.733005e-06,0
10.65063,6.626518e-04,97.335,6.807935e-06,0
10.68115,6.573810e-04,97.340,6.753474e-06,0
10.71167,6.515482e-04,97.344,6.693245e-06,0
10.74219,5.616857e-04,97.349,5.769838e-06,0
10.77271,5.460306e-04,97.353,5.608768e-06,0
10.80322,5.935520e-04,97.357,6.096626e-06,0
10.83374,7.803072e-04,97.362,8.014504e-06,0
10.86426,6.724171e-04,97.366,6.906057e-06,0
10.89478,6.782934e-04,97.371,6.966096e-06,0
10.92529,7.897478e-04,97.375,8.110372e-06,0
10.95581,7.233318e-04,97.379,7.427975e-06,0
10.98633,5.447761e-04,97.384,5.594117e-06,0
11.01685,6.384548e-04,97.388,6.555779e-06,0
11.04736,6.206931e-04,97.392,6.373115e-06,0
11.07788,5.350021e-04,97.397,5.493018e-06,0
11.10840,5.368425e-04,97.401,5.511671e-06,0
11.13892,6.105813e-04,97.405,6.268458e-06,0
11.16943,7.594839e-04,97.410,7.796806e-06,0
11.19995,6.125130e-04,97.414,6.287737e-06,0
11.23047,6.797893e-04,97.418,6.978056e-06,0
11.26099,7.861609e-04,97.422,8.069612e-06,0
11.29150,7.855886e-04,97.427,8.063386e-06,0
11.32202,5.897409e-04,97.431,6.052916e-06,0
11.35254,5.915607e-04,97.435,6.071332e-06,0
11.38306,7.476477e-04,97.439,7.672960e-06,0
11.41357,6.632279e-04,97.443,6.806284e-06,0
11.44409,6.402813e-04,97.448,6.570515e-06,0
11.47461,5.902984e-04,97.452,6.057336e-06,0
11.50513,4.500267e-04,97.456,4.617743e-06,0
11.53564,4.241089e-04,97.460,4.351615e-06,0
11.56616,5.825600e-04,97.464,5.977166e-06,0
11.59668,6.018373e-04,97.468,6.174692e-06,0
11.62720,6.612671e-04,97.473,6.784139e-06,0
11.65771,7.611969e-04,97.477,7.809021e-06,0
11.68823,5.504685e-04,97.481,5.646948e-06,0
11.71875,6.350289e-04,97.485,6.514133e-06,0
11.74927,7.286866e-04,97.489,7.474563e-06,0
11.77979,4.985758e-04,97.493,5.113969e-06,0
11.81030,3.539572e-04,97.497,3.630443e-06,0
11.84082,4.687405e-04,97.501,4.807544e-06,0
11.87134,5.731122e-04,97.505,5.877770e-06,0
11.90186,5.841971e-04,97.509,5.991207e-06,0
11.93237,6.466480e-04,97.513,6.631397e-06,0
11.96289,5.203261e-04,97.517,5.335742e-06,0
11.99341,6.443054e-04,97.521,6.606832e-06,0
12.02393,7.038126e-04,97.525,7.216736e-06,0
12.05444,6.526408e-04,97.529,6.691759e-06,0
12.08496,4.130846e-04,97.533,4.235332e-06,0
12.11548,4.802503e-04,97.537,4.923778e-06,0
12.14600,5.418175e-04,97.541,5.554773e-06,0
12.17651,4.995087e-04,97.545,5.120811e-06,0
12.20703,4.663062e-04,97.549,4.780237e-06,0
12.23755,5.121730e-04,97.553,5.250220e-06,0
12.26807,5.171828e-04,97.557,5.301364e-06,0
12.29858,5.346504e-04,97.560,5.480196e-06,0
12.32910,5.075036e-04,97.564,5.201732e-06,0
12.35962,6.187605e-04,97.568,6.341825e-06,0
12.39014,6.943444e-04,97.572,7.116220e-06,0
12.42065,7.242527e-04,97.576,7.422452e-06,0
12.45117,6.084406e-04,97.580,6.235314e-06,0
12.48169,5.565677e-04,97.584,5.703494e-06,0
12.51221,5.064394e-04,97.587,5.189595e-06,0
12.54272,6.641127e-04,97.591,6.805042e-06,0
12.57324,8.298739e-04,97.595,8.503235e-06,0
12.60376,5.522733e-04,97.599,5.658602e-06,0
12.63428,6.090097e-04,97.603,6.239682e-06,0
12.66479,7.470038e-04,97.606,7.653221e-06,0
12.69531,7.216004e-04,97.610,7.392671e-06,0
12.72583,6.379689e-04,97.614,6.535629e-06,0
12.75635,5.798583e-04,97.618,5.940091e-06,0
12.78687,6.724113e-04,97.622,6.887943e-06,0
12.81738,6.572760e-04,97.625,6.732644e-06,0
12.84790,6.917391e-04,97.629,7.085387e-06,0
12.87842,7.195802e-04,97.633,7.370279e-06,0
12.90894,6.579371e-04,97.636,6.738645e-06,0
12.93945,6.343888e-04,97.640,6.497215e-06,0
12.96997,5.252749e-04,97.644,5.379501e-06,0
13.00049,5.019374e-04,97.647,5.140300e-06,0
13.03101,5.284029e-04,97.651,5.411127e-06,0
13.06152,5.260977e-04,97.655,5.387318e-06,0
13.09204,5.509256e-04,97.659,5.641348e-06,0
13.12256,6.681227e-04,97.662,6.841163e-06,0
13.15308,8.141110e-04,97.666,8.335681e-06,0
13.18359,7.178667e-04,97.669,7.349962e-06,0
13.21411,5.135810e-04,97.673,5.258164e-06,0
13.24463,5.033593e-04,97.677,5.153321e-06,0
13.27515,5.201596e-04,97.680,5.325123e-06,0
13.30566,4.389032e-04,97.684,4.493096e-06,0
13.33618,5.018688e-04,97.688,5.137493e-06,0
13.36670,6.493854e-04,97.691,6.647335e-06,0
13.39722,7.871379e-04,97.695,8.057122e-06,0
13.42773,7.598779e-04,97.698,7.777805e-06,0
13.45825,5.667413e-04,97.698,5.800955e-06,0
13.48877,3.529544e-04,97.694,3.612863e-06,0
13.51929,2.828155e-04,97.690,2.895038e-06,0
13.54980,4.726530e-04,97.686,4.838509e-06,0
13.58032,7.106574e-04,97.682,7.275243e-06,0
13.61084,7.757189e-04,97.678,7.941630e-06,0
13.64136,6.803228e-04,97.674,6.965274e-06,0
13.67188,7.450370e-04,97.669,7.628147e-06,0
13.70239,6.371553e-04,97.665,6.523856e-06,0
13.73291,8.118856e-04,97.661,8.313269e-06,0
13.76343,7.716748e-04,97.657,7.901857e-06,0
13.79395,5.429180e-04,97.653,5.559642e-06,0
13.82446,5.536380e-04,97.649,5.669650e-06,0
13.85498,3.914647e-04,97.645,4.009042e-06,0
13.88550,5.798114e-04,97.641,5.938168e-06,0
13.91602,7.495258e-04,97.637,7.676619e-06,0
13.94653,7.673349e-04,97.634,7.859337e-06,0
13.97705,5.582488e-04,97.630,5.718029e-06,0
14.00757,5.883927e-04,97.626,6.027030e-06,0
14.03809,6.152556e-04,97.622,6.302446e-06,0
14.06860,6.353215e-04,97.618,6.508254e-06,0
14.09912,6.196441e-04,97.614,6.347909e-06,0
14.12964,4.150604e-04,97.610,4.252233e-06,0
14.16016,6.795888e-04,97.606,6.962566e-06,0
14.19067,7.939637e-04,97.602,8.134691e-06,0
14.22119,6.160390e-04,97.598,6.311984e-06,0
14.25171,6.196018e-04,97.594,6.348740e-06,0
14.28223,5.276751e-04,97.591,5.407029e-06,0
14.31274,3.789655e-04,97.587,3.883371e-06,0
14.34326,4.540760e-04,97.583,4.653234e-06,0
14.37378,4.913812e-04,97.579,5.035724e-06,0
14.40430,5.118164e-04,97.575,5.245352e-06,0
14.43481,5.746528e-04,97.571,5.889562e-06,0
14.46533,6.783217e-04,97.568,6.952326e-06,0
14.49585,5.652688e-04,97.564,5.793838e-06,0
14.52637,6.203591e-04,97.560,6.358745e-06,0
14.55688,7.261024e-04,97.556,7.442913e-06,0
14.58740,5.091827e-04,97.552,5.219581e-06,0
14.61792,7.013604e-04,97.549,7.189852e-06,0
14.64844,6.433652e-04,97.545,6.595581e-06,0
14.67896,5.607041e-04,97.541,5.748386e-06,0
14.70947,5.944642e-04,97.537,6.094731e-06,0
14.73999,5.730628e-04,97.534,5.875540e-06,0
14.77051,5.051099e-04,97.530,5.179025e-06,0
14.80103,6.249985e-04,97.526,6.408519e-06,0
14.83154,5.611763e-04,97.522,5.754328e-06,0
14.86206,3.875866e-04,97.519,3.974482e-06,0
14.89258,3.161442e-04,97.515,3.242004e-06,0
14.92310,3.713915e-04,97.511,3.808699e-06,0
14.95361,3.619468e-04,97.508,3.711982e-06,0
14.98413,7.587797e-04,97.504,7.782035e-06,0
15.01465,1.447850e-03,97.500,1.484969e-05,0
15.04517,9.536527e-04,97.497,9.781386e-06,0
15.07568,5.752291e-04,97.493,5.900207e-06,0
15.10620,5.339365e-04,97.489,5.476868e-06,0
15.13672,6.425067e-04,97.486,6.590776e-06,0
15.16724,5.483897e-04,97.482,5.625542e-06,0
15.19775,5.218972e-04,97.478,5.353973e-06,0
15.22827,7.115214e-04,97.475,7.299537e-06,0
15.25879,5.953002e-04,97.471,6.107443e-06,0
15.28931,5.972031e-04,97.468,6.127192e-06,0
15.31982,6.656262e-04,97.464,6.829453e-06,0
15.35034,4.956493e-04,97.460,5.085644e-06,0
15.38086,5.944158e-04,97.457,6.099269e-06,0
15.41138,6.723638e-04,97.453,6.899342e-06,0
15.44189,5.132039e-04,97.450,5.266344e-06,0
15.47241,5.010039e-04,97.446,5.141339e-06,0
15.50293,5.097096e-04,97.443,5.230868e-06,0
15.53345,6.492012e-04,97.439,6.662636e-06,0
15.56396,7.665246e-04,97.436,7.866990e-06,0
15.59448,5.702703e-04,97.432,5.853007e-06,0
15.62500,4.947396e-04,97.429,5.077976e-06,0
15.65552,6.819667e-04,97.425,6.999916e-06,0
15.68604,7.510957e-04,97.421,7.709754e-06,0
15.71655,6.395096e-04,97.418,6.564596e-06,0
15.74707,6.677844e-04,97.414,6.855084e-06,0
15.77759,6.403674e-04,97.411,6.573872e-06,0
15.80811,4.827644e-04,97.408,4.956131e-06,0
15.83862,5.469456e-04,97.404,5.615226e-06,0
15.86914,4.660993e-04,97.401,4.785386e-06,0
15.89966,4.333822e-04,97.397,4.449641e-06,0
15.93018,5.969254e-04,97.394,6.128997e-06,0
15.96069,4.695565e-04,97.390,4.821394e-06,0
15.99121,6.824597e-04,97.387,7.007725e-06,0
16.02173,6.899136e-04,97.383,7.084515e-06,0
16.05225,5.041830e-04,97.380,5.177486e-06,0
16.08276,4.712077e-04,97.376,4.839031e-06,0
16.11328,4.199255e-04,97.373,4.312543e-06,0
16.14380,4.491408e-04,97.370,4.612739e-06,0
16.17432,4.099318e-04,97.366,4.210204e-06,0
16.20483,5.747587e-04,97.363,5.903265e-06,0
16.23535,6.499677e-04,97.359,6.675958e-06,0
16.26587,6.345499e-04,97.356,6.517825e-06,0
16.29639,7.073974e-04,97.353,7.266335e-06,0
16.32690,5.701898e-04,97.349,5.857151e-06,0
16.35742,5.966538e-04,97.346,6.129209e-06,0
16.38794,4.697575e-04,97.343,4.825815e-06,0
16.41846,5.010981e-04,97.339,5.147954e-06,0
16.44897,4.816497e-04,97.336,4.948324e-06,0
16.47949,5.249324e-04,97.333,5.393182e-06,0
16.51001,5.546892e-04,97.329,5.699100e-06,0
16.54053,4.142637e-04,97.326,4.256457e-06,0
16.57104,4.419514e-04,97.323,4.541096e-06,0
16.60156,5.214788e-04,97.319,5.358432e-06,0
16.63208,5.135889e-04,97.316,5.277538e-06,0
16.66260,6.087039e-04,97.313,6.255134e-06,0
16.69312,6.650852e-04,97.309,6.834747e-06,0
16.72363,7.158661e-04,97.306,7.356846e-06,0
16.75415,6.424485e-04,97.303,6.602568e-06,0
16.78467,4.847519e-04,97.300,4.982056e-06,0
16.81519,5.053799e-04,97.296,5.194236e-06,0
16.84570,5.338565e-04,97.293,5.487099e-06,0
16.87622,6.155243e-04,97.290,6.326712e-06,0
16.90674,4.981314e-04,97.287,5.120251e-06,0
16.93726,6.183826e-04,97.283,6.356515e-06,0
16.96777,6.664302e-04,97.280,6.850637e-06,0
16.99829,5.222443e-04,97.277,5.368642e-06,0
17.02881,5.134154e-04,97.274,5.278056e-06,0
17.05933,6.360060e-04,97.270,6.538539e-06,0
17.08984,6.744719e-04,97.267,6.934222e-06,0
17.12036,6.038757e-04,97.264,6.208630e-06,0
17.15088,6.856215e-04,97.261,7.049316e-06,0
17.18140,6.275093e-04,97.258,6.452039e-06,0
17.21191,5.976532e-04,97.254,6.145261e-06,0
17.24243,7.187805e-04,97.251,7.390973e-06,0
17.27295,7.515346e-04,97.248,7.728025e-06,0
17.30347,6.470784e-04,97.245,6.654119e-06,0
17.33398,6.605298e-04,97.242,6.792667e-06,0
17.36450,6.732328e-04,97.238,6.923525e-06,0
17.39502,6.431896e-04,97.235,6.614776e-06,0
17.42554,6.648224e-04,97.232,6.837476e-06,0
17.45605,5.991992e-04,97.229,6.162763e-06,0
17.48657,5.587224e-04,97.226,5.746645e-06,0
17.51709,6.067463e-04,97.223,6.240788e-06,0
17.54761,6.261600e-04,97.220,6.440678e-06,0
17.57812,4.856919e-04,97.216,4.995984e-06,0
17.60864,6.180139e-04,97.213,6.357295e-06,0
17.63916,5.619425e-04,97.210,5.780694e-06,0
17.66968,4.794112e-04,97.207,4.931853e-06,0
17.70020,5.729125e-04,97.204,5.893918e-06,0
17.73071,6.844723e-04,97.201,7.041830e-06,0
17.76123,7.041090e-04,97.198,7.244082e-06,0
17.79175,8.991318e-04,97.195,9.250828e-06,0
17.82227,6.954798e-04,97.192,7.155757e-06,0
17.85278,5.117944e-04,97.189,5.265993e-06,0
17.88330,5.065960e-04,97.186,5.212670e-06,0
17.91382,6.024110e-04,97.182,6.198764e-06,0
17.94434,6.976785e-04,97.179,7.179285e-06,0
17.97485,6.826575e-04,97.176,7.024936e-06,0
18.00537,5.888636e-04,97.173,6.059933e-06,0
18.03589,5.521136e-04,97.170,5.681922e-06,0
18.06641,5.820190e-04,97.167,5.989871e-06,0
18.09692,6.990694e-04,97.164,7.194725e-06,0
18.12744,5.300906e-04,97.161,5.455789e-06,0
18.15796,3.948629e-04,97.158,4.064127e-06,0
18.18848,4.279582e-04,97.155,4.404898e-06,0
18.21899,6.577318e-04,97.152,6.770126e-06,0
18.24951,5.906539e-04,97.149,6.079872e-06,0
18.28003,4.588275e-04,97.146,4.723069e-06,0
18.31055,5.283327e-04,97.143,5.438707e-06,0
18.34106,5.051778e-04,97.140,5.200508e-06,0
18.37158,5.148108e-04,97.137,5.299837e-06,0
18.40210,5.321254e-04,97.134,5.478255e-06,0
18.43262,5.766647e-04,97.131,5.936971e-06,0
18.46313,6.313843e-04,97.128,6.500528e-06,0
18.49365,6.741328e-04,97.125,6.940865e-06,0
18.52417,5.617463e-04,97.122,5.783911e-06,0
18.55469,4.907519e-04,97.119,5.053085e-06,0
18.58521,5.293227e-04,97.116,5.450400e-06,0
18.61572,5.990534e-04,97.113,6.168599e-06,0
18.64624,5.946085e-04,97.110,6.123014e-06,0
18.67676,6.888726e-04,97.107,7.093918e-06,0
18.70728,5.851999e-04,97.105,6.026492e-06,0
18.73779,5.577208e-04,97.102,5.743681e-06,0
18.76831,6.080016e-04,97.099,6.261686e-06,0
18.79883,6.620093e-04,97.096,6.818106e-06,0
18.82935,6.796798e-04,97.093,7.000306e-06,0
18.85986,5.563029e-04,97.090,5.729767e-06,0
18.89038,4.988941e-04,97.087,5.138626e-06,0
18.92090,6.509213e-04,97.084,6.704711e-06,0
18.95142,5.783594e-04,97.081,5.957477e-06,0
18.98193,5.036792e-04,97.078,5.188376e-06,0
19.01245,5.848930e-04,97.075,6.025135e-06,0
19.04297,5.390342e-04,97.073,5.552896e-06,0
19.07349,5.355641e-04,97.070,5.517313e-06,0
19.10400,4.890700e-04,97.067,5.038485e-06,0
19.13452,4.896636e-04,97.064,5.044750e-06,0
19.16504,5.057548e-04,97.061,5.210682e-06,0
19.19556,5.515108e-04,97.058,5.682264e-06,0
19.22607,5.165720e-04,97.055,5.322443e-06,0
19.25659,5.612950e-04,97.053,5.783411e-06,0
19.28711,5.657514e-04,97.050,5.829500e-06,0
19.31763,6.218703e-04,97.047,6.407935e-06,0
19.34814,7.998350e-04,97.044,8.241977e-06,0
19.37866,6.219480e-04,97.041,6.409111e-06,0
19.40918,9.092404e-04,97.038,9.369901e-06,0
19.43970,1.065044e-03,97.036,1.097581e-05,0
19.47021,1.111388e-03,97.033,1.145373e-05,0
19.50073,9.803506e-04,97.030,1.010359e-05,0
19.53125,5.729081e-04,97.027,5.904616e-06,0
19.56177,4.093106e-04,97.024,4.218637e-06,0
19.59229,4.036230e-04,97.022,4.160137e-06,0
19.62280,4.918131e-04,97.022,5.069090e-06,0
19.65332,6.900870e-04,97.023,7.112600e-06,0
19.68384,5.729057e-04,97.024,5.904761e-06,0
19.71436,5.620496e-04,97.026,5.792799e-06,0
19.74487,6.100541e-04,97.027,6.287481e-06,0
19.77539,5.737446e-04,97.028,5.913187e-06,0
19.80591,6.088463e-04,97.029,6.274879e-06,0
19.83643,7.104365e-04,97.030,7.321795e-06,0
19.86694,1.150556e-03,97.032,1.185754e-05,0
19.89746,1.206259e-03,97.033,1.243147e-05,0
19.92798,1.131898e-03,97.034,1.166497e-05,0
19.95850,9.339168e-04,97.035,9.624522e-06,0
19.98901,9.451744e-04,97.036,9.740419e-06,0
20.01953,1.806991e-03,97.037,1.862157e-05,0
20.05005,1.085911e-03,97.039,1.119049e-05,0
20.08057,5.770743e-04,97.040,5.946775e-06,0
20.11108,6.850653e-04,97.041,7.059542e-06,0
20.14160,7.579778e-04,97.042,7.810804e-06,0
20.17212,6.849172e-04,97.043,7.057845e-06,0
20.20264,6.368202e-04,97.045,6.562142e-06,0
20.23315,7.740801e-04,97.046,7.976446e-06,0
20.26367,5.528008e-04,97.047,5.696222e-06,0
20.29419,6.386638e-04,97.048,6.580901e-06,0
20.32471,6.301126e-04,97.049,6.492710e-06,0
20.35522,4.972114e-04,97.050,5.123228e-06,0
20.38574,5.040370e-04,97.052,5.193496e-06,0
20.41626,5.335941e-04,97.053,5.497981e-06,0
20.44678,5.087979e-04,97.054,5.242426e-06,0
20.47729,4.998195e-04,97.055,5.149856e-06,0
20.50781,4.825694e-04,97.056,4.972062e-06,0
20.53833,4.957054e-04,97.057,5.107345e-06,0
20.56885,5.180347e-04,97.059,5.337344e-06,0
20.59937,4.967243e-04,97.060,5.117721e-06,0
20.62988,4.817485e-04,97.061,4.963368e-06,0
20.66040,4.222069e-04,97.062,4.349870e-06,0
20.69092,3.947864e-04,97.063,4.067317e-06,0
20.72144,4.829124e-04,97.064,4.975183e-06,0
20.75195,4.472005e-04,97.065,4.607209e-06,0
20.78247,3.847179e-04,97.067,3.963446e-06,0
20.81299,4.742971e-04,97.068,4.886252e-06,0
20.84351,5.037571e-04,97.069,5.189690e-06,0
20.87402,4.989080e-04,97.070,5.139675e-06,0
20.90454,5.205961e-04,97.071,5.363041e-06,0
20.93506,7.297445e-04,97.072,7.517543e-06,0
20.96558,7.498197e-04,97.073,7.724259e-06,0
20.99609,4.743420e-04,97.074,4.886372e-06,0
21.02661,4.894289e-04,97.076,5.041730e-06,0
21.05713,5.381995e-04,97.077,5.544063e-06,0
21.08765,5.660262e-04,97.078,5.830642e-06,0
21.11816,4.473613e-04,97.079,4.608221e-06,0
21.14868,4.598110e-04,97.080,4.736408e-06,0
21.17920,5.054112e-04,97.081,5.206066e-06,0
21.20972,6.232224e-04,97.082,6.419524e-06,0
21.24023,5.050106e-04,97.083,5.201820e-06,0
21.27075,4.576520e-04,97.085,4.713952e-06,0
21.30127,5.784733e-04,97.086,5.958380e-06,0
21.33179,6.593402e-04,97.087,6.791245e-06,0
21.36230,6.924911e-04,97.088,7.132620e-06,0
21.39282,6.257062e-04,97.089,6.444666e-06,0
21.42334,6.759161e-04,97.090,6.961739e-06,0
21.45386,6.248452e-04,97.091,6.435651e-06,0
21.48438,5.068920e-04,97.092,5.220722e-06,0
21.51489,5.613842e-04,97.093,5.781897e-06,0
21.54541,6.539395e-04,97.095,6.735080e-06,0
21.57593,7.035640e-04,97.096,7.246094e-06,0
21.60645,6.208055e-04,97.097,6.393681e-06,0
21.63696,6.616520e-04,97.098,6.814282e-06,0
21.66748,7.066079e-04,97.099,7.277196e-06,0
21.69800,5.488876e-04,97.100,5.652807e-06,0
21.72852,4.628369e-04,97.101,4.766546e-06,0
21.75903,4.566297e-04,97.102,4.702568e-06,0
21.78955,4.560680e-04,97.103,4.696731e-06,0
21.82007,5.868865e-04,97.104,6.043873e-06,0
21.85059,5.356528e-04,97.105,5.516197e-06,0
21.88110,4.907088e-04,97.107,5.053304e-06,0
21.91162,5.537320e-04,97.108,5.702251e-06,0
21.94214,5.084895e-04,97.109,5.236292e-06,0
21.97266,5.779843e-04,97.110,5.951865e-06,0
22.00317,6.351414e-04,97.111,6.540375e-06,0
22.03369,5.874811e-04,97.112,6.049525e-06,0
22.06421,5.188657e-04,97.113,5.342906e-06,0
22.09473,7.198468e-04,97.114,7.412383e-06,0
22.12524,5.756240e-04,97.115,5.927231e-06,0
22.15576,5.367209e-04,97.116,5.526583e-06,0
22.18628,3.654319e-04,97.117,3.762789e-06,0
22.21680,3.836134e-04,97.118,3.949957e-06,0
22.24731,3.739043e-04,97.119,3.849944e-06,0
22.27783,4.750923e-04,97.120,4.891782e-06,0
22.30835,6.762494e-04,97.122,6.962918e-06,0
22.33887,5.418597e-04,97.123,5.579129e-06,0
22.36938,4.200782e-04,97.124,4.325188e-06,0
22.39990,4.779994e-04,97.125,4.921500e-06,0
22.43042,6.529301e-04,97.126,6.722520e-06,0
22.46094,7.776623e-04,97.127,8.006666e-06,0
22.49146,7.984318e-04,97.128,8.220416e-06,0
22.52197,6.838919e-04,97.129,7.041071e-06,0
22.55249,5.547539e-04,97.130,5.711457e-06,0
22.58301,6.156726e-04,97.131,6.338576e-06,0
22.61353,5.881307e-04,97.132,6.054956e-06,0
22.64404,3.455991e-04,97.133,3.557993e-06,0
22.67456,3.690216e-04,97.134,3.799090e-06,0
22.70508,4.264526e-04,97.135,4.390298e-06,0
22.73560,4.629617e-04,97.136,4.766104e-06,0
22.76611,6.215237e-04,97.137,6.398401e-06,0
22.79663,6.298151e-04,97.138,6.483690e-06,0
22.82715,4.446338e-04,97.139,4.577275e-06,0
22.85767,4.648791e-04,97.140,4.785638e-06,0
22.88818,5.880308e-04,97.141,6.053343e-06,0
22.91870,6.856494e-04,97.143,7.058179e-06,0
22.94922,6.693284e-04,97.144,6.890095e-06,0
22.97974,7.101311e-04,97.145,7.310042e-06,0
23.01025,7.617977e-04,97.146,7.841812e-06,0
23.04077,5.434759e-04,97.147,5.594386e-06,0
23.07129,3.465962e-04,97.148,3.567725e-06,0
23.10181,3.983204e-04,97.149,4.100110e-06,0
23.13232,5.556160e-04,97.150,5.719172e-06,0
23.16284,5.463898e-04,97.151,5.624143e-06,0
23.19336,5.172861e-04,97.152,5.324514e-06,0
23.22388,5.750273e-04,97.153,5.918793e-06,0
23.25439,6.546791e-04,97.154,6.738583e-06,0
23.28491,5.286860e-04,97.155,5.441684e-06,0
23.31543,5.277135e-04,97.156,5.431617e-06,0
23.34595,6.261082e-04,97.157,6.444301e-06,0
23.37646,5.106584e-04,97.158,5.255964e-06,0
23.40698,4.623531e-04,97.159,4.758731e-06,0
23.43750,7.149860e-04,97.160,7.358858e-06,0
23.46802,7.399819e-04,97.161,7.616044e-06,0
23.49854,5.884880e-04,97.162,6.056775e-06,0
23.52905,5.548991e-04,97.163,5.711016e-06,0
23.55957,4.846331e-04,97.164,4.987787e-06,0
23.59009,5.115060e-04,97.165,5.264305e-06,0
23.62061,5.108630e-04,97.166,5.257633e-06,0
23.65112,6.349060e-04,97.167,6.534175e-06,0
23.68164,5.648372e-04,97.168,5.812997e-06,0
23.71216,4.197614e-04,97.169,4.319912e-06,0
23.74268,3.117421e-04,97.170,3.208214e-06,0
23.77319,4.904130e-04,97.171,5.046908e-06,0
23.80371,5.105663e-04,97.172,5.254255e-06,0
23.83423,6.027904e-04,97.173,6.203273e-06,0
23.86475,6.105475e-04,97.174,6.283036e-06,0
23.89526,5.575360e-04,97.175,5.737445e-06,0
23.92578,5.752117e-04,97.176,5.919281e-06,0
23.95630,6.513809e-04,97.177,6.703040e-06,0
23.98682,6.947320e-04,97.178,7.149072e-06,0
24.01733,5.826291e-04,97.179,5.995427e-06,0
24.04785,5.566451e-04,97.180,5.727986e-06,0
24.07837,4.960451e-04,97.181,5.104348e-06,0
24.10889,5.156222e-04,97.182,5.305744e-06,0
24.13940,4.447120e-04,97.183,4.576034e-06,0
24.16992,4.677502e-04,97.184,4.813045e-06,0
24.20044,6.634244e-04,97.185,6.826420e-06,0
24.23096,4.751947e-04,97.186,4.889549e-06,0
24.26147,5.116259e-04,97.187,5.264358e-06,0
24.29199,5.888438e-04,97.188,6.058827e-06,0
24.32251,6.101119e-04,97.189,6.277599e-06,0
24.35303,6.678692e-04,97.190,6.871810e-06,0
24.38354,6.181392e-04,97.191,6.360067e-06,0
24.41406,6.142404e-04,97.192,6.319889e-06,0
24.44458,7.074212e-04,97.193,7.278549e-06,0
24.47510,7.827776e-04,97.194,8.053798e-06,0
24.50562,5.698402e-04,97.195,5.862882e-06,0
24.53613,4.511176e-04,97.196,4.641341e-06,0
24.56665,4.831013e-04,97.196,4.970357e-06,0
24.59717,5.943237e-04,97.197,6.114601e-06,0
24.62769,6.375100e-04,97.198,6.558851e-06,0
24.65820,4.776892e-04,97.199,4.914529e-06,0
24.68872,4.565297e-04,97.200,4.696790e-06,0
24.71924,4.567012e-04,97.201,4.698508e-06,0
24.74976,6.042348e-04,97.202,6.216262e-06,0
24.78027,6.869669e-04,97.203,7.067326e-06,0
24.81079,5.775137e-04,97.204,5.941243e-06,0
24.84131,5.664652e-04,97.205,5.827523e-06,0
24.87183,6.764644e-04,97.206,6.959074e-06,0
24.90234,6.519963e-04,97.207,6.707294e-06,0
24.93286,7.841094e-04,97.208,8.066306e-06,0
24.96338,8.094571e-04,97.209,8.326982e-06,0
24.99390,1.497310e-03,97.210,1.540286e-05,0
25.02441,1.685696e-03,97.211,1.734062e-05,0
25.05493,1.092815e-03,97.212,1.124159e-05,0
25.08545,5.917255e-04,97.213,6.086913e-06,0
25.11597,6.157146e-04,97.214,6.333620e-06,0
25.14648,6.970942e-04,97.215,7.170672e-06,0
25.17700,5.788797e-04,97.216,5.954598e-06,0
25.20752,5.499610e-04,97.217,5.657074e-06,0
25.23804,6.300794e-04,97.217,6.481135e-06,0
25.26855,5.670487e-04,97.218,5.832731e-06,0
25.29907,6.238263e-04,97.219,6.416690e-06,0
25.32959,6.148632e-04,97.220,6.324434e-06,0
25.36011,5.223660e-04,97.221,5.372964e-06,0
25.39062,4.554534e-04,97.222,4.684668e-06,0
25.42114,3.846116e-04,97.223,3.955970e-06,0
25.45166,4.525008e-04,97.224,4.654209e-06,0
25.48218,5.564213e-04,97.225,5.723030e-06,0
25.51270,5.096838e-04,97.226,5.242265e-06,0
25.54321,5.132447e-04,97.227,5.278840e-06,0
25.57373,5.855857e-04,97.228,6.022826e-06,0
25.60425,5.877147e-04,97.229,6.044666e-06,0
25.63477,6.197107e-04,97.230,6.373685e-06,0
25.66528,6.174728e-04,97.231,6.350607e-06,0
25.69580,4.441514e-04,97.231,4.567981e-06,0
25.72632,6.587201e-04,97.232,6.774701e-06,0
25.75684,6.014354e-04,97.233,6.185489e-06,0
25.78735,5.748949e-04,97.234,5.912477e-06,0
25.81787,7.005630e-04,97.235,7.204835e-06,0
25.84839,6.661698e-04,97.236,6.851059e-06,0
25.87891,6.748824e-04,97.237,6.940596e-06,0
25.90942,5.380354e-04,97.238,5.533188e-06,0
25.93994,5.983398e-04,97.239,6.153304e-06,0
25.97046,4.915343e-04,97.240,5.054872e-06,0
26.00098,7.089194e-04,97.241,7.290363e-06,0
26.03149,6.614222e-04,97.242,6.801849e-06,0
26.06201,6.206098e-04,97.242,6.382088e-06,0
26.09253,5.639722e-04,97.243,5.799597e-06,0
26.12305,6.108880e-04,97.244,6.281996e-06,0
26.15356,7.798718e-04,97.245,8.019645e-06,0
26.18408,8.939744e-04,97.246,9.192910e-06,0
26.21460,7.527193e-04,97.247,7.740284e-06,0
26.24512,5.617464e-04,97.248,5.776438e-06,0
26.27563,5.909862e-04,97.249,6.077055e-06,0
26.30615,6.735793e-04,97.250,6.926287e-06,0
26.33667,6.442614e-04,97.251,6.624755e-06,0
26.36719,4.946788e-04,97.251,5.086594e-06,0
26.39771,4.437139e-04,97.252,4.562499e-06,0
26.42822,5.050021e-04,97.253,5.192648e-06,0
26.45874,5.734244e-04,97.254,5.896140e-06,0
26.48926,6.376269e-04,97.255,6.556232e-06,0
26.51978,4.986322e-04,97.256,5.127008e-06,0
26.55029,4.100377e-04,97.257,4.216027e-06,0
26.58081,5.300591e-04,97.258,5.450043e-06,0
26.61133,6.007634e-04,97.259,6.176966e-06,0
26.64185,7.319854e-04,97.260,7.526103e-06,0
26.67236,6.202287e-04,97.260,6.376987e-06,0
26.70288,4.232775e-04,97.261,4.351961e-06,0
26.73340,4.440108e-04,97.262,4.565090e-06,0
26.76392,3.880885e-04,97.263,3.990089e-06,0
26.79443,4.335340e-04,97.264,4.457292e-06,0
26.82495,4.564103e-04,97.265,4.692447e-06,0
26.85547,6.957012e-04,97.266,7.152580e-06,0
26.88599,5.316528e-04,97.267,5.465930e-06,0
26.91650,5.324032e-04,97.268,5.473596e-06,0
26.94702,6.851737e-04,97.268,7.044153e-06,0
26.97754,6.345857e-04,97.269,6.524009e-06,0
27.00806,4.885988e-04,97.270,5.023109e-06,0
27.03857,3.704444e-04,97.271,3.808373e-06,0
27.06909,4.692401e-04,97.272,4.824003e-06,0
27.09961,6.261812e-04,97.273,6.437372e-06,0
27.13013,5.956830e-04,97.274,6.123784e-06,0
27.16064,6.082648e-04,97.275,6.253072e-06,0
27.19116,5.440532e-04,97.275,5.592915e-06,0
27.22168,4.902617e-04,97.276,5.039888e-06,0
27.25220,5.451344e-04,97.277,5.603929e-06,0
27.28271,5.008405e-04,97.278,5.148546e-06,0
27.31323,5.026671e-04,97.279,5.167277e-06,0
27.34375,5.962685e-04,97.280,6.129418e-06,0
27.37427,5.877480e-04,97.281,6.041776e-06,0
27.40479,5.681897e-04,97.282,5.840674e-06,0
27.43530,5.463708e-04,97.282,5.616338e-06,0
27.46582,4.462212e-04,97.283,4.586825e-06,0
27.49634,4.872708e-04,97.284,5.008739e-06,0
27.52686,4.867616e-04,97.285,5.003460e-06,0
27.55737,7.811692e-04,97.286,8.029629e-06,0
27.58789,8.235794e-04,97.287,8.465488e-06,0
27.61841,5.711135e-04,97.288,5.870365e-06,0
27.64893,5.345562e-04,97.288,5.494551e-06,0
27.67944,6.117033e-04,97.289,6.287469e-06,0
27.70996,6.605981e-04,97.290,6.789979e-06,0
27.74048,5.965139e-04,97.291,6.131234e-06,0
27.77100,4.678321e-04,97.292,4.808544e-06,0
27.80151,5.449700e-04,97.293,5.601344e-06,0
27.83203,5.206849e-04,97.294,5.351690e-06,0
27.86255,5.430931e-04,97.294,5.581955e-06,0
27.89307,5.177708e-04,97.295,5.321644e-06,0
27.92358,5.250817e-04,97.296,5.396738e-06,0
27.95410,6.209920e-04,97.297,6.382440e-06,0
27.98462,6.299400e-04,97.298,6.474349e-06,0
28.01514,6.733330e-04,97.299,6.920270e-06,0
28.04565,5.212129e-04,97.300,5.356789e-06,0
28.07617,5.415578e-04,97.300,5.565836e-06,0
28.10669,5.738928e-04,97.301,5.898105e-06,0
28.13721,5.081119e-04,97.302,5.222006e-06,0
28.16772,2.978445e-04,97.303,3.061004e-06,0
28.19824,4.786225e-04,97.304,4.918851e-06,0
28.22876,5.562763e-04,97.305,5.716856e-06,0
28.25928,5.918667e-04,97.305,6.082567e-06,0
28.28979,4.657194e-04,97.306,4.786120e-06,0
28.32031,4.122408e-04,97.307,4.236492e-06,0
28.35083,5.527254e-04,97.308,5.680168e-06,0
28.38135,6.618244e-04,97.309,6.801282e-06,0
28.41187,5.935274e-04,97.310,6.099370e-06,0
28.44238,5.663502e-04,97.310,5.820035e-06,0
28.47290,6.389951e-04,97.311,6.566506e-06,0
28.50342,5.990765e-04,97.312,6.156237e-06,0
28.53394,4.730314e-04,97.313,4.860930e-06,0
28.56445,4.333421e-04,97.314,4.453040e-06,0
28.59497,4.912865e-04,97.315,5.048426e-06,0
28.62549,4.252354e-04,97.316,4.369641e-06,0
28.65601,4.414765e-04,97.317,4.536480e-06,0
28.68652,6.046992e-04,97.318,6.213639e-06,0
28.71704,5.198311e-04,97.319,5.341510e-06,0
28.74756,3.471802e-04,97.320,3.567401e-06,0
28.77808,4.171955e-04,97.321,4.286786e-06,0
28.80859,5.874485e-04,97.322,6.036111e-06,0
28.83911,6.147276e-04,97.323,6.316338e-06,0
28.86963,4.945493e-04,97.324,5.081448e-06,0
28.90015,6.904013e-04,97.326,7.093731e-06,0
28.93066,6.505492e-04,97.327,6.684185e-06,0
28.96118,6.288848e-04,97.328,6.461519e-06,0
28.99170,8.291948e-04,97.329,8.519524e-06,0
29.02222,6.448974e-04,97.330,6.625897e-06,0
29.05273,5.609310e-04,97.331,5.763134e-06,0
29.08325,5.382998e-04,97.332,5.530555e-06,0
29.11377,5.441881e-04,97.333,5.590992e-06,0
29.14429,6.230914e-04,97.334,6.401574e-06,0
29.17480,5.924076e-04,97.335,6.086265e-06,0
29.20532,7.096688e-04,97.336,7.290903e-06,0
29.23584,9.259263e-04,97.337,9.512557e-06,0
29.26636,7.121574e-04,97.338,7.316311e-06,0
29.29688,5.990779e-04,97.339,6.154528e-06,0
29.32739,7.923846e-04,97.340,8.140343e-06,0
29.35791,6.089210e-04,97.341,6.255513e-06,0
29.38843,5.421206e-04,97.343,5.569205e-06,0
29.41895,5.082531e-04,97.344,5.221228e-06,0
29.44946,4.311157e-04,97.345,4.428756e-06,0
29.47998,4.348962e-04,97.346,4.467544e-06,0
29.51050,4.980897e-04,97.347,5.116654e-06,0
29.54102,6.069033e-04,97.348,6.234381e-06,0
29.57153,6.122307e-04,97.349,6.289039e-06,0
29.60205,4.670890e-04,97.350,4.798043e-06,0
29.63257,5.660842e-04,97.351,5.814881e-06,0
29.66309,5.978942e-04,97.352,6.141572e-06,0
29.69360,5.394955e-04,97.353,5.541641e-06,0
29.72412,5.271048e-04,97.354,5.414306e-06,0
29.75464,5.154995e-04,97.355,5.295043e-06,0
29.78516,4.091027e-04,97.356,4.202125e-06,0
29.81567,5.055971e-04,97.357,5.193218e-06,0
29.84619,7.059214e-04,97.358,7.250762e-06,0
29.87671,5.978901e-04,97.359,6.141070e-06,0
29.90723,6.549537e-04,97.360,6.727113e-06,0
29.93774,7.634788e-04,97.361,7.841704e-06,0
29.96826,7.302200e-04,97.362,7.500023e-06,0
29.99878,7.585542e-04,97.363,7.790959e-06,0
30.02930,1.208156e-03,97.364,1.240860e-05,0
30.05981,9.013736e-04,97.365,9.257632e-06,0
30.09033,4.722986e-04,97.366,4.850730e-06,0
30.12085,6.045586e-04,97.368,6.209038e-06,0
30.15137,5.034318e-04,97.369,5.170374e-06,0
30.18188,4.991232e-04,97.370,5.126070e-06,0
30.21240,4.932786e-04,97.371,5.065991e-06,0
30.24292,5.249772e-04,97.372,5.391481e-06,0
30.27344,4.537922e-04,97.373,4.660366e-06,0
30.30396,5.251970e-04,97.374,5.393624e-06,0
30.33447,6.113806e-04,97.375,6.278640e-06,0
30.36499,4.181801e-04,97.376,4.294501e-06,0
30.39551,3.991586e-04,97.377,4.099117e-06,0
30.42603,4.620293e-04,97.378,4.744712e-06,0
30.45654,4.289778e-04,97.379,4.405250e-06,0
30.48706,4.698966e-04,97.380,4.825402e-06,0
30.51758,6.806476e-04,97.381,6.989547e-06,0
30.54810,7.244679e-04,97.382,7.439458e-06,0
30.57861,6.028556e-04,97.383,6.190575e-06,0
30.60913,3.990106e-04,97.384,4.097298e-06,0
30.63965,5.684627e-04,97.385,5.837281e-06,0
30.67017,7.153487e-04,97.386,7.345509e-06,0
30.70068,5.997775e-04,97.387,6.158711e-06,0
30.73120,4.686897e-04,97.388,4.812609e-06,0
30.76172,4.767123e-04,97.389,4.894936e-06,0
30.79224,5.797881e-04,97.390,5.953268e-06,0
30.82275,5.403628e-04,97.391,5.548392e-06,0
30.85327,5.301538e-04,97.392,5.443510e-06,0
30.88379,5.625150e-04,97.393,5.775729e-06,0
30.91431,5.855995e-04,97.394,6.012692e-06,0
30.94482,6.675975e-04,97.395,6.854543e-06,0
30.97534,7.040791e-04,97.396,7.229043e-06,0
31.00586,5.008659e-04,97.397,5.142524e-06,0
31.03638,4.777977e-04,97.398,4.905626e-06,0
31.06689,4.704554e-04,97.399,4.830193e-06,0
31.09741,5.774185e-04,97.400,5.928328e-06,0
31.12793,4.730613e-04,97.401,4.856848e-06,0
31.15845,6.085998e-04,97.402,6.248338e-06,0
31.18896,7.935414e-04,97.403,8.147001e-06,0
31.21948,8.182816e-04,97.404,8.400915e-06,0
31.25000,7.300976e-04,97.405,7.495495e-06,0
31.28052,4.663617e-04,97.406,4.787820e-06,0
31.31104,5.030244e-04,97.407,5.164158e-06,0
31.34155,7.174357e-04,97.408,7.365277e-06,0
31.37207,5.174707e-04,97.409,5.312360e-06,0
31.40259,4.299458e-04,97.410,4.413783e-06,0
31.43311,4.329483e-04,97.411,4.444562e-06,0
31.46362,3.836208e-04,97.412,3.938135e-06,0
31.49414,5.021114e-04,97.413,5.154473e-06,0
31.52466,5.734060e-04,97.414,5.886294e-06,0
31.55518,4.630449e-04,97.415,4.753336e-06,0
31.58569,4.047861e-04,97.416,4.155244e-06,0
31.61621,4.646417e-04,97.417,4.769632e-06,0
31.64673,3.616120e-04,97.418,3.711975e-06,0
31.67725,3.791419e-04,97.419,3.891882e-06,0
31.70776,4.883736e-04,97.420,5.013093e-06,0
31.73828,3.679071e-04,97.421,3.776482e-06,0
31.76880,4.217654e-04,97.422,4.329281e-06,0
31.79932,5.934391e-04,97.423,6.091394e-06,0
31.82983,5.016550e-04,97.424,5.149219e-06,0
31.86035,4.810083e-04,97.424,4.937242e-06,0
31.89087,6.961781e-04,97.425,7.145751e-06,0
31.92139,6.023245e-04,97.426,6.182351e-06,0
31.95190,4.932570e-04,97.427,5.062816e-06,0
31.98242,5.078973e-04,97.428,5.213033e-06,0
32.01294,5.417623e-04,97.429,5.560566e-06,0
32.04346,4.276922e-04,97.430,4.389724e-06,0
32.07397,4.757694e-04,97.431,4.883128e-06,0
32.10449,5.732643e-04,97.432,5.883723e-06,0
32.13501,5.609090e-04,97.433,5.756857e-06,0
32.16553,5.469297e-04,97.434,5.613325e-06,0
32.19604,6.067260e-04,97.435,6.226974e-06,0
32.22656,6.179618e-04,97.436,6.342227e-06,0
32.25708,5.743941e-04,97.437,5.895027e-06,0
32.28760,4.960536e-04,97.438,5.090965e-06,0
32.31812,4.997186e-04,97.439,5.128529e-06,0
32.34863,5.932270e-04,97.440,6.088130e-06,0
32.37915,6.761727e-04,97.441,6.939312e-06,0
32.40967,6.143002e-04,97.442,6.304275e-06,0
32.44019,5.338060e-04,97.443,5.478147e-06,0
32.47070,5.088127e-04,97.444,5.221604e-06,0
32.50122,5.058469e-04,97.445,5.191117e-06,0
32.53174,6.576665e-04,97.446,6.749059e-06,0
32.56226,6.624289e-04,97.447,6.797865e-06,0
32.59277,7.663205e-04,97.448,7.863927e-06,0
32.62329,6.871727e-04,97.449,7.051649e-06,0
32.65381,5.776192e-04,97.449,5.927371e-06,0
32.68433,5.173752e-04,97.450,5.309113e-06,0
32.71484,4.916825e-04,97.451,5.045415e-06,0
32.74536,5.491156e-04,97.452,5.634711e-06,0
32.77588,4.639782e-04,97.453,4.761033e-06,0
32.80640,5.386723e-04,97.454,5.527440e-06,0
32.83691,7.317586e-04,97.455,7.508671e-06,0
32.86743,7.127737e-04,97.456,7.313794e-06,0
32.89795,6.419968e-04,97.457,6.587486e-06,0
32.92847,6.282283e-04,97.458,6.446146e-06,0
32.95898,4.296365e-04,97.459,4.408386e-06,0
32.98950,4.708988e-04,97.460,4.831721e-06,0
33.02002,5.071289e-04,97.461,5.203414e-06,0
33.05054,4.867441e-04,97.462,4.994208e-06,0
33.08105,4.610203e-04,97.463,4.730224e-06,0
33.11157,6.294049e-04,97.464,6.457846e-06,0
33.14209,5.314363e-04,97.465,5.452612e-06,0
33.17261,5.243342e-04,97.465,5.379692e-06,0
33.20312,5.173693e-04,97.466,5.308180e-06,0
33.23364,5.066792e-04,97.467,5.198451e-06,0
33.26416,6.317975e-04,97.468,6.482083e-06,0
33.29468,6.470712e-04,97.469,6.638725e-06,0
33.32520,7.572135e-04,97.470,7.768672e-06,0
33.35571,5.992973e-04,97.471,6.148464e-06,0
33.38623,5.463703e-04,97.472,5.605408e-06,0
33.41675,5.455866e-04,97.473,5.597315e-06,0
33.44727,5.763589e-04,97.474,5.912960e-06,0
33.47778,6.967190e-04,97.475,7.147685e-06,0
33.50830,6.422690e-04,97.476,6.589017e-06,0
33.53882,6.436798e-04,97.477,6.603427e-06,0
33.56934,6.064834e-04,97.478,6.221775e-06,0
33.59985,4.827059e-04,97.478,4.951924e-06,0
33.63037,5.716751e-04,97.479,5.864574e-06,0
33.66089,5.730863e-04,97.480,5.878996e-06,0
33.69141,6.367674e-04,97.481,6.532205e-06,0
33.72192,6.902142e-04,97.482,7.080416e-06,0
33.75244,5.420337e-04,97.483,5.560285e-06,0
33.78296,5.569930e-04,97.484,5.713687e-06,0
33.81348,6.199751e-04,97.485,6.359704e-06,0
33.84399,7.216640e-04,97.486,7.402759e-06,0
33.87451,6.616043e-04,97.487,6.786608e-06,0
33.90503,6.990727e-04,97.488,7.170885e-06,0
33.93555,5.447049e-04,97.489,5.587372e-06,0
33.96606,6.516570e-04,97.489,6.684383e-06,0
33.99658,6.970137e-04,97.490,7.149563e-06,0
34.02710,4.941687e-04,97.491,5.068849e-06,0
34.05762,4.628238e-04,97.492,4.747290e-06,0
34.08813,4.710550e-04,97.493,4.831674e-06,0
34.11865,4.194422e-04,97.494,4.302234e-06,0
34.14917,5.392657e-04,97.495,5.531217e-06,0
34.17969,7.517380e-04,97.496,7.710461e-06,0
34.21021,7.132948e-04,97.497,7.316088e-06,0
34.24072,5.185543e-04,97.498,5.318633e-06,0
34.27124,4.735372e-04,97.499,4.856863e-06,0
34.30176,6.073467e-04,97.499,6.229230e-06,0
34.33228,5.826630e-04,97.500,5.976009e-06,0
34.36279,4.657544e-04,97.501,4.776906e-06,0
34.39331,5.183337e-04,97.502,5.316125e-06,0
34.42383,6.297323e-04,97.503,6.458589e-06,0
34.45435,5.686684e-04,97.504,5.832258e-06,0
34.48486,6.283181e-04,97.505,6.443966e-06,0
34.51538,5.890401e-04,97.506,6.041079e-06,0
34.54590,6.109433e-04,97.507,6.265656e-06,0
34.57642,5.905297e-04,97.508,6.056245e-06,0
34.60693,5.209967e-04,97.508,5.343092e-06,0
34.63745,5.329025e-04,97.509,5.465142e-06,0
34.66797,3.732653e-04,97.510,3.827959e-06,0
34.69849,5.493025e-04,97.511,5.633228e-06,0
34.72900,5.465089e-04,97.512,5.604527e-06,0
34.75952,4.498017e-04,97.513,4.612739e-06,0
34.79004,4.103868e-04,97.514,4.208499e-06,0
34.82056,5.410161e-04,97.515,5.548046e-06,0
34.85107,6.186739e-04,97.516,6.344358e-06,0
34.88159,7.346982e-04,97.516,7.534091e-06,0
34.91211,5.805716e-04,97.517,5.953519e-06,0
34.94263,4.825976e-04,97.518,4.948791e-06,0
34.97314,5.111238e-04,97.519,5.241265e-06,0
35.00366,6.138571e-04,97.520,6.294676e-06,0
35.03418,1.082153e-03,97.521,1.109662e-05,0
35.06470,8.588045e-04,97.522,8.806281e-06,0
35.09521,5.102401e-04,97.523,5.232013e-06,0
35.12573,4.542278e-04,97.524,4.657620e-06,0
35.15625,6.271302e-04,97.524,6.430491e-06,0
35.18677,7.483137e-04,97.525,7.673017e-06,0
35.21729,5.294310e-04,97.526,5.428601e-06,0
35.24780,7.239406e-04,97.527,7.422968e-06,0
35.27832,6.270125e-04,97.528,6.429052e-06,0
35.30884,5.602610e-04,97.529,5.744566e-06,0
35.33936,4.780139e-04,97.530,4.901211e-06,0
35.36987,5.881336e-04,97.531,6.030245e-06,0
35.40039,6.547350e-04,97.531,6.713062e-06,0
35.43091,6.153361e-04,97.532,6.309045e-06,0
35.46143,6.012192e-04,97.533,6.164248e-06,0
35.49194,5.615456e-04,97.534,5.757428e-06,0
35.52246,5.490694e-04,97.535,5.629461e-06,0
35.55298,5.550192e-04,97.536,5.690411e-06,0
35.58350,4.155869e-04,97.537,4.260824e-06,0
35.61401,3.234361e-04,97.538,3.316014e-06,0
35.64453,3.409147e-04,97.538,3.495181e-06,0
35.67505,3.525010e-04,97.539,3.613936e-06,0
35.70557,5.494556e-04,97.540,5.633118e-06,0
35.73608,6.171430e-04,97.541,6.327006e-06,0
35.76660,5.798638e-04,97.542,5.944763e-06,0
35.79712,6.923105e-04,97.543,7.097503e-06,0
35.82764,6.694504e-04,97.544,6.863083e-06,0
35.85815,4.119917e-04,97.545,4.223626e-06,0
35.88867,3.156225e-04,97.545,3.235647e-06,0
35.91919,4.500088e-04,97.546,4.613284e-06,0
35.94971,7.152863e-04,97.547,7.332724e-06,0
35.98022,8.170633e-04,97.548,8.376012e-06,0
36.01074,6.356565e-04,97.549,6.516287e-06,0
36.04126,5.843533e-04,97.550,5.990312e-06,0
36.07178,6.761594e-04,97.551,6.931372e-06,0
36.10229,6.105811e-04,97.551,6.259067e-06,0
36.13281,5.672444e-04,97.552,5.814771e-06,0
36.16333,5.350498e-04,97.553,5.484700e-06,0
36.19385,5.839704e-04,97.554,5.986123e-06,0
36.22437,4.954471e-04,97.555,5.078650e-06,0
36.25488,4.016331e-04,97.556,4.116960e-06,0
36.28540,4.766425e-04,97.557,4.885805e-06,0
36.31592,5.228234e-04,97.557,5.359134e-06,0
36.34644,5.758927e-04,97.558,5.903062e-06,0
36.37695,6.861175e-04,97.559,7.032836e-06,0
36.40747,6.191508e-04,97.560,6.346359e-06,0
36.43799,5.006888e-04,97.561,5.132066e-06,0
36.46851,5.302764e-04,97.562,5.435292e-06,0
36.49902,4.306344e-04,97.563,4.413931e-06,0
36.52954,5.657126e-04,97.563,5.798409e-06,0
36.56006,6.429102e-04,97.564,6.589608e-06,0
36.59058,5.606007e-04,97.565,5.745914e-06,0
36.62109,5.346704e-04,97.566,5.480092e-06,0
36.65161,5.775376e-04,97.567,5.919407e-06,0
36.68213,6.430139e-04,97.568,6.590442e-06,0
36.71265,4.934198e-04,97.568,5.057163e-06,0
36.74316,4.420458e-04,97.569,4.530581e-06,0
36.77368,4.698022e-04,97.570,4.815018e-06,0
36.80420,4.896068e-04,97.571,5.017953e-06,0
36.83472,4.423629e-04,97.572,4.533714e-06,0
36.86523,4.809043e-04,97.573,4.928676e-06,0
36.89575,6.862092e-04,97.574,7.032738e-06,0
36.92627,6.267100e-04,97.574,6.422895e-06,0
36.95679,6.849633e-04,97.575,7.019848e-06,0
36.98730,7.351425e-04,97.576,7.534045e-06,0
37.01782,6.739842e-04,97.577,6.907210e-06,0
37.04834,5.689183e-04,97.578,5.830410e-06,0
37.07886,3.640879e-04,97.579,3.731228e-06,0
37.10938,4.736697e-04,97.579,4.854197e-06,0
37.13989,5.474444e-04,97.580,5.610196e-06,0
37.17041,5.364814e-04,97.581,5.497800e-06,0
37.20093,5.312163e-04,97.582,5.443798e-06,0
37.23145,4.282287e-04,97.583,4.388365e-06,0
37.26196,5.996419e-04,97.584,6.144905e-06,0
37.29248,6.432449e-04,97.584,6.591676e-06,0
37.32300,6.327101e-04,97.585,6.483665e-06,0
37.35352,4.794004e-04,97.586,4.912589e-06,0
37.38403,3.626726e-04,97.587,3.716406e-06,0
37.41455,3.808621e-04,97.588,3.902766e-06,0
37.44507,4.602104e-04,97.589,4.715822e-06,0
37.47559,4.727035e-04,97.589,4.843800e-06,0
37.50610,6.286511e-04,97.590,6.441742e-06,0
37.53662,4.969697e-04,97.591,5.092370e-06,0
37.56714,5.247589e-04,97.592,5.377075e-06,0
37.59766,5.490064e-04,97.593,5.625486e-06,0
37.62817,5.956999e-04,97.594,6.103887e-06,0
37.65869,6.587236e-04,97.594,6.749607e-06,0
37.68921,6.697319e-04,97.595,6.862345e-06,0
37.71973,6.042044e-04,97.596,6.190872e-06,0
37.75024,3.864794e-04,97.597,3.959959e-06,0
37.78076,5.603249e-04,97.598,5.741172e-06,0
37.81128,5.902506e-04,97.598,6.047745e-06,0
37.84180,5.576799e-04,97.599,5.713975e-06,0
37.87231,4.670231e-04,97.600,4.785067e-06,0
37.90283,4.616774e-04,97.601,4.730256e-06,0
37.93335,5.685497e-04,97.602,5.825200e-06,0
37.96387,5.321805e-04,97.603,5.452526e-06,0
37.99438,5.383963e-04,97.603,5.516164e-06,0
38.02490,4.931658e-04,97.604,5.052711e-06,0
38.05542,4.628694e-04,97.605,4.742270e-06,0
38.08594,3.680597e-04,97.606,3.770878e-06,0
38.11646,3.973120e-04,97.607,4.070543e-06,0
38.14697,5.939422e-04,97.607,6.085008e-06,0
38.17749,6.983066e-04,97.608,7.154174e-06,0
38.20801,5.090472e-04,97.609,5.215162e-06,0
38.23853,5.107896e-04,97.610,5.232970e-06,0
38.26904,6.522040e-04,97.611,6.681685e-06,0
38.29956,6.401503e-04,97.612,6.558143e-06,0
38.33008,5.417322e-04,97.612,5.549834e-06,0
38.36060,4.932262e-04,97.613,5.052867e-06,0
38.39111,6.133178e-04,97.614,6.283096e-06,0
38.42163,4.689321e-04,97.615,4.803906e-06,0
38.45215,5.709857e-04,97.616,5.849331e-06,0
38.48267,7.203978e-04,97.616,7.379887e-06,0
38.51318,5.271466e-04,97.617,5.400142e-06,0
38.54370,4.034218e-04,97.618,4.132659e-06,0
38.57422,5.113244e-04,97.619,5.237971e-06,0
38.60474,5.510011e-04,97.620,5.644370e-06,0
38.63525,4.297887e-04,97.620,4.402652e-06,0
38.66577,5.316341e-04,97.621,5.445888e-06,0
38.69629,5.767988e-04,97.622,5.908492e-06,0
38.72681,5.586949e-04,97.623,5.722996e-06,0
38.75732,4.524819e-04,97.624,4.634964e-06,0
38.78784,3.035649e-04,97.624,3.109518e-06,0
38.81836,3.825713e-04,97.625,3.918776e-06,0
38.84888,5.896769e-04,97.626,6.040162e-06,0
38.87939,6.222137e-04,97.627,6.373390e-06,0
38.90991,6.453605e-04,97.628,6.610430e-06,0
38.94043,6.936699e-04,97.628,7.105206e-06,0
38.97095,5.083370e-04,97.629,5.206813e-06,0
39.00146,4.890175e-04,97.630,5.008886e-06,0
39.03198,4.839302e-04,97.631,4.956738e-06,0
39.06250,6.788321e-04,97.632,6.952997e-06,0
39.09302,6.403495e-04,97.632,6.558782e-06,0
39.12354,5.517878e-04,97.633,5.651642e-06,0
39.15405,4.166208e-04,97.634,4.267171e-06,0
39.18457,5.172853e-04,97.635,5.298168e-06,0
39.21509,5.659628e-04,97.636,5.796688e-06,0
39.24561,5.341579e-04,97.636,5.470892e-06,0
39.27612,6.988393e-04,97.637,7.157516e-06,0
39.30664,7.624467e-04,97.638,7.808920e-06,0
39.33716,4.649218e-04,97.639,4.761654e-06,0
39.36768,5.881356e-04,97.639,6.023542e-06,0
39.39819,5.058143e-04,97.640,5.180385e-06,0
39.42871,5.199467e-04,97.641,5.325081e-06,0
39.45923,5.687770e-04,97.642,5.825135e-06,0
39.48975,6.504920e-04,97.643,6.661966e-06,0
39.52026,5.032631e-04,97.643,5.154090e-06,0
39.55078,7.044974e-04,97.644,7.214942e-06,0
39.58130,6.828503e-04,97.645,6.993192e-06,0
39.61182,4.773609e-04,97.646,4.888699e-06,0
39.64233,4.413754e-04,97.647,4.520132e-06,0
39.67285,5.899616e-04,97.647,6.041758e-06,0
39.70337,5.133631e-04,97.648,5.257275e-06,0
39.73389,5.821444e-04,97.649,5.961606e-06,0
39.76440,7.488990e-04,97.650,7.669240e-06,0
39.79492,5.149249e-04,97.650,5.273143e-06,0
39.82544,3.520517e-04,97.651,3.605193e-06,0
39.85596,5.077340e-04,97.652,5.199421e-06,0
39.88647,7.535050e-04,97.653,7.716163e-06,0
39.91699,8.792842e-04,97.654,9.004115e-06,0
39.94751,7.422507e-04,97.654,7.600793e-06,0
39.97803,5.161493e-04,97.655,5.285428e-06,0
40.00854,6.407414e-04,97.656,6.561213e-06,0
40.03906,1.142441e-03,97.657,1.169854e-05,0
40.06958,1.137671e-03,97.657,1.164960e-05,0
40.10010,1.755959e-03,97.658,1.798065e-05,0
40.13062,1.600686e-03,97.659,1.639056e-05,0
40.16113,7.103342e-04,97.660,7.273557e-06,0
40.19165,5.831838e-04,97.661,5.971538e-06,0
40.22217,5.925291e-04,97.661,6.067181e-06,0
40.25269,5.576779e-04,97.662,5.710278e-06,0
40.28320,5.709606e-04,97.663,5.846239e-06,0
40.31372,5.632833e-04,97.664,5.767584e-06,0
40.34424,6.649764e-04,97.664,6.808788e-06,0
40.37476,5.916674e-04,97.665,6.058119e-06,0
40.40527,4.674540e-04,97.666,4.786253e-06,0
40.43579,6.007521e-04,97.667,6.151041e-06,0
40.46631,7.608948e-04,97.668,7.790665e-06,0
40.49683,6.090159e-04,97.668,6.235555e-06,0
40.52734,5.908032e-04,97.669,6.049033e-06,0
40.55786,5.528259e-04,97.670,5.660152e-06,0
40.58838,5.625291e-04,97.671,5.759453e-06,0
40.61890,5.094135e-04,97.671,5.215588e-06,0
40.64941,5.199449e-04,97.672,5.323372e-06,0
40.67993,5.471997e-04,97.673,5.602372e-06,0
40.71045,4.145507e-04,97.674,4.244244e-06,0
40.74097,4.528369e-04,97.674,4.636188e-06,0
40.77148,4.766619e-04,97.675,4.880073e-06,0
40.80200,4.925149e-04,97.676,5.042337e-06,0
40.83252,5.576014e-04,97.677,5.708645e-06,0
40.86304,5.189676e-04,97.677,5.313075e-06,0
40.89355,6.890832e-04,97.678,7.054627e-06,0
40.92407,5.259939e-04,97.679,5.384925e-06,0
40.95459,4.417940e-04,97.680,4.522884e-06,0
40.98511,5.392680e-04,97.680,5.520735e-06,0
41.01562,5.768763e-04,97.681,5.905703e-06,0
41.04614,5.895591e-04,97.682,6.035495e-06,0
41.07666,4.337667e-04,97.683,4.440567e-06,0
41.10718,5.392733e-04,97.683,5.520618e-06,0
41.13770,6.267611e-04,97.684,6.416194e-06,0
41.16821,6.868949e-04,97.685,7.031733e-06,0
41.19873,6.548712e-04,97.686,6.703856e-06,0
41.22925,6.192346e-04,97.687,6.338998e-06,0
41.25977,5.653346e-04,97.687,5.787189e-06,0
41.29028,5.262463e-04,97.688,5.387009e-06,0
41.32080,4.615472e-04,97.689,4.724670e-06,0
41.35132,5.218529e-04,97.690,5.341954e-06,0
41.38184,5.520621e-04,97.690,5.651148e-06,0
41.41235,5.181726e-04,97.691,5.304199e-06,0
41.44287,6.069132e-04,97.692,6.212532e-06,0
41.47339,6.444202e-04,97.693,6.596413e-06,0
41.50391,5.083289e-04,97.693,5.203315e-06,0
41.53442,5.128307e-04,97.694,5.249356e-06,0
41.56494,6.353960e-04,97.695,6.503890e-06,0
41.59546,6.714107e-04,97.696,6.872482e-06,0
41.62598,6.360184e-04,97.696,6.510161e-06,0
41.65649,5.522009e-04,97.697,5.652178e-06,0
41.68701,4.946655e-04,97.698,5.063212e-06,0
41.71753,5.283180e-04,97.699,5.407612e-06,0
41.74805,5.470629e-04,97.700,5.599420e-06,0
41.77856,5.905637e-04,97.701,6.044610e-06,0
41.80908,6.714854e-04,97.702,6.872801e-06,0
41.83960,4.491298e-04,97.703,4.596897e-06,0
41.87012,4.963610e-04,97.704,5.080264e-06,0
41.90063,4.229827e-04,97.705,4.329193e-06,0
41.93115,5.360124e-04,97.706,5.485987e-06,0
41.96167,6.243816e-04,97.707,6.390367e-06,0
41.99219,7.428341e-04,97.708,7.602620e-06,0
42.02271,6.247875e-04,97.709,6.394395e-06,0
42.05322,5.899462e-04,97.710,6.037753e-06,0
42.08374,7.325246e-04,97.711,7.496884e-06,0
42.11426,6.301734e-04,97.711,6.449327e-06,0
42.14478,4.749677e-04,97.712,4.860871e-06,0
42.17529,5.560537e-04,97.713,5.690659e-06,0
42.20581,7.009940e-04,97.714,7.173908e-06,0
42.23633,7.075494e-04,97.715,7.240925e-06,0
42.26685,7.091803e-04,97.716,7.257544e-06,0
42.29736,5.882626e-04,97.717,6.020048e-06,0
42.32788,4.733919e-04,97.718,4.844460e-06,0
42.35840,3.823103e-04,97.719,3.912337e-06,0
42.38892,3.912840e-04,97.720,4.004129e-06,0
42.41943,5.084333e-04,97.721,5.202904e-06,0
42.44995,5.645991e-04,97.722,5.777603e-06,0
42.48047,5.673595e-04,97.723,5.805794e-06,0
42.51099,4.684895e-04,97.724,4.794010e-06,0
42.54150,5.274438e-04,97.725,5.397231e-06,0
42.57202,6.149770e-04,97.726,6.292881e-06,0
42.60254,6.023979e-04,97.727,6.164102e-06,0
42.63306,5.065701e-04,97.728,5.183484e-06,0
42.66357,5.664653e-04,97.729,5.796305e-06,0
42.69409,6.852993e-04,97.730,7.012196e-06,0
42.72461,4.658765e-04,97.731,4.766947e-06,0
42.75513,5.263016e-04,97.732,5.385177e-06,0
42.78564,5.379798e-04,97.732,5.504617e-06,0
42.81616,5.176668e-04,97.733,5.296723e-06,0
42.84668,4.673015e-04,97.734,4.781343e-06,0
42.87720,4.635199e-04,97.735,4.742604e-06,0
42.90771,4.226430e-04,97.736,4.324322e-06,0
42.93823,4.481164e-04,97.737,4.584912e-06,0
42.96875,5.217177e-04,97.738,5.337914e-06,0
42.99927,6.247571e-04,97.739,6.392092e-06,0
43.02979,5.479747e-04,97.740,5.606452e-06,0
43.06030,5.188846e-04,97.741,5.308773e-06,0
43.09082,5.689781e-04,97.742,5.821231e-06,0
43.12134,5.431476e-04,97.743,5.556905e-06,0
43.15186,5.990884e-04,97.744,6.129172e-06,0
43.18237,6.968992e-04,97.745,7.129790e-06,0
43.21289,6.250385e-04,97.746,6.394541e-06,0
43.24341,5.194295e-04,97.747,5.314043e-06,0
43.27393,5.632102e-04,97.748,5.761888e-06,0
43.30444,5.607953e-04,97.748,5.737127e-06,0
43.33496,6.042423e-04,97.749,6.181545e-06,0
43.36548,4.933054e-04,97.750,5.046586e-06,0
43.39600,4.423789e-04,97.751,4.525558e-06,0
43.42651,4.703176e-04,97.752,4.811326e-06,0
43.45703,4.271736e-04,97.753,4.369923e-06,0
43.48755,5.546122e-04,97.754,5.673548e-06,0
43.51807,4.476431e-04,97.755,4.579236e-06,0
43.54858,4.798474e-04,97.756,4.908628e-06,0
43.57910,5.781682e-04,97.757,5.914351e-06,0
43.60962,5.719742e-04,97.758,5.850934e-06,0
43.64014,5.079155e-04,97.759,5.195604e-06,0
43.67065,4.673508e-04,97.760,4.780612e-06,0
43.70117,6.573204e-04,97.761,6.723780e-06,0
43.73169,6.696386e-04,97.761,6.849719e-06,0
43.76221,6.070327e-04,97.762,6.209266e-06,0
43.79272,8.117998e-04,97.763,8.303725e-06,0
43.82324,6.478255e-04,97.764,6.626405e-06,0
43.85376,4.721631e-04,97.765,4.829563e-06,0
43.88428,4.106872e-04,97.766,4.200712e-06,0
43.91479,5.637735e-04,97.767,5.766500e-06,0
43.94531,6.176299e-04,97.768,6.317305e-06,0
43.97583,5.231613e-04,97.769,5.351002e-06,0
44.00635,5.588546e-04,97.770,5.716026e-06,0
44.03687,4.132890e-04,97.771,4.227125e-06,0
44.06738,5.240886e-04,97.772,5.360335e-06,0
44.09790,5.582558e-04,97.773,5.709741e-06,0
44.12842,5.239629e-04,97.773,5.358949e-06,0
44.15894,4.553400e-04,97.774,4.657049e-06,0
44.18945,5.985920e-04,97.775,6.122120e-06,0
44.21997,5.401465e-04,97.776,5.524315e-06,0
44.25049,4.745738e-04,97.777,4.853628e-06,0
44.28101,5.918759e-04,97.778,6.053261e-06,0
44.31152,5.409295e-04,97.779,5.532167e-06,0
44.34204,6.286013e-04,97.780,6.428740e-06,0
44.37256,5.960089e-04,97.781,6.095359e-06,0
44.40308,3.384328e-04,97.782,3.461107e-06,0
44.43359,4.990644e-04,97.783,5.103816e-06,0
44.46411,7.132658e-04,97.784,7.294336e-06,0
44.49463,6.847102e-04,97.784,7.002243e-06,0
44.52515,4.750680e-04,97.785,4.858275e-06,0
44.55566,4.901445e-04,97.786,5.012408e-06,0
44.58618,5.033239e-04,97.787,5.147138e-06,0
44.61670,4.467418e-04,97.788,4.568471e-06,0
44.64722,6.086442e-04,97.789,6.224059e-06,0
44.67773,6.196783e-04,97.790,6.336835e-06,0
44.70825,4.176745e-04,97.791,4.271104e-06,0
44.73877,4.043387e-04,97.792,4.134695e-06,0
44.76929,4.766111e-04,97.793,4.873694e-06,0
44.79980,5.302682e-04,97.793,5.422327e-06,0
44.83032,4.008400e-04,97.794,4.098803e-06,0
44.86084,4.535355e-04,97.795,4.637600e-06,0
44.89136,6.268731e-04,97.796,6.409995e-06,0
44.92188,6.183865e-04,97.797,6.323158e-06,0
44.95239,3.911803e-04,97.798,3.999880e-06,0
44.98291,4.866444e-04,97.799,4.975971e-06,0
45.01343,5.660175e-04,97.800,5.787512e-06,0
45.04395,1.203706e-03,97.801,1.230775e-05,0
45.07446,8.963803e-04,97.802,9.165293e-06,0
45.10498,4.707389e-04,97.802,4.813159e-06,0
45.13550,6.021534e-04,97.803,6.156774e-06,0
45.16602,3.840107e-04,97.804,3.926318e-06,0
45.19653,3.565937e-04,97.805,3.645959e-06,0
45.22705,4.586568e-04,97.806,4.689451e-06,0
45.25757,4.747268e-04,97.807,4.853711e-06,0
45.28809,4.843196e-04,97.808,4.951745e-06,0
45.31860,5.644896e-04,97.809,5.771360e-06,0
45.34912,6.353746e-04,97.810,6.496032e-06,0
45.37964,6.082872e-04,97.811,6.219035e-06,0
45.41016,4.907151e-04,97.811,5.016950e-06,0
45.44067,5.627830e-04,97.812,5.753702e-06,0
45.47119,5.818632e-04,97.813,5.948718e-06,0
45.50171,5.016128e-04,97.814,5.128225e-06,0
45.53223,5.232384e-04,97.815,5.349265e-06,0
45.56274,6.397676e-04,97.816,6.540528e-06,0
45.59326,5.566431e-04,97.817,5.690671e-06,0
45.62378,5.291044e-04,97.818,5.409088e-06,0
45.65430,6.384136e-04,97.819,6.526508e-06,0
45.68481,5.540193e-04,97.819,5.663693e-06,0
45.71533,4.813555e-04,97.820,4.920813e-06,0
45.74585,5.855801e-04,97.821,5.986228e-06,0
45.77637,7.203454e-04,97.822,7.363831e-06,0
45.80688,6.153822e-04,97.823,6.290773e-06,0
45.83740,4.944066e-04,97.824,5.054049e-06,0
45.86792,5.508925e-04,97.825,5.631423e-06,0
45.89844,5.866099e-04,97.826,5.996485e-06,0
45.92896,5.011875e-04,97.827,5.123227e-06,0
45.95947,5.900915e-04,97.827,6.031966e-06,0
45.98999,6.031659e-04,97.828,6.165558e-06,0
46.02051,4.483749e-04,97.829,4.583244e-06,0
46.05103,3.353668e-04,97.830,3.428055e-06,0
46.08154,4.062416e-04,97.831,4.152487e-06,0
46.11206,4.836025e-04,97.832,4.943203e-06,0
46.14258,5.301848e-04,97.833,5.419301e-06,0
46.17310,4.759974e-04,97.834,4.865380e-06,0
46.20361,5.067757e-04,97.834,5.179932e-06,0
46.23413,4.414095e-04,97.835,4.511761e-06,0
46.26465,4.223212e-04,97.836,4.316615e-06,0
46.29517,4.388624e-04,97.837,4.485646e-06,0
46.32568,6.303934e-04,97.838,6.443241e-06,0
46.35620,4.572669e-04,97.839,4.673676e-06,0
46.38672,6.620599e-04,97.840,6.766783e-06,0
46.41724,6.006719e-04,97.841,6.139293e-06,0
46.44775,4.702951e-04,97.841,4.806707e-06,0
46.47827,4.224555e-04,97.842,4.317718e-06,0
46.50879,5.514950e-04,97.843,5.636520e-06,0
46.53931,6.250697e-04,97.844,6.388429e-06,0
46.56982,6.263645e-04,97.845,6.401606e-06,0
46.60034,6.332634e-04,97.846,6.472057e-06,0
46.63086,5.637002e-04,97.847,5.761058e-06,0
46.66138,7.443786e-04,97.848,7.607537e-06,0
46.69189,5.990741e-04,97.848,6.122474e-06,0
46.72241,6.181200e-04,97.849,6.317064e-06,0
46.75293,6.230273e-04,97.850,6.367160e-06,0
46.78345,4.785610e-04,97.851,4.890712e-06,0
46.81396,5.152374e-04,97.852,5.265484e-06,0
46.84448,5.353930e-04,97.853,5.471417e-06,0
46.87500,5.522309e-04,97.854,5.643441e-06,0
46.90552,5.829565e-04,97.854,5.957384e-06,0
46.93604,5.656889e-04,97.855,5.780871e-06,0
46.96655,3.482650e-04,97.856,3.558947e-06,0
46.99707,4.959636e-04,97.857,5.068247e-06,0
47.02759,5.573523e-04,97.858,5.695527e-06,0
47.05811,5.345267e-04,97.859,5.462226e-06,0
47.08862,5.703694e-04,97.860,5.828445e-06,0
47.11914,4.513575e-04,97.860,4.612255e-06,0
47.14966,3.943219e-04,97.861,4.029395e-06,0
47.18018,4.009853e-04,97.862,4.097448e-06,0
47.21069,4.991535e-04,97.863,5.100530e-06,0
47.24121,4.974218e-04,97.864,5.082791e-06,0
47.27173,4.736216e-04,97.865,4.839551e-06,0
47.30225,4.133085e-04,97.866,4.223224e-06,0
47.33276,4.259643e-04,97.866,4.352504e-06,0
47.36328,5.935440e-04,97.867,6.064782e-06,0
47.39380,7.255728e-04,97.868,7.413775e-06,0
47.42432,6.990588e-04,97.869,7.142797e-06,0
47.45483,6.103890e-04,97.870,6.236739e-06,0
47.48535,6.051224e-04,97.871,6.182872e-06,0
47.51587,5.665910e-04,97.872,5.789125e-06,0
47.54639,5.323996e-04,97.872,5.439729e-06,0
47.57690,4.193148e-04,97.873,4.284261e-06,0
47.60742,3.722300e-04,97.874,3.803148e-06,0
47.63794,5.293070e-04,97.875,5.407989e-06,0
47.66846,6.384022e-04,97.876,6.522570e-06,0
47.69897,5.451247e-04,97.877,5.569503e-06,0
47.72949,5.413286e-04,97.878,5.530671e-06,0
47.76001,6.370999e-04,97.878,6.509095e-06,0
47.79053,5.661770e-04,97.879,5.784443e-06,0
47.82104,6.227296e-04,97.880,6.362167e-06,0
47.85156,6.441439e-04,97.881,6.580891e-06,0
47.88208,5.226106e-04,97.882,5.339200e-06,0
47.91260,4.393055e-04,97.883,4.488083e-06,0
47.94312,5.752044e-04,97.883,5.876419e-06,0
47.97363,6.808770e-04,97.884,6.955933e-06,0
48.00415,6.015742e-04,97.885,6.145713e-06,0
48.03467,5.850557e-04,97.886,5.976907e-06,0
48.06519,4.452819e-04,97.887,4.548944e-06,0
48.09570,4.061702e-04,97.888,4.149348e-06,0
48.12622,3.913752e-04,97.889,3.998171e-06,0
48.15674,4.138754e-04,97.889,4.227990e-06,0
48.18726,6.908161e-04,97.890,7.057048e-06,0
48.21777,7.508746e-04,97.891,7.670510e-06,0
48.24829,5.290825e-04,97.892,5.404762e-06,0
48.27881,5.022054e-04,97.893,5.130158e-06,0
48.30933,6.141754e-04,97.894,6.273907e-06,0
48.33984,5.028942e-04,97.894,5.137106e-06,0
48.37036,5.529086e-04,97.895,5.647960e-06,0
48.40088,5.152139e-04,97.896,5.262864e-06,0
48.43140,4.304764e-04,97.897,4.397240e-06,0
48.46191,6.389854e-04,97.898,6.527067e-06,0
48.49243,6.281011e-04,97.899,6.415832e-06,0
48.52295,6.735970e-04,97.899,6.880498e-06,0
48.55347,6.747207e-04,97.900,6.891917e-06,0
48.58398,7.299166e-04,97.901,7.455650e-06,0
48.61450,6.563917e-04,97.902,6.704581e-06,0
48.64502,4.227213e-04,97.903,4.317765e-06,0
48.67554,3.530662e-04,97.904,3.606262e-06,0
48.70605,5.350918e-04,97.904,5.465448e-06,0
48.73657,4.454651e-04,97.905,4.549959e-06,0
48.76709,4.501561e-04,97.906,4.597834e-06,0
48.79761,5.097296e-04,97.907,5.206265e-06,0
48.82812,4.713414e-04,97.908,4.814136e-06,0
48.85864,4.959130e-04,97.909,5.065059e-06,0
48.88916,5.690939e-04,97.909,5.812451e-06,0
48.91968,7.727603e-04,97.910,7.892535e-06,0
48.95020,6.706042e-04,97.911,6.849112e-06,0
48.98071,5.285014e-04,97.912,5.397721e-06,0
49.01123,5.938232e-04,97.913,6.064819e-06,0
49.04175,6.691938e-04,97.914,6.834534e-06,0
49.07227,5.107314e-04,97.914,5.216100e-06,0
49.10278,4.326471e-04,97.915,4.418587e-06,0
49.13330,4.991183e-04,97.916,5.097410e-06,0
49.16382,5.337274e-04,97.917,5.450820e-06,0
49.19434,5.312572e-04,97.918,5.425547e-06,0
49.22485,4.122931e-04,97.919,4.210573e-06,0
49.25537,4.714631e-04,97.919,4.814809e-06,0
49.28589,5.815681e-04,97.920,5.939205e-06,0
49.31641,5.089888e-04,97.921,5.197953e-06,0
49.34692,6.267365e-04,97.922,6.400375e-06,0
49.37744,5.666115e-04,97.923,5.786316e-06,0
49.40796,6.124384e-04,97.923,6.254255e-06,0
49.43848,3.609493e-04,97.924,3.686004e-06,0
49.46899,4.650577e-04,97.925,4.749116e-06,0
49.49951,5.313137e-04,97.926,5.425669e-06,0
49.53003,4.759991e-04,97.927,4.860766e-06,1
49.56055,5.114356e-04,97.928,5.222590e-06,1
49.59106,6.081473e-04,97.928,6.210122e-06,1
49.62158,4.683546e-04,97.929,4.782583e-06,1
49.65210,5.517454e-04,97.930,5.634078e-06,1
49.68262,6.771901e-04,97.931,6.914983e-06,1
49.71313,5.991719e-04,97.932,6.118266e-06,1
49.74365,4.773986e-04,97.932,4.874774e-06,1
49.77417,6.747174e-04,97.933,6.889561e-06,1
49.80469,6.691465e-04,97.934,6.832620e-06,1
49.83521,5.737151e-04,97.935,5.858127e-06,1
49.86572,5.135380e-04,97.936,5.243623e-06,1
49.89624,4.789838e-04,97.937,4.890757e-06,1
49.92676,7.218700e-04,97.937,7.370732e-06,1
49.95728,1.414575e-03,97.938,1.444355e-05,1
49.98779,3.028051e-03,97.939,3.091773e-05,1
50.01831,3.508309e-03,97.940,3.582108e-05,1
50.04883,1.821218e-03,97.941,1.859513e-05,1
50.07935,9.953618e-04,97.941,1.016283e-05,1
50.10986,5.291748e-04,97.942,5.402929e-06,1
50.14038,4.969516e-04,97.943,5.073884e-06,1
50.17090,5.907340e-04,97.944,6.031355e-06,1
50.20142,5.583559e-04,97.945,5.700729e-06,1
50.23193,5.161985e-04,97.945,5.270265e-06,1
50.26245,4.597364e-04,97.946,4.693762e-06,1
50.29297,4.041821e-04,97.947,4.126537e-06,1
50.32349,4.939078e-04,97.948,5.042558e-06,1
50.35400,5.271534e-04,97.949,5.381935e-06,1
50.38452,4.823368e-04,97.949,4.924343e-06,1
50.41504,4.920705e-04,97.950,5.023676e-06,1
50.44556,4.188073e-04,97.951,4.275678e-06,1
50.47607,4.740052e-04,97.952,4.839163e-06,1
50.50659,5.370895e-04,97.953,5.483152e-06,0
50.53711,5.297536e-04,97.954,5.408215e-06,0
50.56763,4.548217e-04,97.954,4.643203e-06,0
50.59814,4.887729e-04,97.955,4.989765e-06,0
50.62866,5.408001e-04,97.956,5.520852e-06,0
50.65918,5.148332e-04,97.957,5.255722e-06,0
50.68970,4.414676e-04,97.958,4.506726e-06,0
50.72021,4.921348e-04,97.958,5.023921e-06,0
50.75073,5.309441e-04,97.959,5.420059e-06,0
50.78125,5.174679e-04,97.960,5.282446e-06,0
50.81177,5.569847e-04,97.961,5.685798e-06,0
50.84229,5.168655e-04,97.962,5.276211e-06,0
50.87280,4.712786e-04,97.962,4.810816e-06,0
50.90332,4.800227e-04,97.963,4.900036e-06,0
50.93384,6.620314e-04,97.964,6.757912e-06,0
50.96436,6.785395e-04,97.965,6.926368e-06,0
50.99487,5.318621e-04,97.965,5.429077e-06,0
51.02539,4.513632e-04,97.966,4.607332e-06,0
51.05591,4.940428e-04,97.967,5.042947e-06,0
51.08643,4.273108e-04,97.968,4.361745e-06,0
51.11694,4.171702e-04,97.969,4.258201e-06,0
51.14746,5.789354e-04,97.969,5.909346e-06,0
51.17798,6.146987e-04,97.970,6.274341e-06,0
51.20850,6.087940e-04,97.971,6.214020e-06,0
51.23901,5.819815e-04,97.972,5.940295e-06,0
51.26953,5.127440e-04,97.973,5.233543e-06,0
51.30005,5.605293e-04,97.973,5.721238e-06,0
51.33057,4.492394e-04,97.974,4.585283e-06,0
51.36108,3.776107e-04,97.975,3.854154e-06,0
51.39160,5.866181e-04,97.976,5.987378e-06,0
51.42212,4.910470e-04,97.977,5.011882e-06,0
51.45264,3.704852e-04,97.977,3.781334e-06,0
51.48315,4.853489e-04,97.978,4.953644e-06,0
51.51367,5.110473e-04,97.979,5.215889e-06,0
51.54419,5.141312e-04,97.980,5.247322e-06,0
51.57471,5.857214e-04,97.981,5.977938e-06,0
51.60522,5.639839e-04,97.981,5.756036e-06,0
51.63574,6.083907e-04,97.982,6.209204e-06,0
51.66626,8.284707e-04,97.983,8.455260e-06,0
51.69678,6.165411e-04,97.984,6.292285e-06,0
51.72729,4.457405e-04,97.984,4.549094e-06,0
51.75781,3.917736e-04,97.985,3.998293e-06,0
51.78833,3.510637e-04,97.986,3.582794e-06,0
51.81885,4.742718e-04,97.987,4.840161e-06,0
51.84937,6.262430e-04,97.988,6.391045e-06,0
51.87988,5.814529e-04,97.988,5.933898e-06,0
51.91040,5.303837e-04,97.989,5.412678e-06,0
51.94092,4.575104e-04,97.990,4.668954e-06,0
51.97144,5.229164e-04,97.991,5.336388e-06,0
52.00195,5.711003e-04,97.991,5.828061e-06,0
52.03247,4.540055e-04,97.992,4.633075e-06,0
52.06299,5.501909e-04,97.993,5.614592e-06,0
52.09351,5.971330e-04,97.994,6.093578e-06,0
52.12402,4.684806e-04,97.995,4.780678e-06,0
52.15454,5.742441e-04,97.995,5.859910e-06,0
52.18506,6.395197e-04,97.996,6.525968e-06,0
52.21558,4.669101e-04,97.997,4.764538e-06,0
52.24609,4.728129e-04,97.998,4.824734e-06,0
52.27661,4.660847e-04,97.998,4.756039e-06,0
52.30713,3.999464e-04,97.999,4.081116e-06,0
52.33765,5.198983e-04,98.000,5.305083e-06,0
52.36816,4.818248e-04,98.001,4.916539e-06,0
52.39868,4.322364e-04,98.002,4.410504e-06,0
52.42920,4.357475e-04,98.002,4.446296e-06,0
52.45972,3.081040e-04,98.003,3.143818e-06,0
52.49023,4.460379e-04,98.004,4.551226e-06,0
52.52075,5.965105e-04,98.005,6.086551e-06,0
52.55127,6.412407e-04,98.005,6.542908e-06,0
52.58179,5.005460e-04,98.006,5.107288e-06,0
52.61230,3.649244e-04,98.007,3.723452e-06,0
52.64282,4.602314e-04,98.008,4.695867e-06,0
52.67334,6.296342e-04,98.009,6.424279e-06,0
52.70386,5.930317e-04,98.009,6.050769e-06,0
52.73438,5.777457e-04,98.010,5.894758e-06,0
52.76489,5.230148e-04,98.011,5.336295e-06,0
52.79541,4.471565e-04,98.012,4.562280e-06,0
52.82593,4.866515e-04,98.012,4.965204e-06,0
52.85645,5.999312e-04,98.013,6.120925e-06,0
52.88696,4.959492e-04,98.014,5.059988e-06,0
52.91748,5.803136e-04,98.015,5.920680e-06,0
52.94800,5.375216e-04,98.015,5.484050e-06,0
52.97852,6.104459e-04,98.016,6.228009e-06,0
53.00903,6.353673e-04,98.017,6.482216e-06,0
53.03955,6.067969e-04,98.018,6.190683e-06,0
53.07007,4.899597e-04,98.019,4.998644e-06,0
53.10059,4.170968e-04,98.019,4.255252e-06,0
53.13110,7.329974e-04,98.020,7.478036e-06,0
53.16162,9.566072e-04,98.021,9.759226e-06,0
53.19214,7.157511e-04,98.022,7.301976e-06,0
53.22266,7.165096e-04,98.022,7.309656e-06,0
53.25317,5.483895e-04,98.023,5.594493e-06,0
53.28369,4.251074e-04,98.024,4.336775e-06,0
53.31421,4.211877e-04,98.025,4.296754e-06,0
53.34473,5.271291e-04,98.025,5.377476e-06,0
53.37524,4.710871e-04,98.026,4.805729e-06,0
53.40576,4.520462e-04,98.027,4.611451e-06,0
53.43628,5.350418e-04,98.028,5.458070e-06,0
53.46680,5.752543e-04,98.028,5.868240e-06,0
53.49731,5.695538e-04,98.029,5.810044e-06,0
53.52783,6.068567e-04,98.030,6.190524e-06,0
53.55835,5.003201e-04,98.031,5.103709e-06,0
53.58887,5.768234e-04,98.031,5.884064e-06,0
53.61938,5.243840e-04,98.032,5.349099e-06,0
53.64990,6.771596e-04,98.033,6.907468e-06,0
53.68042,5.969634e-04,98.034,6.089367e-06,0
53.71094,5.089909e-04,98.034,5.191958e-06,0
53.74146,5.294957e-04,98.035,5.401076e-06,0
53.77197,4.857484e-04,98.036,4.954797e-06,0
53.80249,4.919718e-04,98.037,5.018239e-06,0
53.83301,4.939814e-04,98.038,5.038698e-06,0
53.86353,5.268294e-04,98.038,5.373713e-06,0
53.89404,5.817319e-04,98.039,5.933678e-06,0
53.92456,6.432024e-04,98.040,6.560628e-06,0
53.95508,5.870394e-04,98.041,5.987723e-06,0
53.98560,6.460340e-04,98.041,6.589409e-06,0
54.01611,5.177620e-04,98.042,5.281022e-06,0
54.04663,5.387715e-04,98.043,5.495270e-06,0
54.07715,4.880840e-04,98.044,4.978238e-06,0
54.10767,4.048856e-04,98.044,4.129620e-06,0
54.13818,4.271531e-04,98.045,4.356703e-06,0
54.16870,3.840077e-04,98.046,3.916617e-06,0
54.19922,5.246825e-04,98.047,5.351363e-06,0
54.22974,4.899118e-04,98.047,4.996690e-06,0
54.26025,3.675471e-04,98.048,3.748644e-06,0
54.29077,5.098826e-04,98.049,5.200296e-06,0
54.32129,5.029244e-04,98.050,5.129290e-06,0
54.35181,5.083006e-04,98.050,5.184082e-06,0
54.38232,5.725331e-04,98.051,5.839135e-06,0
54.41284,6.672956e-04,98.052,6.805545e-06,0
54.44336,6.410700e-04,98.052,6.538028e-06,0
54.47388,5.795451e-04,98.053,5.910515e-06,0
54.50439,5.739397e-04,98.054,5.853303e-06,0
54.53491,6.939050e-04,98.055,7.076711e-06,0
54.56543,8.661577e-04,98.055,8.833344e-06,0
54.59595,6.853829e-04,98.056,6.989694e-06,0
54.62646,6.442889e-04,98.057,6.570557e-06,0
54.65698,7.104239e-04,98.058,7.244957e-06,0
54.68750,6.270343e-04,98.058,6.394495e-06,0
54.71802,5.146964e-04,98.059,5.248833e-06,0
54.74854,6.047283e-04,98.060,6.166925e-06,0
54.77905,5.591131e-04,98.061,5.701705e-06,0
54.80957,4.754876e-04,98.061,4.848875e-06,0
54.84009,5.032991e-04,98.062,5.132449e-06,0
54.87061,5.410505e-04,98.063,5.517382e-06,0
54.90112,5.807774e-04,98.064,5.922454e-06,0
54.93164,5.240736e-04,98.064,5.344179e-06,0
54.96216,4.949925e-04,98.065,5.047590e-06,0
54.99268,6.117691e-04,98.066,6.238349e-06,0
55.02319,7.415084e-04,98.067,7.561275e-06,0
55.05371,8.512946e-04,98.067,8.680715e-06,0
55.08423,6.907995e-04,98.068,7.044082e-06,0
55.11475,4.474537e-04,98.069,4.562650e-06,0
55.14526,6.193815e-04,98.070,6.315738e-06,0
55.17578,4.724203e-04,98.070,4.817161e-06,0
55.20630,5.156562e-04,98.071,5.257988e-06,0
55.23682,6.023447e-04,98.072,6.141878e-06,0
55.26733,5.437818e-04,98.072,5.544693e-06,0
55.29785,5.012926e-04,98.073,5.111412e-06,0
55.32837,4.900991e-04,98.074,4.997240e-06,0
55.35889,4.393335e-04,98.075,4.479581e-06,0
55.38940,4.686941e-04,98.075,4.778915e-06,0
55.41992,3.809206e-04,98.076,3.883927e-06,0
55.45044,2.969850e-04,98.077,3.028084e-06,0
55.48096,4.982026e-04,98.078,5.079676e-06,0
55.51147,6.010947e-04,98.078,6.128720e-06,0
55.54199,6.965226e-04,98.079,7.101643e-06,0
55.57251,5.559458e-04,98.080,5.668300e-06,0
55.60303,3.322527e-04,98.081,3.387550e-06,0
55.63354,4.179608e-04,98.081,4.261373e-06,0
55.66406,6.236537e-04,98.082,6.358492e-06,0
55.69458,7.295591e-04,98.083,7.438202e-06,0
55.72510,6.728608e-04,98.083,6.860084e-06,0
55.75562,5.855110e-04,98.084,5.969474e-06,0
55.78613,6.625942e-04,98.085,6.755312e-06,0
55.81665,5.673350e-04,98.086,5.784078e-06,0
55.84717,5.506916e-04,98.086,5.614354e-06,0
55.87769,5.700015e-04,98.087,5.811177e-06,0
55.90820,4.406011e-04,98.088,4.491904e-06,0
55.93872,5.873060e-04,98.089,5.987508e-06,0
55.96924,6.399622e-04,98.089,6.524283e-06,0
55.99976,3.535564e-04,98.090,3.604408e-06,0
56.03027,5.376370e-04,98.091,5.481018e-06,0
56.06079,7.389321e-04,98.091,7.533094e-06,0
56.09131,6.010117e-04,98.092,6.127010e-06,0
56.12183,5.228633e-04,98.093,5.330287e-06,0
56.15234,5.912981e-04,98.094,6.027896e-06,0
56.18286,6.754175e-04,98.094,6.885387e-06,0
56.21338,6.854650e-04,98.095,6.987762e-06,0
56.24390,7.431026e-04,98.096,7.575275e-06,0
56.27441,5.865277e-04,98.097,5.979088e-06,0
56.30493,4.502002e-04,98.097,4.589326e-06,0
56.33545,4.897832e-04,98.098,4.992797e-06,0
56.36597,5.344084e-04,98.099,5.447661e-06,0
56.39648,5.107657e-04,98.099,5.206614e-06,0
56.42700,4.974100e-04,98.100,5.070432e-06,0
56.45752,5.097526e-04,98.101,5.196210e-06,0
56.48804,5.124059e-04,98.102,5.223219e-06,0
56.51855,7.469278e-04,98.102,7.613766e-06,0
56.54907,8.401141e-04,98.103,8.563593e-06,0
56.57959,5.870440e-04,98.104,5.983912e-06,0
56.61011,5.831734e-04,98.104,5.944414e-06,0
56.64062,6.938659e-04,98.105,7.072676e-06,0
56.67114,5.833907e-04,98.106,5.946543e-06,0
56.70166,5.500211e-04,98.107,5.606362e-06,0
56.73218,5.250998e-04,98.107,5.352302e-06,0
56.76270,4.559617e-04,98.108,4.647548e-06,0
56.79321,3.818109e-04,98.109,3.891712e-06,0
56.82373,5.630350e-04,98.109,5.738846e-06,0
56.85425,4.989031e-04,98.110,5.085132e-06,0
56.88477,4.158373e-04,98.111,4.238443e-06,0
56.91528,5.221580e-04,98.112,5.322083e-06,0
56.94580,4.496513e-04,98.112,4.583027e-06,0
56.97632,4.118377e-04,98.113,4.197585e-06,0
57.00684,4.565752e-04,98.114,4.653530e-06,0
57.03735,5.303710e-04,98.114,5.405637e-06,0
57.06787,5.631969e-04,98.115,5.740162e-06,0
57.09839,5.329168e-04,98.116,5.431505e-06,0
57.12891,7.004618e-04,98.117,7.139077e-06,0
57.15942,6.291768e-04,98.117,6.412498e-06,0
57.18994,5.788542e-04,98.118,5.899572e-06,0
57.22046,4.726006e-04,98.119,4.816621e-06,0
57.25098,4.196531e-04,98.119,4.276963e-06,0
57.28149,5.313356e-04,98.120,5.415154e-06,0
57.31201,4.692486e-04,98.121,4.782355e-06,0
57.34253,4.533580e-04,98.122,4.620372e-06,0
57.37305,5.116825e-04,98.122,5.214745e-06,0
57.40356,6.580765e-04,98.123,6.706651e-06,0
57.43408,7.169164e-04,98.124,7.306254e-06,0
57.46460,6.501027e-04,98.124,6.625293e-06,0
57.49512,5.945585e-04,98.125,6.059190e-06,0
57.52563,4.993504e-04,98.126,5.088881e-06,0
57.55615,4.740742e-04,98.126,4.831256e-06,0
57.58667,5.856773e-04,98.127,5.968552e-06,0
57.61719,4.418863e-04,98.128,4.503167e-06,0
57.64771,4.031384e-04,98.129,4.108266e-06,0
57.67822,4.923854e-04,98.129,5.017720e-06,0
57.70874,5.845232e-04,98.130,5.956620e-06,0
57.73926,4.310118e-04,98.131,4.392220e-06,0
57.76978,5.712906e-04,98.131,5.821688e-06,0
57.80029,5.615581e-04,98.132,5.722469e-06,0
57.83081,6.085775e-04,98.133,6.201569e-06,0
57.86133,6.214873e-04,98.134,6.333077e-06,0
57.89185,6.010889e-04,98.134,6.125170e-06,0
57.92236,5.458390e-04,98.135,5.562128e-06,0
57.95288,7.054355e-04,98.136,7.188373e-06,0
57.98340,6.372872e-04,98.136,6.493897e-06,0
58.01392,5.960808e-04,98.137,6.073963e-06,0
58.04443,6.340439e-04,98.138,6.460755e-06,0
58.07495,5.733712e-04,98.138,5.842473e-06,0
58.10547,6.095968e-04,98.139,6.211556e-06,0
58.13599,6.568502e-04,98.140,6.693002e-06,0
58.16650,6.775571e-04,98.141,6.903947e-06,0
58.19702,5.183629e-04,98.141,5.281805e-06,0
58.22754,4.910152e-04,98.142,5.003113e-06,0
58.25806,6.976521e-04,98.143,7.108553e-06,0
58.28857,7.159844e-04,98.143,7.295293e-06,0
58.31909,6.569191e-04,98.144,6.693419e-06,0
58.34961,4.885811e-04,98.145,4.978170e-06,0
58.38013,6.165079e-04,98.145,6.281576e-06,0
58.41064,6.929631e-04,98.146,7.060525e-06,0
58.44116,6.123443e-04,98.147,6.239065e-06,0
58.47168,8.245509e-04,98.148,8.401139e-06,0
58.50220,8.960160e-04,98.148,9.129214e-06,0
58.53271,7.159980e-04,98.149,7.295018e-06,0
58.56323,5.675358e-04,98.150,5.782356e-06,0
58.59375,4.279184e-04,98.150,4.359829e-06,0
58.62427,5.770960e-04,98.151,5.879676e-06,0
58.65479,5.985050e-04,98.152,6.097757e-06,0
58.68530,5.284822e-04,98.152,5.384304e-06,0
58.71582,8.225971e-04,98.153,8.380759e-06,0
58.74634,8.306270e-04,98.154,8.462509e-06,0
58.77686,7.133661e-04,98.154,7.267793e-06,0
58.80737,5.946199e-04,98.155,6.057961e-06,0
58.83789,4.611455e-04,98.156,4.698097e-06,0
58.86841,5.313411e-04,98.157,5.413203e-06,0
58.89893,5.652128e-04,98.157,5.758241e-06,0
58.92944,6.569264e-04,98.158,6.692549e-06,0
58.95996,6.769912e-04,98.159,6.896913e-06,0
58.99048,7.014501e-04,98.159,7.146040e-06,0
59.02100,6.784968e-04,98.160,6.912155e-06,0
59.05151,5.957760e-04,98.161,6.069397e-06,0
59.08203,5.831418e-04,98.161,5.940647e-06,0
59.11255,7.581086e-04,98.162,7.723033e-06,0
59.14307,8.903179e-04,98.163,9.069818e-06,0
59.17358,6.911516e-04,98.163,7.040828e-06,0
59.20410,6.107103e-04,98.164,6.221322e-06,0
59.23462,5.166822e-04,98.165,5.263418e-06,0
59.26514,6.571591e-04,98.165,6.694403e-06,0
59.29565,6.444982e-04,98.166,6.565381e-06,0
59.32617,7.878363e-04,98.167,8.025484e-06,0
59.35669,8.243184e-04,98.168,8.397059e-06,0
59.38721,5.702381e-04,98.168,5.808787e-06,0
59.41772,6.605458e-04,98.169,6.728668e-06,0
59.44824,7.198924e-04,98.170,7.333153e-06,0
59.47876,8.225861e-04,98.170,8.379179e-06,0
59.50928,8.248749e-04,98.171,8.402435e-06,1
59.53979,5.621390e-04,98.172,5.726085e-06,1
59.57031,5.732439e-04,98.172,5.839162e-06,1
59.60083,6.862749e-04,98.173,6.990467e-06,1
59.63135,4.335481e-04,98.174,4.416134e-06,1
59.66187,5.617118e-04,98.174,5.721575e-06,1
59.69238,7.845209e-04,98.175,7.991044e-06,1
59.72290,7.380216e-04,98.176,7.517355e-06,1
59.75342,1.067979e-03,98.176,1.087817e-05,1
59.78394,1.217154e-03,98.177,1.239753e-05,1
59.81445,9.965953e-04,98.178,1.015093e-05,1
59.84497,9.269187e-04,98.178,9.441165e-06,1
59.87549,1.312049e-03,98.179,1.336383e-05,1
59.90601,1.536759e-03,98.180,1.565250e-05,1
59.93652,2.380195e-03,98.180,2.424306e-05,1
59.96704,8.111711e-03,98.181,8.261985e-05,1
59.99756,1.770743e-02,98.182,1.803534e-04,1
60.02808,1.031145e-02,98.182,1.050233e-04,1
60.05859,2.142421e-03,98.183,2.182065e-05,1
60.08911,2.113449e-03,98.184,2.152542e-05,1
60.11963,1.831186e-03,98.185,1.865046e-05,1
60.15015,1.269337e-03,98.185,1.292799e-05,1
60.18066,1.184946e-03,98.186,1.206839e-05,1
60.21118,1.152483e-03,98.187,1.173769e-05,1
60.24170,8.433735e-04,98.187,8.589443e-06,1
60.27222,7.393472e-04,98.188,7.529922e-06,1
60.30273,8.637111e-04,98.189,8.796452e-06,1
60.33325,8.965179e-04,98.189,9.130509e-06,1
60.36377,8.474994e-04,98.190,8.631226e-06,1
60.39429,6.555160e-04,98.191,6.675955e-06,1
60.42480,7.143185e-04,98.191,7.274766e-06,1
60.45532,7.137069e-04,98.192,7.268487e-06,1
60.48584,7.290610e-04,98.193,7.424805e-06,1
60.51636,4.884257e-04,98.193,4.974126e-06,0
60.54688,3.611905e-04,98.194,3.678337e-06,0
60.57739,4.746666e-04,98.195,4.833937e-06,0
60.60791,6.398220e-04,98.195,6.515811e-06,0
60.63843,8.095258e-04,98.196,8.243982e-06,0
60.66895,7.376197e-04,98.197,7.511659e-06,0
60.69946,6.131468e-04,98.197,6.244029e-06,0
60.72998,5.437037e-04,98.198,5.536812e-06,0
60.76050,6.701333e-04,98.199,6.824208e-06,0
60.79102,7.111794e-04,98.201,7.242088e-06,0
60.82153,5.698491e-04,98.202,5.802805e-06,0
60.85205,7.029778e-04,98.204,7.158356e-06,0
60.88257,6.893145e-04,98.205,7.019118e-06,0
60.91309,6.486273e-04,98.207,6.604712e-06,0
60.94360,7.866480e-04,98.208,8.010004e-06,0
60.97412,8.202399e-04,98.210,8.351927e-06,0
61.00464,7.098567e-04,98.211,7.227864e-06,0
61.03516,6.706400e-04,98.213,6.828454e-06,0
61.06567,6.130373e-04,98.214,6.241850e-06,0
61.09619,6.148268e-04,98.215,6.259978e-06,0
61.12671,6.050446e-04,98.217,6.160287e-06,0
61.15723,7.134218e-04,98.218,7.263626e-06,0
61.18774,8.104195e-04,98.220,8.251075e-06,0
61.21826,7.620308e-04,98.221,7.758303e-06,0
61.24878,7.253754e-04,98.223,7.385003e-06,0
61.27930,6.312086e-04,98.224,6.426201e-06,0
61.30981,6.085992e-04,98.226,6.195927e-06,0
61.34033,6.453056e-04,98.227,6.569525e-06,0
61.37085,6.199458e-04,98.229,6.311257e-06,0
61.40137,5.885814e-04,98.230,5.991868e-06,0
61.43188,6.220292e-04,98.231,6.332280e-06,0
61.46240,6.760110e-04,98.233,6.881715e-06,0
61.49292,7.235479e-04,98.234,7.365526e-06,0
61.52344,7.488700e-04,98.236,7.623186e-06,0
61.55396,6.633132e-04,98.237,6.752153e-06,0
61.58447,4.942012e-04,98.239,5.030615e-06,0
61.61499,4.916768e-04,98.240,5.004844e-06,0
61.64551,5.958323e-04,98.242,6.064969e-06,0
61.67603,5.611586e-04,98.243,5.711941e-06,0
61.70654,8.222960e-04,98.245,8.369893e-06,0
61.73706,8.877314e-04,98.246,9.035806e-06,0
61.76758,5.644152e-04,98.247,5.744836e-06,0
61.79810,5.144153e-04,98.249,5.235841e-06,0
61.82861,6.474129e-04,98.250,6.589426e-06,0
61.85913,6.168694e-04,98.252,6.278459e-06,0
61.88965,8.266820e-04,98.253,8.413796e-06,0
61.92017,8.213395e-04,98.255,8.359299e-06,0
61.95068,5.066247e-04,98.256,5.156169e-06,0
61.98120,4.775740e-04,98.257,4.860435e-06,0
62.01172,5.963237e-04,98.259,6.068902e-06,0
62.04224,6.327837e-04,98.260,6.439869e-06,0
62.07275,5.331719e-04,98.262,5.426036e-06,0
62.10327,5.040144e-04,98.263,5.129228e-06,0
62.13379,4.518863e-04,98.265,4.598667e-06,0
62.16431,4.398656e-04,98.266,4.476271e-06,0
62.19482,4.061730e-04,98.268,4.133339e-06,0
62.22534,4.491250e-04,98.269,4.570365e-06,0
62.25586,5.889316e-04,98.270,5.992972e-06,0
62.28638,5.024298e-04,98.272,5.112655e-06,0
62.31689,6.332986e-04,98.273,6.444264e-06,0
62.34741,6.870054e-04,98.275,6.990667e-06,0
62.37793,6.141474e-04,98.276,6.249204e-06,0
62.40845,5.561753e-04,98.278,5.659232e-06,0
62.43896,6.461649e-04,98.279,6.574805e-06,0
62.46948,7.924323e-04,98.280,8.062976e-06,0
62.50000,7.725247e-04,98.282,7.860303e-06,0
62.53052,8.411243e-04,98.283,8.558167e-06,0
62.56104,7.222722e-04,98.285,7.348779e-06,0
62.59155,7.132021e-04,98.286,7.256390e-06,0
62.62207,6.611935e-04,98.287,6.727137e-06,0
62.65259,4.995726e-04,98.289,5.082695e-06,0
62.68311,4.779552e-04,98.290,4.862687e-06,0
62.71362,6.266096e-04,98.292,6.374996e-06,0
62.74414,6.278145e-04,98.293,6.387162e-06,0
62.77466,6.014341e-04,98.295,6.118688e-06,0
62.80518,5.387815e-04,98.296,5.481214e-06,0
62.83569,5.271297e-04,98.297,5.362599e-06,0
62.86621,4.945375e-04,98.299,5.030958e-06,0
62.89673,4.460822e-04,98.300,4.537955e-06,0
62.92725,4.897038e-04,98.302,4.981641e-06,0
62.95776,5.909151e-04,98.303,6.011154e-06,0
62.98828,5.845063e-04,98.305,5.945873e-06,0
63.01880,5.818865e-04,98.306,5.919139e-06,0
63.04932,6.081144e-04,98.307,6.185848e-06,0
63.07983,6.547211e-04,98.309,6.659845e-06,0
63.11035,5.735544e-04,98.310,5.834130e-06,0
63.14087,4.386400e-04,98.312,4.461732e-06,0
63.17139,5.512518e-04,98.313,5.607110e-06,0
63.20190,5.470886e-04,98.314,5.564683e-06,0
63.23242,5.485385e-04,98.316,5.579351e-06,0
63.26294,4.507240e-04,98.317,4.584384e-06,0
63.29346,4.980561e-04,98.319,5.065734e-06,0
63.32397,5.332396e-04,98.320,5.423508e-06,0
63.35449,4.476710e-04,98.321,4.553136e-06,0
63.38501,5.693414e-04,98.323,5.790529e-06,0
63.41553,5.709241e-04,98.324,5.806543e-06,0
63.44604,5.930654e-04,98.326,6.031643e-06,0
63.47656,5.902231e-04,98.327,6.002650e-06,0
63.50708,6.085746e-04,98.328,6.189199e-06,0
63.53760,6.616988e-04,98.330,6.729376e-06,0
63.56812,6.633239e-04,98.331,6.745807e-06,0
63.59863,6.336875e-04,98.333,6.444322e-06,0
63.62915,7.737841e-04,98.334,7.868930e-06,0
63.65967,6.473547e-04,98.335,6.583123e-06,0
63.69019,5.416957e-04,98.337,5.508570e-06,0
63.72070,5.508574e-04,98.338,5.601657e-06,0
63.75122,6.549288e-04,98.340,6.659862e-06,0
63.78174,6.043063e-04,98.341,6.145003e-06,0
63.81226,6.260230e-04,98.342,6.365743e-06,0
63.84277,6.466645e-04,98.344,6.575543e-06,0
63.87329,4.946347e-04,98.345,5.029572e-06,0
63.90381,4.520206e-04,98.347,4.596196e-06,0
63.93433,4.509335e-04,98.348,4.585077e-06,0
63.96484,5.820261e-04,98.349,5.917938e-06,0
63.99536,5.319468e-04,98.351,5.408664e-06,0
64.02588,5.330940e-04,98.352,5.420252e-06,0
64.05640,6.711121e-04,98.354,6.823459e-06,0
64.08691,5.030982e-04,98.355,5.115124e-06,0
64.11743,5.445429e-04,98.356,5.536424e-06,0
64.14795,5.588342e-04,98.358,5.681644e-06,0
64.17847,5.692071e-04,98.359,5.787024e-06,0
64.20898,6.456522e-04,98.361,6.564134e-06,0
64.23950,5.977188e-04,98.362,6.076725e-06,0
64.27002,5.027892e-04,98.363,5.111549e-06,0
64.30054,5.504538e-04,98.365,5.596047e-06,0
64.33105,7.036770e-04,98.366,7.153650e-06,0
64.36157,8.282549e-04,98.368,8.420003e-06,0
64.39209,6.072196e-04,98.369,6.172880e-06,0
64.42261,4.970665e-04,98.370,5.053014e-06,0
64.45312,6.381656e-04,98.372,6.487290e-06,0
64.48364,5.742550e-04,98.373,5.837523e-06,0
64.51416,4.451142e-04,98.374,4.524693e-06,0
64.54468,4.591444e-04,98.376,4.667248e-06,0
64.57520,4.624829e-04,98.377,4.701118e-06,0
64.60571,5.313353e-04,98.379,5.400923e-06,0
64.63623,5.594534e-04,98.380,5.686659e-06,0
64.66675,5.938017e-04,98.381,6.035713e-06,0
64.69727,7.299260e-04,98.383,7.419248e-06,0
64.72778,6.478436e-04,98.384,6.584840e-06,0
64.75830,5.697268e-04,98.385,5.790760e-06,0
64.78882,5.604801e-04,98.387,5.696696e-06,0
64.81934,5.094484e-04,98.388,5.177939e-06,0
64.84985,4.345265e-04,98.390,4.416386e-06,0
64.88037,4.797923e-04,98.391,4.876384e-06,0
64.91089,6.512637e-04,98.392,6.619046e-06,0
64.94141,5.417116e-04,98.394,5.505549e-06,0
64.97192,5.245849e-04,98.395,5.331411e-06,0
65.00244,6.409228e-04,98.396,6.513675e-06,0
65.03296,5.207532e-04,98.398,5.292322e-06,0
65.06348,5.735905e-04,98.399,5.829217e-06,0
65.09399,7.631126e-04,98.401,7.755162e-06,0
65.12451,7.261226e-04,98.402,7.379147e-06,0
65.15503,7.186302e-04,98.403,7.302904e-06,0
65.18555,5.771547e-04,98.405,5.865112e-06,0
65.21606,5.663008e-04,98.406,5.754734e-06,0
65.24658,6.226042e-04,98.407,6.326799e-06,0
65.27710,5.150590e-04,98.409,5.233870e-06,0
65.30762,5.242411e-04,98.410,5.327102e-06,0
65.33813,5.971339e-04,98.412,6.067722e-06,0
65.36865,4.813943e-04,98.413,4.891576e-06,0
65.39917,6.004698e-04,98.414,6.101450e-06,0
65.42969,5.932125e-04,98.416,6.027624e-06,0
65.46021,5.703638e-04,98.417,5.795378e-06,0
65.49072,5.196207e-04,98.418,5.279712e-06,0
65.52124,5.770685e-04,98.420,5.863342e-06,0
65.55176,5.934564e-04,98.421,6.029768e-06,0
65.58228,5.433968e-04,98.422,5.521065e-06,0
65.61279,5.708946e-04,98.424,5.800370e-06,0
65.64331,4.659289e-04,98.425,4.733839e-06,0
65.67383,5.459324e-04,98.427,5.546598e-06,0
65.70435,6.956509e-04,98.428,7.067619e-06,0
65.73486,5.024617e-04,98.429,5.104801e-06,0
65.76538,5.744331e-04,98.431,5.835919e-06,0
65.79590,6.521366e-04,98.432,6.625252e-06,0
65.82642,5.720626e-04,98.433,5.811676e-06,0
65.85693,4.754743e-04,98.435,4.830354e-06,0
65.88745,4.980914e-04,98.436,5.060051e-06,0
65.91797,5.615640e-04,98.437,5.704784e-06,0
65.94849,5.860355e-04,98.439,5.953302e-06,0
65.97900,6.600347e-04,98.440,6.704937e-06,0
66.00952,6.889089e-04,98.441,6.998159e-06,0
66.04004,6.191838e-04,98.443,6.289782e-06,0
66.07056,4.820890e-04,98.444,4.897082e-06,0
66.10107,5.488812e-04,98.445,5.575483e-06,0
66.13159,4.495891e-04,98.447,4.566821e-06,0
66.16211,4.181876e-04,98.448,4.247793e-06,0
66.19263,5.401010e-04,98.450,5.486069e-06,0
66.22314,5.153063e-04,98.451,5.234145e-06,0
66.25366,4.220092e-04,98.452,4.286435e-06,0
66.28418,6.563975e-04,98.454,6.667075e-06,0
66.31470,6.130215e-04,98.455,6.226418e-06,0
66.34521,5.663609e-04,98.456,5.752411e-06,0
66.37573,6.260631e-04,98.458,6.358706e-06,0
66.40625,5.550843e-04,98.459,5.637722e-06,0
66.43677,5.335910e-04,98.460,5.419351e-06,0
66.46729,5.086630e-04,98.462,5.166102e-06,0
66.49780,5.864021e-04,98.463,5.955558e-06,0
66.52832,4.532602e-04,98.464,4.603293e-06,0
66.55884,5.517564e-04,98.466,5.603540e-06,0
66.58936,6.353048e-04,98.467,6.451955e-06,0
66.61987,5.913868e-04,98.468,6.005856e-06,0
66.65039,6.430991e-04,98.470,6.530934e-06,0
66.68091,6.208557e-04,98.471,6.304957e-06,0
66.71143,5.807136e-04,98.472,5.897223e-06,0
66.74194,7.134779e-04,98.474,7.245364e-06,0
66.77246,5.844589e-04,98.475,5.935096e-06,0
66.80298,5.329376e-04,98.476,5.411831e-06,0
66.83350,7.191576e-04,98.478,7.302744e-06,0
66.86401,7.827770e-04,98.479,7.948664e-06,0
66.89453,5.303545e-04,98.480,5.385381e-06,0
66.92505,3.550291e-04,98.482,3.605025e-06,0
66.95557,4.537894e-04,98.483,4.607791e-06,0
66.98608,4.482285e-04,98.484,4.551264e-06,0
67.01660,5.440647e-04,98.486,5.524300e-06,0
67.04712,4.185218e-04,98.487,4.249510e-06,0
67.07764,5.282042e-04,98.488,5.363111e-06,0
67.10815,5.548966e-04,98.490,5.634056e-06,0
67.13867,4.739873e-04,98.491,4.812491e-06,0
67.16919,4.279075e-04,98.492,4.344574e-06,0
67.19971,5.755163e-04,98.494,5.843178e-06,0
67.23022,7.194636e-04,98.495,7.304566e-06,0
67.26074,6.071479e-04,98.496,6.164165e-06,0
67.29126,5.522648e-04,98.498,5.606880e-06,0
67.32178,5.517554e-04,98.499,5.601633e-06,0
67.35229,5.576379e-04,98.500,5.661278e-06,0
67.38281,5.814314e-04,98.502,5.902756e-06,0
67.41333,4.911647e-04,98.503,4.986291e-06,0
67.44385,5.308875e-04,98.504,5.389483e-06,0
67.47437,5.453348e-04,98.506,5.536076e-06,0
67.50488,6.217356e-04,98.507,6.311590e-06,0
67.53540,4.794199e-04,98.508,4.866797e-06,0
67.56592,4.938786e-04,98.510,5.013506e-06,0
67.59644,4.595115e-04,98.511,4.664573e-06,0
67.62695,5.576732e-04,98.512,5.660952e-06,0
67.65747,5.602489e-04,98.514,5.687022e-06,0
67.68799,4.938248e-04,98.515,5.012691e-06,0
67.71851,5.279000e-04,98.516,5.358508e-06,0
67.74902,5.483109e-04,98.518,5.565617e-06,0
67.77954,4.073975e-04,98.519,4.135224e-06,0
67.81006,5.095791e-04,98.520,5.172332e-06,0
67.84058,6.054458e-04,98.521,6.145316e-06,0
67.87109,1.001902e-03,98.523,1.016924e-05,0
67.90161,9.564792e-04,98.524,9.708071e-06,0
67.93213,8.957942e-04,98.525,9.092009e-06,0
67.96265,1.020596e-03,98.527,1.035857e-05,0
67.99316,7.743579e-04,98.528,7.859262e-06,0
68.02368,5.621820e-04,98.529,5.705729e-06,0
68.05420,3.928964e-04,98.531,3.987553e-06,0
68.08472,4.869179e-04,98.532,4.941723e-06,0
68.11523,5.451727e-04,98.533,5.532876e-06,0
68.14575,7.041541e-04,98.535,7.146260e-06,0
68.17627,8.674852e-04,98.536,8.803744e-06,0
68.20679,6.164977e-04,98.537,6.256493e-06,0
68.23730,4.955477e-04,98.539,5.028972e-06,0
68.26782,5.875020e-04,98.540,5.962074e-06,0
68.29834,6.833645e-04,98.541,6.934811e-06,0
68.32886,5.604641e-04,98.542,5.687537e-06,0
68.35938,4.151231e-04,98.544,4.212574e-06,0
68.38989,4.623991e-04,98.545,4.692258e-06,0
68.42041,6.415011e-04,98.546,6.509634e-06,0
68.45093,8.145008e-04,98.548,8.265040e-06,0
68.48145,7.613955e-04,98.549,7.726058e-06,0
68.51196,6.006153e-04,98.550,6.094504e-06,0
68.54248,5.451688e-04,98.552,5.531809e-06,0
68.57300,6.026380e-04,98.553,6.114866e-06,0
68.60352,6.374156e-04,98.554,6.467663e-06,0
68.63403,5.984118e-04,98.556,6.071824e-06,0
68.66455,5.211855e-04,98.557,5.288172e-06,0
68.69507,5.626103e-04,98.558,5.708411e-06,0
68.72559,5.497214e-04,98.559,5.577562e-06,0
68.75610,7.274690e-04,98.561,7.380921e-06,0
68.78662,6.545009e-04,98.562,6.640497e-06,0
68.81714,5.189850e-04,98.563,5.265497e-06,0
68.84766,5.208034e-04,98.565,5.283877e-06,0
68.87817,6.267404e-04,98.566,6.358591e-06,0
68.90869,4.847154e-04,98.567,4.917612e-06,0
68.93921,2.541130e-04,98.569,2.578034e-06,0
68.96973,4.135786e-04,98.570,4.195793e-06,0
69.00024,5.043508e-04,98.571,5.116619e-06,0
69.03076,5.787156e-04,98.572,5.870969e-06,0
69.06128,4.682829e-04,98.574,4.750586e-06,0
69.09180,5.434612e-04,98.575,5.513174e-06,0
69.12231,5.037659e-04,98.576,5.110416e-06,0
69.15283,5.797445e-04,98.578,5.881098e-06,0
69.18335,5.879980e-04,98.579,5.964747e-06,0
69.21387,5.599388e-04,98.580,5.680035e-06,0
69.24438,5.033700e-04,98.581,5.106132e-06,0
69.27490,5.016393e-04,98.583,5.088509e-06,0
69.30542,5.329414e-04,98.584,5.405960e-06,0
69.33594,5.390215e-04,98.585,5.467563e-06,0
69.36646,4.885087e-04,98.587,4.955122e-06,0
69.39697,5.098579e-04,98.588,5.171607e-06,0
69.42749,6.109660e-04,98.589,6.197089e-06,0
69.45801,6.264128e-04,98.590,6.353684e-06,0
69.48853,5.453742e-04,98.592,5.531641e-06,0
69.51904,5.200293e-04,98.593,5.274502e-06,0
69.54956,4.510634e-04,98.594,4.574942e-06,0
69.58008,3.971971e-04,98.596,4.028547e-06,0
69.61060,4.653932e-04,98.597,4.720160e-06,0
69.64111,5.611090e-04,98.598,5.690865e-06,0
69.67163,5.513943e-04,98.599,5.592264e-06,0
69.70215,5.313037e-04,98.601,5.388434e-06,0
69.73267,6.117184e-04,98.602,6.203912e-06,0
69.76318,6.098759e-04,98.603,6.185145e-06,0
69.79370,5.750356e-04,98.605,5.831732e-06,0
69.82422,5.022624e-04,98.606,5.093635e-06,0
69.85474,6.490894e-04,98.607,6.582579e-06,0
69.88525,5.684798e-04,98.608,5.765022e-06,0
69.91577,4.144915e-04,98.610,4.203353e-06,0
69.94629,7.008223e-04,98.611,7.106938e-06,0
69.97681,7.962042e-04,98.612,8.074088e-06,0
70.00732,6.461042e-04,98.614,6.551880e-06,0
70.03784,4.632421e-04,98.615,4.697489e-06,0
70.06836,4.750298e-04,98.616,4.816960e-06,0
70.09888,6.991749e-04,98.617,7.089773e-06,0
70.12939,6.531885e-04,98.619,6.623376e-06,0
70.15991,5.096941e-04,98.620,5.168267e-06,0
70.19043,6.496307e-04,98.621,6.587130e-06,0
70.22095,6.783315e-04,98.622,6.878061e-06,0
70.25146,4.273024e-04,98.624,4.332652e-06,0
70.28198,3.900007e-04,98.625,3.954379e-06,0
70.31250,3.888246e-04,98.626,3.942403e-06,0
70.34302,3.907887e-04,98.628,3.962267e-06,0
70.37354,5.148374e-04,98.629,5.219948e-06,0
70.40405,4.863893e-04,98.630,4.931448e-06,0
70.43457,4.903680e-04,98.631,4.971724e-06,0
70.46509,5.734214e-04,98.633,5.813707e-06,0
70.49561,3.903478e-04,98.634,3.957541e-06,0
70.52612,5.225495e-04,98.635,5.297800e-06,0
70.55664,3.203901e-04,98.636,3.248192e-06,0
70.58716,4.084406e-04,98.638,4.140816e-06,0
70.61768,4.564607e-04,98.639,4.627588e-06,0
70.64819,4.076630e-04,98.640,4.132826e-06,0
70.67871,5.006539e-04,98.642,5.075488e-06,0
70.70923,5.630176e-04,98.643,5.707641e-06,0
70.73975,7.198650e-04,98.644,7.297602e-06,0
70.77026,6.279460e-04,98.645,6.365695e-06,0
70.80078,5.298478e-04,98.647,5.371173e-06,0
70.83130,4.936986e-04,98.648,5.004657e-06,0
70.86182,4.350217e-04,98.649,4.409789e-06,0
70.89233,3.962590e-04,98.650,4.016802e-06,0
70.92285,6.680255e-04,98.652,6.771561e-06,0
70.95337,6.527476e-04,98.653,6.616609e-06,0
70.98389,5.334107e-04,98.654,5.406875e-06,0
71.01440,4.994835e-04,98.655,5.062910e-06,0
71.04492,4.240289e-04,98.657,4.298026e-06,0
71.07544,4.792937e-04,98.658,4.858137e-06,0
71.10596,6.090378e-04,98.659,6.173148e-06,0
71.13647,6.809544e-04,98.660,6.902000e-06,0
71.16699,5.235092e-04,98.662,5.306104e-06,0
71.19751,3.452228e-04,98.663,3.499011e-06,0
71.22803,5.240877e-04,98.664,5.311832e-06,0
71.25854,6.592438e-04,98.665,6.681606e-06,0
71.28906,5.241523e-04,98.667,5.312351e-06,0
71.31958,5.561664e-04,98.668,5.636746e-06,0
71.35010,4.762823e-04,98.669,4.827060e-06,0
71.38062,4.603358e-04,98.670,4.665385e-06,0
71.41113,4.315694e-04,98.672,4.373789e-06,0
71.44165,3.675706e-04,98.673,3.725139e-06,0
71.47217,5.090058e-04,98.674,5.158446e-06,0
71.50269,4.976932e-04,98.675,5.043736e-06,0
71.53320,4.854063e-04,98.677,4.919155e-06,0
71.56372,3.894445e-04,98.678,3.946619e-06,0
71.59424,3.917690e-04,98.679,3.970125e-06,0
71.62476,4.384565e-04,98.680,4.443193e-06,0
71.65527,3.953980e-04,98.682,4.006800e-06,0
71.68579,4.550463e-04,98.683,4.611192e-06,0
71.71631,5.052364e-04,98.684,5.119727e-06,0
71.74683,4.259218e-04,98.685,4.315952e-06,0
71.77734,4.170115e-04,98.687,4.225608e-06,0
71.80786,6.449943e-04,98.688,6.535693e-06,0
71.83838,5.486133e-04,98.689,5.558999e-06,0
71.86890,5.317089e-04,98.690,5.387641e-06,0
71.89941,4.472871e-04,98.692,4.532165e-06,0
71.92993,4.563770e-04,98.693,4.624211e-06,0
71.96045,5.467901e-04,98.694,5.540245e-06,0
71.99097,6.018900e-04,98.695,6.098458e-06,0
72.02148,6.399505e-04,98.697,6.484012e-06,0
72.05200,5.250285e-04,98.698,5.319549e-06,0
72.08252,4.900867e-04,98.699,4.965459e-06,0
72.11304,4.333114e-04,98.700,4.390168e-06,0
72.14355,5.764769e-04,98.702,5.840601e-06,0
72.17407,6.195876e-04,98.703,6.277299e-06,0
72.20459,4.206353e-04,98.704,4.261578e-06,0
72.23511,4.109308e-04,98.705,4.163206e-06,0
72.26562,4.039468e-04,98.707,4.092398e-06,0
72.29614,4.695646e-04,98.708,4.757115e-06,0
72.32666,3.831800e-04,98.709,3.881912e-06,0
72.35718,4.187139e-04,98.710,4.241845e-06,0
72.38770,5.363594e-04,98.712,5.433603e-06,0
72.41821,4.982087e-04,98.713,5.047053e-06,0
72.44873,4.429114e-04,98.714,4.486813e-06,0
72.47925,4.910752e-04,98.715,4.974663e-06,0
72.50977,5.701927e-04,98.717,5.776062e-06,0
72.54028,5.856862e-04,98.718,5.932938e-06,0
72.57080,5.769415e-04,98.719,5.844282e-06,0
72.60132,4.846460e-04,98.720,4.909289e-06,0
72.63184,4.699901e-04,98.721,4.760771e-06,0
72.66235,4.275219e-04,98.723,4.330534e-06,0
72.69287,5.352706e-04,98.724,5.421895e-06,0
72.72339,5.042164e-04,98.725,5.107275e-06,0
72.75391,4.929706e-04,98.726,4.993303e-06,0
72.78442,5.002050e-04,98.728,5.066516e-06,0
72.81494,6.421243e-04,98.729,6.503919e-06,0
72.84546,5.034127e-04,98.730,5.098880e-06,0
72.87598,4.948740e-04,98.731,5.012332e-06,0
72.90649,5.561132e-04,98.733,5.632524e-06,0
72.93701,4.722752e-04,98.734,4.783322e-06,0
72.96753,5.048604e-04,98.735,5.113289e-06,0
72.99805,5.329881e-04,98.736,5.398103e-06,0
73.02856,5.183925e-04,98.737,5.250214e-06,0
73.05908,5.617202e-04,98.739,5.688960e-06,0
73.08960,4.809471e-04,98.740,4.870850e-06,0
73.12012,4.518555e-04,98.741,4.576164e-06,0
73.15063,3.603992e-04,98.742,3.649896e-06,0
73.18115,5.037052e-04,98.744,5.101146e-06,0
73.21167,5.461157e-04,98.745,5.530580e-06,0
73.24219,4.908716e-04,98.746,4.971054e-06,0
73.27271,5.540549e-04,98.747,5.610842e-06,0
73.30322,5.019399e-04,98.748,5.083017e-06,0
73.33374,4.452149e-04,98.750,4.508522e-06,0
73.36426,5.224376e-04,98.751,5.290461e-06,0
73.39478,5.860557e-04,98.752,5.934615e-06,0
73.42529,6.672321e-04,98.753,6.756554e-06,0
73.45581,6.450230e-04,98.755,6.531579e-06,0
73.48633,4.523965e-04,98.756,4.580964e-06,0
73.51685,4.423298e-04,98.757,4.478973e-06,0
73.54736,4.318518e-04,98.758,4.372820e-06,0
73.57788,5.512756e-04,98.759,5.582007e-06,0
73.60840,6.316410e-04,98.761,6.395677e-06,0
73.63892,5.406050e-04,98.762,5.473825e-06,0
73.66943,6.343548e-04,98.763,6.422997e-06,0
73.69995,6.948775e-04,98.764,7.035718e-06,0
73.73047,6.436513e-04,98.765,6.516967e-06,0
73.76099,5.167584e-04,98.767,5.232112e-06,0
73.79150,3.889411e-04,98.768,3.937930e-06,0
73.82202,5.685198e-04,98.769,5.756049e-06,0
73.85254,6.429785e-04,98.770,6.509834e-06,0
73.88306,5.555231e-04,98.772,5.624323e-06,0
73.91357,4.693749e-04,98.773,4.752069e-06,0
73.94409,4.941096e-04,98.774,5.002427e-06,0
73.97461,3.922448e-04,98.775,3.971087e-06,0
74.00513,3.654461e-04,98.776,3.699731e-06,0
74.03564,6.333343e-04,98.778,6.411720e-06,0
74.06616,8.578335e-04,98.779,8.684388e-06,0
74.09668,8.490561e-04,98.780,8.595424e-06,0
74.12720,6.913841e-04,98.781,6.999145e-06,0
74.15771,5.012168e-04,98.782,5.073947e-06,0
74.18823,4.299797e-04,98.784,4.352742e-06,0
74.21875,5.006103e-04,98.785,5.067684e-06,0
74.24927,5.364587e-04,98.786,5.430510e-06,0
74.27979,5.817465e-04,98.787,5.888882e-06,0
74.31030,5.344647e-04,98.788,5.410194e-06,0
74.34082,3.826292e-04,98.790,3.873170e-06,0
74.37134,4.263444e-04,98.791,4.315626e-06,0
74.40186,5.615439e-04,98.792,5.684099e-06,0
74.43237,5.839045e-04,98.793,5.910367e-06,0
74.46289,5.007355e-04,98.794,5.068456e-06,0
74.49341,3.286975e-04,98.796,3.327044e-06,0
74.52393,4.015644e-04,98.797,4.064545e-06,0
74.55444,4.690506e-04,98.798,4.747567e-06,0
74.58496,4.760788e-04,98.799,4.818646e-06,0
74.61548,6.030002e-04,98.800,6.103210e-06,0
74.64600,7.217811e-04,98.802,7.305352e-06,0
74.67651,7.558087e-04,98.803,7.649662e-06,0
74.70703,7.000266e-04,98.804,7.084996e-06,0
74.73755,6.183144e-04,98.805,6.257908e-06,0
74.76807,5.219406e-04,98.806,5.282453e-06,0
74.79858,4.482275e-04,98.808,4.536363e-06,0
74.82910,3.913656e-04,98.809,3.960834e-06,0
74.85962,4.928621e-04,98.810,4.987974e-06,0
74.89014,7.139113e-04,98.811,7.224998e-06,0
74.92065,5.941488e-04,98.812,6.012893e-06,0
74.95117,5.227950e-04,98.814,5.290715e-06,0
74.98169,9.699250e-04,98.815,9.815578e-06,0
75.01221,9.151028e-04,98.816,9.260669e-06,0
75.04272,4.519438e-04,98.817,4.573531e-06,0
75.07324,5.173666e-04,98.818,5.235527e-06,0
75.10376,5.455300e-04,98.820,5.520462e-06,0
75.13428,6.028471e-04,98.821,6.100405e-06,0
75.16479,6.657734e-04,98.822,6.737095e-06,0
75.19531,5.377470e-04,98.823,5.441504e-06,0
75.22583,5.449499e-04,98.824,5.514325e-06,0
75.25635,5.153961e-04,98.826,5.215209e-06,0
75.28687,6.099936e-04,98.827,6.172351e-06,0
75.31738,6.752288e-04,98.828,6.832365e-06,0
75.34790,7.478705e-04,98.829,7.567306e-06,0
75.37842,5.857108e-04,98.830,5.926426e-06,0
75.40894,5.080883e-04,98.832,5.140952e-06,0
75.43945,4.458626e-04,98.833,4.511285e-06,0
75.46997,5.624320e-04,98.834,5.690678e-06,0
75.50049,6.876021e-04,98.835,6.957063e-06,0
75.53101,7.028245e-04,98.836,7.110997e-06,0
75.56152,4.719240e-04,98.837,4.774748e-06,0
75.59204,3.942709e-04,98.839,3.989035e-06,0
75.62256,4.260850e-04,98.840,4.310863e-06,0
75.65308,4.683613e-04,98.841,4.738531e-06,0
75.68359,4.637968e-04,98.842,4.692294e-06,0
75.71411,4.593301e-04,98.843,4.647049e-06,0
75.74463,6.576267e-04,98.845,6.653138e-06,0
75.77515,5.433610e-04,98.846,5.497058e-06,0
75.80566,4.816867e-04,98.847,4.873056e-06,0
75.83618,4.898653e-04,98.848,4.955737e-06,0
75.86670,5.197190e-04,98.849,5.257689e-06,0
75.89722,5.227784e-04,98.850,5.288577e-06,0
75.92773,5.899499e-04,98.852,5.968031e-06,0
75.95825,6.233641e-04,98.853,6.305979e-06,0
75.98877,4.717209e-04,98.854,4.771893e-06,0
76.01929,4.030772e-04,98.855,4.077450e-06,0
76.04980,5.123136e-04,98.856,5.182402e-06,0
76.08032,5.820981e-04,98.858,5.888250e-06,0
76.11084,4.359384e-04,98.859,4.409710e-06,0
76.14136,5.857562e-04,98.860,5.925112e-06,0
76.17188,6.163089e-04,98.861,6.234089e-06,0
76.20239,6.838139e-04,98.862,6.916834e-06,0
76.23291,6.575060e-04,98.863,6.650647e-06,0
76.26343,4.591295e-04,98.865,4.644021e-06,0
76.29395,3.493293e-04,98.866,3.533369e-06,0
76.32446,5.574442e-04,98.867,5.638325e-06,0
76.35498,4.545337e-04,98.868,4.597372e-06,0
76.38550,4.702809e-04,98.869,4.756590e-06,0
76.41602,4.575233e-04,98.871,4.627500e-06,0
76.44653,4.260975e-04,98.872,4.309602e-06,0
76.47705,4.853219e-04,98.873,4.908545e-06,0
76.50757,5.553500e-04,98.874,5.616743e-06,0
76.53809,5.135693e-04,98.875,5.194117e-06,0
76.56860,4.773501e-04,98.876,4.827748e-06,0
76.59912,3.966728e-04,98.878,4.011759e-06,0
76.62964,4.400475e-04,98.879,4.450377e-06,0
76.66016,4.860103e-04,98.880,4.915159e-06,0
76.69067,5.746289e-04,98.881,5.811315e-06,0
76.72119,6.861524e-04,98.882,6.939089e-06,0
76.75171,6.669405e-04,98.883,6.744718e-06,0
76.78223,5.181719e-04,98.885,5.240170e-06,0
76.81274,5.750234e-04,98.886,5.815030e-06,0
76.84326,5.675014e-04,98.887,5.738894e-06,0
76.87378,5.079340e-04,98.888,5.136455e-06,0
76.90430,5.948269e-04,98.889,6.015083e-06,0
76.93481,6.656808e-04,98.890,6.731502e-06,0
76.96533,6.380527e-04,98.892,6.452045e-06,0
76.99585,7.060657e-04,98.893,7.139714e-06,0
77.02637,5.611943e-04,98.894,5.674712e-06,0
77.05688,4.568968e-04,98.895,4.620017e-06,0
77.08740,4.449940e-04,98.896,4.499607e-06,0
77.11792,6.158943e-04,98.897,6.227611e-06,0
77.14844,6.822016e-04,98.899,6.897995e-06,0
77.17896,4.951350e-04,98.900,5.006436e-06,0
77.20947,5.641681e-04,98.901,5.704381e-06,0
77.23999,4.894809e-04,98.902,4.949151e-06,0
77.27051,4.597049e-04,98.903,4.648030e-06,0
77.30103,3.783890e-04,98.904,3.825808e-06,0
77.33154,3.502968e-04,98.905,3.541733e-06,0
77.36206,5.155495e-04,98.907,5.212486e-06,0
77.39258,5.865584e-04,98.908,5.930354e-06,0
77.42310,5.791065e-04,98.909,5.854944e-06,0
77.45361,4.759899e-04,98.910,4.812348e-06,0
77.48413,4.816862e-04,98.911,4.869881e-06,0
77.51465,5.326479e-04,98.912,5.385044e-06,0
77.54517,6.107640e-04,98.914,6.174722e-06,0
77.57568,6.571994e-04,98.915,6.644099e-06,0
77.60620,1.194824e-03,98.916,1.207919e-05,0
77.63672,1.957785e-03,98.917,1.979219e-05,0
77.66724,1.936887e-03,98.918,1.958069e-05,0
77.69775,1.337302e-03,98.919,1.351911e-05,0
77.72827,5.067123e-04,98.921,5.122418e-06,0
77.75879,4.910378e-04,98.922,4.963905e-06,0
77.78931,6.252228e-04,98.923,6.320308e-06,0
77.81982,5.526280e-04,98.924,5.586391e-06,0
77.85034,4.865999e-04,98.925,4.918870e-06,0
77.88086,5.445356e-04,98.926,5.504458e-06,0
77.91138,4.966201e-04,98.927,5.020044e-06,0
77.94189,5.287688e-04,98.929,5.344954e-06,0
77.97241,5.914833e-04,98.930,5.978822e-06,0
78.00293,6.495062e-04,98.931,6.565252e-06,0
78.03345,5.393320e-04,98.932,5.451540e-06,0
78.06396,6.204808e-04,98.933,6.271715e-06,0
78.09448,6.902721e-04,98.934,6.977073e-06,0
78.12500,5.783624e-04,98.935,5.845854e-06,0
78.15552,6.036457e-04,98.937,6.101336e-06,0
78.18604,5.808654e-04,98.938,5.871017e-06,0
78.21655,4.614782e-04,98.939,4.664273e-06,0
78.24707,5.924584e-04,98.940,5.988053e-06,0
78.27759,6.418490e-04,98.941,6.487174e-06,0
78.30811,5.802653e-04,98.942,5.864679e-06,0
78.33862,5.297712e-04,98.944,5.354279e-06,0
78.36914,4.800969e-04,98.945,4.852176e-06,0
78.39966,4.532668e-04,98.946,4.580960e-06,0
78.43018,5.964146e-04,98.947,6.027620e-06,0
78.46069,4.966218e-04,98.948,5.019014e-06,0
78.49121,4.515291e-04,98.949,4.563240e-06,0
78.52173,5.169286e-04,98.950,5.224119e-06,0
78.55225,4.709250e-04,98.952,4.759149e-06,0
78.58276,6.059705e-04,98.953,6.123843e-06,0
78.61328,6.338300e-04,98.954,6.405312e-06,0
78.64380,8.109041e-04,98.955,8.194679e-06,0
78.67432,7.215655e-04,98.956,7.291774e-06,0
78.70483,5.069332e-04,98.957,5.122751e-06,0
78.73535,4.304923e-04,98.958,4.350236e-06,0
78.76587,5.376183e-04,98.960,5.432710e-06,0
78.79639,4.879074e-04,98.961,4.930317e-06,0
78.82690,4.743146e-04,98.962,4.792907e-06,0
78.85742,5.408160e-04,98.963,5.464835e-06,0
78.88794,4.526637e-04,98.964,4.574021e-06,0
78.91846,3.982276e-04,98.965,4.023916e-06,0
78.94897,5.599257e-04,98.966,5.657740e-06,0
78.97949,7.008169e-04,98.967,7.081286e-06,0
79.01001,6.490840e-04,98.969,6.558483e-06,0
79.04053,7.071562e-04,98.970,7.145176e-06,0
79.07104,6.328204e-04,98.971,6.394006e-06,0
79.10156,6.056033e-04,98.972,6.118935e-06,0
79.13208,7.802947e-04,98.973,7.883903e-06,0
79.16260,7.130797e-04,98.974,7.204698e-06,0
79.19312,5.961845e-04,98.975,6.023562e-06,0
79.22363,5.054461e-04,98.977,5.106726e-06,0
79.25415,5.275831e-04,98.978,5.330324e-06,0
79.28467,5.475985e-04,98.979,5.532482e-06,0
79.31519,6.324354e-04,98.980,6.389531e-06,0
79.34570,5.624859e-04,98.981,5.682762e-06,0
79.37622,5.230180e-04,98.982,5.283960e-06,0
79.40674,5.489143e-04,98.983,5.545522e-06,0
79.43726,4.626428e-04,98.984,4.673894e-06,0
79.46777,5.791552e-04,98.986,5.850904e-06,0
79.49829,6.545770e-04,98.987,6.612776e-06,0
79.52881,5.778399e-04,98.988,5.837483e-06,0
79.55933,3.902824e-04,98.989,3.942685e-06,0
79.58984,4.805475e-04,98.990,4.854501e-06,0
79.62036,6.530824e-04,98.991,6.597376e-06,0
79.65088,5.550421e-04,98.992,5.606918e-06,0
79.68140,5.818515e-04,98.993,5.877675e-06,0
79.71191,5.680513e-04,98.995,5.738204e-06,0
79.74243,5.387328e-04,98.996,5.441980e-06,0
79.77295,4.122404e-04,98.997,4.164177e-06,0
79.80347,5.447308e-04,98.998,5.502444e-06,0
79.83398,6.740032e-04,98.999,6.808174e-06,0
79.86450,5.822550e-04,99.000,5.881350e-06,0
79.89502,5.858583e-04,99.001,5.917679e-06,0
79.92554,9.127755e-04,99.002,9.219724e-06,0
79.95605,8.228397e-04,99.004,8.311209e-06,0
79.98657,6.021655e-04,99.005,6.082189e-06,0
80.01709,6.120864e-04,99.006,6.182326e-06,0
80.04761,5.321214e-04,99.007,5.374585e-06,0
80.07812,5.474250e-04,99.008,5.529094e-06,0
80.10864,9.155785e-04,99.009,9.247407e-06,0
80.13916,8.529214e-04,99.010,8.614469e-06,0
80.16968,6.100026e-04,99.011,6.160930e-06,0
80.20020,6.918897e-04,99.013,6.987897e-06,0
80.23071,7.539791e-04,99.014,7.614897e-06,0
80.26123,5.359285e-04,99.015,5.412609e-06,0
80.29175,4.952334e-04,99.016,5.001552e-06,0
80.32227,4.288076e-04,99.017,4.330644e-06,0
80.35278,4.222424e-04,99.018,4.264292e-06,0
80.38330,5.796724e-04,99.019,5.854137e-06,0
80.41382,6.159108e-04,99.020,6.220039e-06,0
80.44434,7.032931e-04,99.022,7.102427e-06,0
80.47485,5.366309e-04,99.023,5.419276e-06,0
80.50537,5.201707e-04,99.024,5.252989e-06,0
80.53589,6.711244e-04,99.025,6.777332e-06,0
80.56641,5.341936e-04,99.026,5.394479e-06,0
80.59692,5.604845e-04,99.027,5.659911e-06,0
80.62744,4.985775e-04,99.028,5.034702e-06,0
80.65796,5.056259e-04,99.029,5.105821e-06,0
80.68848,6.214678e-04,99.030,6.275524e-06,0
80.71899,4.974441e-04,99.032,5.023087e-06,0
80.74951,4.054030e-04,99.033,4.093630e-06,0
80.78003,4.931969e-04,99.034,4.980088e-06,0
80.81055,5.085862e-04,99.035,5.135425e-06,0
80.84106,5.170327e-04,99.036,5.220655e-06,0
80.87158,5.885615e-04,99.037,5.942839e-06,0
80.90210,4.372647e-04,99.038,4.415111e-06,0
80.93262,5.483795e-04,99.039,5.536987e-06,0
80.96313,7.017884e-04,99.040,7.085879e-06,0
80.99365,6.123368e-04,99.042,6.182626e-06,0
81.02417,6.540982e-04,99.043,6.604207e-06,0
81.05469,5.169382e-04,99.044,5.219291e-06,0
81.08521,3.622781e-04,99.045,3.657718e-06,0
81.11572,4.370485e-04,99.046,4.412582e-06,0
81.14624,5.402767e-04,99.047,5.454746e-06,0
81.17676,4.949154e-04,99.048,4.996713e-06,0
81.20728,5.057392e-04,99.049,5.105934e-06,0
81.23779,5.321903e-04,99.050,5.372924e-06,0
81.26831,7.235259e-04,99.051,7.304542e-06,0
81.29883,8.041108e-04,99.053,8.118018e-06,0
81.32935,7.209370e-04,99.054,7.278244e-06,0
81.35986,6.215727e-04,99.055,6.275038e-06,0
81.39038,6.066125e-04,99.056,6.123940e-06,0
81.42090,7.084985e-04,99.057,7.152432e-06,0
81.45142,4.900165e-04,99.058,4.946757e-06,0
81.48193,4.971179e-04,99.059,5.018391e-06,0
81.51245,5.419335e-04,99.060,5.470742e-06,0
81.54297,4.923715e-04,99.061,4.970366e-06,0
81.57349,4.931053e-04,99.063,4.977717e-06,0
81.60400,4.082506e-04,99.064,4.121095e-06,0
81.63452,5.686062e-04,99.065,5.739745e-06,0
81.66504,5.540655e-04,99.066,5.592902e-06,0
81.69556,6.356560e-04,99.067,6.416430e-06,0
81.72607,6.530645e-04,99.068,6.592082e-06,0
81.75659,5.503796e-04,99.069,5.555510e-06,0
81.78711,4.509796e-04,99.070,4.552120e-06,0
81.81763,5.894104e-04,99.071,5.949354e-06,0
81.84814,7.367575e-04,99.072,7.436555e-06,0
81.87866,6.506919e-04,99.074,6.567768e-06,0
81.90918,7.306662e-04,99.075,7.374908e-06,0
81.93970,7.101302e-04,99.076,7.167551e-06,0
81.97021,5.413508e-04,99.077,5.463951e-06,0
82.00073,4.922260e-04,99.078,4.968071e-06,0
82.03125,5.877577e-04,99.079,5.932213e-06,0
82.06177,6.398532e-04,99.080,6.457939e-06,0
82.09229,5.679935e-04,99.081,5.732607e-06,0
82.12280,7.867467e-04,99.082,7.940337e-06,0
82.15332,8.154957e-04,99.083,8.230399e-06,0
82.18384,7.218070e-04,99.084,7.284765e-06,0
82.21436,6.420114e-04,99.086,6.479363e-06,0
82.24487,4.666250e-04,99.087,4.709262e-06,0
82.27539,5.652232e-04,99.088,5.704269e-06,0
82.30591,6.745246e-04,99.089,6.807272e-06,0
82.33643,7.622524e-04,99.090,7.692532e-06,0
82.36694,6.044960e-04,99.091,6.100412e-06,0
82.39746,5.107824e-04,99.092,5.154622e-06,0
82.42798,4.797805e-04,99.093,4.841710e-06,0
82.45850,6.254712e-04,99.094,6.311880e-06,0
82.48901,6.371031e-04,99.095,6.429191e-06,0
82.51953,5.537178e-04,99.096,5.587664e-06,0
82.55005,5.627712e-04,99.098,5.678961e-06,0
82.58057,5.058798e-04,99.099,5.104810e-06,0
82.61108,4.775919e-04,99.100,4.819306e-06,0
82.64160,5.532303e-04,99.101,5.582500e-06,0
82.67212,5.809949e-04,99.102,5.862601e-06,0
82.70264,5.100013e-04,99.103,5.146174e-06,0
82.73315,5.159650e-04,99.104,5.206294e-06,0
82.76367,5.878935e-04,99.105,5.932017e-06,0
82.79419,5.925628e-04,99.106,5.979066e-06,0
82.82471,5.775660e-04,99.107,5.827682e-06,0
82.85522,5.993354e-04,99.108,6.047270e-06,0
82.88574,6.075748e-04,99.110,6.130339e-06,0
82.91626,4.858337e-04,99.111,4.901935e-06,0
82.94678,3.828657e-04,99.112,3.862973e-06,0
82.97729,4.026803e-04,99.113,4.062851e-06,0
83.00781,5.547334e-04,99.114,5.596931e-06,0
83.03833,5.214408e-04,99.115,5.260971e-06,0
83.06885,7.226377e-04,99.116,7.290828e-06,0
83.09937,5.922959e-04,99.117,5.975720e-06,0
83.12988,4.798690e-04,99.118,4.841383e-06,0
83.16040,5.209790e-04,99.119,5.256084e-06,0
83.19092,4.567389e-04,99.120,4.607923e-06,0
83.22144,2.789117e-04,99.121,2.813839e-06,0
83.25195,4.694943e-04,99.122,4.736507e-06,0
83.28247,5.495669e-04,99.124,5.544261e-06,0
83.31299,4.963541e-04,99.125,5.007374e-06,0
83.34351,4.844567e-04,99.126,4.887296e-06,0
83.37402,5.385072e-04,99.127,5.432509e-06,0
83.40454,4.808544e-04,99.128,4.850849e-06,0
83.43506,5.078622e-04,99.129,5.123247e-06,0
83.46558,5.852830e-04,99.130,5.904195e-06,0
83.49609,5.673460e-04,99.131,5.723188e-06,0
83.52661,6.155153e-04,99.132,6.209036e-06,0
83.55713,5.938541e-04,99.133,5.990463e-06,0
83.58765,6.230784e-04,99.134,6.285193e-06,0
83.61816,6.681025e-04,99.135,6.739292e-06,0
83.64868,5.973527e-04,99.136,6.025559e-06,0
83.67920,4.345016e-04,99.138,4.382815e-06,0
83.70972,4.957429e-04,99.139,5.000502e-06,0
83.74023,4.897310e-04,99.140,4.939807e-06,0
83.77075,4.781186e-04,99.141,4.822623e-06,0
83.80127,3.864466e-04,99.142,3.897916e-06,0
83.83179,3.554646e-04,99.143,3.585375e-06,0
83.86230,4.063991e-04,99.144,4.099080e-06,0
83.89282,4.792525e-04,99.145,4.833851e-06,0
83.92334,7.128664e-04,99.146,7.190056e-06,0
83.95386,7.071991e-04,99.147,7.132818e-06,0
83.98438,6.477814e-04,99.148,6.533460e-06,0
84.01489,6.247942e-04,99.149,6.301546e-06,0
84.04541,6.433906e-04,99.150,6.489035e-06,0
84.07593,6.236518e-04,99.151,6.289888e-06,0
84.10645,5.541582e-04,99.153,5.588945e-06,0
84.13696,5.799959e-04,99.154,5.849468e-06,0
84.16748,5.087204e-04,99.155,5.130573e-06,0
84.19800,4.769453e-04,99.156,4.810062e-06,0
84.22852,6.037972e-04,99.157,6.089315e-06,0
84.25903,6.233023e-04,99.158,6.285957e-06,0
84.28955,5.924866e-04,99.159,5.975119e-06,0
84.32007,4.222993e-04,99.160,4.258765e-06,0
84.35059,4.392525e-04,99.161,4.429686e-06,0
84.38110,7.015657e-04,99.162,7.074933e-06,0
84.41162,6.744405e-04,99.163,6.801316e-06,0
84.44214,5.415609e-04,99.164,5.461249e-06,0
84.47266,5.119203e-04,99.165,5.162290e-06,0
84.50317,5.962320e-04,99.166,6.012439e-06,0
84.53369,6.880765e-04,99.167,6.938530e-06,0
84.56421,6.428074e-04,99.169,6.481969e-06,0
84.59473,6.165748e-04,99.170,6.217376e-06,0
84.62524,5.586728e-04,99.171,5.633447e-06,0
84.65576,6.157323e-04,99.172,6.208748e-06,0
84.68628,5.669397e-04,99.173,5.716686e-06,0
84.71680,6.076888e-04,99.174,6.127510e-06,0
84.74731,5.444538e-04,99.175,5.489833e-06,0
84.77783,4.265633e-04,99.176,4.301075e-06,0
84.80835,3.997352e-04,99.177,4.030521e-06,0
84.83887,5.673404e-04,99.178,5.720420e-06,0
84.86938,6.481083e-04,99.179,6.534722e-06,0
84.89990,6.387479e-04,99.180,6.440275e-06,0
84.93042,5.279042e-04,99.181,5.322619e-06,0
84.96094,4.044454e-04,99.182,4.077796e-06,0
84.99146,4.918367e-04,99.183,4.958862e-06,0
85.02197,4.477600e-04,99.184,4.514417e-06,0
85.05249,3.706117e-04,99.186,3.736550e-06,0
85.08301,4.873951e-04,99.187,4.913922e-06,0
85.11353,5.985775e-04,99.188,6.034800e-06,0
85.14404,5.584323e-04,99.189,5.630000e-06,0
85.17456,5.383025e-04,99.190,5.426998e-06,0
85.20508,6.741029e-04,99.191,6.796023e-06,0
85.23560,5.004425e-04,99.192,5.045198e-06,0
85.26611,3.946531e-04,99.193,3.978642e-06,0
85.29663,4.410248e-04,99.194,4.446085e-06,0
85.32715,5.845090e-04,99.195,5.892524e-06,0
85.35767,6.723457e-04,99.196,6.777947e-06,0
85.38818,4.619285e-04,99.197,4.656672e-06,0
85.41870,5.349400e-04,99.198,5.392639e-06,0
85.44922,4.301017e-04,99.199,4.335736e-06,0
85.47974,3.555595e-04,99.200,3.584259e-06,0
85.51025,3.146069e-04,99.201,3.171398e-06,0
85.54077,4.218571e-04,99.202,4.252489e-06,0
85.57129,4.540555e-04,99.203,4.577014e-06,0
85.60181,4.069279e-04,99.204,4.101910e-06,0
85.63232,5.110006e-04,99.206,5.150928e-06,0
85.66284,5.753134e-04,99.207,5.799145e-06,0
85.69336,5.452018e-04,99.208,5.495563e-06,0
85.72388,5.139430e-04,99.209,5.180424e-06,0
85.75439,4.850764e-04,99.210,4.889403e-06,0
85.78491,4.702905e-04,99.211,4.740317e-06,0
85.81543,5.175322e-04,99.212,5.216436e-06,0
85.84595,4.023652e-04,99.213,4.055574e-06,0
85.87646,5.477234e-04,99.214,5.520630e-06,0
85.90698,5.767090e-04,99.215,5.812721e-06,0
85.93750,5.553659e-04,99.216,5.597543e-06,0
85.96802,5.063841e-04,99.217,5.103800e-06,0
85.99854,5.439422e-04,99.218,5.482287e-06,0
86.02905,5.318053e-04,99.219,5.359905e-06,0
86.05957,5.507269e-04,99.220,5.550552e-06,0
86.09009,4.785582e-04,99.221,4.823142e-06,0
86.12061,5.478825e-04,99.222,5.521768e-06,0
86.15112,6.621654e-04,99.223,6.673484e-06,0
86.18164,5.096940e-04,99.224,5.136782e-06,0
86.21216,5.024783e-04,99.225,5.064007e-06,0
86.24268,3.618446e-04,99.226,3.646654e-06,0
86.27319,5.529369e-04,99.228,5.572415e-06,0
86.30371,6.143596e-04,99.229,6.191359e-06,0
86.33423,5.594448e-04,99.230,5.637883e-06,0
86.36475,5.557953e-04,99.231,5.601045e-06,0
86.39526,6.272238e-04,99.232,6.320801e-06,0
86.42578,6.399249e-04,99.233,6.448728e-06,0
86.45630,5.713285e-04,99.234,5.757401e-06,0
86.48682,5.071594e-04,99.235,5.110701e-06,0
86.51733,3.578025e-04,99.236,3.605578e-06,0
86.54785,4.221446e-04,99.237,4.253908e-06,0
86.57837,5.141105e-04,99.238,5.180585e-06,0
86.60889,5.230799e-04,99.239,5.270913e-06,0
86.63940,4.771351e-04,99.240,4.807891e-06,0
86.66992,4.315845e-04,99.241,4.348851e-06,0
86.70044,5.670447e-04,99.242,5.713753e-06,0
86.73096,7.028361e-04,99.243,7.081964e-06,0
86.76147,6.532552e-04,99.244,6.582304e-06,0
86.79199,5.524456e-04,99.245,5.566473e-06,0
86.82251,4.992925e-04,99.246,5.030846e-06,0
86.85303,4.292135e-04,99.247,4.324689e-06,0
86.88354,6.876796e-04,99.248,6.928880e-06,0
86.91406,8.035557e-04,99.249,8.096334e-06,0
86.94458,7.296014e-04,99.250,7.351121e-06,0
86.97510,6.583748e-04,99.251,6.633406e-06,0
87.00562,5.443220e-04,99.252,5.484218e-06,0
87.03613,4.544641e-04,99.253,4.578824e-06,0
87.06665,5.210130e-04,99.255,5.249263e-06,0
87.09717,5.395861e-04,99.256,5.436333e-06,0
87.12769,4.981587e-04,99.257,5.018899e-06,0
87.15820,7.021791e-04,99.258,7.074311e-06,0
87.18872,6.790385e-04,99.259,6.841102e-06,0
87.21924,6.073049e-04,99.260,6.118345e-06,0
87.24976,7.855865e-04,99.261,7.914376e-06,0
87.28027,9.569175e-04,99.262,9.640346e-06,0
87.31079,1.151707e-03,99.263,1.160261e-05,0
87.34131,3.274742e-03,99.264,3.299030e-05,0
87.37183,9.463946e-03,99.265,9.534038e-05,0
87.40234,7.211872e-03,99.266,7.265209e-05,0
87.43286,1.317693e-03,99.267,1.327425e-05,0
87.46338,7.960440e-04,99.268,8.019147e-06,0
87.49390,9.868065e-04,99.269,9.940737e-06,0
87.52441,7.758076e-04,99.270,7.815129e-06,0
87.55493,6.664952e-04,99.271,6.713897e-06,0
87.58545,6.920437e-04,99.272,6.971186e-06,0
87.61597,6.360255e-04,99.273,6.406830e-06,0
87.64648,6.002515e-04,99.274,6.046407e-06,0
87.67700,6.359967e-04,99.275,6.406407e-06,0
87.70752,5.953630e-04,99.276,5.997041e-06,0
87.73804,7.326616e-04,99.277,7.379961e-06,0
87.76855,5.832731e-04,99.278,5.875138e-06,0
87.79907,6.387939e-04,99.279,6.434317e-06,0
87.82959,6.613434e-04,99.280,6.661380e-06,0
87.86011,4.177346e-04,99.281,4.207587e-06,0
87.89062,3.095394e-04,99.282,3.117771e-06,0
87.92114,3.900253e-04,99.283,3.928407e-06,0
87.95166,6.403220e-04,99.284,6.449376e-06,0
87.98218,6.841656e-04,99.285,6.890901e-06,0
88.01270,7.083335e-04,99.286,7.134246e-06,0
88.04321,5.324156e-04,99.287,5.362368e-06,0
88.07373,5.155794e-04,99.288,5.192744e-06,0
88.10425,5.557610e-04,99.289,5.597383e-06,0
88.13477,6.564464e-04,99.290,6.611374e-06,0
88.16528,5.684395e-04,99.291,5.724957e-06,0
88.19580,7.356340e-04,99.293,7.408756e-06,0
88.22632,5.453478e-04,99.294,5.492280e-06,0
88.25684,6.351415e-04,99.295,6.396540e-06,0
88.28735,5.858515e-04,99.296,5.900077e-06,0
88.31787,5.058019e-04,99.297,5.093850e-06,0
88.34839,5.581713e-04,99.298,5.621196e-06,0
88.37891,4.018962e-04,99.299,4.047349e-06,0
88.40942,5.255678e-04,99.300,5.292746e-06,0
88.43994,4.108875e-04,99.301,4.137812e-06,0
88.47046,6.078374e-04,99.302,6.121119e-06,0
88.50098,5.894344e-04,99.303,5.935734e-06,0
88.53149,6.121793e-04,99.304,6.164717e-06,0
88.56201,5.144081e-04,99.304,5.180114e-06,0
88.59253,5.401463e-04,99.305,5.439266e-06,0
88.62305,6.881443e-04,99.306,6.929564e-06,0
88.65356,6.778005e-04,99.306,6.825364e-06,0
88.68408,6.947833e-04,99.307,6.996338e-06,0
88.71460,4.280887e-04,99.307,4.310748e-06,0
88.74512,4.680412e-04,99.308,4.713034e-06,0
88.77563,4.643817e-04,99.308,4.676157e-06,0
88.80615,4.257637e-04,99.309,4.287263e-06,0
88.83667,5.543536e-04,99.310,5.582076e-06,0
88.86719,6.166171e-04,99.310,6.209005e-06,0
88.89771,5.117743e-04,99.311,5.153264e-06,0
88.92822,4.954465e-04,99.311,4.988824e-06,0
88.95874,5.389029e-04,99.312,5.426370e-06,0
88.98926,5.288654e-04,99.312,5.325269e-06,0
89.01978,3.763235e-04,99.313,3.789268e-06,0
89.05029,3.809154e-04,99.314,3.835483e-06,0
89.08081,3.098243e-04,99.314,3.119640e-06,0
89.11133,3.387193e-04,99.315,3.410566e-06,0
89.14185,5.410210e-04,99.315,5.447511e-06,0
89.17236,6.864142e-04,99.316,6.911427e-06,0
89.20288,5.368379e-04,99.316,5.405330e-06,0
89.23340,4.119525e-04,99.317,4.147856e-06,0
89.26392,3.343087e-04,99.318,3.366059e-06,0
89.29443,3.214954e-04,99.318,3.237026e-06,0
89.32495,3.132009e-04,99.319,3.153495e-06,0
89.35547,4.265677e-04,99.319,4.294914e-06,0
89.38599,3.442388e-04,99.320,3.465963e-06,0
89.41650,3.903210e-04,99.320,3.929918e-06,0
89.44702,4.414555e-04,99.321,4.444737e-06,0
89.47754,6.260600e-04,99.322,6.303367e-06,0
89.50806,5.800485e-04,99.322,5.840075e-06,0
89.53857,5.495466e-04,99.323,5.532943e-06,0
89.56909,5.385328e-04,99.323,5.422023e-06,0
89.59961,4.774682e-04,99.324,4.807188e-06,0
89.63013,5.966752e-04,99.324,6.007341e-06,0
89.66064,5.336903e-04,99.325,5.373176e-06,0
89.69116,4.791495e-04,99.325,4.824034e-06,0
89.72168,4.574089e-04,99.326,4.605125e-06,0
89.75220,5.048769e-04,99.327,5.082997e-06,0
89.78271,6.076209e-04,99.327,6.117368e-06,0
89.81323,6.367856e-04,99.328,6.410954e-06,0
89.84375,6.165675e-04,99.328,6.207369e-06,0
89.87427,5.666139e-04,99.329,5.704422e-06,0
89.90479,5.099417e-04,99.329,5.133843e-06,0
89.93530,3.787118e-04,99.330,3.812662e-06,0
89.96582,3.204517e-04,99.331,3.226113e-06,0
89.99634,3.624539e-04,99.331,3.648946e-06,0
90.02686,4.152480e-04,99.332,4.180418e-06,0
90.05737,5.289939e-04,99.332,5.325499e-06,0
90.08789,4.856343e-04,99.333,4.888961e-06,0
90.11841,5.326641e-04,99.333,5.362387e-06,0
90.14893,6.047259e-04,99.334,6.087806e-06,0
90.17944,5.379298e-04,99.335,5.415336e-06,0
90.20996,6.743475e-04,99.335,6.788614e-06,0
90.24048,6.443325e-04,99.336,6.486418e-06,0
90.27100,4.921120e-04,99.336,4.954005e-06,0
90.30151,5.539601e-04,99.337,5.576587e-06,0
90.33203,6.556377e-04,99.337,6.600114e-06,0
90.36255,5.199431e-04,99.338,5.234087e-06,0
90.39307,5.353929e-04,99.338,5.389583e-06,0
90.42358,5.073179e-04,99.339,5.106935e-06,0
90.45410,4.185606e-04,99.340,4.213432e-06,0
90.48462,4.197542e-04,99.340,4.225424e-06,0
90.51514,4.469004e-04,99.341,4.498663e-06,0
90.54565,5.535142e-04,99.341,5.571846e-06,0
90.57617,5.198426e-04,99.342,5.232868e-06,0
90.60669,5.380655e-04,99.342,5.416273e-06,0
90.63721,4.255643e-04,99.343,4.283790e-06,0
90.66772,4.205549e-04,99.344,4.233341e-06,0
90.69824,5.565384e-04,99.344,5.602130e-06,0
90.72876,5.868361e-04,99.345,5.907075e-06,0
90.75928,5.541189e-04,99.345,5.577713e-06,0
90.78979,5.120756e-04,99.346,5.154480e-06,0
90.82031,4.990916e-04,99.346,5.023756e-06,0
90.85083,4.401137e-04,99.347,4.430071e-06,0
90.88135,4.936923e-04,99.347,4.969352e-06,0
90.91187,6.540621e-04,99.348,6.583547e-06,0
90.94238,6.093514e-04,99.349,6.133472e-06,0
90.97290,4.926056e-04,99.349,4.958330e-06,0
91.00342,3.910879e-04,99.350,3.936480e-06,0
91.03394,5.528331e-04,99.350,5.564489e-06,0
91.06445,6.835302e-04,99.351,6.879969e-06,0
91.09497,5.253697e-04,99.351,5.287999e-06,0
91.12549,5.436895e-04,99.352,5.472362e-06,0
91.15601,6.560846e-04,99.352,6.603608e-06,0
91.18652,6.297607e-04,99.353,6.338619e-06,0
91.21704,5.724632e-04,99.354,5.761880e-06,0
91.24756,4.355067e-04,99.354,4.383379e-06,0
91.27808,4.321196e-04,99.355,4.349263e-06,0
91.30859,4.311303e-04,99.355,4.339281e-06,0
91.33911,6.153867e-04,99.356,6.193768e-06,0
91.36963,6.396821e-04,99.356,6.438262e-06,0
91.40015,6.377814e-04,99.357,6.419096e-06,0
91.43066,6.024555e-04,99.357,6.063516e-06,0
91.46118,5.198269e-04,99.358,5.231857e-06,0
91.49170,4.686593e-04,99.359,4.716849e-06,0
91.52222,3.773742e-04,99.359,3.798083e-06,0
91.55273,5.197891e-04,99.360,5.231389e-06,0
91.58325,5.854017e-04,99.360,5.891711e-06,0
91.61377,4.346965e-04,99.361,4.374930e-06,0
91.64429,5.203621e-04,99.361,5.237069e-06,0
91.67480,4.942634e-04,99.362,4.974377e-06,0
91.70532,4.641513e-04,99.362,4.671296e-06,0
91.73584,4.882864e-04,99.363,4.914168e-06,0
91.76636,4.276020e-04,99.364,4.303410e-06,0
91.79688,6.196528e-04,99.364,6.236184e-06,0
91.82739,6.797648e-04,99.365,6.841113e-06,0
91.85791,4.680758e-04,99.365,4.710661e-06,0
91.88843,5.842381e-04,99.366,5.879673e-06,0
91.91895,6.259340e-04,99.366,6.299258e-06,0
91.94946,5.992809e-04,99.367,6.030994e-06,0
91.97998,6.945803e-04,99.367,6.990021e-06,0
92.01050,7.072003e-04,99.368,7.116985e-06,0
92.04102,5.975922e-04,99.369,6.013899e-06,0
92.07153,4.781442e-04,99.369,4.811801e-06,0
92.10205,5.683567e-04,99.370,5.719622e-06,0
92.13257,6.783814e-04,99.370,6.826811e-06,0
92.16309,6.321160e-04,99.371,6.361190e-06,0
92.19360,6.746267e-04,99.371,6.788951e-06,0
92.22412,6.934664e-04,99.372,6.978501e-06,0
92.25464,6.540299e-04,99.372,6.581607e-06,0
92.28516,5.601167e-04,99.373,5.636512e-06,0
92.31567,4.246718e-04,99.373,4.273493e-06,0
92.34619,5.523608e-04,99.374,5.558402e-06,0
92.37671,7.616511e-04,99.375,7.664446e-06,0
92.40723,6.475350e-04,99.375,6.516068e-06,0
92.43774,6.316983e-04,99.376,6.356669e-06,0
92.46826,4.513135e-04,99.376,4.541464e-06,0
92.49878,3.776441e-04,99.377,3.800124e-06,0
92.52930,4.242338e-04,99.377,4.268919e-06,0
92.55981,4.743947e-04,99.378,4.773646e-06,0
92.59033,4.469741e-04,99.378,4.497698e-06,0
92.62085,5.232160e-04,99.379,5.264857e-06,0
92.65137,6.322595e-04,99.380,6.362071e-06,0
92.68188,7.431692e-04,99.380,7.478051e-06,0
92.71240,6.623882e-04,99.381,6.665166e-06,0
92.74292,5.705453e-04,99.381,5.740980e-06,0
92.77344,4.965225e-04,99.382,4.996115e-06,0
92.80396,4.573029e-04,99.382,4.601454e-06,0
92.83447,4.729859e-04,99.383,4.759233e-06,0
92.86499,5.276248e-04,99.383,5.308986e-06,0
92.89551,5.482142e-04,99.384,5.516127e-06,0
92.92603,6.550033e-04,99.384,6.590602e-06,0
92.95654,6.927167e-04,99.385,6.970034e-06,0
92.98706,5.691725e-04,99.386,5.726915e-06,0
93.01758,4.975410e-04,99.386,5.006144e-06,0
93.04810,5.542488e-04,99.387,5.576694e-06,0
93.07861,6.440033e-04,99.387,6.479743e-06,0
93.10913,7.355174e-04,99.388,7.400485e-06,0
93.13965,5.830259e-04,99.388,5.866145e-06,0
93.17017,4.635078e-04,99.389,4.663581e-06,0
93.20068,4.733786e-04,99.389,4.762871e-06,0
93.23120,4.346403e-04,99.390,4.373083e-06,0
93.26172,4.628805e-04,99.390,4.657193e-06,0
93.29224,5.323763e-04,99.391,5.356384e-06,0
93.32275,4.723170e-04,99.392,4.752085e-06,0
93.35327,4.459971e-04,99.392,4.487250e-06,0
93.38379,5.623592e-04,99.393,5.657957e-06,0
93.41431,5.511241e-04,99.393,5.544889e-06,0
93.44482,4.764357e-04,99.394,4.793419e-06,0
93.47534,5.969548e-04,99.394,6.005929e-06,0
93.50586,5.035686e-04,99.395,5.066348e-06,0
93.53638,2.977549e-04,99.395,2.995663e-06,0
93.56689,3.545160e-04,99.396,3.566707e-06,0
93.59741,3.983726e-04,99.396,4.007916e-06,0
93.62793,3.990653e-04,99.397,4.014863e-06,0
93.65845,4.681782e-04,99.398,4.710160e-06,0
93.68896,5.013092e-04,99.398,5.043451e-06,0
93.71948,6.156956e-04,99.399,6.194208e-06,0
93.75000,7.476579e-04,99.399,7.521775e-06,0
93.78052,6.068637e-04,99.400,6.105288e-06,0
93.81104,5.191249e-04,99.400,5.222573e-06,0
93.84155,4.316679e-04,99.401,4.342702e-06,0
93.87207,5.034484e-04,99.401,5.064807e-06,0
93.90259,6.078126e-04,99.402,6.114702e-06,0
93.93311,5.559007e-04,99.402,5.592428e-06,0
93.96362,4.290456e-04,99.403,4.316226e-06,0
93.99414,4.634506e-04,99.403,4.662318e-06,0
94.02466,5.324496e-04,99.404,5.356420e-06,0
94.05518,4.917443e-04,99.405,4.946899e-06,0
94.08569,4.897247e-04,99.405,4.926555e-06,0
94.11621,4.193548e-04,99.406,4.218622e-06,0
94.14673,4.864823e-04,99.406,4.893885e-06,0
94.17725,5.811256e-04,99.407,5.845940e-06,0
94.20776,6.128081e-04,99.407,6.164622e-06,0
94.23828,6.716015e-04,99.408,6.756025e-06,0
94.26880,6.418849e-04,99.408,6.457054e-06,0
94.29932,6.222708e-04,99.409,6.259711e-06,0
94.32983,5.792739e-04,99.409,5.827154e-06,0
94.36035,5.199147e-04,99.410,5.230007e-06,0
94.39087,5.305736e-04,99.410,5.337200e-06,0
94.42139,4.550582e-04,99.411,4.577543e-06,0
94.45190,4.369829e-04,99.412,4.395696e-06,0
94.48242,4.795706e-04,99.412,4.824067e-06,0
94.51294,5.631196e-04,99.413,5.664467e-06,0
94.54346,4.920179e-04,99.413,4.949223e-06,0
94.57397,5.215929e-04,99.414,5.246690e-06,0
94.60449,5.425490e-04,99.414,5.457458e-06,0
94.63501,5.184042e-04,99.415,5.214559e-06,0
94.66553,5.695383e-04,99.415,5.728879e-06,0
94.69604,6.949202e-04,99.416,6.990034e-06,0
94.72656,6.352280e-04,99.416,6.389570e-06,0
94.75708,6.534645e-04,99.417,6.572970e-06,0
94.78760,7.420439e-04,99.417,7.463919e-06,0
94.81812,5.154278e-04,99.418,5.184452e-06,0
94.84863,5.069530e-04,99.419,5.099180e-06,0
94.87915,6.435851e-04,99.419,6.473457e-06,0
94.90967,6.179306e-04,99.420,6.215380e-06,0
94.94019,4.340311e-04,99.420,4.365625e-06,0
94.97070,5.349889e-04,99.421,5.381063e-06,0
95.00122,6.709555e-04,99.421,6.748616e-06,0
95.03174,5.218169e-04,99.422,5.248519e-06,0
95.06226,5.394910e-04,99.422,5.426259e-06,0
95.09277,4.858960e-04,99.423,4.887168e-06,0
95.12329,5.051778e-04,99.423,5.081078e-06,0
95.15381,4.975919e-04,99.424,5.004752e-06,0
95.18433,5.256142e-04,99.424,5.286571e-06,0
95.21484,5.142213e-04,99.425,5.171954e-06,0
95.24536,4.483637e-04,99.425,4.509545e-06,0
95.27588,4.507680e-04,99.426,4.533702e-06,0
95.30640,4.336170e-04,99.427,4.361179e-06,0
95.33691,4.805713e-04,99.427,4.833405e-06,0
95.36743,4.536533e-04,99.428,4.562648e-06,0
95.39795,5.192430e-04,99.428,5.222293e-06,0
95.42847,6.808409e-04,99.429,6.847530e-06,0
95.45898,7.987480e-04,99.429,8.033333e-06,0
95.48950,7.502869e-04,99.430,7.545899e-06,0
95.52002,6.028810e-04,99.430,6.063354e-06,0
95.55054,5.715030e-04,99.431,5.747746e-06,0
95.58105,5.358012e-04,99.431,5.388655e-06,0
95.61157,5.244995e-04,99.432,5.274963e-06,0
95.64209,5.361032e-04,99.432,5.391634e-06,0
95.67261,4.530889e-04,99.433,4.556729e-06,0
95.70312,6.393535e-04,99.433,6.429962e-06,0
95.73364,6.766966e-04,99.434,6.805485e-06,0
95.76416,4.515309e-04,99.435,4.540987e-06,0
95.79468,4.625976e-04,99.435,4.652259e-06,0
95.82520,5.595236e-04,99.436,5.626995e-06,0
95.85571,5.825344e-04,99.436,5.858378e-06,0
95.88623,6.035879e-04,99.437,6.070075e-06,0
95.91675,9.046205e-04,99.437,9.097407e-06,0
95.94727,8.924657e-04,99.438,8.975123e-06,0
95.97778,8.026994e-04,99.438,8.072341e-06,0
96.00830,7.392979e-04,99.439,7.434704e-06,0
96.03882,6.381443e-04,99.439,6.417426e-06,0
96.06934,5.890248e-04,99.440,5.923430e-06,0
96.09985,5.726623e-04,99.440,5.758852e-06,0
96.13037,6.277020e-04,99.441,6.312313e-06,0
96.16089,5.972468e-04,99.441,6.006017e-06,0
96.19141,5.782764e-04,99.442,5.815216e-06,0
96.22192,7.042179e-04,99.442,7.081661e-06,0
96.25244,6.860165e-04,99.443,6.898590e-06,0
96.28296,5.900888e-04,99.444,5.933908e-06,0
96.31348,5.005847e-04,99.444,5.033832e-06,0
96.34399,5.600246e-04,99.445,5.631524e-06,0
96.37451,6.250234e-04,99.445,6.285109e-06,0
96.40503,7.450935e-04,99.446,7.492470e-06,0
96.43555,4.936305e-04,99.446,4.963796e-06,0
96.46606,3.674002e-04,99.447,3.694443e-06,0
96.49658,5.408559e-04,99.447,5.438623e-06,0
96.52710,4.546599e-04,99.448,4.571847e-06,0
96.55762,6.020068e-04,99.448,6.053467e-06,0
96.58813,6.357378e-04,99.449,6.392614e-06,0
96.61865,5.385487e-04,99.449,5.415308e-06,0
96.64917,4.924542e-04,99.450,4.951784e-06,0
96.67969,5.348063e-04,99.450,5.377619e-06,0
96.71021,4.790845e-04,99.451,4.817297e-06,0
96.74072,3.469619e-04,99.451,3.488757e-06,0
96.77124,5.318388e-04,99.452,5.347695e-06,0
96.80176,6.222003e-04,99.452,6.256257e-06,0
96.83228,5.545048e-04,99.453,5.575546e-06,0
96.86279,6.071475e-04,99.454,6.104836e-06,0
96.89331,6.063718e-04,99.454,6.097004e-06,0
96.92383,6.527235e-04,99.455,6.563031e-06,0
96.95435,6.077650e-04,99.455,6.110948e-06,0
96.98486,1.032739e-03,99.456,1.038392e-05,0
97.01538,1.224619e-03,99.456,1.231316e-05,0
97.04590,9.152679e-04,99.457,9.202680e-06,0
97.07642,4.002682e-03,99.457,4.024527e-05,0
97.10693,6.944522e-03,99.458,6.982386e-05,0
97.13745,3.898735e-03,99.458,3.919972e-05,0
97.16797,8.509408e-04,99.459,8.555714e-06,0
97.19849,9.870183e-04,99.459,9.923842e-06,0
97.22900,9.509550e-04,99.460,9.561199e-06,0
97.25952,5.487014e-04,99.460,5.516786e-06,0
97.29004,6.385776e-04,99.461,6.420390e-06,0
97.32056,7.606136e-04,99.461,7.647325e-06,0
97.35107,5.110913e-04,99.462,5.138563e-06,0
97.38159,4.224263e-04,99.462,4.247094e-06,0
97.41211,5.564671e-04,99.463,5.594718e-06,0
97.44263,6.350565e-04,99.463,6.384821e-06,0
97.47314,6.571580e-04,99.464,6.606993e-06,0
97.50366,6.407968e-04,99.465,6.442466e-06,0
97.53418,5.961691e-04,99.465,5.993756e-06,0
97.56470,6.173161e-04,99.466,6.206331e-06,0
97.59521,5.517281e-04,99.466,5.546897e-06,0
97.62573,6.675981e-04,99.467,6.711782e-06,0
97.65625,6.501973e-04,99.467,6.536806e-06,0
97.68677,4.830801e-04,99.468,4.856656e-06,0
97.71729,5.004597e-04,99.468,5.031356e-06,0
97.74780,4.629430e-04,99.469,4.654159e-06,0
97.77832,5.541737e-04,99.469,5.571310e-06,0
97.80884,6.851742e-04,99.470,6.888269e-06,0
97.83936,5.939819e-04,99.470,5.971453e-06,0
97.86987,4.396707e-04,99.471,4.420100e-06,0
97.90039,3.887847e-04,99.471,3.908512e-06,0
97.93091,4.930383e-04,99.472,4.956564e-06,0
97.96143,5.011166e-04,99.472,5.037749e-06,0
97.99194,5.410253e-04,99.473,5.438925e-06,0
98.02246,6.329382e-04,99.473,6.362891e-06,0
98.05298,5.096543e-04,99.474,5.123499e-06,0
98.08350,5.442508e-04,99.474,5.471265e-06,0
98.11401,4.411852e-04,99.475,4.435140e-06,0
98.14453,5.055042e-04,99.475,5.081699e-06,0
98.17505,5.296181e-04,99.476,5.324082e-06,0
98.20557,5.610897e-04,99.476,5.640426e-06,0
98.23608,5.821220e-04,99.477,5.851826e-06,0
98.26660,6.141634e-04,99.478,6.173893e-06,0
98.29712,4.699105e-04,99.478,4.723762e-06,0
98.32764,4.942423e-04,99.479,4.968331e-06,0
98.35815,5.880076e-04,99.479,5.910869e-06,0
98.38867,6.967540e-04,99.480,7.003991e-06,0
98.41919,6.713476e-04,99.480,6.748563e-06,0
98.44971,5.283323e-04,99.481,5.310907e-06,0
98.48022,4.365470e-04,99.481,4.388240e-06,0
98.51074,5.152428e-04,99.482,5.179275e-06,0
98.54126,5.915784e-04,99.482,5.946579e-06,0
98.57178,6.153680e-04,99.483,6.185680e-06,0
98.60229,5.793103e-04,99.483,5.823198e-06,0
98.63281,6.417784e-04,99.484,6.451091e-06,0
98.66333,5.790905e-04,99.484,5.820929e-06,0
98.69385,5.311695e-04,99.485,5.339206e-06,0
98.72437,5.253755e-04,99.485,5.280939e-06,0
98.75488,4.854453e-04,99.486,4.879546e-06,0
98.78540,6.065397e-04,99.486,6.096717e-06,0
98.81592,5.867305e-04,99.487,5.897572e-06,0
98.84644,6.865887e-04,99.487,6.901270e-06,0
98.87695,6.115451e-04,99.488,6.146935e-06,0
98.90747,5.376402e-04,99.488,5.404053e-06,0
98.93799,4.615920e-04,99.489,4.639635e-06,0
98.96851,4.292094e-04,99.489,4.314124e-06,0
98.99902,3.273297e-04,99.490,3.290081e-06,0
99.02954,5.451276e-04,99.490,5.479199e-06,0
99.06006,5.734829e-04,99.491,5.764174e-06,0
99.09058,4.724413e-04,99.491,4.748563e-06,0
99.12109,5.673778e-04,99.492,5.702753e-06,0
99.15161,3.998252e-04,99.492,4.018649e-06,0
99.18213,3.897238e-04,99.493,3.917100e-06,0
99.21265,4.245489e-04,99.493,4.267104e-06,0
99.24316,7.022515e-04,99.494,7.058231e-06,0
99.27368,7.279969e-04,99.494,7.316957e-06,0
99.30420,6.010725e-04,99.495,6.041233e-06,0
99.33472,5.399806e-04,99.496,5.427185e-06,0
99.36523,5.882747e-04,99.496,5.912545e-06,0
99.39575,5.477816e-04,99.497,5.505534e-06,0
99.42627,4.414019e-04,99.497,4.436332e-06,0
99.45679,5.920917e-04,99.498,5.950816e-06,0
99.48730,7.505131e-04,99.498,7.542991e-06,0
99.51782,6.626939e-04,99.499,6.660335e-06,1
99.54834,5.510284e-04,99.499,5.538024e-06,1
99.57886,4.809825e-04,99.500,4.834014e-06,1
99.60938,4.722525e-04,99.500,4.746251e-06,1
99.63989,4.586630e-04,99.501,4.609650e-06,1
99.67041,4.609082e-04,99.501,4.632190e-06,1
99.70093,5.642479e-04,99.502,5.670739e-06,1
99.73145,6.350869e-04,99.502,6.382645e-06,1
99.76196,6.737510e-04,99.503,6.771185e-06,1
99.79248,6.740077e-04,99.503,6.773731e-06,1
99.82300,6.355086e-04,99.504,6.386785e-06,1
99.85352,5.121739e-04,99.504,5.147259e-06,1
99.88403,7.329999e-04,99.505,7.366485e-06,1
99.91455,7.868719e-04,99.505,7.907846e-06,1
99.94507,6.346116e-04,99.506,6.377639e-06,1
99.97559,1.386773e-03,99.506,1.393654e-05,1
100.00610,2.063067e-03,99.507,2.073293e-05,1
100.03662,1.558022e-03,99.507,1.565737e-05,1
100.06714,1.210249e-03,99.508,1.216236e-05,1
100.09766,1.198790e-03,99.508,1.204714e-05,1
100.12817,1.235922e-03,99.509,1.242023e-05,1
100.15869,6.017418e-04,99.509,6.047092e-06,1
100.18921,6.608176e-04,99.510,6.640730e-06,1
100.21973,6.172620e-04,99.510,6.202996e-06,1
100.25024,6.422740e-04,99.511,6.454314e-06,1
100.28076,6.757039e-04,99.511,6.790222e-06,1
100.31128,6.861649e-04,99.512,6.895310e-06,1
100.34180,5.794798e-04,99.512,5.823196e-06,1
100.37231,5.853829e-04,99.513,5.882487e-06,1
100.40283,6.189740e-04,99.513,6.220011e-06,1
100.43335,7.002539e-04,99.514,7.036749e-06,1
100.46387,8.508775e-04,99.514,8.550299e-06,1
100.49438,6.559372e-04,99.515,6.591350e-06,1
100.52490,6.121352e-04,99.515,6.151162e-06,0
100.55542,6.783205e-04,99.516,6.816204e-06,0
100.58594,5.332923e-04,99.516,5.358840e-06,0
100.61646,5.084241e-04,99.517,5.108923e-06,0
100.64697,6.261546e-04,99.517,6.291912e-06,0
100.67749,5.400892e-04,99.518,5.427056e-06,0
100.70801,5.583929e-04,99.518,5.610952e-06,0
100.73853,6.621592e-04,99.519,6.653602e-06,0
100.76904,4.522133e-04,99.519,4.543971e-06,0
100.79956,4.755407e-04,99.520,4.778348e-06,0
100.83008,4.810732e-04,99.520,4.833915e-06,0
100.86060,4.446695e-04,99.521,4.468101e-06,0
100.89111,3.594397e-04,99.521,3.611681e-06,0
100.92163,5.091886e-04,99.522,5.116345e-06,0
100.95215,5.650367e-04,99.522,5.677481e-06,0
100.98267,6.160657e-04,99.523,6.190188e-06,0
101.01318,7.487751e-04,99.523,7.523606e-06,0
101.04370,6.104067e-04,99.524,6.133265e-06,0
101.07422,5.649064e-04,99.524,5.676056e-06,0
101.10474,7.074930e-04,99.525,7.108700e-06,0
101.13525,5.999148e-04,99.525,6.027752e-06,0
101.16577,6.349368e-04,99.526,6.379610e-06,0
101.19629,6.077622e-04,99.526,6.106539e-06,0
101.22681,4.374214e-04,99.527,4.395004e-06,0
101.25732,6.457908e-04,99.527,6.488568e-06,0
101.28784,8.774020e-04,99.528,8.815633e-06,0
101.31836,6.906394e-04,99.528,6.939114e-06,0
101.34888,6.698850e-04,99.529,6.730553e-06,0
101.37939,5.484180e-04,99.529,5.510106e-06,0
101.40991,4.535155e-04,99.530,4.556572e-06,0
101.44043,4.411271e-04,99.530,4.432081e-06,0
101.47095,5.048241e-04,99.531,5.072030e-06,0
101.50146,4.718578e-04,99.531,4.740790e-06,0
101.53198,4.780530e-04,99.532,4.803009e-06,0
101.56250,5.935718e-04,99.532,5.963600e-06,0
101.59302,6.148924e-04,99.533,6.177775e-06,0
101.62354,4.973157e-04,99.533,4.996467e-06,0
101.65405,4.726224e-04,99.534,4.748352e-06,0
101.68457,5.631829e-04,99.534,5.658169e-06,0
101.71509,5.340554e-04,99.535,5.365505e-06,0
101.74561,6.383768e-04,99.535,6.413560e-06,0
101.77612,5.584463e-04,99.536,5.610497e-06,0
101.80664,6.409634e-04,99.536,6.439482e-06,0
101.83716,5.773193e-04,99.537,5.800049e-06,0
101.86768,4.453068e-04,99.537,4.473760e-06,0
101.89819,5.050369e-04,99.538,5.073811e-06,0
101.92871,3.113088e-04,99.538,3.127522e-06,0
101.95923,4.915720e-04,99.539,4.938487e-06,0
101.98975,5.730490e-04,99.539,5.757002e-06,0
102.02026,5.182601e-04,99.540,5.206552e-06,0
102.05078,4.598579e-04,99.540,4.619808e-06,0
102.08130,5.226904e-04,99.541,5.251007e-06,0
102.11182,6.024879e-04,99.541,6.052632e-06,0
102.14233,4.642739e-04,99.542,4.664102e-06,0
102.17285,4.020403e-04,99.542,4.038882e-06,0
102.20337,4.317928e-04,99.543,4.337753e-06,0
102.23389,4.940337e-04,99.543,4.962994e-06,0
102.26440,4.274800e-04,99.544,4.294384e-06,0
102.29492,4.656047e-04,99.544,4.677354e-06,0
102.32544,6.921520e-04,99.545,6.953160e-06,0
102.35596,5.705902e-04,99.545,5.731957e-06,0
102.38647,6.149823e-04,99.546,6.177874e-06,0
102.41699,5.260021e-04,99.546,5.283987e-06,0
102.44751,5.388453e-04,99.547,5.412977e-06,0
102.47803,5.525556e-04,99.547,5.550676e-06,0
102.50854,5.396587e-04,99.548,5.421094e-06,0
102.53906,5.850922e-04,99.548,5.877462e-06,0
102.56958,4.726481e-04,99.549,4.747898e-06,0
102.60010,5.486486e-04,99.549,5.511318e-06,0
102.63062,4.730507e-04,99.550,4.751894e-06,0
102.66113,3.641704e-04,99.550,3.658151e-06,0
102.69165,4.518905e-04,99.551,4.539290e-06,0
102.72217,5.444016e-04,99.551,5.468547e-06,0
102.75269,5.453987e-04,99.552,5.478537e-06,0
102.78320,4.636765e-04,99.552,4.657612e-06,0
102.81372,5.059675e-04,99.553,5.082399e-06,0
102.84424,4.679995e-04,99.553,4.700990e-06,0
102.87476,5.151429e-04,99.554,5.174513e-06,0
102.90527,5.987281e-04,99.554,6.014082e-06,0
102.93579,5.131958e-04,99.555,5.154904e-06,0
102.96631,5.072949e-04,99.555,5.095606e-06,0
102.99683,4.682420e-04,99.556,4.703309e-06,0
103.02734,5.337615e-04,99.556,5.361401e-06,0
103.05786,4.446185e-04,99.557,4.465976e-06,0
103.08838,3.434573e-04,99.557,3.449844e-06,0
103.11890,5.609222e-04,99.558,5.634134e-06,0
103.14941,6.630822e-04,99.558,6.660239e-06,0
103.17993,7.220854e-04,99.559,7.252852e-06,0
103.21045,6.128835e-04,99.559,6.155964e-06,0
103.24097,4.668397e-04,99.560,4.689037e-06,0
103.27148,5.490411e-04,99.560,5.514659e-06,0
103.30200,7.370907e-04,99.561,7.403423e-06,0
103.33252,5.207737e-04,99.561,5.230685e-06,0
103.36304,5.498767e-04,99.562,5.522970e-06,0
103.39355,5.881017e-04,99.562,5.906873e-06,0
103.42407,4.231864e-04,99.563,4.250448e-06,0
103.45459,4.377328e-04,99.563,4.396530e-06,0
103.48511,5.551837e-04,99.564,5.576163e-06,0
103.51562,5.177723e-04,99.564,5.200384e-06,0
103.54614,4.459437e-04,99.565,4.478933e-06,0
103.57666,5.052931e-04,99.565,5.074996e-06,0
103.60718,5.248711e-04,99.566,5.271605e-06,0
103.63770,5.956776e-04,99.566,5.982729e-06,0
103.66821,5.564918e-04,99.567,5.589136e-06,0
103.69873,3.656242e-04,99.567,3.672135e-06,0
103.72925,4.997597e-04,99.568,5.019297e-06,0
103.75977,5.433105e-04,99.568,5.456668e-06,0
103.79028,4.859038e-04,99.569,4.880088e-06,0
103.82080,5.298717e-04,99.569,5.321646e-06,0
103.85132,5.418021e-04,99.570,5.441439e-06,0
103.88184,5.065644e-04,99.570,5.087514e-06,0
103.91235,4.010007e-04,99.571,4.027300e-06,0
103.94287,3.335146e-04,99.571,3.349512e-06,0
103.97339,5.009148e-04,99.572,5.030699e-06,0
104.00391,5.507656e-04,99.572,5.531325e-06,0
104.03442,4.101183e-04,99.573,4.118788e-06,0
104.06494,3.649383e-04,99.573,3.665030e-06,0
104.09546,4.373960e-04,99.574,4.392693e-06,0
104.12598,4.883380e-04,99.574,4.904270e-06,0
104.15649,4.899037e-04,99.575,4.919970e-06,0
104.18701,5.286815e-04,99.575,5.309379e-06,0
104.21753,5.265478e-04,99.576,5.287925e-06,0
104.24805,5.546089e-04,99.576,5.569705e-06,0
104.27856,5.058293e-04,99.576,5.079807e-06,0
104.30908,4.754433e-04,99.577,4.774631e-06,0
104.33960,6.590894e-04,99.577,6.618861e-06,0
104.37012,7.424110e-04,99.578,7.455577e-06,0
104.40063,5.074316e-04,99.578,5.095799e-06,0
104.43115,5.061160e-04,99.579,5.082562e-06,0
104.46167,4.261949e-04,99.579,4.279950e-06,0
104.49219,3.018403e-04,99.580,3.031137e-06,0
104.52271,4.436674e-04,99.580,4.455370e-06,0
104.55322,4.893125e-04,99.581,4.913720e-06,0
104.58374,5.205083e-04,99.581,5.226966e-06,0
104.61426,4.617858e-04,99.582,4.637249e-06,0
104.64478,4.753916e-04,99.582,4.773855e-06,0
104.67529,4.947740e-04,99.583,4.968468e-06,0
104.70581,4.395839e-04,99.583,4.414233e-06,0
104.73633,4.614885e-04,99.584,4.634173e-06,0
104.76685,5.698420e-04,99.584,5.722209e-06,0
104.79736,5.408039e-04,99.585,5.430589e-06,0
104.82788,4.797759e-04,99.585,4.817741e-06,0
104.85840,4.293785e-04,99.586,4.311647e-06,0
104.88892,3.628632e-04,99.586,3.643709e-06,0
104.91943,4.240227e-04,99.587,4.257824e-06,0
104.94995,6.486649e-04,99.587,6.513538e-06,0
104.98047,7.130812e-04,99.588,7.160336e-06,0
105.01099,6.142900e-04,99.588,6.168303e-06,0
105.04150,6.198209e-04,99.589,6.223811e-06,0
105.07202,5.835461e-04,99.589,5.859536e-06,0
105.10254,6.325703e-04,99.590,6.351770e-06,0
105.13306,5.712397e-04,99.590,5.735909e-06,0
105.16357,4.351609e-04,99.591,4.369499e-06,0
105.19409,3.897833e-04,99.591,3.913838e-06,0
105.22461,5.498595e-04,99.592,5.521146e-06,0
105.25513,6.485329e-04,99.592,6.511895e-06,0
105.28564,5.853246e-04,99.593,5.877195e-06,0
105.31616,6.122584e-04,99.593,6.147605e-06,0
105.34668,6.908663e-04,99.593,6.936863e-06,0
105.37720,6.668971e-04,99.594,6.696160e-06,0
105.40771,4.710748e-04,99.594,4.729930e-06,0
105.43823,5.396733e-04,99.595,5.418682e-06,0
105.46875,5.092645e-04,99.595,5.113332e-06,0
105.49927,4.771623e-04,99.596,4.790984e-06,0
105.52979,5.109954e-04,99.596,5.130662e-06,0
105.56030,4.771492e-04,99.597,4.790806e-06,0
105.59082,6.174818e-04,99.597,6.199782e-06,0
105.62134,4.764083e-04,99.598,4.783321e-06,0
105.65186,6.301306e-04,99.598,6.326720e-06,0
105.68237,6.122271e-04,99.599,6.146933e-06,0
105.71289,6.623914e-04,99.599,6.650565e-06,0
105.74341,5.562931e-04,99.600,5.585286e-06,0
105.77393,6.191136e-04,99.600,6.215985e-06,0
105.80444,5.449261e-04,99.601,5.471106e-06,0
105.83496,5.251103e-04,99.601,5.272129e-06,0
105.86548,5.370145e-04,99.602,5.391621e-06,0
105.89600,4.948208e-04,99.602,4.967973e-06,0
105.92651,4.829317e-04,99.603,4.848584e-06,0
105.95703,5.877159e-04,99.603,5.900578e-06,0
105.98755,5.542873e-04,99.604,5.564932e-06,0
106.01807,5.820969e-04,99.604,5.844107e-06,0
106.04858,4.781935e-04,99.605,4.800919e-06,0
106.07910,4.380960e-04,99.605,4.398331e-06,0
106.10962,4.803821e-04,99.606,4.822847e-06,0
106.14014,3.498299e-04,99.606,3.512137e-06,0
106.17065,2.958601e-04,99.606,2.970289e-06,0
106.20117,5.925691e-04,99.607,5.949073e-06,0
106.23169,6.023992e-04,99.607,6.047733e-06,0
106.26221,5.409356e-04,99.608,5.430649e-06,0
106.29272,6.967828e-04,99.608,6.995222e-06,0
106.32324,6.705106e-04,99.609,6.731435e-06,0
106.35376,4.388235e-04,99.609,4.405444e-06,0
106.38428,5.385893e-04,99.610,5.406990e-06,0
106.41479,5.867515e-04,99.610,5.890469e-06,0
106.44531,5.450436e-04,99.611,5.471733e-06,0
106.47583,5.987128e-04,99.611,6.010492e-06,0
106.50635,5.404023e-04,99.612,5.425086e-06,0
106.53687,5.302873e-04,99.612,5.323517e-06,0
106.56738,4.927404e-04,99.613,4.946562e-06,0
106.59790,5.307597e-04,99.613,5.328208e-06,0
106.62842,6.369362e-04,99.614,6.394065e-06,0
106.65894,5.702810e-04,99.614,5.724900e-06,0
106.68945,4.956965e-04,99.615,4.976143e-06,0
106.71997,6.165310e-04,99.615,6.189133e-06,0
106.75049,6.836710e-04,99.616,6.863094e-06,0
106.78101,1.195355e-03,99.616,1.199963e-05,0
106.81152,2.461562e-03,99.617,2.471038e-05,0
106.84204,2.463814e-03,99.617,2.473287e-05,0
106.87256,1.877555e-03,99.617,1.884765e-05,0
106.90308,7.972048e-04,99.618,8.002622e-06,0
106.93359,5.524511e-04,99.618,5.545672e-06,0
106.96411,5.602401e-04,99.619,5.623833e-06,0
106.99463,5.078401e-04,99.619,5.097805e-06,0
107.02515,5.207969e-04,99.620,5.227843e-06,0
107.05566,5.454064e-04,99.620,5.474851e-06,0
107.08618,5.052305e-04,99.621,5.071537e-06,0
107.11670,5.189788e-04,99.621,5.209518e-06,0
107.14722,6.636294e-04,99.622,6.661491e-06,0
107.17773,5.657279e-04,99.622,5.678731e-06,0
107.20825,3.720899e-04,99.623,3.734991e-06,0
107.23877,5.504844e-04,99.623,5.525666e-06,0
107.26929,5.852381e-04,99.624,5.874489e-06,0
107.29980,4.622041e-04,99.624,4.639479e-06,0
107.33032,4.223774e-04,99.625,4.239690e-06,0
107.36084,5.586729e-04,99.625,5.607754e-06,0
107.39136,6.283766e-04,99.626,6.307384e-06,0
107.42188,5.565236e-04,99.626,5.586126e-06,0
107.45239,4.234639e-04,99.626,4.250514e-06,0
107.48291,5.322872e-04,99.627,5.342802e-06,0
107.51343,4.474057e-04,99.627,4.490787e-06,0
107.54395,5.480375e-04,99.628,5.500843e-06,0
107.57446,6.632963e-04,99.628,6.657703e-06,0
107.60498,4.627242e-04,99.629,4.644480e-06,0
107.63550,4.829738e-04,99.629,4.847706e-06,0
107.66602,4.834533e-04,99.630,4.852496e-06,0
107.69653,4.332234e-04,99.630,4.348311e-06,0
107.72705,4.690329e-04,99.631,4.707712e-06,0
107.75757,5.876987e-04,99.631,5.898740e-06,0
107.78809,5.219545e-04,99.632,5.238839e-06,0
107.81860,6.000672e-04,99.632,6.022825e-06,0
107.84912,6.939322e-04,99.633,6.964908e-06,0
107.87964,5.916201e-04,99.633,5.937986e-06,0
107.91016,4.997491e-04,99.634,5.015870e-06,0
107.94067,5.982101e-04,99.634,6.004072e-06,0
107.97119,6.424956e-04,99.635,6.448523e-06,0
108.00171,6.096271e-04,99.635,6.118603e-06,0
108.03223,4.783166e-04,99.635,4.800665e-06,0
108.06274,5.556767e-04,99.636,5.577070e-06,0
108.09326,5.437299e-04,99.636,5.457140e-06,0
108.12378,6.160758e-04,99.637,6.183210e-06,0
108.15430,6.934247e-04,99.637,6.959485e-06,0
108.18481,5.297343e-04,99.638,5.316598e-06,0
108.21533,4.989504e-04,99.638,5.007616e-06,0
108.24585,5.460623e-04,99.639,5.480420e-06,0
108.27637,5.723903e-04,99.639,5.744627e-06,0
108.30688,5.354876e-04,99.640,5.374239e-06,0
108.33740,5.369660e-04,99.640,5.389050e-06,0
108.36792,5.940537e-04,99.641,5.961961e-06,0
108.39844,4.314836e-04,99.641,4.330377e-06,0
108.42896,4.204914e-04,99.642,4.220039e-06,0
108.45947,5.018244e-04,99.642,5.036271e-06,0
108.48999,5.634494e-04,99.643,5.654708e-06,0
108.52051,4.566922e-04,99.643,4.583284e-06,0
108.55103,4.960632e-04,99.643,4.978381e-06,0
108.58154,4.859614e-04,99.644,4.876979e-06,0
108.61206,4.395348e-04,99.644,4.411033e-06,0
108.64258,4.640824e-04,99.645,4.657364e-06,0
108.67310,4.960457e-04,99.645,4.978112e-06,0
108.70361,5.159734e-04,99.646,5.178074e-06,0
108.73413,5.275494e-04,99.646,5.294221e-06,0
108.76465,5.218125e-04,99.647,5.236623e-06,0
108.79517,5.326779e-04,99.647,5.345637e-06,0
108.82568,6.240277e-04,99.648,6.262340e-06,0
108.85620,5.299743e-04,99.648,5.318455e-06,0
108.88672,6.440368e-04,99.649,6.463078e-06,0
108.91724,4.079529e-04,99.649,4.093895e-06,0
108.94775,5.993696e-04,99.650,6.014775e-06,0
108.97827,6.528957e-04,99.650,6.551887e-06,0
109.00879,5.532456e-04,99.650,5.551860e-06,0
109.03931,5.869793e-04,99.651,5.890353e-06,0
109.06982,5.307625e-04,99.651,5.326190e-06,0
109.10034,4.840402e-04,99.652,4.857310e-06,0
109.13086,7.125827e-04,99.652,7.150685e-06,0
109.16138,5.977629e-04,99.653,5.998454e-06,0
109.19189,4.910221e-04,99.653,4.927304e-06,0
109.22241,5.549149e-04,99.654,5.568429e-06,0
109.25293,4.152518e-04,99.654,4.166926e-06,0
109.28345,3.507025e-04,99.655,3.519177e-06,0
109.31396,3.868085e-04,99.655,3.881470e-06,0
109.34448,4.909177e-04,99.656,4.926141e-06,0
109.37500,5.632703e-04,99.656,5.652141e-06,0
109.40552,5.695600e-04,99.657,5.715228e-06,0
109.43604,5.912233e-04,99.657,5.932580e-06,0
109.46655,6.363494e-04,99.657,6.385365e-06,0
109.49707,6.835934e-04,99.658,6.859396e-06,0
109.52759,6.306180e-04,99.658,6.327794e-06,0
109.55811,4.963627e-04,99.659,4.980617e-06,0
109.58862,4.646730e-04,99.659,4.662613e-06,0
109.61914,5.239351e-04,99.660,5.257235e-06,0
109.64966,6.493066e-04,99.660,6.515199e-06,0
109.68018,6.432953e-04,99.661,6.454851e-06,0
109.71069,5.729345e-04,99.661,5.748822e-06,0
109.74121,5.799079e-04,99.662,5.818766e-06,0
109.77173,6.475685e-04,99.662,6.497639e-06,0
109.80225,5.495970e-04,99.663,5.514576e-06,0
109.83276,5.672893e-04,99.663,5.692072e-06,0
109.86328,5.068094e-04,99.664,5.085204e-06,0
109.89380,3.892602e-04,99.664,3.905725e-06,0
109.92432,5.064961e-04,99.664,5.082013e-06,0
109.95483,6.188311e-04,99.665,6.209116e-06,0
109.98535,5.798128e-04,99.665,5.817595e-06,0
110.01587,5.964667e-04,99.666,5.984665e-06,0
110.04639,6.860508e-04,99.666,6.883478e-06,0
110.07690,6.679666e-04,99.667,6.701999e-06,0
110.10742,5.865303e-04,99.667,5.884886e-06,0
110.13794,5.679325e-04,99.668,5.698260e-06,0
110.16846,6.275287e-04,99.668,6.296180e-06,0
110.19897,6.499632e-04,99.669,6.521242e-06,0
110.22949,6.425003e-04,99.669,6.446335e-06,0
110.26001,6.321109e-04,99.670,6.342067e-06,0
110.29053,6.231082e-04,99.670,6.251712e-06,0
110.32104,5.917395e-04,99.670,5.936959e-06,0
110.35156,5.099124e-04,99.671,5.115959e-06,0
110.38208,5.356836e-04,99.671,5.374497e-06,0
110.41260,5.460695e-04,99.672,5.478673e-06,0
110.44312,4.854911e-04,99.672,4.870872e-06,0
110.47363,5.041845e-04,99.673,5.058398e-06,0
110.50415,4.291043e-04,99.673,4.305110e-06,0
110.53467,3.601647e-04,99.674,3.613438e-06,0
110.56519,5.063588e-04,99.674,5.080141e-06,0
110.59570,5.434350e-04,99.675,5.452090e-06,0
110.62622,4.424689e-04,99.675,4.439112e-06,0
110.65674,4.663371e-04,99.676,4.678551e-06,0
110.68726,5.450417e-04,99.676,5.468134e-06,0
110.71777,5.902215e-04,99.676,5.921372e-06,0
110.74829,5.601646e-04,99.677,5.619803e-06,0
110.77881,6.201756e-04,99.677,6.221829e-06,0
110.80933,5.403745e-04,99.678,5.421210e-06,0
110.83984,4.871294e-04,99.678,4.887015e-06,0
110.87036,4.685471e-04,99.679,4.700571e-06,0
110.90088,4.717023e-04,99.679,4.732203e-06,0
110.93140,4.329187e-04,99.680,4.343099e-06,0
110.96191,4.321914e-04,99.680,4.335782e-06,0
110.99243,5.119728e-04,99.681,5.136133e-06,0
111.02295,6.763456e-04,99.681,6.785097e-06,0
111.05347,6.681947e-04,99.682,6.703296e-06,0
111.08398,6.838471e-04,99.682,6.860288e-06,0
111.11450,9.148856e-04,99.682,9.178002e-06,0
111.14502,7.684642e-04,99.683,7.709088e-06,0
111.17554,6.904985e-04,99.683,6.926919e-06,0
111.20605,5.601506e-04,99.684,5.619274e-06,0
111.23657,5.558087e-04,99.684,5.575691e-06,0
111.26709,5.736748e-04,99.685,5.754892e-06,0
111.29761,5.919332e-04,99.685,5.938026e-06,0
111.32812,5.721300e-04,99.686,5.739342e-06,0
111.35864,5.354960e-04,99.686,5.371822e-06,0
111.38916,6.321361e-04,99.687,6.341237e-06,0
111.41968,4.891963e-04,99.687,4.907322e-06,0
111.45020,6.897805e-04,99.687,6.919430e-06,0
111.48071,7.062190e-04,99.688,7.084298e-06,0
111.51123,5.602451e-04,99.688,5.619963e-06,0
111.54175,5.459919e-04,99.689,5.476961e-06,0
111.57227,5.021579e-04,99.689,5.037230e-06,0
111.60278,4.802762e-04,99.690,4.817709e-06,0
111.63330,4.665441e-04,99.690,4.679939e-06,0
111.66382,4.919999e-04,99.691,4.935265e-06,0
111.69434,5.451749e-04,99.691,5.468640e-06,0
111.72485,6.286187e-04,99.692,6.305635e-06,0
111.75537,5.227661e-04,99.692,5.243810e-06,0
111.78589,4.198030e-04,99.692,4.210979e-06,0
111.81641,5.360013e-04,99.693,5.376522e-06,0
111.84692,5.826114e-04,99.693,5.844032e-06,0
111.87744,4.636935e-04,99.694,4.651174e-06,0
111.90796,4.169886e-04,99.694,4.182671e-06,0
111.93848,5.082550e-04,99.695,5.098111e-06,0
111.96899,5.508782e-04,99.695,5.525623e-06,0
111.99951,6.582203e-04,99.696,6.602296e-06,0
112.03003,5.638472e-04,99.696,5.655658e-06,0
112.06055,4.068092e-04,99.697,4.080472e-06,0
112.09106,5.825478e-04,99.697,5.843180e-06,0
112.12158,5.885806e-04,99.697,5.903665e-06,0
112.15210,5.187294e-04,99.698,5.203010e-06,0
112.18262,3.985668e-04,99.698,3.997725e-06,0
112.21313,6.013091e-04,99.699,6.031253e-06,0
112.24365,7.510005e-04,99.699,7.532654e-06,0
112.27417,7.862227e-04,99.700,7.885903e-06,0
112.30469,6.081972e-04,99.700,6.100259e-06,0
112.33521,7.363593e-04,99.701,7.385700e-06,0
112.36572,8.306083e-04,99.701,8.330982e-06,0
112.39624,6.339176e-04,99.702,6.358150e-06,0
112.42676,5.223119e-04,99.702,5.238729e-06,0
112.45728,6.869888e-04,99.702,6.890388e-06,0
112.48779,6.243803e-04,99.703,6.262405e-06,0
112.51831,5.894062e-04,99.703,5.911596e-06,0
112.54883,5.373959e-04,99.704,5.389922e-06,0
112.57935,5.469744e-04,99.704,5.485966e-06,0
112.60986,6.518260e-04,99.705,6.537562e-06,0
112.64038,5.948033e-04,99.705,5.965620e-06,0
112.67090,4.866769e-04,99.706,4.881136e-06,0
112.70142,5.155483e-04,99.706,5.170679e-06,0
112.73193,5.236484e-04,99.707,5.251895e-06,0
112.76245,5.639081e-04,99.707,5.655651e-06,0
112.79297,6.201752e-04,99.707,6.219948e-06,0
112.82349,5.885773e-04,99.708,5.903014e-06,0
112.85400,5.665169e-04,99.708,5.681739e-06,0
112.88452,6.404270e-04,99.709,6.422972e-06,0
112.91504,5.984774e-04,99.709,6.002224e-06,0
112.94556,5.973924e-04,99.710,5.991315e-06,0
112.97607,6.403367e-04,99.710,6.421979e-06,0
113.00659,7.199291e-04,99.711,7.220184e-06,0
113.03711,6.866358e-04,99.711,6.886254e-06,0
113.06763,6.711775e-04,99.712,6.731192e-06,0
113.09814,5.722446e-04,99.712,5.738975e-06,0
113.12866,4.765772e-04,99.712,4.779517e-06,0
113.15918,5.918475e-04,99.713,5.935517e-06,0
113.18970,5.556046e-04,99.713,5.572019e-06,0
113.22021,4.621720e-04,99.714,4.634986e-06,0
113.25073,5.442881e-04,99.714,5.458480e-06,0
113.28125,6.883045e-04,99.715,6.902740e-06,0
113.31177,7.627449e-04,99.715,7.649239e-06,0
113.34229,7.431986e-04,99.716,7.453185e-06,0
113.37280,5.256864e-04,99.716,5.271834e-06,0
113.40332,5.522636e-04,99.716,5.538339e-06,0
113.43384,4.616814e-04,99.717,4.629920e-06,0
113.46436,4.793794e-04,99.717,4.807381e-06,0
113.49487,5.951599e-04,99.718,5.968440e-06,0
113.52539,6.729579e-04,99.718,6.748591e-06,0
113.55591,4.946507e-04,99.719,4.960460e-06,0
113.58643,4.746225e-04,99.719,4.759592e-06,0
113.61694,5.924965e-04,99.720,5.941624e-06,0
113.64746,6.019424e-04,99.720,6.036321e-06,0
113.67798,5.782847e-04,99.721,5.799054e-06,0
113.70850,4.363868e-04,99.721,4.376078e-06,0
113.73901,5.029495e-04,99.721,5.043546e-06,0
113.76953,5.820627e-04,99.722,5.836861e-06,0
113.80005,5.974346e-04,99.722,5.990983e-06,0
113.83057,6.042053e-04,99.723,6.058851e-06,0
113.86108,5.339114e-04,99.723,5.353934e-06,0
113.89160,5.800908e-04,99.724,5.816983e-06,0
113.92212,5.328609e-04,99.724,5.343351e-06,0
113.95264,4.828881e-04,99.725,4.842219e-06,0
113.98315,5.340553e-04,99.725,5.355281e-06,0
114.01367,5.691128e-04,99.725,5.706796e-06,0
114.04419,5.020418e-04,99.726,5.034217e-06,0
114.07471,6.103506e-04,99.726,6.120255e-06,0
114.10522,7.085514e-04,99.727,7.104926e-06,0
114.13574,6.907297e-04,99.727,6.926189e-06,0
114.16626,6.052560e-04,99.728,6.069087e-06,0
114.19678,6.229082e-04,99.728,6.246064e-06,0
114.22729,4.833198e-04,99.729,4.846352e-06,0
114.25781,5.810777e-04,99.729,5.826566e-06,0
114.28833,6.822044e-04,99.729,6.840551e-06,0
114.31885,7.172145e-04,99.730,7.191569e-06,0
114.34937,5.101233e-04,99.730,5.115025e-06,0
114.37988,6.065087e-04,99.731,6.081458e-06,0
114.41040,6.065502e-04,99.731,6.081848e-06,0
114.44092,5.595718e-04,99.732,5.610773e-06,0
114.47144,5.437343e-04,99.732,5.451947e-06,0
114.50195,4.510365e-04,99.733,4.522459e-06,0
114.53247,5.391162e-04,99.733,5.405593e-06,0
114.56299,6.038631e-04,99.733,6.054769e-06,0
114.59351,5.189296e-04,99.734,5.203140e-06,0
114.62402,7.036089e-04,99.734,7.054829e-06,0
114.65454,6.726335e-04,99.735,6.744220e-06,0
114.68506,6.840901e-04,99.735,6.859060e-06,0
114.71558,7.475654e-04,99.736,7.495465e-06,0
114.74609,6.361602e-04,99.736,6.378432e-06,0
114.77661,6.331714e-04,99.737,6.348437e-06,0
114.80713,5.334315e-04,99.737,5.348380e-06,0
114.83765,4.789748e-04,99.737,4.802356e-06,0
114.86816,4.775838e-04,99.738,4.788387e-06,0
114.89868,5.725873e-04,99.738,5.740893e-06,0
114.92920,5.028562e-04,99.739,5.041731e-06,0
114.95972,4.833205e-04,99.739,4.845841e-06,0
114.99023,4.575165e-04,99.740,4.587106e-06,0
115.02075,4.616178e-04,99.740,4.628205e-06,0
115.05127,6.312453e-04,99.741,6.328872e-06,0
115.08179,5.643666e-04,99.741,5.658320e-06,0
115.11230,5.718865e-04,99.741,5.733688e-06,0
115.14282,5.618006e-04,99.742,5.632543e-06,0
115.17334,5.438103e-04,99.742,5.452150e-06,0
115.20386,4.511522e-04,99.743,4.523156e-06,0
115.23438,5.753933e-04,99.743,5.768746e-06,0
115.26489,6.521645e-04,99.744,6.538404e-06,0
115.29541,5.397506e-04,99.744,5.411352e-06,0
115.32593,6.409976e-04,99.745,6.426392e-06,0
115.35645,4.715191e-04,99.745,4.727245e-06,0
115.38696,5.239700e-04,99.745,5.253072e-06,0
115.41748,5.570188e-04,99.746,5.584379e-06,0
115.44800,6.761266e-04,99.746,6.778461e-06,0
115.47852,5.642874e-04,99.747,5.657200e-06,0
115.50903,5.353412e-04,99.747,5.366980e-06,0
115.53955,5.115639e-04,99.748,5.128581e-06,0
115.57007,4.372932e-04,99.748,4.383976e-06,0
115.60059,5.259438e-04,99.749,5.272697e-06,0
115.63110,6.770378e-04,99.749,6.787416e-06,0
115.66162,7.459023e-04,99.749,7.477761e-06,0
115.69214,7.093281e-04,99.750,7.111069e-06,0
115.72266,7.533425e-04,99.750,7.552283e-06,0
115.75317,5.378364e-04,99.751,5.391804e-06,0
115.78369,4.534795e-04,99.751,4.546107e-06,0
115.81421,4.599291e-04,99.752,4.610743e-06,0
115.84473,5.312227e-04,99.752,5.325431e-06,0
115.87524,6.889113e-04,99.752,6.906206e-06,0
115.90576,6.525970e-04,99.753,6.542134e-06,0
115.93628,4.754564e-04,99.753,4.766319e-06,0
115.96680,5.891126e-04,99.754,5.905665e-06,0
115.99731,6.082908e-04,99.754,6.097894e-06,0
116.02783,5.349900e-04,99.755,5.363055e-06,0
116.05835,4.820956e-04,99.755,4.832790e-06,0
116.08887,5.038865e-04,99.756,5.051211e-06,0
116.11938,5.349069e-04,99.756,5.362152e-06,0
116.14990,6.131919e-04,99.756,6.146889e-06,0
116.18042,7.165554e-04,99.757,7.183017e-06,0
116.21094,6.510663e-04,99.757,6.526501e-06,0
116.24146,5.791803e-04,99.758,5.805866e-06,0
116.27197,5.370113e-04,99.758,5.383129e-06,0
116.30249,7.142122e-04,99.759,7.159402e-06,0
116.33301,6.416711e-04,99.759,6.432207e-06,0
116.36353,5.295567e-04,99.760,5.308332e-06,0
116.39404,4.466338e-04,99.760,4.477085e-06,0
116.42456,5.648727e-04,99.760,5.662294e-06,0
116.45508,5.844064e-04,99.761,5.858075e-06,0
116.48560,6.274824e-04,99.761,6.289839e-06,0
116.51611,6.953386e-04,99.762,6.969995e-06,0
116.54663,8.719893e-04,99.762,8.740683e-06,0
116.57715,8.463708e-04,99.763,8.483849e-06,0
116.60767,6.951912e-04,99.763,6.968426e-06,0
116.63818,7.413808e-04,99.763,7.431386e-06,0
116.66870,6.205445e-04,99.764,6.220131e-06,0
116.69922,5.863718e-04,99.764,5.877570e-06,0
116.72974,6.829957e-04,99.765,6.846061e-06,0
116.76025,7.039923e-04,99.765,7.056491e-06,0
116.79077,6.669831e-04,99.766,6.685499e-06,0
116.82129,5.476097e-04,99.766,5.488937e-06,0
116.85181,5.317027e-04,99.767,5.329470e-06,0
116.88232,4.574605e-04,99.767,4.585291e-06,0
116.91284,5.422539e-04,99.767,5.435182e-06,0
116.94336,5.248156e-04,99.768,5.260369e-06,0
116.97388,5.510890e-04,99.768,5.523690e-06,0
117.00439,6.972621e-04,99.769,6.988786e-06,0
117.03491,5.270033e-04,99.769,5.282227e-06,0
117.06543,3.912353e-04,99.770,3.921389e-06,0
117.09595,4.845896e-04,99.770,4.857067e-06,0
117.12646,5.390321e-04,99.770,5.402723e-06,0
117.15698,5.264103e-04,99.771,5.276192e-06,0
117.18750,4.642709e-04,99.771,4.653350e-06,0
117.21802,5.871357e-04,99.772,5.884789e-06,0
117.24854,6.619620e-04,99.772,6.634735e-06,0
117.27905,6.729482e-04,99.773,6.744818e-06,0
117.30957,6.363710e-04,99.773,6.378185e-06,0
117.34009,4.847473e-04,99.773,4.858478e-06,0
117.37061,5.356259e-04,99.774,5.368396e-06,0
117.40112,5.413540e-04,99.774,5.425783e-06,0
117.43164,5.007003e-04,99.775,5.018305e-06,0
117.46216,6.055099e-04,99.775,6.068740e-06,0
117.49268,5.486839e-04,99.776,5.499175e-06,0
117.52319,5.469481e-04,99.776,5.481755e-06,0
117.55371,6.254612e-04,99.777,6.268620e-06,0
117.58423,4.969666e-04,99.777,4.980775e-06,0
117.61475,4.841457e-04,99.777,4.852259e-06,0
117.64526,6.423708e-04,99.778,6.438011e-06,0
117.67578,6.672731e-04,99.778,6.687560e-06,0
117.70630,4.828922e-04,99.779,4.839632e-06,0
117.73682,4.108746e-04,99.779,4.117841e-06,0
117.76733,3.579149e-04,99.780,3.587057e-06,0
117.79785,6.262831e-04,99.780,6.276640e-06,0
117.82837,5.802230e-04,99.780,5.814998e-06,0
117.85889,4.211763e-04,99.781,4.221013e-06,0
117.88940,5.506898e-04,99.781,5.518968e-06,0
117.91992,5.977149e-04,99.782,5.990225e-06,0
117.95044,5.188941e-04,99.782,5.200270e-06,0
117.98096,5.372900e-04,99.783,5.384606e-06,0
118.01147,6.295458e-04,99.783,6.309148e-06,0
118.04199,6.366750e-04,99.783,6.380567e-06,0
118.07251,6.092143e-04,99.784,6.105337e-06,0
118.10303,7.822232e-04,99.784,7.839139e-06,0
118.13354,7.891793e-04,99.785,7.908817e-06,0
118.16406,6.410617e-04,99.785,6.424418e-06,0
118.19458,4.672324e-04,99.786,4.682362e-06,0
118.22510,4.982927e-04,99.786,4.993612e-06,0
118.25562,6.114484e-04,99.786,6.127568e-06,0
118.28613,5.550634e-04,99.787,5.562487e-06,0
118.31665,4.720354e-04,99.787,4.730414e-06,0
118.34717,5.059355e-04,99.788,5.070116e-06,0
118.37769,5.076801e-04,99.788,5.087576e-06,0
118.40820,6.007278e-04,99.789,6.020003e-06,0
118.43872,6.431281e-04,99.789,6.444876e-06,0
118.46924,4.636529e-04,99.789,4.646310e-06,0
118.49976,5.064598e-04,99.790,5.075260e-06,0
118.53027,6.292336e-04,99.790,6.305556e-06,0
118.56079,6.924166e-04,99.791,6.938683e-06,0
118.59131,6.735484e-04,99.791,6.749576e-06,0
118.62183,7.109556e-04,99.792,7.124400e-06,0
118.65234,5.838553e-04,99.792,5.850718e-06,0
118.68286,5.581932e-04,99.793,5.593539e-06,0
118.71338,6.155988e-04,99.793,6.168761e-06,0
118.74390,5.453717e-04,99.793,5.465010e-06,0
118.77441,5.278949e-04,99.794,5.289857e-06,0
118.80493,3.779850e-04,99.794,3.787644e-06,0
118.83545,5.675087e-04,99.795,5.686765e-06,0
118.86597,5.767613e-04,99.795,5.779457e-06,0
118.89648,5.862485e-04,99.796,5.874498e-06,0
118.92700,6.843253e-04,99.796,6.857246e-06,0
118.95752,6.473230e-04,99.796,6.486439e-06,0
118.98804,7.335849e-04,99.797,7.350786e-06,0
119.01855,6.643194e-04,99.797,6.656692e-06,0
119.04907,5.205364e-04,99.798,5.215918e-06,0
119.07959,5.167049e-04,99.798,5.177504e-06,0
119.11011,6.565055e-04,99.799,6.578310e-06,0
119.14062,8.305815e-04,99.799,8.322548e-06,0
119.17114,7.280528e-04,99.799,7.295164e-06,0
119.20166,6.078338e-04,99.800,6.090531e-06,0
119.23218,6.443758e-04,99.800,6.456657e-06,0
119.26270,8.068133e-04,99.801,8.084249e-06,0
119.29321,9.439114e-04,99.801,9.457928e-06,0
119.32373,6.840463e-04,99.802,6.854068e-06,0
119.35425,8.151673e-04,99.802,8.167851e-06,0
119.38477,8.931376e-04,99.802,8.949063e-06,0
119.41528,8.129401e-04,99.803,8.145465e-06,0
119.44580,8.187772e-04,99.803,8.203916e-06,0
119.47632,9.294618e-04,99.804,9.312905e-06,0
119.50684,7.681429e-04,99.804,7.696509e-06,1
119.53735,7.369907e-04,99.804,7.384344e-06,1
119.56787,7.487691e-04,99.805,7.502326e-06,1
119.59839,7.174616e-04,99.805,7.188609e-06,1
119.62891,7.113348e-04,99.806,7.127191e-06,1
119.65942,7.582143e-04,99.806,7.596865e-06,1
119.68994,9.879034e-04,99.807,9.898174e-06,1
119.72046,8.179659e-04,99.807,8.195471e-06,1
119.75098,9.129484e-04,99.807,9.147094e-06,1
119.78149,1.316873e-03,99.808,1.319407e-05,1
119.81201,1.310047e-03,99.808,1.312563e-05,1
119.84253,9.491027e-04,99.809,9.509213e-06,1
119.87305,2.076662e-03,99.809,2.080633e-05,1
119.90356,2.758170e-03,99.810,2.763432e-05,1
119.93408,2.377046e-03,99.810,2.381570e-05,1
119.96460,7.960097e-03,99.810,7.975213e-05,1
119.99512,1.741258e-02,99.811,1.744557e-04,1
120.02563,1.046038e-02,99.811,1.048016e-04,1
120.05615,2.409738e-03,99.812,2.414283e-05,1
120.08667,2.338067e-03,99.812,2.342467e-05,1
120.11719,2.129080e-03,99.813,2.133078e-05,1
120.14771,1.149217e-03,99.813,1.151370e-05,1
120.17822,1.256129e-03,99.813,1.258477e-05,1
120.20874,1.442352e-03,99.814,1.445042e-05,1
120.23926,1.145246e-03,99.814,1.147377e-05,1
120.26978,9.185856e-04,99.815,9.202908e-06,1
120.30029,7.227144e-04,99.815,7.240529e-06,1
120.33081,8.957030e-04,99.816,8.973582e-06,1
120.36133,8.543676e-04,99.816,8.559427e-06,1
120.39185,7.845180e-04,99.816,7.859610e-06,1
120.42236,8.501477e-04,99.817,8.517078e-06,1
120.45288,8.852760e-04,99.817,8.868968e-06,1
120.48340,7.803050e-04,99.818,7.817303e-06,1
120.51392,9.858481e-04,99.818,9.876447e-06,0
120.54443,8.690600e-04,99.819,8.706400e-06,0
120.57495,7.364980e-04,99.819,7.378339e-06,0
120.60547,9.257165e-04,99.819,9.273917e-06,0
120.63599,9.095898e-04,99.820,9.112319e-06,0
120.66650,8.849578e-04,99.820,8.865517e-06,0
120.69702,8.703272e-04,99.821,8.718911e-06,0
120.72754,7.942301e-04,99.821,7.956539e-06,0
120.75806,6.562895e-04,99.821,6.574632e-06,0
120.78857,8.686464e-04,99.822,8.701962e-06,0
120.81909,1.039881e-03,99.822,1.041732e-05,0
120.84961,7.360272e-04,99.823,7.373341e-06,0
120.88013,5.952191e-04,99.823,5.962735e-06,0
120.91064,6.840820e-04,99.824,6.852909e-06,0
120.94116,7.341428e-04,99.824,7.354371e-06,0
120.97168,6.592493e-04,99.824,6.604087e-06,0
121.00220,6.979182e-04,99.825,6.991427e-06,0
121.03271,6.873635e-04,99.825,6.885666e-06,0
121.06323,7.945538e-04,99.826,7.959412e-06,0
121.09375,6.175345e-04,99.826,6.186102e-06,0
121.12427,7.808786e-04,99.827,7.822355e-06,0
121.15479,7.472590e-04,99.827,7.485542e-06,0
121.18530,5.328328e-04,99.827,5.337541e-06,0
121.21582,5.604361e-04,99.828,5.614029e-06,0
121.24634,4.767816e-04,99.828,4.776020e-06,0
121.27686,5.990054e-04,99.829,6.000336e-06,0
121.30737,5.634108e-04,99.829,5.643755e-06,0
121.33789,4.951637e-04,99.829,4.960094e-06,0
121.36841,4.882228e-04,99.830,4.890546e-06,0
121.39893,4.815733e-04,99.830,4.823918e-06,0
121.42944,4.443335e-04,99.831,4.450868e-06,0
121.45996,5.504035e-04,99.831,5.513343e-06,0
121.49048,6.193473e-04,99.832,6.203921e-06,0
121.52100,7.209752e-04,99.832,7.221884e-06,0
121.55151,8.603257e-04,99.832,8.617698e-06,0
121.58203,6.936563e-04,99.833,6.948177e-06,0
121.61255,4.402474e-04,99.833,4.409826e-06,0
121.64307,5.893778e-04,99.834,5.903597e-06,0
121.67358,6.961635e-04,99.834,6.973203e-06,0
121.70410,6.290486e-04,99.835,6.300912e-06,0
121.73462,5.327737e-04,99.835,5.336545e-06,0
121.76514,6.649422e-04,99.835,6.660388e-06,0
121.79565,6.801175e-04,99.836,6.812362e-06,0
121.82617,6.162897e-04,99.836,6.173009e-06,0
121.85669,6.253998e-04,99.837,6.264232e-06,0
121.88721,7.335646e-04,99.837,7.347619e-06,0
121.91772,6.035253e-04,99.837,6.045078e-06,0
121.94824,6.209201e-04,99.838,6.219284e-06,0
121.97876,5.578886e-04,99.838,5.587922e-06,0
122.00928,5.768381e-04,99.839,5.777700e-06,0
122.03979,6.363910e-04,99.839,6.374164e-06,0
122.07031,7.928190e-04,99.840,7.940931e-06,0
122.10083,8.846044e-04,99.840,8.860223e-06,0
122.13135,5.957925e-04,99.840,5.967450e-06,0
122.16187,5.666073e-04,99.841,5.675108e-06,0
122.19238,6.561351e-04,99.841,6.571786e-06,0
122.22290,6.251079e-04,99.842,6.260994e-06,0
122.25342,5.346418e-04,99.842,5.354876e-06,0
122.28394,6.769679e-04,99.842,6.780360e-06,0
122.31445,6.869960e-04,99.843,6.880770e-06,0
122.34497,4.833993e-04,99.843,4.841579e-06,0
122.37549,5.501011e-04,99.844,5.509621e-06,0
122.40601,6.260661e-04,99.844,6.270434e-06,0
122.43652,6.980593e-04,99.845,6.991460e-06,0
122.46704,7.083371e-04,99.845,7.094369e-06,0
122.49756,6.085777e-04,99.845,6.095201e-06,0
122.52808,5.848370e-04,99.846,5.857402e-06,0
122.55859,6.926157e-04,99.846,6.936824e-06,0
122.58911,7.498060e-04,99.847,7.509576e-06,0
122.61963,6.041093e-04,99.847,6.050346e-06,0
122.65015,4.295181e-04,99.847,4.301742e-06,0
122.68066,5.968337e-04,99.848,5.977430e-06,0
122.71118,6.215553e-04,99.848,6.224996e-06,0
122.74170,6.630542e-04,99.849,6.640588e-06,0
122.77222,5.769234e-04,99.849,5.777951e-06,0
122.80273,4.611514e-04,99.850,4.618463e-06,0
122.83325,5.555214e-04,99.850,5.563561e-06,0
122.86377,5.901852e-04,99.850,5.910695e-06,0
122.89429,5.077732e-04,99.851,5.085320e-06,0
122.92480,5.729241e-04,99.851,5.737778e-06,0
122.95532,5.522272e-04,99.852,5.530478e-06,0
122.98584,3.791510e-04,99.852,3.797128e-06,0
123.01636,4.805256e-04,99.852,4.812356e-06,0
123.04688,5.330270e-04,99.853,5.338124e-06,0
123.07739,4.648233e-04,99.853,4.655063e-06,0
123.10791,5.509543e-04,99.854,5.517615e-06,0
123.13843,6.904583e-04,99.854,6.914671e-06,0
123.16895,5.006727e-04,99.855,5.014020e-06,0
123.19946,4.750409e-04,99.855,4.757309e-06,0
123.22998,4.534205e-04,99.855,4.540772e-06,0
123.26050,6.082030e-04,99.856,6.090814e-06,0
123.29102,6.534813e-04,99.856,6.544224e-06,0
123.32153,5.082866e-04,99.857,5.090165e-06,0
123.35205,5.106433e-04,99.857,5.113745e-06,0
123.38257,6.233350e-04,99.857,6.242249e-06,0
123.41309,4.608719e-04,99.858,4.615280e-06,0
123.44360,6.279154e-04,99.858,6.288067e-06,0
123.47412,8.214249e-04,99.859,8.225875e-06,0
123.50464,6.620767e-04,99.859,6.630110e-06,0
123.53516,6.365869e-04,99.859,6.374826e-06,0
123.56567,6.534740e-04,99.860,6.543907e-06,0
123.59619,5.333062e-04,99.860,5.340522e-06,0
123.62671,5.862512e-04,99.861,5.870687e-06,0
123.65723,5.589052e-04,99.861,5.596823e-06,0
123.68774,6.562717e-04,99.862,6.571815e-06,0
123.71826,7.679739e-04,99.862,7.690354e-06,0
123.74878,7.449185e-04,99.862,7.459450e-06,0
123.77930,6.432987e-04,99.863,6.441826e-06,0
123.80981,4.429948e-04,99.863,4.436016e-06,0
123.84033,5.964509e-04,99.864,5.972655e-06,0
123.87085,5.713337e-04,99.864,5.721115e-06,0
123.90137,4.912668e-04,99.864,4.919336e-06,0
123.93188,6.475553e-04,99.865,6.484316e-06,0
123.96240,5.800229e-04,99.865,5.808054e-06,0
123.99292,7.089353e-04,99.866,7.098888e-06,0
124.02344,5.179344e-04,99.866,5.186289e-06,0
124.05396,6.072213e-04,99.867,6.080329e-06,0
124.08447,6.928430e-04,99.867,6.937663e-06,0
124.11499,6.929096e-04,99.867,6.938301e-06,0
124.14551,6.730809e-04,99.868,6.739723e-06,0
124.17603,7.818069e-04,99.868,7.828390e-06,0
124.20654,7.796883e-04,99.869,7.807145e-06,0
124.23706,6.033106e-04,99.869,6.041021e-06,0
124.26758,7.749416e-04,99.869,7.759551e-06,0
124.29810,8.240704e-04,99.870,8.251448e-06,0
124.32861,5.246474e-04,99.870,5.253293e-06,0
124.35913,4.967767e-04,99.871,4.974202e-06,0
124.38965,6.356953e-04,99.871,6.365163e-06,0
124.42017,6.158205e-04,99.871,6.166132e-06,0
124.45068,9.448474e-04,99.872,9.460598e-06,0
124.48120,7.813027e-04,99.872,7.823020e-06,0
124.51172,6.174492e-04,99.873,6.182365e-06,0
124.54224,5.771192e-04,99.873,5.778526e-06,0
124.57275,4.933848e-04,99.873,4.940098e-06,0
124.60327,5.683472e-04,99.874,5.690648e-06,0
124.63379,7.292447e-04,99.874,7.301624e-06,0
124.66431,8.836218e-04,99.875,8.847302e-06,0
124.69482,6.674823e-04,99.875,6.683169e-06,0
124.72534,5.443252e-04,99.876,5.450036e-06,0
124.75586,4.871168e-04,99.876,4.877218e-06,0
124.78638,5.200951e-04,99.876,5.207390e-06,0
124.81689,5.988874e-04,99.877,5.996263e-06,0
124.84741,6.239113e-04,99.877,6.246785e-06,0
124.87793,6.413413e-04,99.878,6.421274e-06,0
124.90845,7.202831e-04,99.878,7.211630e-06,0
124.93896,7.929884e-04,99.878,7.939539e-06,0
124.96948,1.191572e-03,99.879,1.193018e-05,0
125.00000,2.117533e-03,99.879,2.120093e-05,0
125.03052,1.164627e-03,99.880,1.166031e-05,0
125.06104,9.208682e-04,99.880,9.219743e-06,0
125.09155,1.117720e-03,99.880,1.119058e-05,0
125.12207,9.692739e-04,99.881,9.704302e-06,0
125.15259,7.057911e-04,99.881,7.066302e-06,0
125.18311,7.689107e-04,99.882,7.698216e-06,0
125.21362,6.918745e-04,99.882,6.926914e-06,0
125.24414,5.335155e-04,99.882,5.341433e-06,0
125.27466,5.035320e-04,99.883,5.041224e-06,0
125.30518,5.116073e-04,99.883,5.122051e-06,0
125.33569,6.263471e-04,99.884,6.270764e-06,0
125.36621,6.728782e-04,99.884,6.736589e-06,0
125.39673,5.550346e-04,99.885,5.556763e-06,0
125.42725,5.974580e-04,99.885,5.981463e-06,0
125.45776,6.252317e-04,99.885,6.259495e-06,0
125.48828,5.319812e-04,99.886,5.325898e-06,0
125.51880,5.383430e-04,99.886,5.389566e-06,0
125.54932,5.826896e-04,99.887,5.833514e-06,0
125.57983,5.616155e-04,99.887,5.622511e-06,0
125.61035,5.103056e-04,99.887,5.108811e-06,0
125.64087,6.174420e-04,99.888,6.181358e-06,0
125.67139,6.894880e-04,99.888,6.902598e-06,0
125.70190,5.938831e-04,99.889,5.945455e-06,0
125.73242,6.677262e-04,99.889,6.684683e-06,0
125.76294,6.479634e-04,99.889,6.486808e-06,0
125.79346,5.534548e-04,99.890,5.540654e-06,0
125.82397,5.981884e-04,99.890,5.988459e-06,0
125.85449,5.664857e-04,99.891,5.671060e-06,0
125.88501,4.150231e-04,99.891,4.154759e-06,0
125.91553,5.320103e-04,99.891,5.325885e-06,0
125.94604,5.446051e-04,99.892,5.451948e-06,0
125.97656,6.076212e-04,99.892,6.082768e-06,0
126.00708,7.307317e-04,99.893,7.315171e-06,0
126.03760,6.805563e-04,99.893,6.812849e-06,0
126.06812,6.905639e-04,99.893,6.913005e-06,0
126.09863,4.714380e-04,99.894,4.719389e-06,0
126.12915,6.885908e-04,99.894,6.893197e-06,0
126.15967,5.345926e-04,99.895,5.351563e-06,0
126.19019,4.745216e-04,99.895,4.750200e-06,0
126.22070,5.836485e-04,99.895,5.842592e-06,0
126.25122,6.643472e-04,99.896,6.650397e-06,0
126.28174,6.693422e-04,99.896,6.700371e-06,0
126.31226,5.589969e-04,99.897,5.595750e-06,0
126.34277,5.092874e-04,99.897,5.098120e-06,0
126.37329,5.182705e-04,99.897,5.188023e-06,0
126.40381,4.373269e-04,99.898,4.377738e-06,0
126.43433,4.738283e-04,99.898,4.743107e-06,0
126.46484,5.392068e-04,99.899,5.397535e-06,0
126.49536,6.013620e-04,99.899,6.019694e-06,0
126.52588,6.756954e-04,99.900,6.763751e-06,0
126.55640,6.329711e-04,99.900,6.336053e-06,0
126.58691,5.074818e-04,99.900,5.079881e-06,0
126.61743,5.832792e-04,99.901,5.838588e-06,0
126.64795,6.525553e-04,99.901,6.532011e-06,0
126.67847,5.241257e-04,99.902,5.246424e-06,0
126.70898,5.226899e-04,99.902,5.232029e-06,0
126.73950,4.919372e-04,99.902,4.924181e-06,0
126.77002,6.235159e-04,99.903,6.241230e-06,0
126.80054,6.227912e-04,99.903,6.233950e-06,0
126.83105,6.588746e-04,99.904,6.595107e-06,0
126.86157,6.170247e-04,99.904,6.176180e-06,0
126.89209,5.314298e-04,99.904,5.319386e-06,0
126.92261,6.327934e-04,99.905,6.333967e-06,0
126.95312,8.104981e-04,99.905,8.112675e-06,0
126.98364,7.231229e-04,99.906,7.238065e-06,0
127.01416,5.033007e-04,99.906,5.037745e-06,0
127.04468,6.218565e-04,99.906,6.224394e-06,0
127.07520,4.669511e-04,99.907,4.673869e-06,0
127.10571,4.937937e-04,99.907,4.942525e-06,0
127.13623,7.098497e-04,99.908,7.105065e-06,0
127.16675,8.400685e-04,99.908,8.408423e-06,0
127.19727,5.815823e-04,99.908,5.821157e-06,0
127.22778,5.186516e-04,99.909,5.191252e-06,0
127.25830,6.218909e-04,99.909,6.224562e-06,0
127.28882,7.222706e-04,99.910,7.229243e-06,0
127.31934,5.809676e-04,99.910,5.814911e-06,0
127.34985,6.684864e-04,99.910,6.690861e-06,0
127.38037,6.982440e-04,99.911,6.988675e-06,0
127.41089,5.775779e-04,99.911,5.780914e-06,0
127.44141,3.756553e-04,99.912,3.759878e-06,0
127.47192,3.886473e-04,99.912,3.889897e-06,0
127.50244,4.084419e-04,99.912,4.088001e-06,0
127.53296,4.284743e-04,99.913,4.288484e-06,0
127.56348,6.596082e-04,99.913,6.601814e-06,0
127.59399,5.542631e-04,99.914,5.547425e-06,0
127.62451,4.422445e-04,99.914,4.426253e-06,0
127.65503,6.148548e-04,99.914,6.153817e-06,0
127.68555,6.429581e-04,99.915,6.435065e-06,0
127.71606,6.224406e-04,99.915,6.229690e-06,0
127.74658,5.325419e-04,99.916,5.329919e-06,0
127.77710,4.836656e-04,99.916,4.840724e-06,0
127.80762,4.615824e-04,99.916,4.619687e-06,0
127.83813,4.994431e-04,99.917,4.998591e-06,0
127.86865,5.385023e-04,99.917,5.389487e-06,0
127.89917,5.159610e-04,99.918,5.163867e-06,0
127.92969,5.759627e-04,99.918,5.764355e-06,0
127.96021,5.817275e-04,99.918,5.822027e-06,0
127.99072,6.840477e-04,99.919,6.846037e-06,0
128.02124,5.075095e-04,99.919,5.079201e-06,0
128.05176,3.683572e-04,99.920,3.686537e-06,0
128.08228,4.179669e-04,99.920,4.183017e-06,0
128.11279,4.477913e-04,99.920,4.481482e-06,0
128.14331,5.800487e-04,99.921,5.805086e-06,0
128.17383,6.070009e-04,99.921,6.074798e-06,0
128.20435,4.640476e-04,99.922,4.644118e-06,0
128.23486,3.217020e-04,99.922,3.219532e-06,0
128.26538,2.807793e-04,99.922,2.809974e-06,0
128.29590,3.721760e-04,99.923,3.724637e-06,0
128.32642,6.018410e-04,99.923,6.023038e-06,0
128.35693,7.229720e-04,99.924,7.235251e-06,0
128.38745,5.357214e-04,99.924,5.361291e-06,0
128.41797,4.115158e-04,99.924,4.118273e-06,0
128.44849,4.211045e-04,99.925,4.214216e-06,0
128.47900,4.493542e-04,99.925,4.496908e-06,0
128.50952,5.446500e-04,99.926,5.450558e-06,0
128.54004,6.324624e-04,99.926,6.329312e-06,0
128.57056,5.608197e-04,99.926,5.612331e-06,0
128.60107,4.942200e-04,99.927,4.945823e-06,0
128.63159,5.269651e-04,99.927,5.273494e-06,0
128.66211,7.090328e-04,99.928,7.095470e-06,0
128.69263,8.346471e-04,99.928,8.352490e-06,0
128.72314,6.778222e-04,99.928,6.783084e-06,0
128.75366,6.423205e-04,99.929,6.427787e-06,0
128.78418,5.551580e-04,99.929,5.555518e-06,0
128.81470,4.943203e-04,99.930,4.946689e-06,0
128.84521,5.121373e-04,99.930,5.124965e-06,0
128.87573,5.033007e-04,99.930,5.036517e-06,0
128.90625,6.142485e-04,99.931,6.146744e-06,0
128.93677,6.256489e-04,99.931,6.260803e-06,0
128.96729,5.970492e-04,99.931,5.974585e-06,0
128.99780,6.375150e-04,99.932,6.379495e-06,0
129.02832,7.202003e-04,99.932,7.206883e-06,0
129.05884,6.920788e-04,99.933,6.925450e-06,0
129.08936,7.411721e-04,99.933,7.416712e-06,0
129.11987,4.534630e-04,99.931,4.537752e-06,0
129.15039,7.198175e-04,99.930,7.203240e-06,0
129.18091,1.247572e-03,99.928,1.248469e-05,0
129.21143,9.070452e-04,99.927,9.077106e-06,0
129.24194,5.207571e-04,99.925,5.211469e-06,0
129.27246,6.114572e-04,99.924,6.119242e-06,0
129.30298,5.405423e-04,99.922,5.409633e-06,0
129.33350,4.840439e-04,99.921,4.844281e-06,0
129.36401,4.533241e-04,99.919,4.536907e-06,0
129.39453,4.547292e-04,99.918,4.551039e-06,0
129.42505,4.207148e-04,99.916,4.210677e-06,0
129.45557,4.174896e-04,99.915,4.178461e-06,0
129.48608,5.587036e-04,99.913,5.591891e-06,0
129.51660,6.164375e-04,99.912,6.169824e-06,0
129.54712,6.071685e-04,99.910,6.077144e-06,0
129.57764,7.619367e-04,99.909,7.626331e-06,0
129.60815,6.525438e-04,99.907,6.531500e-06,0
129.63867,6.481557e-04,99.906,6.487675e-06,0
129.66919,7.002836e-04,99.904,7.009552e-06,0
129.69971,5.811010e-04,99.903,5.816670e-06,0
129.73022,5.004837e-04,99.901,5.009786e-06,0
129.76074,5.092652e-04,99.900,5.097765e-06,0
129.79126,5.319449e-04,99.898,5.324870e-06,0
129.82178,6.127530e-04,99.897,6.133866e-06,0
129.85229,6.216780e-04,99.895,6.223300e-06,0
129.88281,4.605238e-04,99.894,4.610137e-06,0
129.91333,4.000430e-04,99.892,4.004746e-06,0
129.94385,5.061715e-04,99.891,5.067252e-06,0
129.97437,4.879978e-04,99.889,4.885389e-06,0
130.00488,4.994964e-04,99.888,5.000577e-06,0
130.03540,5.773480e-04,99.886,5.780055e-06,0
130.06592,5.156796e-04,99.885,5.162745e-06,0
130.09644,4.817811e-04,99.883,4.823441e-06,0
130.12695,4.866232e-04,99.882,4.871991e-06,0
130.15747,4.753126e-04,99.880,4.758823e-06,0
130.18799,5.432632e-04,99.879,5.439225e-06,0
130.21851,6.615590e-04,99.877,6.623717e-06,0
130.24902,6.855518e-04,99.876,6.864042e-06,0
130.27954,6.480136e-04,99.874,6.488290e-06,0
130.31006,5.811898e-04,99.873,5.819298e-06,0
130.34058,6.248397e-04,99.871,6.256445e-06,0
130.37109,5.259084e-04,99.870,5.265937e-06,0
130.40161,5.565689e-04,99.868,5.573025e-06,0
130.43213,5.516039e-04,99.867,5.523391e-06,0
130.46265,4.452642e-04,99.865,4.458643e-06,0
130.49316,4.922663e-04,99.864,4.929371e-06,0
130.52368,6.727603e-04,99.862,6.736871e-06,0
130.55420,8.017340e-04,99.861,8.028504e-06,0
130.58472,8.490621e-04,99.859,8.502571e-06,0
130.61523,7.081598e-04,99.858,7.091670e-06,0
130.64575,6.970206e-04,99.856,6.980223e-06,0
130.67627,6.269228e-04,99.855,6.278332e-06,0
130.70679,5.349172e-04,99.854,5.357019e-06,0
130.73730,4.966994e-04,99.852,4.974355e-06,0
130.76782,4.555396e-04,99.851,4.562215e-06,0
130.79834,4.806873e-04,99.849,4.814140e-06,0
130.82886,5.290739e-04,99.848,5.298815e-06,0
130.85938,5.785461e-04,99.846,5.794378e-06,0
130.88989,6.172812e-04,99.845,6.182419e-06,0
130.92041,6.912978e-04,99.843,6.923839e-06,0
130.95093,6.111021e-04,99.842,6.120713e-06,0
130.98145,6.331687e-04,99.840,6.341823e-06,0
131.01196,5.379970e-04,99.839,5.388662e-06,0
131.04248,4.633844e-04,99.837,4.641400e-06,0
131.07300,5.327190e-04,99.836,5.335956e-06,0
131.10352,5.421491e-04,99.834,5.430492e-06,0
131.13403,4.903462e-04,99.833,4.911676e-06,0
131.16455,5.733906e-04,99.831,5.743596e-06,0
131.19507,5.406939e-04,99.830,5.416156e-06,0
131.22559,3.785084e-04,99.828,3.791593e-06,0
131.25610,4.247204e-04,99.827,4.254570e-06,0
131.28662,4.064621e-04,99.825,4.071731e-06,0
131.31714,4.855334e-04,99.824,4.863899e-06,0
131.34766,5.283387e-04,99.822,5.292785e-06,0
131.37817,5.216434e-04,99.821,5.225791e-06,0
131.40869,4.210410e-04,99.819,4.218025e-06,0
131.43921,4.237234e-04,99.818,4.244960e-06,0
131.46973,5.766100e-04,99.817,5.776699e-06,0
131.50024,5.892809e-04,99.815,5.903728e-06,0
131.53076,5.982200e-04,99.814,5.993373e-06,0
131.56128,4.216314e-04,99.812,4.224251e-06,0
131.59180,4.550364e-04,99.811,4.558997e-06,0
131.62231,4.524822e-04,99.809,4.533474e-06,0
131.65283,5.439827e-04,99.808,5.450310e-06,0
131.68335,5.268985e-04,99.806,5.279216e-06,0
131.71387,4.697444e-04,99.805,4.706634e-06,0
131.74438,5.629644e-04,99.803,5.640741e-06,0
131.77490,6.019626e-04,99.802,6.031581e-06,0
131.80542,4.721276e-04,99.800,4.730723e-06,0
131.83594,4.613389e-04,99.799,4.622687e-06,0
131.86646,5.881441e-04,99.797,5.893382e-06,0
131.89697,6.371929e-04,99.796,6.384960e-06,0
131.92749,5.713903e-04,99.794,5.725673e-06,0
131.95801,4.727092e-04,99.793,4.736899e-06,0
131.98853,4.595240e-04,99.791,4.604841e-06,0
132.01904,4.357147e-04,99.790,4.366315e-06,0
132.04956,4.667746e-04,99.789,4.677637e-06,0
132.08008,4.499555e-04,99.787,4.509156e-06,0
132.11060,3.674767e-04,99.786,3.682662e-06,0
132.14111,4.003033e-04,99.784,4.011692e-06,0
132.17163,5.979283e-04,99.783,5.992305e-06,0
132.20215,5.452812e-04,99.781,5.464768e-06,0
132.23267,3.795580e-04,99.780,3.803958e-06,0
132.26318,4.814410e-04,99.778,4.825108e-06,0
132.29370,4.667649e-04,99.777,4.678089e-06,0
132.32422,4.861895e-04,99.775,4.872841e-06,0
132.35474,3.642660e-04,99.774,3.650915e-06,0
132.38525,3.437338e-04,99.772,3.445178e-06,0
132.41577,5.453082e-04,99.771,5.465600e-06,0
132.44629,5.621614e-04,99.770,5.634601e-06,0
132.47681,5.880651e-04,99.768,5.894323e-06,0
132.50732,5.464150e-04,99.767,5.476934e-06,0
132.53784,5.583125e-04,99.765,5.596269e-06,0
132.56836,4.771607e-04,99.764,4.782912e-06,0
132.59888,3.930326e-04,99.762,3.939695e-06,0
132.62939,5.495590e-04,99.761,5.508770e-06,0
132.65991,5.548796e-04,99.759,5.562186e-06,0
132.69043,5.162377e-04,99.758,5.174910e-06,0
132.72095,4.861582e-04,99.756,4.873457e-06,0
132.75146,5.897686e-04,99.755,5.912178e-06,0
132.78198,5.773424e-04,99.753,5.787695e-06,0
132.81250,5.037836e-04,99.752,5.050363e-06,0
132.84302,4.626889e-04,99.751,4.638462e-06,0
132.87354,5.524325e-04,99.749,5.538223e-06,0
132.90405,7.006681e-04,99.748,7.024411e-06,0
132.93457,5.329906e-04,99.746,5.343471e-06,0
132.96509,4.037654e-04,99.745,4.047990e-06,0
132.99561,5.412118e-04,99.743,5.426051e-06,0
133.02612,5.382692e-04,99.742,5.396629e-06,0
133.05664,5.837869e-04,99.740,5.853069e-06,0
133.08716,6.060896e-04,99.739,6.076765e-06,0
133.11768,4.253871e-04,99.737,4.265071e-06,0
133.14819,5.325042e-04,99.736,5.339141e-06,0
133.17871,5.931071e-04,99.734,5.946861e-06,0
133.20923,5.418045e-04,99.733,5.432549e-06,0
133.23975,4.960000e-04,99.732,4.973349e-06,0
133.27026,5.646806e-04,99.730,5.662087e-06,0
133.30078,6.230448e-04,99.729,6.247399e-06,0
133.33130,6.212382e-04,99.727,6.229375e-06,0
133.36182,6.375849e-04,99.726,6.393383e-06,0
133.39233,6.444190e-04,99.724,6.462006e-06,0
133.42285,5.207018e-04,99.723,5.221489e-06,0
133.45337,4.257078e-04,99.721,4.268971e-06,0
133.48389,4.018614e-04,99.720,4.029900e-06,0
133.51440,5.026215e-04,99.718,5.040404e-06,0
133.54492,6.410434e-04,99.717,6.428624e-06,0
133.57544,5.923608e-04,99.716,5.940503e-06,0
133.60596,5.260374e-04,99.714,5.275454e-06,0
133.63647,6.289968e-04,99.713,6.308091e-06,0
133.66699,5.967339e-04,99.711,5.984619e-06,0
133.69751,5.753422e-04,99.710,5.770167e-06,0
133.72803,5.292106e-04,99.708,5.307586e-06,0
133.75854,5.112709e-04,99.707,5.127739e-06,0
133.78906,4.351259e-04,99.705,4.364113e-06,0
133.81958,5.247829e-04,99.704,5.263409e-06,0
133.85010,7.315528e-04,99.703,7.337353e-06,0
133.88062,6.744241e-04,99.701,6.764460e-06,0
133.91113,4.472416e-04,99.700,4.485888e-06,0
133.94165,5.989264e-04,99.698,6.007393e-06,0
133.97217,6.284135e-04,99.697,6.303248e-06,0
134.00269,5.415656e-04,99.695,5.432207e-06,0
134.03320,4.403645e-04,99.694,4.417166e-06,0
134.06372,4.913041e-04,99.692,4.928198e-06,0
134.09424,5.354893e-04,99.691,5.371492e-06,0
134.12476,4.498375e-04,99.690,4.512384e-06,0
134.15527,4.141952e-04,99.688,4.154911e-06,0
134.18579,5.604389e-04,99.687,5.622005e-06,0
134.21631,7.159379e-04,99.685,7.181987e-06,0
134.24683,6.467464e-04,99.684,6.487981e-06,0
134.27734,4.394927e-04,99.682,4.408933e-06,0
134.30786,4.702676e-04,99.681,4.717730e-06,0
134.33838,4.297709e-04,99.679,4.311530e-06,0
134.36890,5.595587e-04,99.678,5.613662e-06,0
134.39941,8.047144e-04,99.677,8.073255e-06,0
134.42993,8.050957e-04,99.675,8.077198e-06,0
134.46045,6.547926e-04,99.674,6.569363e-06,0
134.49097,4.704819e-04,99.672,4.720290e-06,0
134.52148,5.715539e-04,99.671,5.734417e-06,0
134.55200,5.771454e-04,99.669,5.790600e-06,0
134.58252,5.554609e-04,99.668,5.573116e-06,0
134.61304,6.704266e-04,99.666,6.726701e-06,0
134.64355,6.066590e-04,99.665,6.086978e-06,0
134.67407,6.168328e-04,99.664,6.189148e-06,0
134.70459,6.524473e-04,99.662,6.546589e-06,0
134.73511,7.618976e-04,99.661,7.644912e-06,0
134.76562,7.337904e-04,99.659,7.362989e-06,0
134.79614,5.094577e-04,99.658,5.112067e-06,0
134.82666,4.985801e-04,99.656,5.002990e-06,0
134.85718,4.888729e-04,99.655,4.905654e-06,0
134.88770,4.850082e-04,99.654,4.866943e-06,0
134.91821,5.642480e-04,99.652,5.662178e-06,0
134.94873,4.950242e-04,99.651,4.967594e-06,0
134.97925,4.510085e-04,99.649,4.525960e-06,0
135.00977,4.874173e-04,99.648,4.891400e-06,0
135.04028,4.182603e-04,99.646,4.197446e-06,0
135.07080,5.458434e-04,99.645,5.477884e-06,0
135.10132,5.772994e-04,99.644,5.793647e-06,0
135.13184,5.491696e-04,99.642,5.511423e-06,0
135.16235,5.856011e-04,99.641,5.877131e-06,0
135.19287,4.556190e-04,99.639,4.572688e-06,0
135.22339,5.954394e-04,99.638,5.976040e-06,0
135.25391,5.126190e-04,99.636,5.144900e-06,0
135.28442,4.859997e-04,99.635,4.877804e-06,0
135.31494,5.319043e-04,99.633,5.338609e-06,0
135.34546,4.934931e-04,99.632,4.953155e-06,0
135.37598,5.556212e-04,99.631,5.576811e-06,0
135.40649,4.369915e-04,99.629,4.386178e-06,0
135.43701,4.913758e-04,99.628,4.932117e-06,0
135.46753,6.504795e-04,99.626,6.529192e-06,0
135.49805,5.913435e-04,99.625,5.935699e-06,0
135.52856,6.080224e-04,99.623,6.103203e-06,0
135.55908,5.662007e-04,99.622,5.683488e-06,0
135.58960,4.229844e-04,99.621,4.245952e-06,0
135.62012,3.865000e-04,99.619,3.879774e-06,0
135.65063,4.023922e-04,99.618,4.039362e-06,0
135.68115,4.493126e-04,99.616,4.510431e-06,0
135.71167,5.696853e-04,99.615,5.718875e-06,0
135.74219,7.295320e-04,99.613,7.323626e-06,0
135.77271,7.876670e-04,99.612,7.907345e-06,0
135.80322,5.641009e-04,99.611,5.663058e-06,0
135.83374,5.213811e-04,99.609,5.234265e-06,0
135.86426,4.775585e-04,99.608,4.794388e-06,0
135.89478,3.239857e-04,99.606,3.252661e-06,0
135.92529,2.882048e-04,99.605,2.893479e-06,0
135.95581,3.101451e-04,99.604,3.113797e-06,0
135.98633,4.777987e-04,99.602,4.797074e-06,0
136.01685,5.211452e-04,99.601,5.232346e-06,0
136.04736,5.068100e-04,99.599,5.088491e-06,0
136.07788,5.165098e-04,99.598,5.185954e-06,0
136.10840,5.075000e-04,99.596,5.095565e-06,0
136.13892,5.658592e-04,99.595,5.681603e-06,0
136.16943,6.601883e-04,99.594,6.628825e-06,0
136.19995,6.477871e-04,99.592,6.504399e-06,0
136.23047,5.666723e-04,99.591,5.690010e-06,0
136.26099,4.545426e-04,99.589,4.564171e-06,0
136.29150,6.002914e-04,99.588,6.027755e-06,0
136.32202,5.700161e-04,99.586,5.723831e-06,0
136.35254,5.762180e-04,99.585,5.786190e-06,0
136.38306,5.855640e-04,99.584,5.880123e-06,0
136.41357,5.461232e-04,99.582,5.484144e-06,0
136.44409,5.064945e-04,99.581,5.086267e-06,0
136.47461,5.866188e-04,99.579,5.890966e-06,0
136.50513,5.586946e-04,99.578,5.610625e-06,0
136.53564,5.265108e-04,99.577,5.287499e-06,0
136.56616,4.839646e-04,99.575,4.860296e-06,0
136.59668,4.267975e-04,99.574,4.286247e-06,0
136.62720,4.275480e-04,99.572,4.293845e-06,0
136.65771,4.480309e-04,99.571,4.499618e-06,0
136.68823,4.270326e-04,99.569,4.288791e-06,0
136.71875,4.705598e-04,99.568,4.726012e-06,0
136.74927,5.037363e-04,99.567,5.059288e-06,0
136.77979,6.091415e-04,99.565,6.118015e-06,0
136.81030,5.756121e-04,99.564,5.781339e-06,0
136.84082,5.047757e-04,99.562,5.069944e-06,0
136.87134,4.057259e-04,99.561,4.075150e-06,0
136.90186,5.912833e-04,99.560,5.938991e-06,0
136.93237,6.841042e-04,99.558,6.871403e-06,0
136.96289,5.903926e-04,99.557,5.930213e-06,0
136.99341,6.294320e-04,99.555,6.322434e-06,0
137.02393,6.631438e-04,99.554,6.661152e-06,0
137.05444,6.302712e-04,99.553,6.331043e-06,0
137.08496,4.955228e-04,99.551,4.977573e-06,0
137.11548,4.537840e-04,99.550,4.558367e-06,0
137.14600,5.954881e-04,99.548,5.981903e-06,0
137.17651,6.288360e-04,99.547,6.316985e-06,0
137.20703,4.601420e-04,99.545,4.622431e-06,0
137.23755,5.209445e-04,99.544,5.233306e-06,0
137.26807,4.382744e-04,99.543,4.402881e-06,0
137.29858,4.889411e-04,99.541,4.911946e-06,0
137.32910,5.147079e-04,99.540,5.170874e-06,0
137.35962,5.429331e-04,99.538,5.454508e-06,0
137.39014,5.462997e-04,99.537,5.488409e-06,0
137.42065,5.569275e-04,99.536,5.595260e-06,0
137.45117,4.903038e-04,99.534,4.925984e-06,0
137.48169,5.307499e-04,99.533,5.332413e-06,0
137.51221,5.317698e-04,99.531,5.342736e-06,0
137.54272,4.210657e-04,99.530,4.230542e-06,0
137.57324,3.435993e-04,99.529,3.452269e-06,0
137.60376,6.595346e-04,99.527,6.626680e-06,0
137.63428,7.728719e-04,99.526,7.765547e-06,0
137.66479,7.054310e-04,99.524,7.088025e-06,0
137.69531,6.076694e-04,99.523,6.105822e-06,0
137.72583,4.690126e-04,99.522,4.712674e-06,0
137.75635,4.545168e-04,99.520,4.567084e-06,0
137.78687,6.034830e-04,99.519,6.064014e-06,0
137.81738,6.007081e-04,99.517,6.036216e-06,0
137.84790,6.533266e-04,99.516,6.565046e-06,0
137.87842,5.229645e-04,99.515,5.255158e-06,0
137.90894,6.167014e-04,99.513,6.197187e-06,0
137.93945,6.107333e-04,99.512,6.137301e-06,0
137.96997,5.950615e-04,99.510,5.979898e-06,0
138.00049,6.316196e-04,99.509,6.347368e-06,0
138.03101,5.103271e-04,99.508,5.128528e-06,0
138.06152,4.818260e-04,99.506,4.842174e-06,0
138.09204,5.917803e-04,99.505,5.947259e-06,0
138.12256,6.550084e-04,99.503,6.582780e-06,0
138.15308,5.330273e-04,99.502,5.356955e-06,0
138.18359,6.522894e-04,99.501,6.555639e-06,0
138.21411,7.350423e-04,99.499,7.387426e-06,0
138.24463,5.496543e-04,99.498,5.524290e-06,0
138.27515,4.733163e-04,99.496,4.757124e-06,0
138.30566,6.346328e-04,99.495,6.378545e-06,0
138.33618,5.593711e-04,99.494,5.622186e-06,0
138.36670,4.906488e-04,99.492,4.931534e-06,0
138.39722,6.366926e-04,99.491,6.399517e-06,0
138.42773,6.852771e-04,99.489,6.887945e-06,0
138.45825,6.024317e-04,99.488,6.055324e-06,0
138.48877,4.951883e-04,99.487,4.977440e-06,0
138.51929,5.158742e-04,99.485,5.185440e-06,0
138.54980,5.076919e-04,99.484,5.103265e-06,0
138.58032,5.389406e-04,99.482,5.417449e-06,0
138.61084,4.750243e-04,99.481,4.775027e-06,0
138.64136,4.830414e-04,99.480,4.855685e-06,0
138.67188,5.251946e-04,99.478,5.279496e-06,0
138.70239,5.549817e-04,99.477,5.579008e-06,0
138.73291,5.947075e-04,99.475,5.978439e-06,0
138.76343,5.919997e-04,99.474,5.951302e-06,0
138.79395,5.809075e-04,99.473,5.839875e-06,0
138.82446,4.151775e-04,99.471,4.173846e-06,0
138.85498,4.714203e-04,99.470,4.739330e-06,0
138.88550,6.912333e-04,99.468,6.949274e-06,0
138.91602,5.513933e-04,99.467,5.543478e-06,0
138.94653,3.520015e-04,99.466,3.538925e-06,0
138.97705,5.048077e-04,99.464,5.075268e-06,0
139.00757,5.281459e-04,99.463,5.309981e-06,0
139.03809,4.733241e-04,99.461,4.758869e-06,0
139.06860,5.642518e-04,99.460,5.673148e-06,0
139.09912,5.953494e-04,99.459,5.985897e-06,0
139.12964,5.706895e-04,99.457,5.738035e-06,0
139.16016,6.867018e-04,99.456,6.904585e-06,0
139.19067,5.710775e-04,99.455,5.742097e-06,0
139.22119,5.625421e-04,99.453,5.656353e-06,0
139.25171,5.857079e-04,99.452,5.889368e-06,0
139.28223,6.987585e-04,99.450,7.026204e-06,0
139.31274,7.312703e-04,99.449,7.353221e-06,0
139.34326,5.200375e-04,99.448,5.229262e-06,0
139.37378,5.118172e-04,99.446,5.146674e-06,0
139.40430,5.735696e-04,99.445,5.767718e-06,0
139.43481,4.777333e-04,99.443,4.804071e-06,0
139.46533,4.766481e-04,99.442,4.793225e-06,0
139.49585,5.716739e-04,99.441,5.748895e-06,0
139.52637,5.670463e-04,99.439,5.702438e-06,0
139.55688,6.750416e-04,99.438,6.788575e-06,0
139.58740,6.175125e-04,99.437,6.210119e-06,0
139.61792,5.154733e-04,99.435,5.184016e-06,0
139.64844,4.898884e-04,99.434,4.926783e-06,0
139.67896,5.336282e-04,99.432,5.366746e-06,0
139.70947,5.339290e-04,99.431,5.369846e-06,0
139.73999,5.953373e-04,99.430,5.987526e-06,0
139.77051,5.688519e-04,99.428,5.721233e-06,0
139.80103,5.234169e-04,99.427,5.264343e-06,0
139.83154,6.464259e-04,99.425,6.501614e-06,0
139.86206,7.939559e-04,99.424,7.985550e-06,0
139.89258,9.166613e-04,99.423,9.219841e-06,0
139.92310,6.206449e-04,99.421,6.242575e-06,0
139.95361,6.769449e-04,99.420,6.808946e-06,0
139.98413,6.650552e-04,99.419,6.689448e-06,0
140.01465,6.643887e-04,99.417,6.682837e-06,0
140.04517,6.030512e-04,99.416,6.065951e-06,0
140.07568,6.478999e-04,99.414,6.517164e-06,0
140.10620,5.593515e-04,99.413,5.626541e-06,0
140.13672,6.323423e-04,99.412,6.360848e-06,0
140.16724,5.871261e-04,99.410,5.906092e-06,0
140.19775,6.560313e-04,99.409,6.599323e-06,0
140.22827,8.676097e-04,99.408,8.727808e-06,0
140.25879,7.283657e-04,99.406,7.327170e-06,0
140.28931,3.875282e-04,99.405,3.898487e-06,0
140.31982,4.912309e-04,99.403,4.941793e-06,0
140.35034,6.379130e-04,99.402,6.417506e-06,0
140.38086,5.154655e-04,99.401,5.185737e-06,0
140.41138,3.991690e-04,99.399,4.015814e-06,0
140.44189,4.489194e-04,99.398,4.516388e-06,0
140.47241,6.730331e-04,99.397,6.771195e-06,0
140.50293,6.057918e-04,99.395,6.094783e-06,0
140.53345,5.643084e-04,99.394,5.677503e-06,0
140.56396,6.006109e-04,99.392,6.042826e-06,0
140.59448,7.696831e-04,99.391,7.743992e-06,0
140.62500,7.254478e-04,99.390,7.299029e-06,0
140.65552,4.547184e-04,99.388,4.575172e-06,0
140.68604,5.091157e-04,99.387,5.122564e-06,0
140.71655,4.831435e-04,99.386,4.861307e-06,0
140.74707,4.808335e-04,99.384,4.838131e-06,0
140.77759,4.684266e-04,99.383,4.713358e-06,0
140.80811,4.935621e-04,99.381,4.966343e-06,0
140.83862,5.203957e-04,99.380,5.236421e-06,0
140.86914,6.993081e-04,99.379,7.036804e-06,0
140.89966,7.828683e-04,99.377,7.877739e-06,0
140.93018,8.211280e-04,99.376,8.262847e-06,0
140.96069,6.648359e-04,99.375,6.690203e-06,0
140.99121,7.384071e-04,99.373,7.430648e-06,0
141.02173,5.485759e-04,99.372,5.520438e-06,0
141.05225,3.973647e-04,99.370,3.998822e-06,0
141.08276,4.160055e-04,99.369,4.186469e-06,0
141.11328,5.010322e-04,99.368,5.042204e-06,0
141.14380,6.158166e-04,99.366,6.197437e-06,0
141.17432,6.032386e-04,99.365,6.070938e-06,0
141.20483,4.516373e-04,99.364,4.545299e-06,0
141.23535,5.508916e-04,99.362,5.544276e-06,0
141.26587,6.316662e-04,99.361,6.357294e-06,0
141.29639,4.297458e-04,99.359,4.325161e-06,0
141.32690,4.281522e-04,99.358,4.309182e-06,0
141.35742,4.208846e-04,99.357,4.236094e-06,0
141.38794,5.207015e-04,99.355,5.240797e-06,0
141.41846,6.177230e-04,99.354,6.217392e-06,0
141.44897,5.582064e-04,99.353,5.618433e-06,0
141.47949,7.102578e-04,99.351,7.148953e-06,0
141.51001,7.367149e-04,99.350,7.415353e-06,0
141.54053,7.546045e-04,99.349,7.595524e-06,0
141.57104,6.292285e-04,99.347,6.333630e-06,0
141.60156,5.712219e-04,99.346,5.749831e-06,0
141.63208,6.133340e-04,99.344,6.173810e-06,0
141.66260,5.791700e-04,99.343,5.829996e-06,0
141.69312,4.551486e-04,99.342,4.581644e-06,0
141.72363,5.231022e-04,99.340,5.265755e-06,0
141.75415,5.955947e-04,99.339,5.995575e-06,0
141.78467,6.183909e-04,99.338,6.225139e-06,0
141.81519,6.744993e-04,99.336,6.790057e-06,0
141.84570,4.204974e-04,99.335,4.233126e-06,0
141.87622,3.653757e-04,99.334,3.678269e-06,0
141.90674,4.591878e-04,99.332,4.622747e-06,0
141.93726,5.785443e-04,99.331,5.824416e-06,0
141.96777,6.435790e-04,99.330,6.479232e-06,0
141.99829,4.712149e-04,99.328,4.744021e-06,0
142.02881,3.674565e-04,99.327,3.699470e-06,0
142.05933,5.122004e-04,99.325,5.156790e-06,0
142.08984,4.836910e-04,99.324,4.869826e-06,0
142.12036,4.943749e-04,99.323,4.977460e-06,0
142.15088,5.280310e-04,99.321,5.316389e-06,0
142.18140,4.610209e-04,99.320,4.641773e-06,0
142.21191,5.944640e-04,99.319,5.985422e-06,0
142.24243,5.546017e-04,99.317,5.584140e-06,0
142.27295,4.489443e-04,99.316,4.520365e-06,0
142.30347,4.126508e-04,99.315,4.154987e-06,0
142.33398,4.517050e-04,99.313,4.548286e-06,0
142.36450,5.569411e-04,99.312,5.608001e-06,0
142.39502,6.710793e-04,99.311,6.757384e-06,0
142.42554,5.785547e-04,99.309,5.825794e-06,0
142.45605,4.815540e-04,99.308,4.849106e-06,0
142.48657,5.203913e-04,99.306,5.240257e-06,0
142.51709,5.918297e-04,99.305,5.959711e-06,0
142.54761,5.109373e-04,99.304,5.145196e-06,0
142.57812,5.193081e-04,99.302,5.229562e-06,0
142.60864,4.137092e-04,99.301,4.166212e-06,0
142.63916,4.908663e-04,99.300,4.943281e-06,0
142.66968,6.015660e-04,99.298,6.058168e-06,0
142.70020,5.406634e-04,99.297,5.444912e-06,0
142.73071,6.150230e-04,99.296,6.193858e-06,0
142.76123,6.376624e-04,99.294,6.421945e-06,0
142.79175,6.179589e-04,99.293,6.223594e-06,0
142.82227,6.984483e-04,99.292,7.034315e-06,0
142.85278,5.498198e-04,99.290,5.537501e-06,0
142.88330,4.811984e-04,99.289,4.846448e-06,0
142.91382,4.622012e-04,99.288,4.655179e-06,0
142.94434,6.653129e-04,99.286,6.700962e-06,0
142.97485,6.697684e-04,99.285,6.745929e-06,0
143.00537,5.074441e-04,99.283,5.111063e-06,0
143.03589,3.477906e-04,99.282,3.503054e-06,0
143.06641,4.517795e-04,99.281,4.550523e-06,0
143.09692,5.362596e-04,99.279,5.401518e-06,0
143.12744,4.547308e-04,99.278,4.580375e-06,0
143.15796,4.905710e-04,99.277,4.941449e-06,0
143.18848,5.308377e-04,99.275,5.347122e-06,0
143.21899,6.022161e-04,99.274,6.066198e-06,0
143.24951,6.268788e-04,99.273,6.314715e-06,0
143.28003,5.513190e-04,99.271,5.553657e-06,0
143.31055,6.044290e-04,99.270,6.088737e-06,0
143.34106,4.697062e-04,99.269,4.731666e-06,0
143.37158,4.466628e-04,99.267,4.499596e-06,0
143.40210,5.036837e-04,99.266,5.074082e-06,0
143.43262,4.450758e-04,99.265,4.483731e-06,0
143.46313,6.290953e-04,99.263,6.337644e-06,0
143.49365,5.853302e-04,99.262,5.896824e-06,0
143.52417,5.856321e-04,99.261,5.899945e-06,0
143.55469,4.843435e-04,99.259,4.879580e-06,0
143.58521,4.106577e-04,99.258,4.137280e-06,0
143.61572,3.837941e-04,99.257,3.866687e-06,0
143.64624,5.450160e-04,99.255,5.491057e-06,0
143.67676,6.253446e-04,99.254,6.300455e-06,0
143.70728,5.464202e-04,99.253,5.505353e-06,0
143.73779,5.537443e-04,99.251,5.579220e-06,0
143.76831,4.812361e-04,99.250,4.848734e-06,0
143.79883,4.778730e-04,99.249,4.814914e-06,0
143.82935,3.619043e-04,99.247,3.646495e-06,0
143.85986,3.815281e-04,99.246,3.844273e-06,0
143.89038,4.478883e-04,99.244,4.512979e-06,0
143.92090,5.214145e-04,99.243,5.253909e-06,0
143.95142,5.765805e-04,99.242,5.809855e-06,0
143.98193,4.212606e-04,99.240,4.244847e-06,0
144.01245,4.697484e-04,99.239,4.733500e-06,0
144.04297,4.925851e-04,99.238,4.963684e-06,0
144.07349,7.744818e-04,99.236,7.804408e-06,0
144.10400,8.754420e-04,99.235,8.821897e-06,0
144.13452,5.955264e-04,99.234,6.001247e-06,0
144.16504,4.543932e-04,99.232,4.579079e-06,0
144.19556,3.958882e-04,99.231,3.989558e-06,0
144.22607,3.882365e-04,99.230,3.912500e-06,0
144.25659,4.759694e-04,99.228,4.796704e-06,0
144.28711,5.401846e-04,99.227,5.443922e-06,0
144.31763,4.631846e-04,99.226,4.667988e-06,0
144.34814,5.407209e-04,99.224,5.449474e-06,0
144.37866,5.011646e-04,99.223,5.050887e-06,0
144.40918,4.451162e-04,99.222,4.486075e-06,0
144.43970,6.548263e-04,99.220,6.599713e-06,0
144.47021,6.637629e-04,99.219,6.689872e-06,0
144.50073,4.938077e-04,99.218,4.977010e-06,0
144.53125,5.161835e-04,99.216,5.202602e-06,0
144.56177,5.088143e-04,99.215,5.128397e-06,0
144.59229,7.225341e-04,99.214,7.282601e-06,0
144.62280,6.629090e-04,99.212,6.681714e-06,0
144.65332,4.842788e-04,99.211,4.881298e-06,0
144.68384,4.264635e-04,99.210,4.298605e-06,0
144.71436,5.558936e-04,99.208,5.603290e-06,0
144.74487,6.305434e-04,99.207,6.355830e-06,0
144.77539,5.003175e-04,99.206,5.043230e-06,0
144.80591,4.600214e-04,99.204,4.637106e-06,0
144.83643,3.714867e-04,99.203,3.744709e-06,0
144.86694,4.624230e-04,99.202,4.661440e-06,0
144.89746,3.912862e-04,99.200,3.944400e-06,0
144.92798,4.382842e-04,99.199,4.418228e-06,0
144.95850,5.178208e-04,99.198,5.220085e-06,0
144.98901,5.380827e-04,99.196,5.424415e-06,0
145.01953,6.141706e-04,99.195,6.191541e-06,0
145.05005,5.931490e-04,99.194,5.979700e-06,0
145.08057,5.121441e-04,99.192,5.163136e-06,0
145.11108,6.658871e-04,99.191,6.713172e-06,0
145.14160,6.962274e-04,99.190,7.019143e-06,0
145.17212,5.323424e-04,99.188,5.366979e-06,0
145.20264,5.327550e-04,99.187,5.371210e-06,0
145.23315,6.565886e-04,99.186,6.619783e-06,0
145.26367,6.545171e-04,99.184,6.598986e-06,0
145.29419,5.717258e-04,99.183,5.764344e-06,0
145.32471,5.937445e-04,99.182,5.986424e-06,0
145.35522,4.593821e-04,99.181,4.631778e-06,0
145.38574,4.096151e-04,99.179,4.130051e-06,0
145.41626,4.852775e-04,99.178,4.893003e-06,0
145.44678,6.271549e-04,99.177,6.323622e-06,0
145.47729,6.196911e-04,99.175,6.248448e-06,0
145.50781,4.920885e-04,99.174,4.961875e-06,0
145.53833,5.042272e-04,99.173,5.084342e-06,0
145.56885,4.867098e-04,99.171,4.907772e-06,0
145.59937,7.075021e-04,99.170,7.134241e-06,0
145.62988,6.852852e-04,99.169,6.910305e-06,0
145.66040,6.812043e-04,99.167,6.869245e-06,0
145.69092,5.029072e-04,99.166,5.071369e-06,0
145.72144,5.047975e-04,99.165,5.090499e-06,0
145.75195,5.008672e-04,99.163,5.050933e-06,0
145.78247,5.308237e-04,99.162,5.353097e-06,0
145.81299,3.442516e-04,99.161,3.471655e-06,0
145.84351,4.742528e-04,99.159,4.782735e-06,0
145.87402,4.940202e-04,99.158,4.982151e-06,0
145.90454,6.512689e-04,99.157,6.568077e-06,0
145.93506,6.761339e-04,99.155,6.818933e-06,0
145.96558,6.361800e-04,99.154,6.416076e-06,0
145.99609,5.397072e-04,99.153,5.443190e-06,0
146.02661,5.397740e-04,99.151,5.443936e-06,0
146.05713,6.563401e-04,99.150,6.619662e-06,0
146.08765,7.061284e-04,99.149,7.121907e-06,0
146.11816,5.611688e-04,99.147,5.659941e-06,0
146.14868,5.436974e-04,99.146,5.483798e-06,0
146.17920,5.183199e-04,99.145,5.227907e-06,0
146.20972,4.644936e-04,99.144,4.685063e-06,0
146.24023,5.144240e-04,99.142,5.188749e-06,0
146.27075,5.172494e-04,99.141,5.217317e-06,0
146.30127,5.368633e-04,99.140,5.415227e-06,0
146.33179,6.274686e-04,99.138,6.329228e-06,0
146.36230,7.030315e-04,99.137,7.091520e-06,0
146.39282,6.703443e-04,99.136,6.761892e-06,0
146.42334,6.459344e-04,99.134,6.515751e-06,0
146.45386,7.365896e-04,99.133,7.430319e-06,0
146.48438,5.043397e-04,99.132,5.087575e-06,0
146.51489,5.251044e-04,99.130,5.297110e-06,0
146.54541,5.627555e-04,99.129,5.677000e-06,0
146.57593,4.518978e-04,99.128,4.558743e-06,0
146.60645,4.417639e-04,99.126,4.456571e-06,0
146.63696,4.339655e-04,99.125,4.377958e-06,0
146.66748,5.924614e-04,99.124,5.976986e-06,0
146.69800,7.362367e-04,99.122,7.427546e-06,0
146.72852,4.880336e-04,99.121,4.923606e-06,0
146.75903,5.598186e-04,99.120,5.647897e-06,0
146.78955,6.139252e-04,99.119,6.193849e-06,0
146.82007,4.340460e-04,99.117,4.379118e-06,0
146.85059,3.598297e-04,99.116,3.630393e-06,0
146.88110,4.926696e-04,99.115,4.970707e-06,0
146.91162,3.893771e-04,99.113,3.928607e-06,0
146.94214,3.590849e-04,99.112,3.623022e-06,0
146.97266,6.403719e-04,99.111,6.461181e-06,0
147.00317,5.773463e-04,99.109,5.825346e-06,0
147.03369,4.048109e-04,99.108,4.084542e-06,0
147.06421,6.086429e-04,99.107,6.141287e-06,0
147.09473,5.337509e-04,99.105,5.385688e-06,0
147.12524,5.691470e-04,99.104,5.742920e-06,0
147.15576,6.029198e-04,99.103,6.083781e-06,0
147.18628,5.577112e-04,99.101,5.627677e-06,0
147.21680,6.143883e-04,99.100,6.199668e-06,0
147.24731,5.374072e-04,99.099,5.422939e-06,0
147.27783,6.567754e-04,99.098,6.627562e-06,0
147.30835,5.011769e-04,99.096,5.057475e-06,0
147.33887,5.214008e-04,99.095,5.261628e-06,0
147.36938,5.399863e-04,99.094,5.449252e-06,0
147.39990,3.768589e-04,99.092,3.803107e-06,0
147.43042,5.166892e-04,99.091,5.214287e-06,0
147.46094,4.590806e-04,99.090,4.632978e-06,0
147.49146,5.112953e-04,99.088,5.159990e-06,0
147.52197,4.215153e-04,99.087,4.253986e-06,0
147.55249,6.456570e-04,99.086,6.516139e-06,0
147.58301,4.728053e-04,99.085,4.771738e-06,0
147.61353,6.598301e-04,99.083,6.659353e-06,0
147.64404,6.939436e-04,99.082,7.003737e-06,0
147.67456,5.780038e-04,99.081,5.833672e-06,0
147.70508,4.819656e-04,99.079,4.864443e-06,0
147.73560,5.175380e-04,99.078,5.223541e-06,0
147.76611,5.633143e-04,99.077,5.685639e-06,0
147.79663,5.056064e-04,99.075,5.103249e-06,0
147.82715,5.770027e-04,99.074,5.823952e-06,0
147.85767,5.829087e-04,99.073,5.883641e-06,0
147.88818,5.375531e-04,99.071,5.425911e-06,0
147.91870,5.314327e-04,99.070,5.364205e-06,0
147.94922,5.911367e-04,99.069,5.966926e-06,0
147.97974,7.938189e-04,99.068,8.012903e-06,0
148.01025,7.982957e-04,99.066,8.058197e-06,0
148.04077,6.227225e-04,99.065,6.286001e-06,0
148.07129,5.542386e-04,99.064,5.594771e-06,0
148.10181,5.211514e-04,99.062,5.260840e-06,0
148.13232,4.605771e-04,99.061,4.649426e-06,0
148.16284,5.705076e-04,99.060,5.759225e-06,0
148.19336,5.199774e-04,99.058,5.249196e-06,0
148.22388,4.650538e-04,99.057,4.694801e-06,0
148.25439,4.273975e-04,99.056,4.314711e-06,0
148.28491,4.732122e-04,99.055,4.777287e-06,0
148.31543,5.053234e-04,99.053,5.101530e-06,0
148.34595,5.953958e-04,99.052,6.010942e-06,0
148.37646,6.126151e-04,99.051,6.184864e-06,0
148.40698,5.088555e-04,99.049,5.137390e-06,0
148.43750,4.968138e-04,99.048,5.015884e-06,0
148.46802,4.767344e-04,99.047,4.813224e-06,0
148.49854,5.830464e-04,99.046,5.886651e-06,0
148.52905,5.744486e-04,99.044,5.799921e-06,0
148.55957,4.065357e-04,99.043,4.104642e-06,0
148.59009,5.730397e-04,99.042,5.785847e-06,0
148.62061,5.465238e-04,99.040,5.518194e-06,0
148.65112,4.588991e-04,99.039,4.633518e-06,0
148.68164,3.138678e-04,99.038,3.169173e-06,0
148.71216,4.510674e-04,99.036,4.554559e-06,0
148.74268,5.832288e-04,99.035,5.889109e-06,0
148.77319,4.333024e-04,99.034,4.375296e-06,0
148.80371,5.652809e-04,99.033,5.708030e-06,0
148.83423,7.305293e-04,99.031,7.376753e-06,0
148.86475,7.365911e-04,99.030,7.438062e-06,0
148.89526,6.829095e-04,99.029,6.896077e-06,0
148.92578,3.917485e-04,99.027,3.955960e-06,0
148.95630,5.171439e-04,99.026,5.222298e-06,0
148.98682,5.742798e-04,99.025,5.799352e-06,0
149.01733,6.662929e-04,99.024,6.728633e-06,0
149.04785,6.226533e-04,99.022,6.288015e-06,0
149.07837,5.734093e-04,99.021,5.790788e-06,0
149.10889,5.519611e-04,99.020,5.574258e-06,0
149.13940,4.180765e-04,99.018,4.222212e-06,0
149.16992,4.777225e-04,99.017,4.824648e-06,0
149.20044,4.388192e-04,99.016,4.431810e-06,0
149.23096,4.580620e-04,99.014,4.626212e-06,0
149.26147,5.426536e-04,99.013,5.480618e-06,0
149.29199,5.384717e-04,99.012,5.438454e-06,0
149.32251,5.278199e-04,99.011,5.330942e-06,0
149.35303,6.203639e-04,99.009,6.265711e-06,0
149.38354,6.228025e-04,99.008,6.290422e-06,0
149.41406,4.107048e-04,99.007,4.148250e-06,0
149.44458,5.077934e-04,99.005,5.128943e-06,0
149.47510,5.310465e-04,99.004,5.363879e-06,0
149.50562,4.239451e-04,99.003,4.282148e-06,1
149.53613,5.552146e-04,99.002,5.608137e-06,1
149.56665,6.705446e-04,99.000,6.773155e-06,1
149.59717,4.538027e-04,98.999,4.583910e-06,1
149.62769,4.196271e-04,98.998,4.238753e-06,1
149.65820,4.671780e-04,98.996,4.719138e-06,1
149.68872,4.578945e-04,98.995,4.625421e-06,1
149.71924,6.007630e-04,98.994,6.068687e-06,1
149.74976,5.493359e-04,98.993,5.549261e-06,1
149.78027,4.979896e-04,98.991,5.030638e-06,1
149.81079,5.629027e-04,98.990,5.686458e-06,1
149.84131,6.374731e-04,98.989,6.439853e-06,1
149.87183,5.259627e-04,98.987,5.313426e-06,1
149.90234,5.678139e-04,98.986,5.736294e-06,1
149.93286,6.113157e-04,98.985,6.175847e-06,1
149.96338,1.025576e-03,98.984,1.036107e-05,1
149.99390,1.211527e-03,98.982,1.223983e-05,1
150.02441,8.944611e-04,98.981,9.036688e-06,1
150.05493,6.949319e-04,98.980,7.020947e-06,1
150.08545,5.604829e-04,98.979,5.662673e-06,1
150.11597,5.142115e-04,98.977,5.195250e-06,1
150.14648,5.764784e-04,98.976,5.824430e-06,1
150.17700,6.717656e-04,98.975,6.787248e-06,1
150.20752,5.159900e-04,98.973,5.213422e-06,1
150.23804,5.031184e-04,98.972,5.083437e-06,1
150.26855,4.661941e-04,98.971,4.710419e-06,1
150.29907,5.338651e-04,98.970,5.394236e-06,1
150.32959,5.324317e-04,98.968,5.379823e-06,1
150.36011,3.616640e-04,98.967,3.654390e-06,1
150.39062,3.925857e-04,98.966,3.966886e-06,1
150.42114,4.542258e-04,98.964,4.589788e-06,1
150.45166,5.535922e-04,98.963,5.593923e-06,1
150.48218,6.455092e-04,98.962,6.522807e-06,1
150.51270,5.602806e-04,98.961,5.661653e-06,0
150.54321,4.421856e-04,98.959,4.468357e-06,0
150.57373,4.957608e-04,98.958,5.009808e-06,0
150.60425,4.487813e-04,98.957,4.535125e-06,0
150.63477,5.406706e-04,98.955,5.463775e-06,0
150.66528,4.213568e-04,98.954,4.258099e-06,0
150.69580,4.202830e-04,98.953,4.247302e-06,0
150.72632,5.393501e-04,98.952,5.450642e-06,0
150.75684,4.864084e-04,98.950,4.915679e-06,0
150.78735,5.680488e-04,98.949,5.740817e-06,0
150.81787,3.993200e-04,98.948,4.035661e-06,0
150.84839,4.752112e-04,98.947,4.802706e-06,0
150.87891,5.750034e-04,98.945,5.811327e-06,0
150.90942,5.068143e-04,98.944,5.122233e-06,0
150.93994,5.913510e-04,98.943,5.976699e-06,0
150.97046,4.603018e-04,98.941,4.652263e-06,0
151.00098,4.550699e-04,98.940,4.599444e-06,0
151.03149,5.749234e-04,98.939,5.810892e-06,0
151.06201,6.361650e-04,98.938,6.429959e-06,0
151.09253,6.129437e-04,98.936,6.195332e-06,0
151.12305,5.236012e-04,98.935,5.292370e-06,0
151.15356,5.315071e-04,98.934,5.372349e-06,0
151.18408,5.315722e-04,98.933,5.373077e-06,0
151.21460,5.645686e-04,98.931,5.706673e-06,0
151.24512,4.917629e-04,98.930,4.970816e-06,0
151.27563,4.742019e-04,98.929,4.793368e-06,0
151.30615,5.222943e-04,98.927,5.279567e-06,0
151.33667,5.435773e-04,98.926,5.494775e-06,0
151.36719,5.230397e-04,98.925,5.287238e-06,0
151.39771,5.293864e-04,98.924,5.351464e-06,0
151.42822,5.007494e-04,98.922,5.062043e-06,0
151.45874,5.882389e-04,98.921,5.946544e-06,0
151.48926,5.725806e-04,98.920,5.788328e-06,0
151.51978,5.347534e-04,98.919,5.405995e-06,0
151.55029,6.349901e-04,98.917,6.419403e-06,0
151.58081,4.087385e-04,98.916,4.132176e-06,0
151.61133,5.308520e-04,98.915,5.366761e-06,0
151.64185,5.069511e-04,98.914,5.125195e-06,0
151.67236,4.818527e-04,98.912,4.871517e-06,0
151.70288,4.159743e-04,98.911,4.205542e-06,0
151.73340,4.767056e-04,98.910,4.819603e-06,0
151.76392,6.074340e-04,98.908,6.141376e-06,0
151.79443,4.256897e-04,98.907,4.303931e-06,0
151.82495,5.005972e-04,98.906,5.061347e-06,0
151.85547,5.862363e-04,98.905,5.927287e-06,0
151.88599,5.052676e-04,98.903,5.108698e-06,0
151.91650,4.621252e-04,98.902,4.672551e-06,0
151.94702,4.439610e-04,98.901,4.488950e-06,0
151.97754,6.230997e-04,98.900,6.300326e-06,0
152.00806,5.664492e-04,98.898,5.727591e-06,0
152.03857,5.574052e-04,98.897,5.636215e-06,0
152.06909,6.801040e-04,98.896,6.876975e-06,0
152.09961,5.369900e-04,98.895,5.429925e-06,0
152.13013,4.376171e-04,98.893,4.425145e-06,0
152.16064,4.845352e-04,98.892,4.899639e-06,0
152.19116,3.782096e-04,98.891,3.824519e-06,0
152.22168,3.844901e-04,98.889,3.888079e-06,0
152.25220,4.450097e-04,98.888,4.500128e-06,0
152.28271,5.820381e-04,98.887,5.885893e-06,0
152.31323,5.907647e-04,98.886,5.974218e-06,0
152.34375,5.817380e-04,98.884,5.883008e-06,0
152.37427,5.969028e-04,98.883,6.036444e-06,0
152.40479,4.121773e-04,98.882,4.168379e-06,0
152.43530,5.561420e-04,98.881,5.624375e-06,0
152.46582,6.407215e-04,98.879,6.479828e-06,0
152.49634,6.447264e-04,98.878,6.520414e-06,0
152.52686,4.721587e-04,98.877,4.775218e-06,0
152.55737,4.347481e-04,98.876,4.396919e-06,0
152.58789,5.276555e-04,98.874,5.336626e-06,0
152.61841,5.576644e-04,98.873,5.640204e-06,0
152.64893,5.266696e-04,98.872,5.326790e-06,0
152.67944,4.785384e-04,98.871,4.840048e-06,0
152.70996,6.319287e-04,98.869,6.391554e-06,0
152.74048,5.397072e-04,98.868,5.458862e-06,0
152.77100,4.460468e-04,98.867,4.511593e-06,0
152.80151,4.103517e-04,98.866,4.150603e-06,0
152.83203,4.862689e-04,98.864,4.918549e-06,0
152.86255,6.568959e-04,98.863,6.644504e-06,0
152.89307,6.440568e-04,98.862,6.514720e-06,0
152.92358,6.201734e-04,98.861,6.273215e-06,0
152.95410,5.485667e-04,98.859,5.548966e-06,0
152.98462,6.244741e-04,98.858,6.316878e-06,0
153.01514,7.275584e-04,98.857,7.359723e-06,0
153.04565,6.415131e-04,98.856,6.489402e-06,0
153.07617,4.893499e-04,98.854,4.950216e-06,0
153.10669,4.863376e-04,98.853,4.919806e-06,0
153.13721,3.766371e-04,98.852,3.810121e-06,0
153.16772,4.452577e-04,98.850,4.504355e-06,0
153.19824,5.747971e-04,98.849,5.814886e-06,0
153.22876,6.673539e-04,98.848,6.751315e-06,0
153.25928,6.904851e-04,98.847,6.985412e-06,0
153.28979,5.897279e-04,98.845,5.966160e-06,0
153.32031,7.009859e-04,98.844,7.091825e-06,0
153.35083,5.823056e-04,98.843,5.891218e-06,0
153.38135,5.797822e-04,98.842,5.865764e-06,0
153.41187,4.344495e-04,98.840,4.395462e-06,0
153.44238,4.776094e-04,98.839,4.832186e-06,0
153.47290,6.496786e-04,98.838,6.573168e-06,0
153.50342,5.376911e-04,98.837,5.440196e-06,0
153.53394,5.308904e-04,98.835,5.371456e-06,0
153.56445,5.116904e-04,98.834,5.177260e-06,0
153.59497,5.721091e-04,98.833,5.788646e-06,0
153.62549,5.618733e-04,98.832,5.685152e-06,0
153.65601,4.600867e-04,98.830,4.655312e-06,0
153.68652,4.668895e-04,98.829,4.724205e-06,0
153.71704,5.504942e-04,98.828,5.570227e-06,0
153.74756,5.276777e-04,98.827,5.339423e-06,0
153.77808,5.713267e-04,98.825,5.781169e-06,0
153.80859,4.645754e-04,98.824,4.701028e-06,0
153.83911,6.771299e-04,98.823,6.851949e-06,0
153.86963,7.268783e-04,98.822,7.355450e-06,0
153.90015,6.183987e-04,98.820,6.257800e-06,0
153.93066,4.794106e-04,98.819,4.851389e-06,0
153.96118,4.908224e-04,98.818,4.966934e-06,0
153.99170,6.567750e-04,98.817,6.646394e-06,0
154.02222,5.990589e-04,98.815,6.062398e-06,0
154.05273,4.889250e-04,98.814,4.947920e-06,0
154.08325,5.246406e-04,98.813,5.309430e-06,0
154.11377,5.929953e-04,98.812,6.001263e-06,0
154.14429,6.145191e-04,98.811,6.219167e-06,0
154.17480,7.357746e-04,98.809,7.446413e-06,0
154.20532,5.590585e-04,98.808,5.658028e-06,0
154.23584,4.753742e-04,98.807,4.811151e-06,0
154.26636,5.916194e-04,98.806,5.987716e-06,0
154.29688,5.169434e-04,98.804,5.231995e-06,0
154.32739,4.721344e-04,98.803,4.778541e-06,0
154.35791,6.228786e-04,98.802,6.304325e-06,0
154.38843,6.960224e-04,98.801,7.044722e-06,0
154.41895,7.348897e-04,98.799,7.438208e-06,0
154.44946,6.887867e-04,98.798,6.971662e-06,0
154.47998,7.279273e-04,98.797,7.367923e-06,0
154.51050,5.843146e-04,98.796,5.914380e-06,0
154.54102,5.357139e-04,98.794,5.422517e-06,0
154.57153,6.354479e-04,98.793,6.432109e-06,0
154.60205,5.247244e-04,98.792,5.311413e-06,0
154.63257,5.700965e-04,98.791,5.770756e-06,0
154.66309,5.326630e-04,98.789,5.391906e-06,0
154.69360,5.511389e-04,98.788,5.578999e-06,0
154.72412,6.116474e-04,98.787,6.191585e-06,0
154.75464,7.698591e-04,98.786,7.793229e-06,0
154.78516,6.835725e-04,98.784,6.919842e-06,0
154.81567,4.528893e-04,98.783,4.584681e-06,0
154.84619,4.059490e-04,98.782,4.109547e-06,0
154.87671,5.911604e-04,98.781,5.984574e-06,0
154.90723,6.869494e-04,98.779,6.954376e-06,0
154.93774,6.098463e-04,98.778,6.173895e-06,0
154.96826,5.884669e-04,98.777,5.957531e-06,0
154.99878,7.167739e-04,98.776,7.256579e-06,0
155.02930,7.516781e-04,98.774,7.610043e-06,0
155.05981,7.400296e-04,98.773,7.492206e-06,0
155.09033,6.358856e-04,98.772,6.437912e-06,0
155.12085,5.721029e-04,98.771,5.792228e-06,0
155.15137,5.505160e-04,98.770,5.573742e-06,0
155.18188,4.734359e-04,98.768,4.793399e-06,0
155.21240,5.171939e-04,98.767,5.236501e-06,0
155.24292,6.388708e-04,98.766,6.468541e-06,0
155.27344,7.921920e-04,98.765,8.021012e-06,0
155.30396,6.971772e-04,98.763,7.059067e-06,0
155.33447,5.778600e-04,98.762,5.851028e-06,0
155.36499,4.954861e-04,98.761,5.017028e-06,0
155.39551,4.780741e-04,98.760,4.840783e-06,0
155.42603,4.156516e-04,98.758,4.208771e-06,0
155.45654,6.742510e-04,98.757,6.827361e-06,0
155.48706,7.918968e-04,98.756,8.018725e-06,0
155.51758,7.642901e-04,98.755,7.739276e-06,0
155.54810,5.099409e-04,98.753,5.163776e-06,0
155.57861,4.948031e-04,98.752,5.010550e-06,0
155.60913,4.831912e-04,98.751,4.893025e-06,0
155.63965,6.353078e-04,98.750,6.433511e-06,0
155.67017,5.591142e-04,98.749,5.661999e-06,0
155.70068,4.540163e-04,98.747,4.597758e-06,0
155.73120,4.476065e-04,98.746,4.532904e-06,0
155.76172,4.984863e-04,98.745,5.048226e-06,0
155.79224,5.312121e-04,98.744,5.379710e-06,0
155.82275,4.707161e-04,98.742,4.767112e-06,0
155.85327,5.451967e-04,98.741,5.521474e-06,0
155.88379,5.672320e-04,98.740,5.744707e-06,0
155.91431,6.117223e-04,98.739,6.195365e-06,0
155.94482,4.721262e-04,98.737,4.781631e-06,0
155.97534,4.266988e-04,98.736,4.321602e-06,0
156.00586,5.009959e-04,98.735,5.074146e-06,0
156.03638,6.186671e-04,98.734,6.266012e-06,0
156.06689,6.528804e-04,98.733,6.612615e-06,0
156.09741,4.634672e-04,98.731,4.694226e-06,0
156.12793,3.989728e-04,98.730,4.041045e-06,0
156.15845,6.296177e-04,98.729,6.377240e-06,0
156.18896,6.765379e-04,98.728,6.852568e-06,0
156.21948,5.973269e-04,98.726,6.050325e-06,0
156.25000,5.470464e-04,98.725,5.541102e-06,0
156.28052,5.033133e-04,98.724,5.098188e-06,0
156.31104,6.238493e-04,98.723,6.319206e-06,0
156.34155,5.450866e-04,98.722,5.521458e-06,0
156.37207,5.796062e-04,98.720,5.871197e-06,0
156.40259,4.787726e-04,98.719,4.849850e-06,0
156.43311,3.950515e-04,98.718,4.001825e-06,0
156.46362,5.208345e-04,98.717,5.276058e-06,0
156.49414,6.974078e-04,98.715,7.064834e-06,0
156.52466,6.015950e-04,98.714,6.094314e-06,0
156.55518,5.461858e-04,98.713,5.533073e-06,0
156.58569,6.708033e-04,98.712,6.795581e-06,0
156.61621,6.929356e-04,98.710,7.019879e-06,0
156.64673,6.256642e-04,98.709,6.338455e-06,0
156.67725,5.956734e-04,98.708,6.034700e-06,0
156.70776,6.133202e-04,98.707,6.213556e-06,0
156.73828,5.012729e-04,98.706,5.078466e-06,0
156.76880,5.291894e-04,98.704,5.361358e-06,0
156.79932,5.457299e-04,98.703,5.529003e-06,0
156.82983,5.553902e-04,98.702,5.626945e-06,0
156.86035,4.857913e-04,98.701,4.921864e-06,0
156.89087,3.944315e-04,98.699,3.996288e-06,0
156.92139,3.665438e-04,98.698,3.713782e-06,0
156.95190,5.171852e-04,98.697,5.240129e-06,0
156.98242,6.011782e-04,98.696,6.091224e-06,0
157.01294,5.721673e-04,98.695,5.797353e-06,0
157.04346,5.909482e-04,98.693,5.987720e-06,0
157.07397,5.540824e-04,98.692,5.614251e-06,0
157.10449,5.952015e-04,98.691,6.030966e-06,0
157.13501,5.612864e-04,98.690,5.687386e-06,0
157.16553,5.397832e-04,98.688,5.469566e-06,0
157.19604,5.612242e-04,98.687,5.686896e-06,0
157.22656,5.248145e-04,98.686,5.318022e-06,0
157.25708,5.766111e-04,98.685,5.842957e-06,0
157.28760,7.013241e-04,98.684,7.106795e-06,0
157.31812,5.352268e-04,98.682,5.423732e-06,0
157.34863,3.861768e-04,98.681,3.913379e-06,0
157.37915,5.721991e-04,98.680,5.798535e-06,0
157.40967,6.159536e-04,98.679,6.242010e-06,0
157.44019,5.061033e-04,98.678,5.128862e-06,0
157.47070,6.051783e-04,98.676,6.132966e-06,0
157.50122,5.642031e-04,98.675,5.717788e-06,0
157.53174,5.475119e-04,98.674,5.548703e-06,0
157.56226,5.100051e-04,98.673,5.168658e-06,0
157.59277,4.861804e-04,98.671,4.927267e-06,0
157.62329,4.562603e-04,98.670,4.624095e-06,0
157.65381,3.369113e-04,98.669,3.414561e-06,0
157.68433,4.833893e-04,98.668,4.899161e-06,0
157.71484,6.101510e-04,98.667,6.183970e-06,0
157.74536,6.590575e-04,98.665,6.679727e-06,0
157.77588,5.735495e-04,98.664,5.813152e-06,0
157.80640,5.354928e-04,98.663,5.427499e-06,0
157.83691,5.660592e-04,98.662,5.737375e-06,0
157.86743,5.190015e-04,98.660,5.260480e-06,0
157.89795,4.883308e-04,98.659,4.949670e-06,0
157.92847,5.824362e-04,98.658,5.903586e-06,0
157.95898,5.562909e-04,98.657,5.638645e-06,0
157.98950,5.179985e-04,98.656,5.250573e-06,0
158.02002,5.474400e-04,98.654,5.549068e-06,0
158.05054,3.923378e-04,98.653,3.976940e-06,0
158.08105,4.593361e-04,98.652,4.656126e-06,0
158.11157,6.128672e-04,98.651,6.212493e-06,0
158.14209,6.320275e-04,98.650,6.406795e-06,0
158.17261,5.422317e-04,98.648,5.496612e-06,0
158.20312,5.961409e-04,98.647,6.043164e-06,0
158.23364,6.147711e-04,98.646,6.232099e-06,0
158.26416,5.600997e-04,98.645,5.677950e-06,0
158.29468,6.704802e-04,98.644,6.797003e-06,0
158.32520,5.776916e-04,98.642,5.856429e-06,0
158.35571,5.139136e-04,98.641,5.209934e-06,0
158.38623,4.348756e-04,98.640,4.408720e-06,0
158.41675,4.719392e-04,98.639,4.784525e-06,0
158.44727,5.595961e-04,98.637,5.673262e-06,0
158.47778,4.687754e-04,98.636,4.752568e-06,0
158.50830,4.675448e-04,98.635,4.740150e-06,0
158.53882,5.026057e-04,98.634,5.095672e-06,0
158.56934,5.686730e-04,98.633,5.765567e-06,0
158.59985,6.100378e-04,98.631,6.185026e-06,0
158.63037,5.648498e-04,98.630,5.726945e-06,0
158.66089,4.859693e-04,98.629,4.927246e-06,0
158.69141,4.519169e-04,98.628,4.582044e-06,0
158.72192,4.741212e-04,98.627,4.807236e-06,0
158.75244,6.642047e-04,98.625,6.734623e-06,0
158.78296,6.511117e-04,98.624,6.601949e-06,0
158.81348,4.928520e-04,98.623,4.997335e-06,0
158.84399,5.226449e-04,98.622,5.299489e-06,0
158.87451,4.828408e-04,98.621,4.895946e-06,0
158.90503,5.420954e-04,98.619,5.496847e-06,0
158.93555,6.424151e-04,98.618,6.514168e-06,0
158.96606,4.378511e-04,98.617,4.439918e-06,0
158.99658,5.563436e-04,98.616,5.641530e-06,0
159.02710,5.566891e-04,98.615,5.645103e-06,0
159.05762,6.100531e-04,98.613,6.186315e-06,0
159.08813,5.739944e-04,98.612,5.820729e-06,0
159.11865,4.907965e-04,98.611,4.977102e-06,0
159.14917,5.187841e-04,98.610,5.260984e-06,0
159.17969,4.984765e-04,98.608,5.055107e-06,0
159.21021,4.164844e-04,98.607,4.223667e-06,0
159.24072,4.434637e-04,98.606,4.497326e-06,0
159.27124,4.839996e-04,98.605,4.908475e-06,0
159.30176,5.060295e-04,98.604,5.131954e-06,0
159.33228,5.541704e-04,98.602,5.620248e-06,0
159.36279,5.577122e-04,98.601,5.656237e-06,0
159.39331,4.597903e-04,98.600,4.663184e-06,0
159.42383,4.403250e-04,98.599,4.465822e-06,0
159.45435,4.845969e-04,98.598,4.914892e-06,0
159.48486,6.412594e-04,98.596,6.503878e-06,0
159.51538,6.892795e-04,98.595,6.991000e-06,0
159.54590,6.264423e-04,98.594,6.353753e-06,0
159.57642,5.641937e-04,98.593,5.722460e-06,0
159.60693,6.701395e-04,98.592,6.797120e-06,0
159.63745,7.636829e-04,98.590,7.746011e-06,0
159.66797,6.000715e-04,98.589,6.086580e-06,0
159.69849,4.555226e-04,98.588,4.620464e-06,0
159.72900,5.532130e-04,98.587,5.611426e-06,0
159.75952,5.996013e-04,98.586,6.082033e-06,0
159.79004,5.461204e-04,98.584,5.539619e-06,0
159.82056,5.330484e-04,98.583,5.407088e-06,0
159.85107,5.319952e-04,98.582,5.396470e-06,0
159.88159,5.130873e-04,98.581,5.204735e-06,0
159.91211,4.513611e-04,98.580,4.578642e-06,0
159.94263,5.337406e-04,98.578,5.414372e-06,0
159.97314,5.409875e-04,98.577,5.487953e-06,0
160.00366,6.433390e-04,98.576,6.526319e-06,0
160.03418,8.474193e-04,98.575,8.596706e-06,0
160.06470,1.300821e-03,98.574,1.319643e-05,0
160.09521,1.240798e-03,98.572,1.258767e-05,0
160.12573,1.067417e-03,98.571,1.082888e-05,0
160.15625,7.816317e-04,98.570,7.929703e-06,0
160.18677,7.773390e-04,98.569,7.886249e-06,0
160.21729,7.090303e-04,98.568,7.193332e-06,0
160.24780,7.365195e-04,98.567,7.472309e-06,0
160.27832,6.807901e-04,98.565,6.906993e-06,0
160.30884,6.258898e-04,98.564,6.350077e-06,0
160.33936,4.750785e-04,98.563,4.820053e-06,0
160.36987,4.686068e-04,98.562,4.754449e-06,0
160.40039,5.125096e-04,98.561,5.199946e-06,0
160.43091,4.758923e-04,98.559,4.828484e-06,0
160.46143,4.810863e-04,98.558,4.881242e-06,0
160.49194,5.944533e-04,98.557,6.031571e-06,0
160.52246,5.904495e-04,98.556,5.991019e-06,0
160.55298,5.987320e-04,98.555,6.075131e-06,0
160.58350,6.708224e-04,98.553,6.806690e-06,0
160.61401,6.868029e-04,98.552,6.968925e-06,0
160.64453,6.264510e-04,98.551,6.356617e-06,0
160.67505,4.645192e-04,98.550,4.713547e-06,0
160.70557,5.131213e-04,98.549,5.206783e-06,0
160.73608,5.379464e-04,98.547,5.458756e-06,0
160.76660,5.645147e-04,98.546,5.728425e-06,0
160.79712,5.125077e-04,98.545,5.200745e-06,0
160.82764,5.118438e-04,98.544,5.194071e-06,0
160.85815,6.736440e-04,98.543,6.836064e-06,0
160.88867,6.917557e-04,98.541,7.019944e-06,0
160.91919,4.744538e-04,98.540,4.814821e-06,0
160.94971,5.890072e-04,98.539,5.977396e-06,0
160.98022,5.511589e-04,98.538,5.593370e-06,0
161.01074,5.362375e-04,98.537,5.442007e-06,0
161.04126,6.452413e-04,98.536,6.548311e-06,0
161.07178,6.286118e-04,98.534,6.379621e-06,0
161.10229,5.450456e-04,98.533,5.531596e-06,0
161.13281,6.119073e-04,98.532,6.210242e-06,0
161.16333,5.396718e-04,98.531,5.477190e-06,0
161.19385,5.126175e-04,98.530,5.202675e-06,0
161.22437,5.215242e-04,98.528,5.293135e-06,0
161.25488,5.159176e-04,98.527,5.236296e-06,0
161.28540,5.093114e-04,98.526,5.169308e-06,0
161.31592,5.827104e-04,98.525,5.914350e-06,0
161.34644,4.177919e-04,98.524,4.240524e-06,0
161.37695,3.466974e-04,98.522,3.518968e-06,0
161.40747,5.223786e-04,98.521,5.302190e-06,0
161.43799,6.348644e-04,98.520,6.444009e-06,0
161.46851,6.769139e-04,98.519,6.870903e-06,0
161.49902,5.324484e-04,98.518,5.404595e-06,0
161.52954,5.783529e-04,98.517,5.870617e-06,0
161.56006,5.322198e-04,98.515,5.402404e-06,0
161.59058,5.178831e-04,98.514,5.256940e-06,0
161.62109,6.334982e-04,98.513,6.430606e-06,0
161.65161,5.929477e-04,98.512,6.019052e-06,0
161.68213,6.176893e-04,98.511,6.270281e-06,0
161.71265,5.555759e-04,98.509,5.639824e-06,0
161.74316,5.001758e-04,98.508,5.077501e-06,0
161.77368,4.031256e-04,98.507,4.092352e-06,0
161.80420,4.819693e-04,98.506,4.892797e-06,0
161.83472,4.396102e-04,98.505,4.462834e-06,0
161.86523,4.373126e-04,98.504,4.439563e-06,0
161.89575,3.837463e-04,98.502,3.895809e-06,0
161.92627,4.540347e-04,98.501,4.609435e-06,0
161.95679,6.756320e-04,98.500,6.859210e-06,0
161.98730,6.583149e-04,98.499,6.683482e-06,0
162.01782,5.204271e-04,98.498,5.283652e-06,0
162.04834,5.527191e-04,98.496,5.611565e-06,0
162.07886,7.795628e-04,98.495,7.914725e-06,0
162.10938,6.587596e-04,98.494,6.688318e-06,0
162.13989,5.152001e-04,98.493,5.230835e-06,0
162.17041,4.883942e-04,98.492,4.958734e-06,0
162.20093,5.885059e-04,98.491,5.975254e-06,0
162.23145,5.907937e-04,98.489,5.998554e-06,0
162.26196,5.839942e-04,98.488,5.929588e-06,0
162.29248,6.786972e-04,98.487,6.891237e-06,0
162.32300,6.948453e-04,98.486,7.055283e-06,0
162.35352,6.277932e-04,98.485,6.374529e-06,0
162.38403,6.486431e-04,98.483,6.586315e-06,0
162.41455,4.884014e-04,98.482,4.959282e-06,0
162.44507,3.917376e-04,98.481,3.977795e-06,0
162.47559,4.418296e-04,98.480,4.486494e-06,0
162.50610,4.752737e-04,98.479,4.826155e-06,0
162.53662,5.154893e-04,98.478,5.234586e-06,0
162.56714,6.614937e-04,98.476,6.717283e-06,0
162.59766,4.807331e-04,98.475,4.881767e-06,0
162.62817,4.933803e-04,98.474,5.010258e-06,0
162.65869,6.369997e-04,98.473,6.468785e-06,0
162.68921,5.682232e-04,98.472,5.770422e-06,0
162.71973,4.974003e-04,98.471,5.051261e-06,0
162.75024,4.912259e-04,98.469,4.988619e-06,0
162.78076,4.789617e-04,98.468,4.864127e-06,0
162.81128,5.905483e-04,98.467,5.997424e-06,0
162.84180,5.365133e-04,98.466,5.448727e-06,0
162.87231,5.702883e-04,98.465,5.791808e-06,0
162.90283,4.566930e-04,98.463,4.638198e-06,0
162.93335,3.750661e-04,98.462,3.809236e-06,0
162.96387,3.964060e-04,98.461,4.026016e-06,0
162.99438,5.089942e-04,98.460,5.169557e-06,0
163.02490,6.981307e-04,98.459,7.090590e-06,0
163.05542,7.370683e-04,98.458,7.486150e-06,0
163.08594,6.058591e-04,98.456,6.153576e-06,0
163.11646,6.141324e-04,98.455,6.237681e-06,0
163.14697,5.466814e-04,98.454,5.552654e-06,0
163.17749,4.299227e-04,98.453,4.366786e-06,0
163.20801,5.090858e-04,98.452,5.170918e-06,0
163.23853,4.633241e-04,98.451,4.706161e-06,0
163.26904,4.851249e-04,98.449,4.927659e-06,0
163.29956,5.376486e-04,98.448,5.461233e-06,0
163.33008,5.467004e-04,98.447,5.553244e-06,0
163.36060,6.665178e-04,98.446,6.770399e-06,0
163.39111,5.936714e-04,98.445,6.030506e-06,0
163.42163,4.105517e-04,98.444,4.170429e-06,0
163.45215,3.775320e-04,98.442,3.835056e-06,0
163.48267,4.271966e-04,98.441,4.339612e-06,0
163.51318,5.658077e-04,98.440,5.747741e-06,0
163.54370,6.314418e-04,98.439,6.414559e-06,0
163.57422,5.709887e-04,98.438,5.800510e-06,0
163.60474,4.045328e-04,98.437,4.109580e-06,0
163.63525,3.996500e-04,98.435,4.060026e-06,0
163.66577,5.173933e-04,98.434,5.256236e-06,0
163.69629,6.053896e-04,98.433,6.150270e-06,0
163.72681,5.198332e-04,98.432,5.281149e-06,0
163.75732,4.633181e-04,98.431,4.707050e-06,0
163.78784,5.320784e-04,98.430,5.405681e-06,0
163.81836,4.044773e-04,98.428,4.109358e-06,0
163.84888,4.649414e-04,98.427,4.723710e-06,0
163.87939,5.345555e-04,98.426,5.431039e-06,0
163.90991,7.238966e-04,98.425,7.354816e-06,0
163.94043,6.068127e-04,98.424,6.165313e-06,0
163.97095,5.296356e-04,98.422,5.381245e-06,0
164.00146,5.052276e-04,98.421,5.133314e-06,0
164.03198,6.240501e-04,98.420,6.340673e-06,0
164.06250,7.637793e-04,98.419,7.760487e-06,0
164.09302,6.127904e-04,98.418,6.226417e-06,0
164.12354,4.342473e-04,98.417,4.412335e-06,0
164.15405,5.131637e-04,98.416,5.214257e-06,0
164.18457,6.445587e-04,98.414,6.549439e-06,0
164.21509,6.901164e-04,98.413,7.012439e-06,0
164.24561,6.213920e-04,98.412,6.314188e-06,0
164.27612,6.436340e-04,98.411,6.540274e-06,0
164.30664,6.257566e-04,98.410,6.358690e-06,0
164.33716,6.383945e-04,98.409,6.487187e-06,0
164.36768,6.446932e-04,98.407,6.551271e-06,0
164.39819,5.565696e-04,98.406,5.655839e-06,0
164.42871,5.022952e-04,98.405,5.104365e-06,0
164.45923,5.898524e-04,98.404,5.994199e-06,0
164.48975,5.914971e-04,98.403,6.010984e-06,0
164.52026,6.410913e-04,98.402,6.515054e-06,0
164.55078,6.280723e-04,98.400,6.382824e-06,0
164.58130,6.113181e-04,98.399,6.212631e-06,0
164.61182,4.428699e-04,98.398,4.500799e-06,0
164.64233,4.580818e-04,98.397,4.655449e-06,0
164.67285,4.889057e-04,98.396,4.968769e-06,0
164.70337,3.673157e-04,98.395,3.733088e-06,0
164.73389,5.228367e-04,98.393,5.313737e-06,0
164.76440,5.660067e-04,98.392,5.752554e-06,0
164.79492,5.607089e-04,98.391,5.698777e-06,0
164.82544,6.543552e-04,98.390,6.650631e-06,0
164.85596,6.307366e-04,98.389,6.410656e-06,0
164.88647,6.108802e-04,98.388,6.208914e-06,0
164.91699,5.759816e-04,98.386,5.854277e-06,0
164.94751,5.384378e-04,98.385,5.472747e-06,0
164.97803,5.423088e-04,98.384,5.512157e-06,0
165.00854,5.870671e-04,98.383,5.967161e-06,0
165.03906,5.736859e-04,98.382,5.831218e-06,0
165.06958,4.705777e-04,98.381,4.783234e-06,0
165.10010,4.989876e-04,98.380,5.072068e-06,0
165.13062,5.183765e-04,98.378,5.269213e-06,0
165.16113,4.337062e-04,98.377,4.408605e-06,0
165.19165,5.281396e-04,98.376,5.368580e-06,0
165.22217,5.286503e-04,98.375,5.373834e-06,0
165.25269,6.382994e-04,98.374,6.488516e-06,0
165.28320,5.301683e-04,98.373,5.389392e-06,0
165.31372,4.920564e-04,98.371,5.002026e-06,0
165.34424,5.083961e-04,98.370,5.168189e-06,0
165.37476,4.210618e-04,98.369,4.280428e-06,0
165.40527,3.512448e-04,98.368,3.570725e-06,0
165.43579,4.252597e-04,98.367,4.323204e-06,0
165.46631,3.609139e-04,98.366,3.669106e-06,0
165.49683,3.994505e-04,98.364,4.060923e-06,0
165.52734,3.341496e-04,98.363,3.397095e-06,0
165.55786,3.913544e-04,98.362,3.978709e-06,0
165.58838,4.367645e-04,98.361,4.440423e-06,0
165.61890,5.908204e-04,98.360,6.006723e-06,0
165.64941,4.984606e-04,98.359,5.067783e-06,0
165.67993,5.882440e-04,98.358,5.980670e-06,0
165.71045,4.753232e-04,98.356,4.832662e-06,0
165.74097,4.304172e-04,98.355,4.376149e-06,0
165.77148,3.724586e-04,98.354,3.786915e-06,0
165.80200,4.510911e-04,98.353,4.586452e-06,0
165.83252,6.281205e-04,98.352,6.386467e-06,0
165.86304,5.251473e-04,98.351,5.339542e-06,0
165.89355,4.502507e-04,98.349,4.578068e-06,0
165.92407,4.369299e-04,98.348,4.442677e-06,0
165.95459,4.314779e-04,98.347,4.387293e-06,0
165.98511,4.711233e-04,98.346,4.790466e-06,0
166.01562,4.707994e-04,98.345,4.787229e-06,0
166.04614,5.160071e-04,98.344,5.246975e-06,0
166.07666,6.229411e-04,98.343,6.334399e-06,0
166.10718,6.254251e-04,98.341,6.359732e-06,0
166.13770,6.075329e-04,98.340,6.177865e-06,0
166.16821,5.345296e-04,98.339,5.435574e-06,0
166.19873,5.306375e-04,98.338,5.396059e-06,0
166.22925,6.977224e-04,98.337,7.095230e-06,0
166.25977,5.323849e-04,98.336,5.413955e-06,0
166.29028,4.679190e-04,98.335,4.758441e-06,0
166.32080,6.314212e-04,98.333,6.421229e-06,0
166.35132,5.598692e-04,98.332,5.693649e-06,0
166.38184,4.889666e-04,98.331,4.972656e-06,0
166.41235,6.291397e-04,98.330,6.398253e-06,0
166.44287,5.765915e-04,98.329,5.863913e-06,0
166.47339,4.483494e-04,98.328,4.559750e-06,0
166.50391,5.100748e-04,98.326,5.187562e-06,0
166.53442,5.921542e-04,98.325,6.022397e-06,0
166.56494,6.470427e-04,98.324,6.580706e-06,0
166.59546,5.710193e-04,98.323,5.807584e-06,0
166.62598,5.360105e-04,98.322,5.451588e-06,0
166.65649,4.290504e-04,98.321,4.363782e-06,0
166.68701,5.091439e-04,98.320,5.178457e-06,0
166.71753,5.070941e-04,98.318,5.157669e-06,0
166.74805,5.393859e-04,98.317,5.486174e-06,0
166.77856,4.889585e-04,98.316,4.973327e-06,0
166.80908,5.121774e-04,98.315,5.209553e-06,0
166.83960,7.216344e-04,98.314,7.340107e-06,0
166.87012,6.245302e-04,98.313,6.352485e-06,0
166.90063,4.780687e-04,98.312,4.862790e-06,0
166.93115,5.447344e-04,98.310,5.540961e-06,0
166.96167,6.482517e-04,98.309,6.594001e-06,0
166.99219,5.415531e-04,98.308,5.508730e-06,0
167.02271,6.251748e-04,98.307,6.359412e-06,0
167.05322,6.093854e-04,98.306,6.198871e-06,0
167.08374,5.931715e-04,98.305,6.034008e-06,0
167.11426,5.290300e-04,98.304,5.381594e-06,0
167.14478,5.798956e-04,98.302,5.899097e-06,0
167.17529,5.055676e-04,98.301,5.143040e-06,0
167.20581,5.002601e-04,98.300,5.089107e-06,0
167.23633,5.927504e-04,98.299,6.030074e-06,0
167.26685,5.074071e-04,98.298,5.161934e-06,0
167.29736,3.839646e-04,98.297,3.906179e-06,0
167.32788,5.480222e-04,98.296,5.575247e-06,0
167.35840,5.377850e-04,98.294,5.471164e-06,0
167.38892,4.659067e-04,98.293,4.739963e-06,0
167.41943,7.348214e-04,98.292,7.475889e-06,0
167.44995,6.592324e-04,98.291,6.706944e-06,0
167.48047,5.579917e-04,98.290,5.677000e-06,0
167.51099,7.180368e-04,98.289,7.305381e-06,0
167.54150,7.484879e-04,98.288,7.615282e-06,0
167.57202,5.694000e-04,98.286,5.793270e-06,0
167.60254,4.802839e-04,98.285,4.886629e-06,0
167.63306,4.542644e-04,98.284,4.621948e-06,0
167.66357,5.628683e-04,98.283,5.727013e-06,0
167.69409,6.020581e-04,98.282,6.125828e-06,0
167.72461,6.944705e-04,98.281,7.066189e-06,0
167.75513,4.895095e-04,98.280,4.980782e-06,0
167.78564,5.763953e-04,98.278,5.864918e-06,0
167.81616,4.975436e-04,98.277,5.062647e-06,0
167.84668,4.297701e-04,98.276,4.373083e-06,0
167.87720,5.451882e-04,98.275,5.547573e-06,0
167.90771,6.146659e-04,98.274,6.254617e-06,0
167.93823,7.102096e-04,98.273,7.226919e-06,0
167.96875,6.540793e-04,98.272,6.655828e-06,0
167.99927,7.084240e-04,98.271,7.208915e-06,0
168.02979,7.017657e-04,98.269,7.141243e-06,0
168.06030,4.075446e-04,98.268,4.147266e-06,0
168.09082,4.271337e-04,98.267,4.346659e-06,0
168.12134,5.454131e-04,98.266,5.550374e-06,0
168.15186,5.366671e-04,98.265,5.461435e-06,0
168.18237,4.871780e-04,98.264,4.957862e-06,0
168.21289,3.953606e-04,98.263,4.023511e-06,0
168.24341,5.029869e-04,98.261,5.118863e-06,0
168.27393,5.549989e-04,98.260,5.648251e-06,0
168.30444,6.262830e-04,98.259,6.373786e-06,0
168.33496,5.797384e-04,98.258,5.900162e-06,0
168.36548,6.138730e-04,98.257,6.247631e-06,0
168.39600,4.818710e-04,98.256,4.904251e-06,0
168.42651,4.233252e-04,98.255,4.308449e-06,0
168.45703,4.540091e-04,98.254,4.620792e-06,0
168.48755,5.868578e-04,98.252,5.972962e-06,0
168.51807,5.821916e-04,98.251,5.925539e-06,0
168.54858,5.281045e-04,98.250,5.375103e-06,0
168.57910,5.682496e-04,98.249,5.783771e-06,0
168.60962,5.056852e-04,98.248,5.147036e-06,0
168.64014,3.493634e-04,98.247,3.555980e-06,0
168.67065,3.806835e-04,98.246,3.874815e-06,0
168.70117,6.213919e-04,98.244,6.324957e-06,0
168.73169,5.283871e-04,98.243,5.378351e-06,0
168.76221,4.966556e-04,98.242,5.055420e-06,0
168.79272,4.484030e-04,98.241,4.564313e-06,0
168.82324,4.249183e-04,98.240,4.325311e-06,0
168.85376,5.235193e-04,98.239,5.329048e-06,0
168.88428,3.497392e-04,98.238,3.560133e-06,0
168.91479,3.316230e-04,98.237,3.375760e-06,0
168.94531,4.424914e-04,98.235,4.504398e-06,0
168.97583,6.600061e-04,98.234,6.718694e-06,0
169.00635,6.317632e-04,98.233,6.431263e-06,0
169.03687,5.382539e-04,98.232,5.479413e-06,0
169.06738,5.781867e-04,98.231,5.885996e-06,0
169.09790,4.779327e-04,98.230,4.865457e-06,0
169.12842,5.536778e-04,98.229,5.636623e-06,0
169.15894,6.381279e-04,98.228,6.496427e-06,0
169.18945,5.985441e-04,98.226,6.093516e-06,0
169.21997,5.916273e-04,98.225,6.023169e-06,0
169.25049,6.424328e-04,98.224,6.540479e-06,0
169.28101,5.660168e-04,98.223,5.762569e-06,0
169.31152,5.941514e-04,98.222,6.049074e-06,0
169.34204,5.634703e-04,98.221,5.736775e-06,0
169.37256,5.885763e-04,98.220,5.992451e-06,0
169.40308,6.411171e-04,98.218,6.527458e-06,0
169.43359,5.282242e-04,98.217,5.378114e-06,0
169.46411,4.606304e-04,98.216,4.689962e-06,0
169.49463,5.099979e-04,98.215,5.192662e-06,0
169.52515,4.686454e-04,98.214,4.771677e-06,0
169.55566,4.654112e-04,98.213,4.738801e-06,0
169.58618,4.550271e-04,98.212,4.633124e-06,0
169.61670,5.371565e-04,98.211,5.469435e-06,0
169.64722,5.363381e-04,98.209,5.461164e-06,0
169.67773,4.253675e-04,98.208,4.331276e-06,0
169.70825,5.098297e-04,98.207,5.191366e-06,0
169.73877,4.910232e-04,98.206,4.999925e-06,0
169.76929,3.855716e-04,98.205,3.926192e-06,0
169.79980,3.751458e-04,98.204,3.820072e-06,0
169.83032,4.532289e-04,98.203,4.615237e-06,0
169.86084,5.294329e-04,98.202,5.391285e-06,0
169.89136,6.284598e-04,98.200,6.399762e-06,0
169.92188,5.921295e-04,98.199,6.029871e-06,0
169.95239,4.533745e-04,98.198,4.616930e-06,0
169.98291,4.399653e-04,98.197,4.480429e-06,0
170.01343,3.708468e-04,98.196,3.776598e-06,0
170.04395,4.269585e-04,98.195,4.348073e-06,0
170.07446,6.585529e-04,98.194,6.706668e-06,0
170.10498,7.591586e-04,98.193,7.731319e-06,0
170.13550,7.270038e-04,98.192,7.403937e-06,0
170.16602,6.075839e-04,98.190,6.187814e-06,0
170.19653,5.460000e-04,98.189,5.560688e-06,0
170.22705,5.615310e-04,98.188,5.718928e-06,0
170.25757,5.580787e-04,98.187,5.683833e-06,0
170.28809,5.585612e-04,98.186,5.688812e-06,0
170.31860,4.330712e-04,98.185,4.410776e-06,0
170.34912,6.344684e-04,98.184,6.462056e-06,0
170.37964,7.954865e-04,98.183,8.102117e-06,0
170.41016,6.911627e-04,98.181,7.039647e-06,0
170.44067,7.348184e-04,98.180,7.484376e-06,0
170.47119,8.150639e-04,98.179,8.301798e-06,0
170.50171,7.215803e-04,98.178,7.349709e-06,0
170.53223,7.229055e-04,98.177,7.363291e-06,0
170.56274,1.358641e-03,98.176,1.383886e-05,0
170.59326,1.198013e-03,98.175,1.220287e-05,0
170.62378,7.139021e-04,98.174,7.271833e-06,0
170.65430,5.660948e-04,98.172,5.766329e-06,0
170.68481,6.777756e-04,98.171,6.904005e-06,0
170.71533,6.427453e-04,98.170,6.547251e-06,0
170.74585,5.045051e-04,98.169,5.139142e-06,0
170.77637,6.109417e-04,98.168,6.223429e-06,0
170.80688,5.680247e-04,98.167,5.786316e-06,0
170.83740,4.712789e-04,98.166,4.800847e-06,0
170.86792,6.195287e-04,98.165,6.311117e-06,0
170.89844,5.828640e-04,98.164,5.937683e-06,0
170.92896,5.334948e-04,98.162,5.434816e-06,0
170.95947,7.034061e-04,98.161,7.165818e-06,0
170.98999,6.437479e-04,98.160,6.558135e-06,0
171.02051,5.391338e-04,98.159,5.492449e-06,0
171.05103,6.792797e-04,98.158,6.920271e-06,0
171.08154,7.354687e-04,98.157,7.492790e-06,0
171.11206,6.221742e-04,98.156,6.338643e-06,0
171.14258,5.981707e-04,98.155,6.094167e-06,0
171.17310,4.806397e-04,98.154,4.896816e-06,0
171.20361,4.225138e-04,98.152,4.304671e-06,0
171.23413,4.991068e-04,98.151,5.085077e-06,0
171.26465,4.730839e-04,98.150,4.820000e-06,0
171.29517,4.129187e-04,98.149,4.207057e-06,0
171.32568,5.042678e-04,98.148,5.137833e-06,0
171.35620,6.332109e-04,98.147,6.451669e-06,0
171.38672,6.107431e-04,98.146,6.222819e-06,0
171.41724,5.717916e-04,98.145,5.826011e-06,0
171.44775,6.479041e-04,98.143,6.601599e-06,0
171.47827,6.077424e-04,98.142,6.192456e-06,0
171.50879,6.118012e-04,98.141,6.233883e-06,0
171.53931,7.325742e-04,98.140,7.464571e-06,0
171.56982,6.850370e-04,98.139,6.980270e-06,0
171.60034,5.851552e-04,98.138,5.962579e-06,0
171.63086,6.377313e-04,98.137,6.498389e-06,0
171.66138,6.392617e-04,98.136,6.514058e-06,0
171.69189,6.108264e-04,98.135,6.224373e-06,0
171.72241,4.843069e-04,98.133,4.935185e-06,0
171.75293,5.388727e-04,98.132,5.491283e-06,0
171.78345,4.423986e-04,98.131,4.508233e-06,0
171.81396,5.936872e-04,98.130,6.049997e-06,0
171.84448,5.976393e-04,98.129,6.090339e-06,0
171.87500,5.281248e-04,98.128,5.382002e-06,0
171.90552,6.174877e-04,98.127,6.292751e-06,0
171.93604,6.927677e-04,98.126,7.060001e-06,0
171.96655,6.279101e-04,98.125,6.399108e-06,0
171.99707,6.147390e-04,98.124,6.264951e-06,0
172.02759,5.275317e-04,98.122,5.376262e-06,0
172.05811,5.871723e-04,98.121,5.984147e-06,0
172.08862,5.784185e-04,98.120,5.895000e-06,0
172.11914,4.858651e-04,98.119,4.951790e-06,0
172.14966,4.870871e-04,98.118,4.964300e-06,0
172.18018,4.488713e-04,98.117,4.574864e-06,0
172.21069,4.247245e-04,98.116,4.328810e-06,0
172.24121,5.593370e-04,98.115,5.700850e-06,0
172.27173,6.142794e-04,98.114,6.260904e-06,0
172.30225,6.068835e-04,98.112,6.185592e-06,0
172.33276,4.326713e-04,98.111,4.410003e-06,0
172.36328,5.146850e-04,98.110,5.245987e-06,0
172.39380,6.524095e-04,98.109,6.649836e-06,0
172.42432,6.037622e-04,98.108,6.154056e-06,0
172.45483,6.097541e-04,98.107,6.215200e-06,0
172.48535,6.548765e-04,98.106,6.675206e-06,0
172.51587,6.055094e-04,98.105,6.172073e-06,0
172.54639,4.715607e-04,98.104,4.806762e-06,0
172.57690,4.596419e-04,98.102,4.685324e-06,0
172.60742,5.361017e-04,98.101,5.464772e-06,0
172.63794,4.584624e-04,98.100,4.673406e-06,0
172.66846,3.941221e-04,98.099,4.017588e-06,0
172.69897,3.580535e-04,98.098,3.649954e-06,0
172.72949,5.421871e-04,98.097,5.527053e-06,0
172.76001,6.234499e-04,98.096,6.355516e-06,0
172.79053,5.908357e-04,98.095,6.023111e-06,0
172.82104,5.044938e-04,98.094,5.142980e-06,0
172.85156,3.878668e-04,98.093,3.954090e-06,0
172.88208,4.719952e-04,98.091,4.811787e-06,0
172.91260,5.724722e-04,98.090,5.836172e-06,0
172.94312,6.284175e-04,98.089,6.406589e-06,0
172.97363,7.602397e-04,98.088,7.750577e-06,0
173.00415,7.287960e-04,98.087,7.430095e-06,0
173.03467,5.598650e-04,98.086,5.707902e-06,0
173.06519,5.987901e-04,98.085,6.104818e-06,0
173.09570,4.868520e-04,98.084,4.963636e-06,0
173.12622,5.587712e-04,98.083,5.696943e-06,0
173.15674,5.120845e-04,98.082,5.221008e-06,0
173.18726,4.988970e-04,98.080,5.086610e-06,0
173.21777,3.704759e-04,98.079,3.777309e-06,0
173.24829,4.764469e-04,98.078,4.857824e-06,0
173.27881,4.751709e-04,98.077,4.844869e-06,0
173.30933,4.046837e-04,98.076,4.126223e-06,0
173.33984,5.397027e-04,98.075,5.502962e-06,0
173.37036,7.001311e-04,98.074,7.138816e-06,0
173.40088,5.292612e-04,98.073,5.396619e-06,0
173.43140,3.368642e-04,98.072,3.434878e-06,0
173.46191,4.546199e-04,98.071,4.635642e-06,0
173.49243,5.598685e-04,98.069,5.708898e-06,0
173.52295,5.611256e-04,98.068,5.721780e-06,0
173.55347,4.792237e-04,98.067,4.886684e-06,0
173.58398,5.088905e-04,98.066,5.189257e-06,0
173.61450,6.144499e-04,98.065,6.265738e-06,0
173.64502,5.396167e-04,98.064,5.502701e-06,0
173.67554,4.487416e-04,98.063,4.576061e-06,0
173.70605,3.779582e-04,98.062,3.854287e-06,0
173.73657,5.677438e-04,98.061,5.789720e-06,0
173.76709,5.916967e-04,98.060,6.034054e-06,0
173.79761,5.866094e-04,98.058,5.982241e-06,0
173.82812,5.290284e-04,98.057,5.395090e-06,0
173.85864,4.353291e-04,98.056,4.439584e-06,0
173.88916,4.551868e-04,98.055,4.642149e-06,0
173.91968,4.744682e-04,98.054,4.838841e-06,0
173.95020,4.539914e-04,98.053,4.630061e-06,0
173.98071,4.047164e-04,98.052,4.127573e-06,0
174.01123,3.854015e-04,98.051,3.930631e-06,0
174.04175,5.015985e-04,98.050,5.115757e-06,0
174.07227,4.749985e-04,98.049,4.844520e-06,0
174.10278,4.493765e-04,98.048,4.583252e-06,0
174.13330,4.207504e-04,98.046,4.291338e-06,0
174.16382,4.261568e-04,98.045,4.346528e-06,0
174.19434,5.210241e-04,98.044,5.314174e-06,0
174.22485,6.789674e-04,98.043,6.925190e-06,0
174.25537,7.739808e-04,98.042,7.894375e-06,0
174.28589,5.448237e-04,98.041,5.557103e-06,0
174.31641,5.557530e-04,98.040,5.668642e-06,0
174.34692,4.676537e-04,98.039,4.770089e-06,0
174.37744,4.561069e-04,98.038,4.652363e-06,0
174.40796,5.818618e-04,98.037,5.935149e-06,0
174.43848,6.373075e-04,98.036,6.500783e-06,0
174.46899,6.330694e-04,98.034,6.457624e-06,0
174.49951,4.508286e-04,98.033,4.598728e-06,0
174.53003,5.394787e-04,98.032,5.503075e-06,0
174.56055,6.274114e-04,98.031,6.400123e-06,0
174.59106,6.900788e-04,98.030,7.039462e-06,0
174.62158,7.050068e-04,98.029,7.191822e-06,0
174.65210,9.928721e-04,98.028,1.012847e-05,0
174.68262,1.100129e-03,98.027,1.122274e-05,0
174.71313,1.362536e-03,98.026,1.389978e-05,0
174.74365,4.191395e-03,98.025,4.275861e-05,0
174.77417,4.689326e-03,98.024,4.783879e-05,0
174.80469,2.041644e-03,98.022,2.082833e-05,0
174.83521,6.311625e-04,98.021,6.439032e-06,0
174.86572,7.417236e-04,98.020,7.567046e-06,0
174.89624,8.368941e-04,98.019,8.538067e-06,0
174.92676,6.551543e-04,98.018,6.684016e-06,0
174.95728,5.969227e-04,98.017,6.089994e-06,0
174.98779,8.636848e-04,98.016,8.811682e-06,0
175.01831,7.027141e-04,98.015,7.169470e-06,0
175.04883,5.704241e-04,98.014,5.819840e-06,0
175.07935,7.168355e-04,98.013,7.313707e-06,0
175.10986,7.637802e-04,98.012,7.792759e-06,0
175.14038,6.238451e-04,98.010,6.365088e-06,0
175.17090,7.336151e-04,98.009,7.485154e-06,0
175.20142,7.160141e-04,98.008,7.305650e-06,0
175.23193,7.022615e-04,98.007,7.165409e-06,0
175.26245,5.413940e-04,98.006,5.524085e-06,0
175.29297,4.454599e-04,98.005,4.545277e-06,0
175.32349,5.696156e-04,98.004,5.812171e-06,0
175.35400,6.383090e-04,98.003,6.513168e-06,0
175.38452,6.732044e-04,98.002,6.869310e-06,0
175.41504,6.918603e-04,98.001,7.059751e-06,0
175.44556,6.211608e-04,98.000,6.338403e-06,0
175.47607,6.489777e-04,97.998,6.622324e-06,0
175.50659,7.407985e-04,97.997,7.559368e-06,0
175.53711,4.964197e-04,97.996,5.065697e-06,0
175.56763,4.422997e-04,97.995,4.513481e-06,0
175.59814,3.536560e-04,97.994,3.608950e-06,0
175.62866,5.284467e-04,97.993,5.392694e-06,0
175.65918,5.431010e-04,97.992,5.542300e-06,0
175.68970,5.265181e-04,97.991,5.373132e-06,0
175.72021,4.209934e-04,97.990,4.296297e-06,0
175.75073,4.601788e-04,97.989,4.696242e-06,0
175.78125,5.353094e-04,97.988,5.463029e-06,0
175.81177,8.104096e-04,97.987,8.270619e-06,0
175.84229,6.216688e-04,97.985,6.344499e-06,0
175.87280,4.668418e-04,97.984,4.764450e-06,0
175.90332,5.374097e-04,97.983,5.484706e-06,0
175.93384,4.972150e-04,97.982,5.074542e-06,0
175.96436,2.854782e-04,97.981,2.913603e-06,0
175.99487,5.440638e-04,97.980,5.552800e-06,0
176.02539,7.103264e-04,97.979,7.249782e-06,0
176.05591,4.963031e-04,97.978,5.065459e-06,0
176.08643,7.003198e-04,97.977,7.147810e-06,0
176.11694,6.373735e-04,97.976,6.505420e-06,0
176.14746,5.890259e-04,97.975,6.012023e-06,0
176.17798,4.676555e-04,97.974,4.773281e-06,0
176.20850,5.217737e-04,97.973,5.325715e-06,0
176.23901,4.997367e-04,97.971,5.100841e-06,0
176.26953,4.708506e-04,97.970,4.806052e-06,0
176.30005,5.832264e-04,97.969,5.953156e-06,0
176.33057,5.605333e-04,97.968,5.721584e-06,0
176.36108,4.101645e-04,97.967,4.186757e-06,0
176.39160,5.305996e-04,97.966,5.416158e-06,0
176.42212,6.707865e-04,97.965,6.847209e-06,0
176.45264,6.805610e-04,97.964,6.947061e-06,0
176.48315,6.349303e-04,97.963,6.481341e-06,0
176.51367,7.023137e-04,97.962,7.169267e-06,0
176.54419,6.404572e-04,97.961,6.537903e-06,0
176.57471,5.973084e-04,97.960,6.097500e-06,0
176.60522,6.783562e-04,97.958,6.924935e-06,0
176.63574,6.003269e-04,97.957,6.128448e-06,0
176.66626,6.122431e-04,97.956,6.250163e-06,0
176.69678,6.381845e-04,97.955,6.515062e-06,0
176.72729,6.179660e-04,97.954,6.308725e-06,0
176.75781,6.129530e-04,97.953,6.257617e-06,0
176.78833,6.146883e-04,97.952,6.275401e-06,0
176.81885,5.884741e-04,97.951,6.007845e-06,0
176.84937,4.830869e-04,97.950,4.931981e-06,0
176.87988,4.652982e-04,97.949,4.750423e-06,0
176.91040,4.899521e-04,97.948,5.002180e-06,0
176.94092,5.749529e-04,97.947,5.870062e-06,0
176.97144,5.865954e-04,97.946,5.988994e-06,0
177.00195,6.779029e-04,97.944,6.921297e-06,0
177.03247,5.789574e-04,97.943,5.911142e-06,0
177.06299,6.000555e-04,97.942,6.126620e-06,0
177.09351,6.098326e-04,97.941,6.226514e-06,0
177.12402,6.511408e-04,97.940,6.648352e-06,0
177.15454,4.485173e-04,97.939,4.579552e-06,0
177.18506,4.107538e-04,97.938,4.194017e-06,0
177.21558,4.937051e-04,97.937,5.041050e-06,0
177.24609,5.524730e-04,97.936,5.641169e-06,0
177.27661,5.545880e-04,97.935,5.662827e-06,0
177.30713,6.225981e-04,97.934,6.357340e-06,0
177.33765,6.586433e-04,97.933,6.725470e-06,0
177.36816,4.395199e-04,97.932,4.488030e-06,0
177.39868,5.174902e-04,97.931,5.284258e-06,0
177.42920,5.484287e-04,97.929,5.600242e-06,0
177.45972,5.209730e-04,97.928,5.319938e-06,0
177.49023,4.576497e-04,97.927,4.673361e-06,0
177.52075,5.859937e-04,97.926,5.984032e-06,0
177.55127,6.162438e-04,97.925,6.293007e-06,0
177.58179,5.445983e-04,97.924,5.561432e-06,0
177.61230,4.780904e-04,97.923,4.882308e-06,0
177.64282,6.048578e-04,97.922,6.176937e-06,0
177.67334,5.967936e-04,97.921,6.094651e-06,0
177.70386,4.896786e-04,97.920,5.000812e-06,0
177.73438,5.432106e-04,97.919,5.547565e-06,0
177.76489,4.321937e-04,97.918,4.413847e-06,0
177.79541,4.886299e-04,97.917,4.990266e-06,0
177.82593,4.617636e-04,97.916,4.715938e-06,0
177.85645,4.681946e-04,97.914,4.781669e-06,0
177.88696,5.149425e-04,97.913,5.259163e-06,0
177.91748,4.892047e-04,97.912,4.996355e-06,0
177.94800,4.443160e-04,97.911,4.537946e-06,0
177.97852,6.669796e-04,97.910,6.812157e-06,0
178.00903,8.521660e-04,97.909,8.703642e-06,0
178.03955,5.925954e-04,97.908,6.052571e-06,0
178.07007,4.849281e-04,97.907,4.952947e-06,0
178.10059,4.978663e-04,97.906,5.085150e-06,0
178.13110,5.009748e-04,97.905,5.116956e-06,0
178.16162,4.887483e-04,97.904,4.992129e-06,0
178.19214,5.303068e-04,97.903,5.416671e-06,0
178.22266,5.476607e-04,97.902,5.593989e-06,0
178.25317,5.284006e-04,97.901,5.397318e-06,0
178.28369,6.891681e-04,97.900,7.039546e-06,0
178.31421,7.155482e-04,97.898,7.309086e-06,0
178.34473,6.839082e-04,97.897,6.985970e-06,0
178.37524,7.092124e-04,97.896,7.244526e-06,0
178.40576,5.323779e-04,97.895,5.438241e-06,0
178.43628,4.089553e-04,97.894,4.177524e-06,0
178.46680,6.722507e-04,97.893,6.867191e-06,0
178.49731,7.012643e-04,97.892,7.163650e-06,0
178.52783,7.055454e-04,97.891,7.207460e-06,0
178.55835,7.370126e-04,97.890,7.528994e-06,0
178.58887,6.826448e-04,97.889,6.973672e-06,0
178.61938,6.316703e-04,97.888,6.453005e-06,0
178.64990,6.036682e-04,97.887,6.167008e-06,0
178.68042,6.998307e-04,97.886,7.149471e-06,0
178.71094,7.183177e-04,97.885,7.338414e-06,0
178.74146,5.648182e-04,97.884,5.770309e-06,0
178.77197,6.083391e-04,97.882,6.214996e-06,0
178.80249,6.399886e-04,97.881,6.538409e-06,0
178.83301,6.714614e-04,97.880,6.860023e-06,0
178.86353,5.723385e-04,97.879,5.847392e-06,0
178.89404,6.389458e-04,97.878,6.527968e-06,0
178.92456,6.270374e-04,97.877,6.406372e-06,0
178.95508,6.316085e-04,97.876,6.453144e-06,0
178.98560,5.096796e-04,97.875,5.207453e-06,0
179.01611,4.131306e-04,97.874,4.221047e-06,0
179.04663,5.238136e-04,97.873,5.351978e-06,0
179.07715,6.005834e-04,97.872,6.136427e-06,0
179.10767,7.216483e-04,97.871,7.373481e-06,0
179.13818,6.162241e-04,97.870,6.296372e-06,0
179.16870,5.552678e-04,97.869,5.673602e-06,0
179.19922,5.917422e-04,97.868,6.046355e-06,0
179.22974,6.512990e-04,97.867,6.654972e-06,0
179.26025,5.485664e-04,97.865,5.605311e-06,0
179.29077,6.203856e-04,97.864,6.339236e-06,0
179.32129,5.192492e-04,97.863,5.305860e-06,0
179.35181,5.856383e-04,97.862,5.984310e-06,0
179.38232,7.046564e-04,97.861,7.200568e-06,0
179.41284,6.925863e-04,97.860,7.077305e-06,0
179.44336,5.547469e-04,97.859,5.668833e-06,0
179.47388,6.287712e-04,97.858,6.425339e-06,0
179.50439,7.533078e-04,97.857,7.698047e-06,1
179.53491,8.124691e-04,97.856,8.302706e-06,1
179.56543,6.795521e-04,97.855,6.944489e-06,1
179.59595,5.602735e-04,97.854,5.725618e-06,1
179.62646,7.952488e-04,97.853,8.126994e-06,1
179.65698,8.897532e-04,97.852,9.092874e-06,1
179.68750,8.125765e-04,97.851,8.304253e-06,1
179.71802,6.839164e-04,97.850,6.989467e-06,1
179.74854,1.014579e-03,97.849,1.036887e-05,1
179.77905,1.422536e-03,97.847,1.453830e-05,1
179.80957,1.021515e-03,97.846,1.043999e-05,1
179.84009,7.346756e-04,97.845,7.508538e-06,1
179.87061,1.073619e-03,97.844,1.097273e-05,1
179.90112,1.424935e-03,97.843,1.456345e-05,1
179.93164,1.241472e-03,97.842,1.268852e-05,1
179.96216,3.540166e-03,97.841,3.618280e-05,1
179.99268,6.512115e-03,97.840,6.655878e-05,1
180.02319,3.983756e-03,97.839,4.071746e-05,1
180.05371,1.202017e-03,97.838,1.228580e-05,1
180.08423,1.049048e-03,97.837,1.072241e-05,1
180.11475,1.045465e-03,97.836,1.068591e-05,1
180.14526,1.001967e-03,97.835,1.024142e-05,1
180.17578,1.086341e-03,97.834,1.110395e-05,1
180.20630,8.735121e-04,97.833,8.928633e-06,1
180.23682,8.223346e-04,97.832,8.405611e-06,1
180.26733,9.569348e-04,97.831,9.781552e-06,1
180.29785,9.522048e-04,97.830,9.733308e-06,1
180.32837,7.027189e-04,97.828,7.183174e-06,1
180.35889,6.791237e-04,97.827,6.942059e-06,1
180.38940,6.207921e-04,97.826,6.345857e-06,1
180.41992,6.377057e-04,97.825,6.518821e-06,1
180.45044,6.619564e-04,97.824,6.766793e-06,1
180.48096,5.821719e-04,97.823,5.951266e-06,1
180.51147,6.879221e-04,97.822,7.032376e-06,0
180.54199,6.053986e-04,97.821,6.188835e-06,0
180.57251,5.752276e-04,97.820,5.880468e-06,0
180.60303,6.884182e-04,97.819,7.037675e-06,0
180.63354,5.917768e-04,97.818,6.049779e-06,0
180.66406,5.463417e-04,97.817,5.585352e-06,0
180.69458,5.841762e-04,97.816,5.972205e-06,0
180.72510,6.373041e-04,97.815,6.515417e-06,0
180.75562,5.992534e-04,97.814,6.126475e-06,0
180.78613,5.074200e-04,97.813,5.187672e-06,0
180.81665,8.354706e-04,97.812,8.541630e-06,0
180.84717,8.972496e-04,97.811,9.173340e-06,0
180.87769,6.742619e-04,97.810,6.893623e-06,0
180.90820,6.254729e-04,97.808,6.394875e-06,0
180.93872,6.612832e-04,97.807,6.761074e-06,0
180.96924,5.081287e-04,97.806,5.195252e-06,0
180.99976,4.289020e-04,97.805,4.385262e-06,0
181.03027,6.948140e-04,97.804,7.104128e-06,0
181.06079,6.741820e-04,97.803,6.893250e-06,0
181.09131,5.757103e-04,97.802,5.886477e-06,0
181.12183,5.331331e-04,97.801,5.451196e-06,0
181.15234,5.848166e-04,97.800,5.979716e-06,0
181.18286,6.747085e-04,97.799,6.898929e-06,0
181.21338,6.481468e-04,97.798,6.627405e-06,0
181.24390,6.339597e-04,97.797,6.482409e-06,0
181.27441,4.774688e-04,97.796,4.882300e-06,0
181.30493,6.027684e-04,97.795,6.163601e-06,0
181.33545,6.856414e-04,97.794,7.011094e-06,0
181.36597,5.400452e-04,97.793,5.522345e-06,0
181.39648,5.769382e-04,97.792,5.899665e-06,0
181.42700,4.913962e-04,97.791,5.024982e-06,0
181.45752,5.392514e-04,97.790,5.514405e-06,0
181.48804,6.570845e-04,97.789,6.719442e-06,0
181.51855,4.957939e-04,97.787,5.070116e-06,0
181.54907,6.321049e-04,97.786,6.464136e-06,0
181.57959,6.827669e-04,97.785,6.982298e-06,0
181.61011,7.436234e-04,97.784,7.604727e-06,0
181.64062,7.340482e-04,97.783,7.506886e-06,0
181.67114,4.894457e-04,97.782,5.005465e-06,0
181.70166,5.026914e-04,97.781,5.140980e-06,0
181.73218,4.723732e-04,97.780,4.830971e-06,0
181.76270,6.219974e-04,97.779,6.361249e-06,0
181.79321,6.890128e-04,97.778,7.046700e-06,0
181.82373,5.373821e-04,97.777,5.495994e-06,0
181.85425,5.928322e-04,97.776,6.063167e-06,0
181.88477,6.193794e-04,97.775,6.334745e-06,0
181.91528,7.090198e-04,97.774,7.251626e-06,0
181.94580,4.993077e-04,97.773,5.106812e-06,0
181.97632,4.302702e-04,97.772,4.400759e-06,0
182.00684,6.162371e-04,97.771,6.302876e-06,0
182.03735,5.533691e-04,97.770,5.659923e-06,0
182.06787,5.877998e-04,97.769,6.012148e-06,0
182.09839,6.155410e-04,97.768,6.295958e-06,0
182.12891,6.001630e-04,97.767,6.138732e-06,0
182.15942,4.975021e-04,97.766,5.088725e-06,0
182.18994,4.727582e-04,97.765,4.835683e-06,0
182.22046,5.386552e-04,97.763,5.509779e-06,0
182.25098,7.304230e-04,97.762,7.471408e-06,0
182.28149,6.652605e-04,97.761,6.804941e-06,0
182.31201,6.221339e-04,97.760,6.363868e-06,0
182.34253,5.226775e-04,97.759,5.346575e-06,0
182.37305,3.901091e-04,97.758,3.990549e-06,0
182.40356,4.489356e-04,97.757,4.592353e-06,0
182.43408,6.534286e-04,97.756,6.684269e-06,0
182.46460,6.341263e-04,97.755,6.486884e-06,0
182.49512,6.290355e-04,97.754,6.434876e-06,0
182.52563,6.292530e-04,97.753,6.437169e-06,0
182.55615,5.781635e-04,97.752,5.914594e-06,0
182.58667,5.847578e-04,97.751,5.982117e-06,0
182.61719,6.024433e-04,97.750,6.163107e-06,0
182.64771,7.325128e-04,97.749,7.493821e-06,0
182.67822,8.737154e-04,97.748,8.938461e-06,0
182.70874,7.353539e-04,97.747,7.523047e-06,0
182.73926,5.853600e-04,97.746,5.988596e-06,0
182.76978,5.853028e-04,97.745,5.988075e-06,0
182.80029,5.582297e-04,97.744,5.711158e-06,0
182.83081,5.405038e-04,97.743,5.529866e-06,0
182.86133,5.709465e-04,97.742,5.841385e-06,0
182.89185,7.273631e-04,97.741,7.441771e-06,0
182.92236,7.237463e-04,97.740,7.404846e-06,0
182.95288,6.601618e-04,97.739,6.754368e-06,0
182.98340,6.760964e-04,97.737,6.917474e-06,0
183.01392,4.857255e-04,97.736,4.969749e-06,0
183.04443,5.492833e-04,97.735,5.620106e-06,0
183.07495,7.127596e-04,97.734,7.292825e-06,0
183.10547,8.945519e-04,97.733,9.152988e-06,0
183.13599,8.594503e-04,97.732,8.793924e-06,0
183.16650,6.422952e-04,97.731,6.572056e-06,0
183.19702,5.977681e-04,97.730,6.116513e-06,0
183.22754,5.723441e-04,97.729,5.856430e-06,0
183.25806,6.132875e-04,97.728,6.275444e-06,0
183.28857,5.692560e-04,97.727,5.824955e-06,0
183.31909,6.033859e-04,97.726,6.174257e-06,0
183.34961,6.706542e-04,97.725,6.862665e-06,0
183.38013,7.159508e-04,97.724,7.326253e-06,0
183.41064,5.977609e-04,97.723,6.116893e-06,0
183.44116,6.293650e-04,97.722,6.440367e-06,0
183.47168,5.009342e-04,97.721,5.126173e-06,0
183.50220,5.831243e-04,97.720,5.967306e-06,0
183.53271,7.261687e-04,97.719,7.431206e-06,0
183.56323,6.795600e-04,97.718,6.954312e-06,0
183.59375,4.671922e-04,97.717,4.781086e-06,0
183.62427,3.490138e-04,97.716,3.571726e-06,0
183.65479,4.016309e-04,97.715,4.110241e-06,0
183.68530,4.388146e-04,97.714,4.490822e-06,0
183.71582,5.471642e-04,97.713,5.599729e-06,0
183.74634,6.926561e-04,97.712,7.088781e-06,0
183.77686,6.537921e-04,97.711,6.691110e-06,0
183.80737,5.582283e-04,97.710,5.713142e-06,0
183.83789,5.731946e-04,97.708,5.866374e-06,0
183.86841,6.440430e-04,97.707,6.591544e-06,0
183.89893,5.653128e-04,97.706,5.785830e-06,0
183.92944,5.044748e-04,97.705,5.163224e-06,0
183.95996,6.336361e-04,97.704,6.485239e-06,0
183.99048,6.640877e-04,97.703,6.796981e-06,0
184.02100,8.364961e-04,97.702,8.561683e-06,0
184.05151,8.889973e-04,97.701,9.099138e-06,0
184.08203,8.403529e-04,97.700,8.601340e-06,0
184.11255,7.374894e-04,97.699,7.548571e-06,0
184.14307,7.896946e-04,97.698,8.083003e-06,0
184.17358,9.435070e-04,97.697,9.657468e-06,0
184.20410,6.942973e-04,97.696,7.106703e-06,0
184.23462,6.044762e-04,97.695,6.187376e-06,0
184.26514,9.141083e-04,97.694,9.356847e-06,0
184.29565,9.865893e-04,97.693,1.009887e-05,0
184.32617,7.146051e-04,97.692,7.314879e-06,0
184.35669,1.786838e-03,97.691,1.829072e-05,0
184.38721,2.811519e-03,97.690,2.878003e-05,0
184.41772,1.836189e-03,97.689,1.879629e-05,0
184.44824,4.265595e-03,97.688,4.366555e-05,0
184.47876,1.252743e-02,97.687,1.282407e-04,0
184.50928,9.610998e-03,97.686,9.838684e-05,0
184.53979,1.896052e-03,97.685,1.940990e-05,0
184.57031,1.426356e-03,97.684,1.460177e-05,0
184.60083,1.922897e-03,97.683,1.968513e-05,0
184.63135,9.971302e-04,97.682,1.020795e-05,0
184.66187,8.403490e-04,97.681,8.603022e-06,0
184.69238,1.187747e-03,97.680,1.215962e-05,0
184.72290,8.930854e-04,97.679,9.143101e-06,0
184.75342,5.922203e-04,97.678,6.063011e-06,0
184.78394,9.101000e-04,97.677,9.317486e-06,0
184.81445,8.235133e-04,97.676,8.431111e-06,0
184.84497,7.112070e-04,97.675,7.281398e-06,0
184.87549,6.428168e-04,97.673,6.581282e-06,0
184.90601,9.123108e-04,97.672,9.340512e-06,0
184.93652,7.091172e-04,97.671,7.260232e-06,0
184.96704,5.251247e-04,97.670,5.376498e-06,0
184.99756,6.578989e-04,97.669,6.735979e-06,0
185.02808,6.987895e-04,97.668,7.154718e-06,0
185.05859,6.442212e-04,97.667,6.596076e-06,0
185.08911,5.156885e-04,97.666,5.280106e-06,0
185.11963,4.497496e-04,97.665,4.605010e-06,0
185.15015,6.020587e-04,97.664,6.164576e-06,0
185.18066,7.568796e-04,97.663,7.749894e-06,0
185.21118,5.990150e-04,97.662,6.133540e-06,0
185.24170,5.081347e-04,97.661,5.203037e-06,0
185.27222,5.076056e-04,97.660,5.197674e-06,0
185.30273,5.399758e-04,97.659,5.529189e-06,0
185.33325,5.157231e-04,97.658,5.280904e-06,0
185.36377,5.203326e-04,97.657,5.328160e-06,0
185.39429,5.616875e-04,97.656,5.751691e-06,0
185.42480,5.777494e-04,97.655,5.916227e-06,0
185.45532,3.906679e-04,97.654,4.000531e-06,0
185.48584,3.493778e-04,97.653,3.577748e-06,0
185.51636,5.730288e-04,97.652,5.868072e-06,0
185.54688,5.647143e-04,97.651,5.782989e-06,0
185.57739,4.924346e-04,97.650,5.042857e-06,0
185.60791,7.399720e-04,97.649,7.577884e-06,0
185.63843,5.458573e-04,97.648,5.590058e-06,0
185.66895,4.423316e-04,97.647,4.529912e-06,0
185.69946,3.292656e-04,97.646,3.372040e-06,0
185.72998,5.351227e-04,97.645,5.480299e-06,0
185.76050,5.862929e-04,97.644,6.004405e-06,0
185.79102,5.129016e-04,97.643,5.252837e-06,0
185.82153,5.625680e-04,97.642,5.761552e-06,0
185.85205,4.922455e-04,97.641,5.041395e-06,0
185.88257,4.216148e-04,97.640,4.318067e-06,0
185.91309,4.862706e-04,97.639,4.980307e-06,0
185.94360,6.372026e-04,97.638,6.526197e-06,0
185.97412,6.660338e-04,97.637,6.821556e-06,0
186.00464,5.323849e-04,97.636,5.452773e-06,0
186.03516,4.532641e-04,97.635,4.642453e-06,0
186.06567,4.490223e-04,97.634,4.599055e-06,0
186.09619,5.460735e-04,97.633,5.593149e-06,0
186.12671,5.470779e-04,97.632,5.603495e-06,0
186.15723,7.594263e-04,97.631,7.778574e-06,0
186.18774,8.698279e-04,97.630,8.909477e-06,0
186.21826,6.712064e-04,97.628,6.875107e-06,0
186.24878,4.844367e-04,97.627,4.962094e-06,0
186.27930,4.163901e-04,97.626,4.265136e-06,0
186.30981,3.335078e-04,97.625,3.416198e-06,0
186.34033,5.286005e-04,97.624,5.414634e-06,0
186.37085,4.874746e-04,97.623,4.993420e-06,0
186.40137,3.509952e-04,97.622,3.595438e-06,0
186.43188,5.395512e-04,97.621,5.526978e-06,0
186.46240,6.877472e-04,97.620,7.045121e-06,0
186.49292,7.628489e-04,97.619,7.814526e-06,0
186.52344,7.533445e-04,97.618,7.717245e-06,0
186.55396,6.518577e-04,97.617,6.677686e-06,0
186.58447,6.615823e-04,97.616,6.777377e-06,0
186.61499,7.198383e-04,97.615,7.374239e-06,0
186.64551,6.426074e-04,97.614,6.583131e-06,0
186.67603,5.422194e-04,97.613,5.554773e-06,0
186.70654,4.911178e-04,97.612,5.031315e-06,0
186.73706,5.179319e-04,97.611,5.306070e-06,0
186.76758,4.447252e-04,97.610,4.556135e-06,0
186.79810,4.252671e-04,97.609,4.356836e-06,0
186.82861,5.857732e-04,97.608,6.001273e-06,0
186.85913,5.176966e-04,97.607,5.303880e-06,0
186.88965,5.470236e-04,97.606,5.604398e-06,0
186.92017,4.752914e-04,97.605,4.869534e-06,0
186.95068,4.412525e-04,97.604,4.520840e-06,0
186.98120,5.029782e-04,97.603,5.153303e-06,0
187.01172,6.418028e-04,97.602,6.575709e-06,0
187.04224,4.942710e-04,97.601,5.064197e-06,0
187.07275,4.668443e-04,97.600,4.783238e-06,0
187.10327,6.500629e-04,97.599,6.660546e-06,0
187.13379,5.474132e-04,97.598,5.608856e-06,0
187.16431,5.551559e-04,97.597,5.688248e-06,0
187.19482,6.109244e-04,97.596,6.259729e-06,0
187.22534,5.232055e-04,97.595,5.360988e-06,0
187.25586,5.249965e-04,97.594,5.379395e-06,0
187.28638,5.163303e-04,97.593,5.290652e-06,0
187.31689,4.945462e-04,97.592,5.067491e-06,0
187.34741,5.604215e-04,97.591,5.742558e-06,0
187.37793,7.495395e-04,97.590,7.680501e-06,0
187.40845,7.628337e-04,97.589,7.816808e-06,0
187.43896,5.039284e-04,97.588,5.163842e-06,0
187.46948,3.023440e-04,97.587,3.098204e-06,0
187.50000,5.717168e-04,97.586,5.858602e-06,0
187.53052,6.536595e-04,97.585,6.698370e-06,0
187.56104,5.253060e-04,97.584,5.383124e-06,0
187.59155,4.739920e-04,97.583,4.857329e-06,0
187.62207,5.451957e-04,97.582,5.587062e-06,0
187.65259,4.585697e-04,97.581,4.699384e-06,0
187.68311,5.202854e-04,97.580,5.331896e-06,0
187.71362,6.867137e-04,97.579,7.037530e-06,0
187.74414,6.146927e-04,97.578,6.299515e-06,0
187.77466,5.607807e-04,97.577,5.747072e-06,0
187.80518,5.574737e-04,97.576,5.713239e-06,0
187.83569,4.735244e-04,97.575,4.852939e-06,0
187.86621,3.965772e-04,97.574,4.064385e-06,0
187.89673,6.470524e-04,97.573,6.631488e-06,0
187.92725,6.013994e-04,97.572,6.163664e-06,0
187.95776,4.333290e-04,97.571,4.441179e-06,0
187.98828,5.896965e-04,97.570,6.043848e-06,0
188.01880,5.635906e-04,97.569,5.776346e-06,0
188.04932,5.556575e-04,97.568,5.695097e-06,0
188.07983,4.759704e-04,97.567,4.878411e-06,0
188.11035,3.974869e-04,97.566,4.074044e-06,0
188.14087,4.141579e-04,97.565,4.244958e-06,0
188.17139,4.085444e-04,97.564,4.187465e-06,0
188.20190,3.586369e-04,97.563,3.675953e-06,0
188.23242,4.163188e-04,97.563,4.267184e-06,0
188.26294,5.563931e-04,97.563,5.702921e-06,0
188.29346,5.181273e-04,97.563,5.310709e-06,0
188.32397,4.887382e-04,97.563,5.009480e-06,0
188.35449,4.639463e-04,97.563,4.755372e-06,0
188.38501,5.693753e-04,97.562,5.836006e-06,0
188.41553,6.069269e-04,97.562,6.220908e-06,0
188.44604,4.797346e-04,97.562,4.917211e-06,0
188.47656,4.769043e-04,97.562,4.888204e-06,0
188.50708,5.696328e-04,97.562,5.838664e-06,0
188.53760,4.802126e-04,97.562,4.922123e-06,0
188.56812,5.017571e-04,97.562,5.142955e-06,0
188.59863,5.254137e-04,97.562,5.385437e-06,0
188.62915,5.173372e-04,97.562,5.302658e-06,0
188.65967,5.525267e-04,97.562,5.663351e-06,0
188.69019,5.578661e-04,97.562,5.718085e-06,0
188.72070,6.903873e-04,97.562,7.076423e-06,0
188.75122,5.669626e-04,97.562,5.811333e-06,0
188.78174,4.988012e-04,97.561,5.112686e-06,0
188.81226,5.833471e-04,97.561,5.979282e-06,0
188.84277,6.733546e-04,97.561,6.901861e-06,0
188.87329,6.219405e-04,97.561,6.374874e-06,0
188.90381,6.524445e-04,97.561,6.687543e-06,0
188.93433,5.757764e-04,97.561,5.901702e-06,0
188.96484,5.051993e-04,97.561,5.178291e-06,0
188.99536,6.337921e-04,97.561,6.496373e-06,0
189.02588,4.676351e-04,97.561,4.793267e-06,0
189.05640,4.802829e-04,97.561,4.922911e-06,0
189.08691,5.267171e-04,97.561,5.398867e-06,0
189.11743,5.315124e-04,97.561,5.448023e-06,0
189.14795,5.116065e-04,97.561,5.243991e-06,0
189.17847,4.356972e-04,97.560,4.465921e-06,0
189.20898,5.324146e-04,97.560,5.457284e-06,0
189.23950,5.686171e-04,97.560,5.828366e-06,0
189.27002,6.142725e-04,97.560,6.296343e-06,0
189.30054,5.110677e-04,97.560,5.238490e-06,0
189.33105,5.954019e-04,97.560,6.102928e-06,0
189.36157,4.673990e-04,97.560,4.790889e-06,0
189.39209,4.090392e-04,97.560,4.192699e-06,0
189.42261,4.737102e-04,97.560,4.855588e-06,0
189.45312,5.326846e-04,97.560,5.460087e-06,0
189.48364,4.901843e-04,97.560,5.024457e-06,0
189.51416,5.666786e-04,97.560,5.808539e-06,0
189.54468,5.933839e-04,97.559,6.082277e-06,0
189.57520,6.084923e-04,97.559,6.237145e-06,0
189.60571,5.176500e-04,97.559,5.306002e-06,0
189.63623,6.736927e-04,97.559,6.905472e-06,0
189.66675,5.905612e-04,97.559,6.053364e-06,0
189.69727,5.681072e-04,97.559,5.823210e-06,0
189.72778,4.623177e-04,97.559,4.738851e-06,0
189.75830,4.027007e-04,97.559,4.127768e-06,0
189.78882,6.237614e-04,97.559,6.393692e-06,0
189.81934,4.484212e-04,97.559,4.596420e-06,0
189.84985,5.538096e-04,97.559,5.676680e-06,0
189.88037,4.744511e-04,97.559,4.863240e-06,0
189.91089,5.746396e-04,97.559,5.890201e-06,0
189.94141,6.445048e-04,97.558,6.606344e-06,0
189.97192,6.014385e-04,97.558,6.164908e-06,0
190.00244,4.817079e-04,97.558,4.937640e-06,0
190.03296,5.167544e-04,97.558,5.296881e-06,0
190.06348,6.386944e-04,97.558,6.546807e-06,0
190.09399,5.429270e-04,97.558,5.565166e-06,0
190.12451,5.099963e-04,97.558,5.227621e-06,0
190.15503,4.628068e-04,97.558,4.743918e-06,0
190.18555,4.184865e-04,97.558,4.289624e-06,0
190.21606,5.488657e-04,97.558,5.626058e-06,0
190.24658,5.205752e-04,97.558,5.336075e-06,0
190.27710,4.759545e-04,97.558,4.878701e-06,0
190.30762,5.008966e-04,97.558,5.134371e-06,0
190.33813,4.178287e-04,97.557,4.282899e-06,0
190.36865,3.714036e-04,97.557,3.807027e-06,0
190.39917,5.753274e-04,97.557,5.897328e-06,0
190.42969,6.358822e-04,97.557,6.518043e-06,0
190.46021,4.918300e-04,97.557,5.041455e-06,0
190.49072,5.238751e-04,97.557,5.369935e-06,0
190.52124,3.319109e-04,97.557,3.402226e-06,0
190.55176,4.302594e-04,97.557,4.410342e-06,0
190.58228,6.251552e-04,97.557,6.408113e-06,0
190.61279,6.796229e-04,97.557,6.966436e-06,0
190.64331,6.522929e-04,97.557,6.686297e-06,0
190.67383,5.717632e-04,97.557,5.860836e-06,0
190.70435,5.376843e-04,97.557,5.511516e-06,0
190.73486,5.632476e-04,97.556,5.773556e-06,0
190.76538,4.825865e-04,97.556,4.946745e-06,0
190.79590,4.010287e-04,97.556,4.110742e-06,0
190.82642,4.947326e-04,97.556,5.071257e-06,0
190.85693,6.207829e-04,97.556,6.363341e-06,0
190.88745,4.824839e-04,97.556,4.945710e-06,0
190.91797,4.381759e-04,97.556,4.491533e-06,0
190.94849,5.351697e-04,97.556,5.485775e-06,0
190.97900,5.911957e-04,97.556,6.060076e-06,0
191.00952,5.406874e-04,97.556,5.542343e-06,0
191.04004,4.873902e-04,97.556,4.996022e-06,0
191.07056,5.902510e-04,97.556,6.050407e-06,0
191.10107,5.108546e-04,97.556,5.236553e-06,0
191.13159,5.922360e-04,97.555,6.070764e-06,0
191.16211,5.789599e-04,97.555,5.934681e-06,0
191.19263,5.543113e-04,97.555,5.682023e-06,0
191.22314,5.786791e-04,97.555,5.931812e-06,0
191.25366,4.437283e-04,97.555,4.548488e-06,0
191.28418,6.446307e-04,97.555,6.607867e-06,0
191.31470,7.706156e-04,97.555,7.899297e-06,0
191.34521,6.260159e-04,97.555,6.417064e-06,0
191.37573,4.896629e-04,97.555,5.019363e-06,0
191.40625,4.716922e-04,97.555,4.835155e-06,0
191.43677,5.583992e-04,97.555,5.723963e-06,0
191.46729,5.756637e-04,97.555,5.900941e-06,0
191.49780,5.251932e-04,97.554,5.383588e-06,0
191.52832,4.426515e-04,97.554,4.537483e-06,0
191.55884,4.773419e-04,97.554,4.893087e-06,0
191.58936,5.927773e-04,97.554,6.076386e-06,0
191.61987,4.432599e-04,97.554,4.543730e-06,0
191.65039,5.778974e-04,97.554,5.923866e-06,0
191.68091,5.824733e-04,97.554,5.970777e-06,0
191.71143,4.513078e-04,97.554,4.626238e-06,0
191.74194,4.899543e-04,97.554,5.022397e-06,0
191.77246,5.175703e-04,97.554,5.305486e-06,0
191.80298,4.342709e-04,97.554,4.451608e-06,0
191.83350,6.162767e-04,97.554,6.317312e-06,0
191.86401,5.828446e-04,97.554,5.974612e-06,0
191.89453,5.645662e-04,97.553,5.787248e-06,0
191.92505,4.677728e-04,97.553,4.795044e-06,0
191.95557,3.870623e-04,97.553,3.967700e-06,0
191.98608,5.522426e-04,97.553,5.660935e-06,0
192.01660,7.539596e-04,97.553,7.728704e-06,0
192.04712,6.330894e-04,97.553,6.489690e-06,0
192.07764,5.353610e-04,97.553,5.487898e-06,0
192.10815,6.754153e-04,97.553,6.923577e-06,0
192.13867,5.933086e-04,97.553,6.081919e-06,0
192.16919,4.523793e-04,97.553,4.637277e-06,0
192.19971,4.467534e-04,97.553,4.579610e-06,0
192.23022,4.519706e-04,97.553,4.633095e-06,0
192.26074,5.118742e-04,97.553,5.247163e-06,0
192.29126,4.744851e-04,97.552,4.863897e-06,0
192.32178,5.397834e-04,97.552,5.533267e-06,0
192.35229,4.595275e-04,97.552,4.710575e-06,0
192.38281,5.465221e-04,97.552,5.602353e-06,0
192.41333,6.246223e-04,97.552,6.402957e-06,0
192.44385,5.181479e-04,97.552,5.311500e-06,0
192.47437,5.431524e-04,97.552,5.567824e-06,0
192.50488,6.030708e-04,97.552,6.182049e-06,0
192.53540,4.678325e-04,97.552,4.795732e-06,0
192.56592,4.817079e-04,97.552,4.937972e-06,0
192.59644,7.017729e-04,97.552,7.193856e-06,0
192.62695,6.901718e-04,97.552,7.074940e-06,0
192.65747,6.066894e-04,97.552,6.219167e-06,0
192.68799,4.339157e-04,97.551,4.448070e-06,0
192.71851,5.265442e-04,97.551,5.397608e-06,0
192.74902,6.237174e-04,97.551,6.393737e-06,0
192.77954,4.726496e-04,97.551,4.845143e-06,0
192.81006,5.133618e-04,97.551,5.262488e-06,0
192.84058,6.459842e-04,97.551,6.622010e-06,0
192.87109,6.196234e-04,97.551,6.351789e-06,0
192.90161,4.598905e-04,97.551,4.714363e-06,0
192.93213,5.015376e-04,97.551,5.141294e-06,0
192.96265,4.839481e-04,97.551,4.960987e-06,0
192.99316,4.673954e-04,97.551,4.791307e-06,0
193.02368,4.914866e-04,97.551,5.038273e-06,0
193.05420,5.047782e-04,97.551,5.174530e-06,0
193.08472,4.016146e-04,97.550,4.116993e-06,0
193.11523,5.400432e-04,97.550,5.536043e-06,0
193.14575,5.913900e-04,97.550,6.062410e-06,0
193.17627,5.596985e-04,97.550,5.737541e-06,0
193.20679,4.839581e-04,97.550,4.961121e-06,0
193.23730,5.782011e-04,97.550,5.927224e-06,0
193.26782,6.357291e-04,97.550,6.516956e-06,0
193.29834,5.084204e-04,97.550,5.211900e-06,0
193.32886,5.746812e-04,97.550,5.891155e-06,0
193.35938,5.780631e-04,97.550,5.925828e-06,0
193.38989,6.452637e-04,97.550,6.614718e-06,0
193.42041,8.592868e-04,97.550,8.808715e-06,0
193.45093,7.636506e-04,97.550,7.828337e-06,0
193.48145,6.276427e-04,97.549,6.434097e-06,0
193.51196,6.332648e-04,97.549,6.491736e-06,0
193.54248,4.471392e-04,97.549,4.583725e-06,0
193.57300,5.086320e-04,97.549,5.214106e-06,0
193.60352,5.607386e-04,97.549,5.748267e-06,0
193.63403,4.199920e-04,97.549,4.305443e-06,0
193.66455,5.027249e-04,97.549,5.153563e-06,0
193.69507,5.508405e-04,97.549,5.646812e-06,0
193.72559,5.696114e-04,97.549,5.839243e-06,0
193.75610,5.506104e-04,97.549,5.644463e-06,0
193.78662,6.010260e-04,97.549,6.161292e-06,0
193.81714,6.488819e-04,97.549,6.651882e-06,0
193.84766,5.495270e-04,97.549,5.633371e-06,0
193.87817,5.773405e-04,97.548,5.918499e-06,0
193.90869,5.608738e-04,97.548,5.749699e-06,0
193.93921,5.089187e-04,97.548,5.217094e-06,0
193.96973,4.996496e-04,97.548,5.122078e-06,0
194.00024,6.116950e-04,97.548,6.270698e-06,0
194.03076,6.165533e-04,97.548,6.320507e-06,0
194.06128,7.482520e-04,97.548,7.670603e-06,0
194.09180,1.017935e-03,97.548,1.043523e-05,0
194.12231,1.014147e-03,97.548,1.039640e-05,0
194.15283,8.307413e-04,97.548,8.516252e-06,0
194.18335,2.143505e-03,97.548,2.197392e-05,0
194.21387,2.839072e-03,97.548,2.910448e-05,0
194.24438,1.875007e-03,97.548,1.922147e-05,0
194.27490,8.273238e-04,97.547,8.481244e-06,0
194.30542,6.775269e-04,97.547,6.945618e-06,0
194.33594,5.635814e-04,97.547,5.777519e-06,0
194.36646,4.312109e-04,97.547,4.420535e-06,0
194.39697,3.914496e-04,97.547,4.012927e-06,0
194.42749,5.103515e-04,97.547,5.231848e-06,0
194.45801,6.238607e-04,97.547,6.395489e-06,0
194.48853,6.967597e-04,97.547,7.142815e-06,0
194.51904,6.917330e-04,97.547,7.091290e-06,0
194.54956,6.757668e-04,97.547,6.927619e-06,0
194.58008,6.783596e-04,97.547,6.954204e-06,0
194.61060,5.425725e-04,97.547,5.562187e-06,0
194.64111,4.382407e-04,97.547,4.492632e-06,0
194.67163,5.217399e-04,97.546,5.348630e-06,0
194.70215,5.081390e-04,97.546,5.209204e-06,0
194.73267,5.123066e-04,97.546,5.251932e-06,0
194.76318,4.972274e-04,97.546,5.097351e-06,0
194.79370,5.588922e-04,97.546,5.729515e-06,0
194.82422,5.391222e-04,97.546,5.526846e-06,0
194.85474,6.484578e-04,97.546,6.647713e-06,0
194.88525,6.745943e-04,97.546,6.915658e-06,0
194.91577,5.474185e-04,97.546,5.611910e-06,0
194.94629,6.550484e-04,97.546,6.715293e-06,0
194.97681,6.786683e-04,97.546,6.957439e-06,0
195.00732,4.847484e-04,97.546,4.969453e-06,0
195.03784,4.909837e-04,97.546,5.033379e-06,0
195.06836,4.775266e-04,97.545,4.895426e-06,0
195.09888,5.401927e-04,97.545,5.537859e-06,0
195.12939,5.332993e-04,97.545,5.467196e-06,0
195.15991,5.789199e-04,97.545,5.934887e-06,0
195.19043,6.745313e-04,97.545,6.915066e-06,0
195.22095,6.477398e-04,97.545,6.640415e-06,0
195.25146,5.228792e-04,97.545,5.360389e-06,0
195.28198,4.669735e-04,97.545,4.787265e-06,0
195.31250,4.583022e-04,97.545,4.698374e-06,0
195.34302,5.226580e-04,97.545,5.358134e-06,0
195.37354,6.118589e-04,97.545,6.272600e-06,0
195.40405,5.960975e-04,97.545,6.111023e-06,0
195.43457,6.226058e-04,97.545,6.382784e-06,0
195.46509,5.558344e-04,97.544,5.698266e-06,0
195.49561,4.814751e-04,97.544,4.935959e-06,0
195.52612,5.368248e-04,97.544,5.503393e-06,0
195.55664,5.831431e-04,97.544,5.978242e-06,0
195.58716,4.812407e-04,97.544,4.933567e-06,0
195.61768,4.982787e-04,97.544,5.108241e-06,0
195.64819,5.283497e-04,97.544,5.416526e-06,0
195.67871,5.227817e-04,97.544,5.359448e-06,0
195.70923,6.951287e-04,97.544,7.126318e-06,0
195.73975,6.551552e-04,97.544,6.716524e-06,0
195.77026,6.067087e-04,97.544,6.219865e-06,0
195.80078,4.590892e-04,97.544,4.706500e-06,0
195.83130,3.530557e-04,97.544,3.619467e-06,0
195.86182,4.535416e-04,97.543,4.649635e-06,0
195.89233,5.174973e-04,97.543,5.305303e-06,0
195.92285,5.954199e-04,97.543,6.104158e-06,0
195.95337,5.233966e-04,97.543,5.365790e-06,0
195.98389,5.236726e-04,97.543,5.368624e-06,0
196.01440,4.279277e-04,97.543,4.387062e-06,0
196.04492,4.577101e-04,97.543,4.692391e-06,0
196.07544,5.625512e-04,97.543,5.767215e-06,0
196.10596,4.624630e-04,97.543,4.741125e-06,0
196.13647,4.894741e-04,97.543,5.018045e-06,0
196.16699,5.808875e-04,97.543,5.955211e-06,0
196.19751,5.895254e-04,97.543,6.043771e-06,0
196.22803,5.047027e-04,97.543,5.174178e-06,0
196.25854,5.138818e-04,97.542,5.268287e-06,0
196.28906,4.614981e-04,97.542,4.731255e-06,0
196.31958,4.539040e-04,97.542,4.653405e-06,0
196.35010,4.308822e-04,97.542,4.417390e-06,0
196.38062,4.098912e-04,97.542,4.202194e-06,0
196.41113,3.588015e-04,97.542,3.678426e-06,0
196.44165,4.232011e-04,97.542,4.338653e-06,0
196.47217,5.233225e-04,97.542,5.365101e-06,0
196.50269,5.658412e-04,97.542,5.801007e-06,0
196.53320,4.973299e-04,97.542,5.098633e-06,0
196.56372,5.556171e-04,97.542,5.696199e-06,0
196.59424,6.222768e-04,97.542,6.379600e-06,0
196.62476,5.435795e-04,97.542,5.572798e-06,0
196.65527,5.392306e-04,97.542,5.528217e-06,0
196.68579,4.530680e-04,97.541,4.644877e-06,0
196.71631,4.758678e-04,97.541,4.878626e-06,0
196.74683,4.469394e-04,97.541,4.582054e-06,0
196.77734,3.598898e-04,97.541,3.689618e-06,0
196.80786,4.563194e-04,97.541,4.678226e-06,0
196.83838,4.561040e-04,97.541,4.676020e-06,0
196.86890,5.326115e-04,97.541,5.460387e-06,0
196.89941,6.101055e-04,97.541,6.254868e-06,0
196.92993,6.648753e-04,97.541,6.816379e-06,0
196.96045,9.278992e-04,97.541,9.512938e-06,0
196.99097,6.820603e-04,97.541,6.992573e-06,0
197.02148,6.452591e-04,97.541,6.615287e-06,0
197.05200,5.566620e-04,97.541,5.706982e-06,0
197.08252,4.443511e-04,97.540,4.555557e-06,0
197.11304,5.573742e-04,97.540,5.714292e-06,0
197.14355,4.642197e-04,97.540,4.759261e-06,0
197.17407,4.824478e-04,97.540,4.946142e-06,0
197.20459,6.509955e-04,97.540,6.674129e-06,0
197.23511,5.457047e-04,97.540,5.594672e-06,0
197.26562,3.997075e-04,97.540,4.097883e-06,0
197.29614,4.003249e-04,97.540,4.104216e-06,0
197.32666,5.276917e-04,97.540,5.410011e-06,0
197.35718,4.223282e-04,97.540,4.329805e-06,0
197.38770,4.623984e-04,97.540,4.740618e-06,0
197.41821,3.916004e-04,97.540,4.014783e-06,0
197.44873,3.962359e-04,97.540,4.062311e-06,0
197.47925,4.302152e-04,97.539,4.410678e-06,0
197.50977,4.658598e-04,97.539,4.776120e-06,0
197.54028,5.049205e-04,97.539,5.176585e-06,0
197.57080,4.830869e-04,97.539,4.952744e-06,0
197.60132,5.746295e-04,97.539,5.891269e-06,0
197.63184,6.968734e-04,97.539,7.144555e-06,0
197.66235,5.902172e-04,97.539,6.051088e-06,0
197.69287,5.796754e-04,97.539,5.943015e-06,0
197.72339,5.611771e-04,97.539,5.753369e-06,0
197.75391,4.613298e-04,97.539,4.729706e-06,0
197.78442,6.353153e-04,97.539,6.513468e-06,0
197.81494,6.592979e-04,97.539,6.759351e-06,0
197.84546,6.547109e-04,97.539,6.712329e-06,0
197.87598,7.400967e-04,97.538,7.587740e-06,0
197.90649,6.855283e-04,97.538,7.028290e-06,0
197.93701,5.518959e-04,97.538,5.658246e-06,0
197.96753,4.827145e-04,97.538,4.948976e-06,0
197.99805,5.515416e-04,97.538,5.654622e-06,0
198.02856,4.680403e-04,97.538,4.798537e-06,0
198.05908,5.672813e-04,97.538,5.816001e-06,0
198.08960,5.784451e-04,97.538,5.930462e-06,0
198.12012,5.868233e-04,97.538,6.016362e-06,0
198.15063,4.103793e-04,97.538,4.207387e-06,0
198.18115,4.150494e-04,97.538,4.255270e-06,0
198.21167,4.740896e-04,97.538,4.860579e-06,0
198.24219,4.831730e-04,97.538,4.953711e-06,0
198.27271,4.729709e-04,97.538,4.849118e-06,0
198.30322,5.757134e-04,97.537,5.902487e-06,0
198.33374,5.088076e-04,97.537,5.216541e-06,0
198.36426,5.336830e-04,97.537,5.471579e-06,0
198.39478,4.484549e-04,97.537,4.597782e-06,0
198.42529,6.939219e-04,97.537,7.114438e-06,0
198.45581,6.771954e-04,97.537,6.942955e-06,0
198.48633,6.037864e-04,97.537,6.190333e-06,0
198.51685,5.862937e-04,97.537,6.010993e-06,0
198.54736,5.021462e-04,97.537,5.148272e-06,0
198.57788,4.658284e-04,97.537,4.775927e-06,0
198.60840,4.759825e-04,97.537,4.880036e-06,0
198.63892,5.164678e-04,97.537,5.295118e-06,0
198.66943,5.017904e-04,97.537,5.144641e-06,0
198.69995,5.541638e-04,97.536,5.681607e-06,0
198.73047,5.547527e-04,97.536,5.687649e-06,0
198.76099,5.578423e-04,97.536,5.719330e-06,0
198.79150,5.712055e-04,97.536,5.856342e-06,0
198.82202,5.079268e-04,97.536,5.207574e-06,0
198.85254,4.997727e-04,97.536,5.123977e-06,0
198.88306,5.985621e-04,97.536,6.136832e-06,0
198.91357,6.299787e-04,97.536,6.458940e-06,0
198.94409,4.532391e-04,97.536,4.646897e-06,0
198.97461,5.057782e-04,97.536,5.185566e-06,0
199.00513,4.822032e-04,97.536,4.943863e-06,0
199.03564,6.524940e-04,97.536,6.689801e-06,0
199.06616,6.070239e-04,97.536,6.223616e-06,0
199.09668,6.103278e-04,97.535,6.257495e-06,0
199.12720,7.396838e-04,97.535,7.583746e-06,0
199.15771,7.329414e-04,97.535,7.514625e-06,0
199.18823,6.153678e-04,97.535,6.309183e-06,0
199.21875,5.808393e-04,97.535,5.955177e-06,0
199.24927,6.177349e-04,97.535,6.333462e-06,0
199.27979,5.472593e-04,97.535,5.610899e-06,0
199.31030,4.618653e-04,97.535,4.735382e-06,0
199.34082,4.903621e-04,97.535,5.027556e-06,0
199.37134,5.044054e-04,97.535,5.171542e-06,0
199.40186,5.193599e-04,97.535,5.324871e-06,0
199.43237,5.028525e-04,97.535,5.155629e-06,0
199.46289,3.923861e-04,97.535,4.023045e-06,0
199.49341,4.647129e-04,97.535,4.764600e-06,0
199.52393,5.789950e-04,97.534,5.936313e-06,1
199.55444,5.991096e-04,97.534,6.142549e-06,1
199.58496,6.190256e-04,97.534,6.346748e-06,1
199.61548,6.466537e-04,97.534,6.630019e-06,1
199.64600,5.921286e-04,97.534,6.070989e-06,1
199.67651,6.772155e-04,97.534,6.943374e-06,1
199.70703,6.432136e-04,97.534,6.594763e-06,1
199.73755,5.724674e-04,97.534,5.869419e-06,1
199.76807,7.692585e-04,97.534,7.887093e-06,1
199.79858,7.746629e-04,97.534,7.942509e-06,1
199.82910,6.255034e-04,97.534,6.413203e-06,1
199.85962,8.534528e-04,97.534,8.750345e-06,1
199.89014,9.712330e-04,97.534,9.957938e-06,1
199.92065,7.312502e-04,97.533,7.497428e-06,1
199.95117,8.254312e-04,97.533,8.463063e-06,1
199.98169,9.695465e-04,97.533,9.940669e-06,1
200.01221,8.872298e-04,97.533,9.096691e-06,1
200.04272,7.266171e-04,97.533,7.449948e-06,1
200.07324,8.830427e-04,97.533,9.053775e-06,1
200.10376,7.217865e-04,97.533,7.400432e-06,1
200.13428,6.612531e-04,97.533,6.779792e-06,1
200.16479,7.660747e-04,97.533,7.854528e-06,1
200.19531,7.481936e-04,97.533,7.671200e-06,1
200.22583,1.036267e-03,97.533,1.062482e-05,1
200.25635,7.092894e-04,97.533,7.272328e-06,1
200.28687,4.877505e-04,97.533,5.000899e-06,1
200.31738,4.957603e-04,97.533,5.083027e-06,1
200.34790,4.837001e-04,97.532,4.959378e-06,1
200.37842,5.463209e-04,97.532,5.601433e-06,1
200.40894,6.010136e-04,97.532,6.162202e-06,1
200.43945,6.033643e-04,97.532,6.186309e-06,1
200.46997,5.603412e-04,97.532,5.745196e-06,1
200.50049,4.344044e-04,97.532,4.453965e-06,0
200.53101,4.879096e-04,97.532,5.002560e-06,0
200.56152,5.447012e-04,97.532,5.584851e-06,0
200.59204,5.291594e-04,97.532,5.425505e-06,0
200.62256,6.335818e-04,97.532,6.496159e-06,0
200.65308,6.002614e-04,97.532,6.154527e-06,0
200.68359,5.156183e-04,97.532,5.286679e-06,0
200.71411,5.130851e-04,97.532,5.260710e-06,0
200.74463,5.473274e-04,97.531,5.611803e-06,0
200.77515,5.679189e-04,97.531,5.822935e-06,0
200.80566,6.770668e-04,97.531,6.942045e-06,0
200.83618,6.018453e-04,97.531,6.170796e-06,0
200.86670,6.137095e-04,97.531,6.292445e-06,0
200.89722,6.164066e-04,97.531,6.320104e-06,0
200.92773,7.786623e-04,97.531,7.983740e-06,0
200.95825,6.705818e-04,97.531,6.875580e-06,0
200.98877,3.956321e-04,97.531,4.056481e-06,0
201.01929,3.570155e-04,97.531,3.660541e-06,0
201.04980,5.024225e-04,97.531,5.151429e-06,0
201.08032,5.716062e-04,97.531,5.860786e-06,0
201.11084,5.155722e-04,97.531,5.286263e-06,0
201.14136,6.100447e-04,97.530,6.254912e-06,0
201.17188,5.459460e-04,97.530,5.597700e-06,0
201.20239,6.018497e-04,97.530,6.170897e-06,0
201.23291,4.979139e-04,97.530,5.105224e-06,0
201.26343,5.042841e-04,97.530,5.170543e-06,0
201.29395,4.359329e-04,97.530,4.469726e-06,0
201.32446,5.130887e-04,97.530,5.260827e-06,0
201.35498,4.781987e-04,97.530,4.903094e-06,0
201.38550,4.710592e-04,97.530,4.829895e-06,0
201.41602,4.718789e-04,97.530,4.838303e-06,0
201.44653,4.785711e-04,97.530,4.906924e-06,0
201.47705,4.839226e-04,97.530,4.961799e-06,0
201.50757,4.130889e-04,97.530,4.235523e-06,0
201.53809,4.410491e-04,97.530,4.522211e-06,0
201.56860,4.621625e-04,97.529,4.738696e-06,0
201.59912,3.780872e-04,97.529,3.876649e-06,0
201.62964,4.279094e-04,97.529,4.387495e-06,0
201.66016,5.180059e-04,97.529,5.311288e-06,0
201.69067,3.801317e-04,97.529,3.897621e-06,0
201.72119,4.361284e-04,97.529,4.471778e-06,0
201.75171,5.477447e-04,97.529,5.616223e-06,0
201.78223,5.014418e-04,97.529,5.141467e-06,0
201.81274,4.532863e-04,97.529,4.647714e-06,0
201.84326,4.613132e-04,97.529,4.730020e-06,0
201.87378,5.662100e-04,97.529,5.805572e-06,0
201.90430,7.429605e-04,97.529,7.617870e-06,0
201.93481,6.393577e-04,97.529,6.555594e-06,0
201.96533,5.273800e-04,97.528,5.407446e-06,0
201.99585,5.927990e-04,97.528,6.078218e-06,0
202.02637,6.054431e-04,97.528,6.207867e-06,0
202.05688,5.415888e-04,97.528,5.553147e-06,0
202.08740,5.389686e-04,97.528,5.526284e-06,0
202.11792,4.010123e-04,97.528,4.111761e-06,0
202.14844,4.431053e-04,97.528,4.543363e-06,0
202.17896,4.744500e-04,97.528,4.864758e-06,0
202.20947,5.958730e-04,97.528,6.109769e-06,0
202.23999,6.287430e-04,97.528,6.446806e-06,0
202.27051,4.682563e-04,97.528,4.801262e-06,0
202.30103,6.474841e-04,97.528,6.638977e-06,0
202.33154,4.414422e-04,97.528,4.526331e-06,0
202.36206,5.141825e-04,97.528,5.272178e-06,0
202.39258,6.074241e-04,97.527,6.228237e-06,0
202.42310,5.974755e-04,97.527,6.126233e-06,0
202.45361,4.441449e-04,97.527,4.554056e-06,0
202.48413,6.560844e-04,97.527,6.727191e-06,0
202.51465,6.342273e-04,97.527,6.503083e-06,0
202.54517,5.279036e-04,97.527,5.412891e-06,0
202.57568,4.634823e-04,97.527,4.752348e-06,0
202.60620,3.548112e-04,97.527,3.638084e-06,0
202.63672,5.759770e-04,97.527,5.905829e-06,0
202.66724,6.994419e-04,97.527,7.171791e-06,0
202.69775,6.884014e-04,97.527,7.058592e-06,0
202.72827,5.138113e-04,97.527,5.268420e-06,0
202.75879,6.174324e-04,97.527,6.330914e-06,0
202.78931,4.906397e-04,97.527,5.030834e-06,0
202.81982,4.520820e-04,97.526,4.635481e-06,0
202.85034,5.496524e-04,97.526,5.635936e-06,0
202.88086,4.702980e-04,97.526,4.822269e-06,0
202.91138,5.694512e-04,97.526,5.838955e-06,0
202.94189,5.860704e-04,97.526,6.009367e-06,0
202.97241,5.925269e-04,97.526,6.075574e-06,0
203.00293,3.253216e-04,97.526,3.335743e-06,0
203.03345,5.186439e-04,97.526,5.318011e-06,0
203.06396,6.451671e-04,97.526,6.615344e-06,0
203.09448,3.911519e-04,97.526,4.010754e-06,0
203.12500,5.454881e-04,97.526,5.593275e-06,0
203.15552,5.748934e-04,97.526,5.894794e-06,0
203.18604,4.865086e-04,97.526,4.988524e-06,0
203.21655,6.278620e-04,97.525,6.437927e-06,0
203.24707,6.332372e-04,97.525,6.493049e-06,0
203.27759,6.003395e-04,97.525,6.155729e-06,0
203.30811,4.080952e-04,97.525,4.184508e-06,0
203.33862,3.666978e-04,97.525,3.760031e-06,0
203.36914,4.921694e-04,97.525,5.046591e-06,0
203.39966,5.426333e-04,97.525,5.564040e-06,0
203.43018,5.595664e-04,97.525,5.737673e-06,0
203.46069,4.656881e-04,97.525,4.775069e-06,0
203.49121,4.456928e-04,97.525,4.570045e-06,0
203.52173,5.472781e-04,97.525,5.611685e-06,0
203.55225,5.589238e-04,97.525,5.731101e-06,0
203.58276,5.043752e-04,97.525,5.171774e-06,0
203.61328,4.771174e-04,97.525,4.892281e-06,0
203.64380,5.124002e-04,97.524,5.254069e-06,0
203.67432,5.072707e-04,97.524,5.201476e-06,0
203.70483,5.539459e-04,97.524,5.680080e-06,0
203.73535,6.152720e-04,97.524,6.308913e-06,0
203.76587,6.394921e-04,97.524,6.557268e-06,0
203.79639,7.005250e-04,97.524,7.183097e-06,0
203.82690,9.580338e-04,97.524,9.823568e-06,0
203.85742,9.462132e-04,97.524,9.702368e-06,0
203.88794,8.141778e-04,97.524,8.348498e-06,0
203.91846,9.295654e-04,97.524,9.531678e-06,0
203.94897,9.332464e-04,97.524,9.569429e-06,0
203.97949,8.384063e-04,97.524,8.596953e-06,0
204.01001,6.129725e-04,97.524,6.285377e-06,0
204.04053,5.952834e-04,97.524,6.104000e-06,0
204.07104,5.910758e-04,97.523,6.060860e-06,0
204.10156,6.209489e-04,97.523,6.367181e-06,0
204.13208,5.849567e-04,97.523,5.998123e-06,0
204.16260,4.876744e-04,97.523,5.000598e-06,0
204.19312,4.952328e-04,97.523,5.078106e-06,0
204.22363,6.620131e-04,97.523,6.788271e-06,0
204.25415,5.023499e-04,97.523,5.151092e-06,0
204.28467,4.573050e-04,97.523,4.689205e-06,0
204.31519,5.324237e-04,97.523,5.459477e-06,0
204.34570,5.076898e-04,97.523,5.205859e-06,0
204.37622,4.947852e-04,97.523,5.073538e-06,0
204.40674,5.682144e-04,97.523,5.826488e-06,0
204.43726,5.520919e-04,97.523,5.661171e-06,0
204.46777,4.713945e-04,97.522,4.833700e-06,0
204.49829,5.542838e-04,97.522,5.683656e-06,0
204.52881,5.026211e-04,97.522,5.153908e-06,0
204.55933,5.782542e-04,97.522,5.929458e-06,0
204.58984,6.015061e-04,97.522,6.167889e-06,0
204.62036,5.016011e-04,97.522,5.143460e-06,0
204.65088,5.269655e-04,97.522,5.403553e-06,0
204.68140,5.788398e-04,97.522,5.935480e-06,0
204.71191,4.425652e-04,97.522,4.538111e-06,0
204.74243,7.216319e-04,97.522,7.399696e-06,0
204.77295,8.309364e-04,97.522,8.520524e-06,0
204.80347,7.147417e-04,97.522,7.329054e-06,0
204.83398,6.516781e-04,97.522,6.682396e-06,0
204.86450,5.226683e-04,97.522,5.359517e-06,0
204.89502,5.593133e-04,97.521,5.735284e-06,0
204.92554,4.970003e-04,97.521,5.096320e-06,0
204.95605,5.909506e-04,97.521,6.059706e-06,0
204.98657,6.864922e-04,97.521,7.039412e-06,0
205.01709,5.879259e-04,97.521,6.028700e-06,0
205.04761,5.343581e-04,97.521,5.479410e-06,0
205.07812,5.587966e-04,97.521,5.730011e-06,0
205.10864,6.060076e-04,97.521,6.214127e-06,0
205.13916,6.302928e-04,97.521,6.463157e-06,0
205.16968,7.518699e-04,97.521,7.709841e-06,0
205.20020,8.454019e-04,97.521,8.668945e-06,0
205.23071,4.645305e-04,97.521,4.763405e-06,0
205.26123,5.494563e-04,97.521,5.634259e-06,0
205.29175,5.432742e-04,97.521,5.570870e-06,0
205.32227,5.474724e-04,97.520,5.613924e-06,0
205.35278,4.213386e-04,97.520,4.320519e-06,0
205.38330,4.591178e-04,97.520,4.707920e-06,0
205.41382,5.617635e-04,97.520,5.760482e-06,0
205.44434,6.502587e-04,97.520,6.667941e-06,0
205.47485,4.634761e-04,97.520,4.752622e-06,0
205.50537,3.695175e-04,97.520,3.789145e-06,0
205.53589,4.077184e-04,97.520,4.180872e-06,0
205.56641,4.212827e-04,97.520,4.319968e-06,0
205.59692,4.407582e-04,97.520,4.519679e-06,0
205.62744,5.543361e-04,97.520,5.684348e-06,0
205.65796,5.115477e-04,97.520,5.245585e-06,0
205.68848,5.659184e-04,97.520,5.803126e-06,0
205.71899,5.933614e-04,97.520,6.084540e-06,0
205.74951,4.312169e-04,97.519,4.421856e-06,0
205.78003,3.689580e-04,97.519,3.783434e-06,0
205.81055,4.738594e-04,97.519,4.859135e-06,0
205.84106,6.042037e-04,97.519,6.195740e-06,0
205.87158,4.755055e-04,97.519,4.876022e-06,0
205.90210,4.901739e-04,97.519,5.026441e-06,0
205.93262,5.345382e-04,97.519,5.481375e-06,0
205.96313,5.947642e-04,97.519,6.098961e-06,0
205.99365,6.667809e-04,97.519,6.837456e-06,0
206.02417,5.528696e-04,97.519,5.669366e-06,0
206.05469,4.336985e-04,97.519,4.447337e-06,0
206.08521,4.055718e-04,97.519,4.158915e-06,0
206.11572,4.663009e-04,97.519,4.781663e-06,0
206.14624,5.723237e-04,97.518,5.868873e-06,0
206.17676,6.872877e-04,97.518,7.047773e-06,0
206.20728,6.116380e-04,97.518,6.272030e-06,0
206.23779,4.884167e-04,97.518,5.008463e-06,0
206.26831,5.541724e-04,97.518,5.682759e-06,0
206.29883,7.043218e-04,97.518,7.222470e-06,0
206.32935,6.568297e-04,97.518,6.735467e-06,0
206.35986,6.788857e-04,97.518,6.961646e-06,0
206.39038,6.625832e-04,97.518,6.794476e-06,0
206.42090,5.651685e-04,97.518,5.795539e-06,0
206.45142,5.998880e-04,97.518,6.151577e-06,0
206.48193,6.475213e-04,97.518,6.640038e-06,0
206.51245,5.882724e-04,97.518,6.032472e-06,0
206.54297,7.069218e-04,97.518,7.249174e-06,0
206.57349,5.782568e-04,97.517,5.929776e-06,0
206.60400,5.525015e-04,97.517,5.665670e-06,0
206.63452,4.674356e-04,97.517,4.793358e-06,0
206.66504,6.255757e-04,97.517,6.415026e-06,0
206.69556,5.874527e-04,97.517,6.024093e-06,0
206.72607,4.294741e-04,97.517,4.404089e-06,0
206.75659,4.478141e-04,97.517,4.592162e-06,0
206.78711,5.577862e-04,97.517,5.719888e-06,0
206.81763,5.564886e-04,97.517,5.706586e-06,0
206.84814,6.196789e-04,97.517,6.354584e-06,0
206.87866,5.548439e-04,97.517,5.689729e-06,0
206.90918,5.634849e-04,97.517,5.778343e-06,0
206.93970,7.260777e-04,97.517,7.445682e-06,0
206.97021,5.892025e-04,97.517,6.042077e-06,0
207.00073,4.767462e-04,97.516,4.888879e-06,0
207.03125,4.702925e-04,97.516,4.822701e-06,0
207.06177,5.922140e-04,97.516,6.072972e-06,0
207.09229,5.408636e-04,97.516,5.546394e-06,0
207.12280,3.974247e-04,97.516,4.075475e-06,0
207.15332,3.858969e-04,97.516,3.957263e-06,0
207.18384,4.470625e-04,97.516,4.584502e-06,0
207.21436,4.418104e-04,97.516,4.530647e-06,0
207.24487,4.619689e-04,97.516,4.737370e-06,0
207.27539,4.908201e-04,97.516,5.033235e-06,0
207.30591,4.149459e-04,97.516,4.255168e-06,0
207.33643,4.415605e-04,97.516,4.528098e-06,0
207.36694,5.731550e-04,97.516,5.877572e-06,0
207.39746,4.682785e-04,97.516,4.802092e-06,0
207.42798,3.858930e-04,97.515,3.957249e-06,0
207.45850,3.267469e-04,97.515,3.350721e-06,0
207.48901,5.071173e-04,97.515,5.200386e-06,0
207.51953,5.180225e-04,97.515,5.312220e-06,0
207.55005,4.483099e-04,97.515,4.597335e-06,0
207.58057,5.294624e-04,97.515,5.429542e-06,0
207.61108,5.640622e-04,97.515,5.784361e-06,0
207.64160,5.946827e-04,97.515,6.098374e-06,0
207.67212,5.288844e-04,97.515,5.423627e-06,0
207.70264,5.039398e-04,97.515,5.167828e-06,0
207.73315,5.468613e-04,97.515,5.607985e-06,0
207.76367,5.267964e-04,97.515,5.402226e-06,0
207.79419,5.072782e-04,97.515,5.202074e-06,0
207.82471,4.679803e-04,97.515,4.799083e-06,0
207.85522,5.297338e-04,97.514,5.432361e-06,0
207.88574,5.523322e-04,97.514,5.664109e-06,0
207.91626,5.427718e-04,97.514,5.566073e-06,0
207.94678,3.970861e-04,97.514,4.072083e-06,0
207.97729,5.114650e-04,97.514,5.245032e-06,0
208.00781,6.549948e-04,97.514,6.716924e-06,0
208.03833,6.388939e-04,97.514,6.551815e-06,0
208.06885,5.559577e-04,97.514,5.701314e-06,0
208.09937,5.181075e-04,97.514,5.313166e-06,0
208.12988,5.950631e-04,97.514,6.102346e-06,0
208.16040,5.316275e-04,97.514,5.451821e-06,0
208.19092,4.963247e-04,97.514,5.089796e-06,0
208.22144,4.572587e-04,97.514,4.689179e-06,0
208.25195,3.772213e-04,97.514,3.868400e-06,0
208.28247,4.078509e-04,97.513,4.182509e-06,0
208.31299,5.185834e-04,97.513,5.318073e-06,0
208.34351,4.341487e-04,97.513,4.452199e-06,0
208.37402,4.812820e-04,97.513,4.935555e-06,0
208.40454,6.581082e-04,97.513,6.748916e-06,0
208.43506,6.050183e-04,97.513,6.204482e-06,0
208.46558,4.718119e-04,97.513,4.838450e-06,0
208.49609,4.791773e-04,97.513,4.913986e-06,0
208.52661,3.678628e-04,97.513,3.772453e-06,0
208.55713,4.869050e-04,97.513,4.993241e-06,0
208.58765,4.329388e-04,97.513,4.439818e-06,0
208.61816,4.090328e-04,97.513,4.194663e-06,0
208.64868,4.566177e-04,97.513,4.682654e-06,0
208.67920,5.462744e-04,97.513,5.602095e-06,0
208.70972,5.731066e-04,97.512,5.877266e-06,0
208.74023,6.406503e-04,97.512,6.569937e-06,0
208.77075,4.663590e-04,97.512,4.782565e-06,0
208.80127,5.343690e-04,97.512,5.480019e-06,0
208.83179,6.624449e-04,97.512,6.793458e-06,0
208.86230,4.599453e-04,97.512,4.716802e-06,0
208.89282,4.935985e-04,97.512,5.061924e-06,0
208.92334,5.120068e-04,97.512,5.250708e-06,0
208.95386,5.926032e-04,97.512,6.077241e-06,0
208.98438,5.927496e-04,97.512,6.078746e-06,0
209.01489,6.611121e-04,97.512,6.779820e-06,0
209.04541,6.684531e-04,97.512,6.855108e-06,0
209.07593,5.042166e-04,97.512,5.170837e-06,0
209.10645,4.550775e-04,97.512,4.666910e-06,0
209.13696,3.511026e-04,97.511,3.600629e-06,0
209.16748,3.958998e-04,97.511,4.060037e-06,0
209.19800,3.734699e-04,97.511,3.830016e-06,0
209.22852,4.195235e-04,97.511,4.302309e-06,0
209.25903,3.526854e-04,97.511,3.616872e-06,0
209.28955,4.576456e-04,97.511,4.693267e-06,0
209.32007,5.720174e-04,97.511,5.866182e-06,0
209.35059,5.233853e-04,97.511,5.367451e-06,0
209.38110,6.848390e-04,97.511,7.023205e-06,0
209.41162,6.914356e-04,97.511,7.090861e-06,0
209.44214,5.617314e-04,97.511,5.760712e-06,0
209.47266,5.456084e-04,97.511,5.595371e-06,0
209.50317,5.333181e-04,97.511,5.469335e-06,0
209.53369,4.838831e-04,97.511,4.962367e-06,0
209.56421,5.167681e-04,97.510,5.299617e-06,0
209.59473,6.119129e-04,97.510,6.275361e-06,0
209.62524,6.040782e-04,97.510,6.195018e-06,0
209.65576,6.108398e-04,97.510,6.264365e-06,0
209.68628,5.721312e-04,97.510,5.867399e-06,0
209.71680,5.126019e-04,97.510,5.256911e-06,0
209.74731,5.915311e-04,97.510,6.066361e-06,0
209.77783,6.393998e-04,97.510,6.557277e-06,0
209.80835,5.340434e-04,97.510,5.476813e-06,0
209.83887,4.270309e-04,97.510,4.379363e-06,0
209.86938,3.785870e-04,97.510,3.882555e-06,0
209.89990,5.669368e-04,97.510,5.814159e-06,0
209.93042,4.683822e-04,97.510,4.803446e-06,0
209.96094,5.196261e-04,97.510,5.328977e-06,0
209.99146,5.018927e-04,97.509,5.147118e-06,0
210.02197,5.333529e-04,97.509,5.469759e-06,0
210.05249,4.655847e-04,97.509,4.774771e-06,0
210.08301,4.441166e-04,97.509,4.554610e-06,0
210.11353,5.602550e-04,97.509,5.745664e-06,0
210.14404,5.487344e-04,97.509,5.627519e-06,0
210.17456,4.759646e-04,97.509,4.881235e-06,0
210.20508,5.915882e-04,97.509,6.067013e-06,0
210.23560,6.595482e-04,97.509,6.763979e-06,0
210.26611,6.192643e-04,97.509,6.350853e-06,0
210.29663,7.170078e-04,97.509,7.353265e-06,0
210.32715,6.857030e-04,97.509,7.032224e-06,0
210.35767,4.911115e-04,97.509,5.036596e-06,0
210.38818,4.323479e-04,97.509,4.433948e-06,0
210.41870,3.436087e-04,97.508,3.523886e-06,0
210.44922,6.129724e-04,97.508,6.286355e-06,0
210.47974,6.954956e-04,97.508,7.132678e-06,0
210.51025,5.203384e-04,97.508,5.336352e-06,0
210.54077,4.921508e-04,97.508,5.047276e-06,0
210.57129,5.010676e-04,97.508,5.138727e-06,0
210.60181,4.785978e-04,97.508,4.908290e-06,0
210.63232,4.848735e-04,97.508,4.972654e-06,0
210.66284,4.768770e-04,97.508,4.890649e-06,0
210.69336,6.018619e-04,97.508,6.172446e-06,0
210.72388,5.497994e-04,97.508,5.638519e-06,0
210.75439,5.150589e-04,97.508,5.282239e-06,0
210.78491,7.186423e-04,97.508,7.370114e-06,0
210.81543,6.228689e-04,97.508,6.387904e-06,0
210.84595,7.028620e-04,97.507,7.208287e-06,0
210.87646,5.067294e-04,97.507,5.196829e-06,0
210.90698,5.780673e-04,97.507,5.928449e-06,0
210.93750,6.745677e-04,97.507,6.918127e-06,0
210.96802,5.362716e-04,97.507,5.499815e-06,0
210.99854,5.337839e-04,97.507,5.474307e-06,0
211.02905,6.610080e-04,97.507,6.779078e-06,0
211.05957,5.603754e-04,97.507,5.747028e-06,0
211.09009,5.271607e-04,97.507,5.406392e-06,0
211.12061,5.682054e-04,97.507,5.827338e-06,0
211.15112,4.567654e-04,97.507,4.684447e-06,0
211.18164,4.431366e-04,97.507,4.544678e-06,0
211.21216,5.316679e-04,97.507,5.452633e-06,0
211.24268,4.148789e-04,97.507,4.254881e-06,0
211.27319,5.341381e-04,97.506,5.477974e-06,0
211.30371,5.895692e-04,97.506,6.046465e-06,0
211.33423,5.534843e-04,97.506,5.676392e-06,0
211.36475,5.363481e-04,97.506,5.500652e-06,0
211.39526,5.838439e-04,97.506,5.987761e-06,0
211.42578,5.728654e-04,97.506,5.875172e-06,0
211.45630,5.104114e-04,97.506,5.234663e-06,0
211.48682,3.527855e-04,97.506,3.618090e-06,0
211.51733,5.608437e-04,97.506,5.751893e-06,0
211.54785,6.021123e-04,97.506,6.175139e-06,0
211.57837,4.763861e-04,97.506,4.885721e-06,0
211.60889,4.587141e-04,97.506,4.704484e-06,0
211.63940,5.677179e-04,97.506,5.822411e-06,0
211.66992,5.200965e-04,97.506,5.334017e-06,0
211.70044,4.743757e-04,97.506,4.865117e-06,0
211.73096,5.299186e-04,97.505,5.434760e-06,0
211.76147,4.549902e-04,97.505,4.666309e-06,0
211.79199,4.822728e-04,97.505,4.946119e-06,0
211.82251,4.833817e-04,97.505,4.957495e-06,0
211.85303,4.509892e-04,97.505,4.625286e-06,0
211.88354,4.538703e-04,97.505,4.654837e-06,0
211.91406,6.294870e-04,97.505,6.455944e-06,0
211.94458,5.684480e-04,97.505,5.829940e-06,0
211.97510,5.278916e-04,97.505,5.414002e-06,0
212.00562,5.972868e-04,97.505,6.125716e-06,0
212.03613,6.880689e-04,97.505,7.056774e-06,0
212.06665,7.240407e-04,97.505,7.425703e-06,0
212.09717,5.943929e-04,97.505,6.096050e-06,0
212.12769,4.966221e-04,97.505,5.093323e-06,0
212.15820,6.270838e-04,97.504,6.431334e-06,0
212.18872,6.366871e-04,97.504,6.529830e-06,0
212.21924,4.479077e-04,97.504,4.593722e-06,0
212.24976,4.313270e-04,97.504,4.423674e-06,0
212.28027,4.026783e-04,97.504,4.129857e-06,0
212.31079,4.293166e-04,97.504,4.403062e-06,0
212.34131,4.812304e-04,97.504,4.935493e-06,0
212.37183,4.559936e-04,97.504,4.676667e-06,0
212.40234,4.995697e-04,97.504,5.123587e-06,0
212.43286,5.808274e-04,97.504,5.956971e-06,0
212.46338,4.756976e-04,97.504,4.878762e-06,0
212.49390,4.601608e-04,97.504,4.719420e-06,0
212.52441,5.158494e-04,97.504,5.290566e-06,0
212.55493,5.197782e-04,97.504,5.330865e-06,0
212.58545,5.452669e-04,97.503,5.592282e-06,0
212.61597,6.846782e-04,97.503,7.022095e-06,0
212.64648,5.754796e-04,97.503,5.902153e-06,0
212.67700,6.892115e-04,97.503,7.068599e-06,0
212.70752,5.381082e-04,97.503,5.518878e-06,0
212.73804,5.230964e-04,97.503,5.364920e-06,0
212.76855,6.622907e-04,97.503,6.792513e-06,0
212.79907,5.533431e-04,97.503,5.675140e-06,0
212.82959,5.152501e-04,97.503,5.284458e-06,0
212.86011,4.673399e-04,97.503,4.793090e-06,0
212.89062,5.711700e-04,97.503,5.857988e-06,0
212.92114,6.287288e-04,97.503,6.448321e-06,0
212.95166,5.530581e-04,97.503,5.672238e-06,0
212.98218,4.272157e-04,97.503,4.381584e-06,0
213.01270,4.759049e-04,97.502,4.880951e-06,0
213.04321,5.093103e-04,97.502,5.223565e-06,0
213.07373,5.271055e-04,97.502,5.406080e-06,0
213.10425,5.584015e-04,97.502,5.727061e-06,0
213.13477,5.548780e-04,97.502,5.690927e-06,0
213.16528,5.774646e-04,97.502,5.922584e-06,0
213.19580,5.527939e-04,97.502,5.669560e-06,0
213.22632,4.973218e-04,97.502,5.100631e-06,0
213.25684,6.086441e-04,97.502,6.242379e-06,0
213.28735,4.910671e-04,97.502,5.036489e-06,0
213.31787,3.632728e-04,97.502,3.725807e-06,0
213.34839,4.473874e-04,97.502,4.588507e-06,0
213.37891,5.436038e-04,97.502,5.575328e-06,0
213.40942,6.135128e-04,97.502,6.292336e-06,0
213.43994,4.780812e-04,97.502,4.903321e-06,0
213.47046,4.897425e-04,97.501,5.022925e-06,0
213.50098,3.656032e-04,97.501,3.749724e-06,0
213.53149,6.099769e-04,97.501,6.256089e-06,0
213.56201,7.454490e-04,97.501,7.645534e-06,0
213.59253,7.939889e-04,97.501,8.143379e-06,0
213.62305,6.614391e-04,97.501,6.783915e-06,0
213.65356,5.910684e-04,97.501,6.062176e-06,0
213.68408,6.300873e-04,97.501,6.462370e-06,0
213.71460,6.343636e-04,97.501,6.506234e-06,0
213.74512,6.170367e-04,97.501,6.328529e-06,0
213.77563,5.315322e-04,97.501,5.451570e-06,0
213.80615,4.935621e-04,97.501,5.062140e-06,0
213.83667,5.568337e-04,97.501,5.711079e-06,0
213.86719,5.052327e-04,97.501,5.181846e-06,0
213.89771,5.001077e-04,97.500,5.129285e-06,0
213.92822,4.266841e-04,97.500,4.376229e-06,0
213.95874,3.824653e-04,97.500,3.922708e-06,0
213.98926,5.345806e-04,97.500,5.482863e-06,0
214.01978,6.627431e-04,97.500,6.797352e-06,0
214.05029,6.549025e-04,97.500,6.716941e-06,0
214.08081,6.863586e-04,97.500,7.039572e-06,0
214.11133,5.795138e-04,97.500,5.943732e-06,0
214.14185,3.791624e-04,97.500,3.888849e-06,0
214.17236,6.140825e-04,97.500,6.298292e-06,0
214.20288,6.899163e-04,97.500,7.076081e-06,0
214.23340,6.027796e-04,97.500,6.182374e-06,0
214.26392,3.917386e-04,97.500,4.017847e-06,0
214.29443,5.022846e-04,97.500,5.151660e-06,0
214.32495,5.275188e-04,97.499,5.410477e-06,0
214.35547,5.041890e-04,97.499,5.171199e-06,0
214.38599,4.974344e-04,97.499,5.101925e-06,0
214.41650,5.245959e-04,97.499,5.380510e-06,0
214.44702,3.947031e-04,97.499,4.048270e-06,0
214.47754,5.904554e-04,97.499,6.056006e-06,0
214.50806,7.344851e-04,97.499,7.533252e-06,0
214.53857,5.618302e-04,97.499,5.762420e-06,0
214.56909,5.690513e-04,97.499,5.836487e-06,0
214.59961,6.843981e-04,97.499,7.019549e-06,0
214.63013,7.105985e-04,97.499,7.288279e-06,0
214.66064,5.569448e-04,97.499,5.712329e-06,0
214.69116,5.678033e-04,97.499,5.823703e-06,0
214.72168,5.292602e-04,97.499,5.428388e-06,0
214.75220,3.613420e-04,97.499,3.706127e-06,0
214.78271,3.718857e-04,97.498,3.814273e-06,0
214.81323,5.099878e-04,97.498,5.230730e-06,0
214.84375,4.390721e-04,97.498,4.503381e-06,0
214.87427,3.906503e-04,97.498,4.006741e-06,0
214.90479,4.021620e-04,97.498,4.124816e-06,0
214.93530,5.055525e-04,97.498,5.185254e-06,0
214.96582,4.605289e-04,97.498,4.723468e-06,0
214.99634,4.515146e-04,97.498,4.631015e-06,0
215.02686,3.128211e-04,97.498,3.208491e-06,0
215.05737,4.089335e-04,97.498,4.194283e-06,0
215.08789,5.353998e-04,97.498,5.491406e-06,0
215.11841,5.454770e-04,97.498,5.594769e-06,0
215.14893,4.395204e-04,97.498,4.508012e-06,0
215.17944,4.905560e-04,97.498,5.031470e-06,0
215.20996,3.406330e-04,97.497,3.493762e-06,0
215.24048,4.767438e-04,97.497,4.889810e-06,0
215.27100,4.863078e-04,97.497,4.987908e-06,0
215.30151,5.554957e-04,97.497,5.697550e-06,0
215.33203,7.082775e-04,97.497,7.264593e-06,0
215.36255,5.720527e-04,97.497,5.867380e-06,0
215.39307,5.782437e-04,97.497,5.930883e-06,0
215.42358,5.103810e-04,97.497,5.234838e-06,0
215.45410,6.318658e-04,97.497,6.480879e-06,0
215.48462,7.262650e-04,97.497,7.449112e-06,0
215.51514,6.553725e-04,97.497,6.721991e-06,0
215.54565,4.262388e-04,97.497,4.371826e-06,0
215.57617,3.987025e-04,97.497,4.089397e-06,0
215.60669,5.961127e-04,97.497,6.114191e-06,0
215.63721,4.737924e-04,97.497,4.859583e-06,0
215.66772,4.431737e-04,97.496,4.545537e-06,0
215.69824,4.909204e-04,97.496,5.035268e-06,0
215.72876,5.216080e-04,97.496,5.350028e-06,0
215.75928,4.690020e-04,97.496,4.810463e-06,0
215.78979,3.288161e-04,97.496,3.372605e-06,0
215.82031,3.476845e-04,97.496,3.566138e-06,0
215.85083,4.604980e-04,97.496,4.723249e-06,0
215.88135,5.864296e-04,97.496,6.014912e-06,0
215.91187,4.855199e-04,97.496,4.979901e-06,0
215.94238,4.582814e-04,97.496,4.700524e-06,0
215.97290,4.402182e-04,97.496,4.515255e-06,0
216.00342,5.716710e-04,97.496,5.863552e-06,0
216.03394,4.753690e-04,97.496,4.875798e-06,0
216.06445,5.329234e-04,97.496,5.466130e-06,0
216.09497,5.589030e-04,97.495,5.732605e-06,0
216.12549,4.811555e-04,97.495,4.935160e-06,0
216.15601,3.956775e-04,97.495,4.058425e-06,0
216.18652,4.947341e-04,97.495,5.074442e-06,0
216.21704,4.336577e-04,97.495,4.447990e-06,0
216.24756,4.827358e-04,97.495,4.951384e-06,0
216.27808,7.635102e-04,97.495,7.831270e-06,0
216.30859,6.384194e-04,97.495,6.548227e-06,0
216.33911,5.019742e-04,97.495,5.148721e-06,0
216.36963,5.473984e-04,97.495,5.614639e-06,0
216.40015,6.151582e-04,97.495,6.309652e-06,0
216.43066,3.889722e-04,97.495,3.989675e-06,0
216.46118,3.837153e-04,97.495,3.935758e-06,0
216.49170,5.045592e-04,97.495,5.175254e-06,0
216.52222,6.362522e-04,97.495,6.526030e-06,0
216.55273,5.222438e-04,97.494,5.356652e-06,0
216.58325,5.954921e-04,97.494,6.107963e-06,0
216.61377,5.960583e-04,97.494,6.113776e-06,0
216.64429,5.455245e-04,97.494,5.595453e-06,0
216.67480,5.660696e-04,97.494,5.806189e-06,0
216.70532,5.930346e-04,97.494,6.082774e-06,0
216.73584,4.973965e-04,97.494,5.101815e-06,0
216.76636,3.991480e-04,97.494,4.094079e-06,0
216.79688,5.306632e-04,97.494,5.443040e-06,0
216.82739,6.737608e-04,97.494,6.910804e-06,0
216.85791,5.049229e-04,97.494,5.179028e-06,0
216.88843,4.714430e-04,97.494,4.835626e-06,0
216.91895,5.145541e-04,97.494,5.277823e-06,0
216.94946,5.530643e-04,97.494,5.672829e-06,0
216.97998,5.233465e-04,97.493,5.368015e-06,0
217.01050,7.089867e-04,97.493,7.272150e-06,0
217.04102,7.701671e-04,97.493,7.899689e-06,0
217.07153,5.499269e-04,97.493,5.640665e-06,0
217.10205,4.694724e-04,97.493,4.815437e-06,0
217.13257,4.329948e-04,97.493,4.441285e-06,0
217.16309,5.233913e-04,97.493,5.368497e-06,0
217.19360,5.501088e-04,97.493,5.642546e-06,0
217.22412,5.415521e-04,97.493,5.554783e-06,0
217.25464,5.463046e-04,97.493,5.603534e-06,0
217.28516,6.907056e-04,97.493,7.084684e-06,0
217.31567,4.508746e-04,97.493,4.624700e-06,0
217.34619,3.482555e-04,97.493,3.572121e-06,0
217.37671,3.246644e-04,97.493,3.330145e-06,0
217.40723,4.354784e-04,97.493,4.466788e-06,0
217.43774,6.479019e-04,97.492,6.645661e-06,0
217.46826,6.295585e-04,97.492,6.457515e-06,0
217.49878,4.660141e-04,97.492,4.780008e-06,0
217.52930,4.772967e-04,97.492,4.895740e-06,0
217.55981,4.787046e-04,97.492,4.910185e-06,0
217.59033,5.904534e-04,97.492,6.056422e-06,0
217.62085,6.453046e-04,97.492,6.619049e-06,0
217.65137,3.729233e-04,97.492,3.825169e-06,0
217.68188,4.478735e-04,97.492,4.593955e-06,0
217.71240,4.173074e-04,97.492,4.280434e-06,0
217.74292,4.440102e-04,97.492,4.554335e-06,0
217.77344,3.666187e-04,97.492,3.760512e-06,0
217.80396,4.841838e-04,97.492,4.966414e-06,0
217.83447,5.000069e-04,97.492,5.128720e-06,0
217.86499,5.192513e-04,97.491,5.326119e-06,0
217.89551,5.843982e-04,97.491,5.994354e-06,0
217.92603,5.195383e-04,97.491,5.329070e-06,0
217.95654,4.052598e-04,97.491,4.156881e-06,0
217.98706,4.872597e-04,97.491,4.997986e-06,0
218.01758,5.167042e-04,97.491,5.300011e-06,0
218.04810,6.278389e-04,97.491,6.439962e-06,0
218.07861,6.216989e-04,97.491,6.376986e-06,0
218.10913,4.388861e-04,97.491,4.501814e-06,0
218.13965,4.456422e-04,97.491,4.571117e-06,0
218.17017,4.284581e-04,97.491,4.394856e-06,0
218.20068,5.034724e-04,97.491,5.164310e-06,0
218.23120,5.762687e-04,97.491,5.911013e-06,0
218.26172,6.088316e-04,97.491,6.245028e-06,0
218.29224,6.545480e-04,97.491,6.713964e-06,0
218.32275,6.214090e-04,97.490,6.374048e-06,0
218.35327,6.305791e-04,97.490,6.468115e-06,0
218.38379,5.397659e-04,97.490,5.536609e-06,0
218.41431,4.466200e-04,97.490,4.581175e-06,0
218.44482,5.694069e-04,97.490,5.840658e-06,0
218.47534,5.715265e-04,97.490,5.862404e-06,0
218.50586,5.473324e-04,97.490,5.614238e-06,0
218.53638,4.688210e-04,97.490,4.808913e-06,0
218.56689,5.776908e-04,97.490,5.925645e-06,0
218.59741,5.464277e-04,97.490,5.604970e-06,0
218.62793,5.135412e-04,97.490,5.267641e-06,0
218.65845,4.577202e-04,97.490,4.695061e-06,0
218.68896,4.460257e-04,97.490,4.575108e-06,0
218.71948,6.277595e-04,97.490,6.439246e-06,0
218.75000,5.361954e-04,97.490,5.500031e-06,0
218.78052,4.649182e-04,97.489,4.768908e-06,0
218.81104,6.797718e-04,97.489,6.972777e-06,0
218.84155,5.775719e-04,97.489,5.924463e-06,0
218.87207,6.183077e-04,97.489,6.342317e-06,0
218.90259,5.138268e-04,97.489,5.270603e-06,0
218.93311,4.561203e-04,97.489,4.678679e-06,0
218.96362,4.290763e-04,97.489,4.401277e-06,0
218.99414,6.817743e-04,97.489,6.993347e-06,0
219.02466,6.926240e-04,97.489,7.104644e-06,0
219.05518,6.551653e-04,97.489,6.720414e-06,0
219.08569,5.382027e-04,97.489,5.520664e-06,0
219.11621,4.980384e-04,97.489,5.108678e-06,0
219.14673,5.387617e-04,97.489,5.526405e-06,0
219.17725,5.685673e-04,97.489,5.832143e-06,0
219.20776,6.004569e-04,97.488,6.159259e-06,0
219.23828,5.309307e-04,97.488,5.446089e-06,0
219.26880,4.797036e-04,97.488,4.920624e-06,0
219.29932,5.615965e-04,97.488,5.760656e-06,0
219.32983,5.008102e-04,97.488,5.137135e-06,0
219.36035,5.747772e-04,97.488,5.895867e-06,0
219.39087,7.000367e-04,97.488,7.180741e-06,0
219.42139,8.241773e-04,97.488,8.454139e-06,0
219.45190,5.145772e-04,97.488,5.278367e-06,0
219.48242,4.912339e-04,97.488,5.038923e-06,0
219.51294,4.949401e-04,97.488,5.076943e-06,0
219.54346,3.965465e-04,97.488,4.067654e-06,0
219.57397,4.594514e-04,97.488,4.712918e-06,0
219.60449,7.756635e-04,97.488,7.956533e-06,0
219.63501,7.298352e-04,97.488,7.486445e-06,0
219.66553,5.383078e-04,97.487,5.521815e-06,0
219.69604,5.580669e-04,97.487,5.724502e-06,0
219.72656,7.488311e-04,97.487,7.681315e-06,0
219.75708,7.129948e-04,97.487,7.313721e-06,0
219.78760,4.887932e-04,97.487,5.013922e-06,0
219.81812,5.339202e-04,97.487,5.476827e-06,0
219.84863,6.602315e-04,97.487,6.772503e-06,0
219.87915,6.604249e-04,97.487,6.774491e-06,0
219.90967,5.584109e-04,97.487,5.728058e-06,0
219.94019,5.055911e-04,97.487,5.186248e-06,0
219.97070,5.390729e-04,97.487,5.529701e-06,0
220.00122,5.349384e-04,97.487,5.487294e-06,0
220.03174,5.526655e-04,97.487,5.669139e-06,0
220.06226,1.078394e-03,97.487,1.106197e-05,0
220.09277,1.026758e-03,97.487,1.053230e-05,0
220.12329,8.099671e-04,97.486,8.308508e-06,0
220.15381,4.658255e-04,97.486,4.778364e-06,0
220.18433,4.286749e-04,97.486,4.397283e-06,0
220.21484,5.087986e-04,97.486,5.219183e-06,0
220.24536,5.496459e-04,97.486,5.638193e-06,0
220.27588,6.668333e-04,97.486,6.840289e-06,0
220.30640,6.487760e-04,97.486,6.655065e-06,0
220.33691,6.604267e-04,97.486,6.774580e-06,0
220.36743,6.317881e-04,97.486,6.480813e-06,0
220.39795,5.367968e-04,97.486,5.506407e-06,0
220.42847,5.660938e-04,97.486,5.806937e-06,0
220.45898,5.862811e-04,97.486,6.014020e-06,0
220.48950,5.935115e-04,97.486,6.088193e-06,0
220.52002,4.981876e-04,97.486,5.110372e-06,0
220.55054,5.679527e-04,97.486,5.826022e-06,0
220.58105,5.582044e-04,97.485,5.726028e-06,0
220.61157,5.033209e-04,97.485,5.163040e-06,0
220.64209,6.639462e-04,97.485,6.810730e-06,0
220.67261,7.534931e-04,97.485,7.729304e-06,0
220.70312,5.514635e-04,97.485,5.656896e-06,0
220.73364,3.950338e-04,97.485,4.052247e-06,0
220.76416,4.581677e-04,97.485,4.699877e-06,0
220.79468,5.229335e-04,97.485,5.364247e-06,0
220.82520,4.629534e-04,97.485,4.748975e-06,0
220.85571,5.917700e-04,97.485,6.070379e-06,0
220.88623,6.100618e-04,97.485,6.258021e-06,0
220.91675,6.074800e-04,97.485,6.231541e-06,0
220.94727,4.697181e-04,97.485,4.818381e-06,0
220.97778,5.251246e-04,97.485,5.386745e-06,0
221.00830,5.785440e-04,97.485,5.934728e-06,0
221.03882,5.668662e-04,97.484,5.814940e-06,0
221.06934,4.582223e-04,97.484,4.700469e-06,0
221.09985,5.386209e-04,97.484,5.525206e-06,0
221.13037,5.642541e-04,97.484,5.788157e-06,0
221.16089,5.420648e-04,97.484,5.560542e-06,0
221.19141,4.366300e-04,97.484,4.478986e-06,0
221.22192,4.171239e-04,97.484,4.278895e-06,0
221.25244,5.832517e-04,97.484,5.983053e-06,0
221.28296,6.262721e-04,97.484,6.424365e-06,0
221.31348,5.583854e-04,97.484,5.727979e-06,0
221.34399,4.698889e-04,97.484,4.820176e-06,0
221.37451,4.523489e-04,97.484,4.640252e-06,0
221.40503,4.142434e-04,97.484,4.249364e-06,0
221.43555,5.009082e-04,97.484,5.138386e-06,0
221.46606,4.622688e-04,97.483,4.742022e-06,0
221.49658,3.523272e-04,97.483,3.614226e-06,0
221.52710,4.924312e-04,97.483,5.051438e-06,0
221.55762,5.185766e-04,97.483,5.319645e-06,0
221.58813,5.758613e-04,97.483,5.907286e-06,0
221.61865,5.084093e-04,97.483,5.215355e-06,0
221.64917,4.871235e-04,97.483,4.997005e-06,0
221.67969,6.007177e-04,97.483,6.162280e-06,0
221.71021,5.875464e-04,97.483,6.027171e-06,0
221.74072,4.111098e-04,97.483,4.217251e-06,0
221.77124,4.620698e-04,97.483,4.740012e-06,0
221.80176,4.225237e-04,97.483,4.334343e-06,0
221.83228,4.424084e-04,97.483,4.538328e-06,0
221.86279,4.520436e-04,97.483,4.637171e-06,0
221.89331,4.302409e-04,97.483,4.413517e-06,0
221.92383,3.873430e-04,97.482,3.973462e-06,0
221.95435,4.324320e-04,97.482,4.435999e-06,0
221.98486,5.575570e-04,97.482,5.719568e-06,0
222.01538,6.344980e-04,97.482,6.508854e-06,0
222.04590,5.330928e-04,97.482,5.468616e-06,0
222.07642,3.696101e-04,97.482,3.791567e-06,0
222.10693,4.152649e-04,97.482,4.259909e-06,0
222.13745,4.955529e-04,97.482,5.083531e-06,0
222.16797,3.902406e-04,97.482,4.003209e-06,0
222.19849,5.309345e-04,97.482,5.446494e-06,0
222.22900,4.532168e-04,97.482,4.649244e-06,0
222.25952,4.581590e-04,97.482,4.699946e-06,0
222.29004,6.307677e-04,97.482,6.470628e-06,0
222.32056,6.461397e-04,97.482,6.628324e-06,0
222.35107,5.395984e-04,97.482,5.535390e-06,0
222.38159,4.422332e-04,97.481,4.536587e-06,0
222.41211,4.712372e-04,97.481,4.834123e-06,0
222.44263,4.876126e-04,97.481,5.002112e-06,0
222.47314,4.262028e-04,97.481,4.372151e-06,0
222.50366,5.775722e-04,97.481,5.924959e-06,0
222.53418,6.027973e-04,97.481,6.183733e-06,0
222.56470,4.339667e-04,97.481,4.451805e-06,0
222.59521,4.146064e-04,97.481,4.253201e-06,0
222.62573,3.870646e-04,97.481,3.970669e-06,0
222.65625,5.318431e-04,97.481,5.455871e-06,0
222.68677,5.561415e-04,97.481,5.705138e-06,0
222.71729,4.559535e-04,97.481,4.677369e-06,0
222.74780,4.687942e-04,97.481,4.809098e-06,0
222.77832,5.984248e-04,97.481,6.138911e-06,0
222.80884,5.430176e-04,97.481,5.570523e-06,0
222.83936,4.979104e-04,97.480,5.107796e-06,0
222.86987,4.845060e-04,97.480,4.970291e-06,0
222.90039,4.671290e-04,97.480,4.792033e-06,0
222.93091,5.132323e-04,97.480,5.264986e-06,0
222.96143,5.227262e-04,97.480,5.362383e-06,0
222.99194,4.079488e-04,97.480,4.184943e-06,0
223.02246,4.482875e-04,97.480,4.598760e-06,0
223.05298,4.685529e-04,97.480,4.806656e-06,0
223.08350,4.213222e-04,97.480,4.322142e-06,0
223.11401,4.976217e-04,97.480,5.104866e-06,0
223.14453,4.931505e-04,97.480,5.059001e-06,0
223.17505,5.817258e-04,97.480,5.967658e-06,0
223.20557,4.176299e-04,97.480,4.284276e-06,0
223.23608,4.811537e-04,97.480,4.935942e-06,0
223.26660,5.220258e-04,97.480,5.355234e-06,0
223.29712,3.756330e-04,97.479,3.853458e-06,0
223.32764,5.402757e-04,97.479,5.542460e-06,0
223.35815,4.855893e-04,97.479,4.981459e-06,0
223.38867,4.626867e-04,97.479,4.746513e-06,0
223.41919,5.218251e-04,97.479,5.353194e-06,0
223.44971,3.309768e-04,97.479,3.395360e-06,0
223.48022,5.939658e-04,97.479,6.093264e-06,0
223.51074,6.170502e-04,97.479,6.330082e-06,0
223.54126,5.161372e-04,97.479,5.294858e-06,0
223.57178,3.942170e-04,97.479,4.044128e-06,0
223.60229,4.543818e-04,97.479,4.661340e-06,0
223.63281,4.718899e-04,97.479,4.840952e-06,0
223.66333,4.371949e-04,97.479,4.485031e-06,0
223.69385,5.065994e-04,97.479,5.197031e-06,0
223.72437,4.919294e-04,97.479,5.046540e-06,0
223.75488,4.860093e-04,97.478,4.985812e-06,0
223.78540,5.337502e-04,97.478,5.475574e-06,0
223.81592,5.198189e-04,97.478,5.332660e-06,0
223.84644,5.123687e-04,97.478,5.256235e-06,0
223.87695,5.261730e-04,97.478,5.397852e-06,0
223.90747,5.552239e-04,97.478,5.695881e-06,0
223.93799,6.363243e-04,97.478,6.527871e-06,0
223.96851,7.264854e-04,97.478,7.452813e-06,0
223.99902,6.879667e-04,97.478,7.057665e-06,0
224.02954,6.382230e-04,97.478,6.547362e-06,0
224.06006,4.988374e-04,97.478,5.117445e-06,0
224.09058,4.904602e-04,97.478,5.031509e-06,0
224.12109,5.723258e-04,97.478,5.871352e-06,0
224.15161,6.947629e-04,97.478,7.127410e-06,0
224.18213,5.904898e-04,97.478,6.057700e-06,0
224.21265,4.728553e-04,97.477,4.850918e-06,0
224.24316,5.785205e-04,97.477,5.934919e-06,0
224.27368,4.879924e-04,97.477,5.006213e-06,0
224.30420,7.065220e-04,97.477,7.248068e-06,0
224.33472,7.326963e-04,97.477,7.516590e-06,0
224.36523,5.818890e-04,97.477,5.969492e-06,0
224.39575,5.695807e-04,97.477,5.843227e-06,0
224.42627,3.940179e-04,97.477,4.042162e-06,0
224.45679,4.914623e-04,97.477,5.041831e-06,0
224.48730,5.234674e-04,97.477,5.370169e-06,0
224.51782,4.483149e-04,97.477,4.599195e-06,0
224.54834,5.072188e-04,97.477,5.203485e-06,0
224.57886,6.239009e-04,97.477,6.400514e-06,0
224.60938,6.911967e-04,97.477,7.090898e-06,0
224.63989,6.346909e-04,97.477,6.511216e-06,0
224.67041,7.467253e-04,97.476,7.660568e-06,0
224.70093,7.821494e-04,97.476,8.023986e-06,0
224.73145,6.827547e-04,97.476,7.004311e-06,0
224.76196,5.099169e-04,97.476,5.231190e-06,0
224.79248,4.556623e-04,97.476,4.674600e-06,0
224.82300,5.066360e-04,97.476,5.197538e-06,0
224.85352,5.711302e-04,97.476,5.859183e-06,0
224.88403,4.540081e-04,97.476,4.657639e-06,0
224.91455,5.182590e-04,97.476,5.316789e-06,0
224.94507,4.472121e-04,97.476,4.587925e-06,0
224.97559,4.725994e-04,97.476,4.848376e-06,0
225.00610,7.197928e-04,97.476,7.384327e-06,0
225.03662,6.297299e-04,97.476,6.460379e-06,0
225.06714,6.277521e-04,97.476,6.440093e-06,0
225.09766,7.453057e-04,97.476,7.646078e-06,0
225.12817,4.757628e-04,97.475,4.880846e-06,0
225.15869,4.392075e-04,97.475,4.505828e-06,0
225.18921,5.402331e-04,97.475,5.542253e-06,0
225.21973,5.688233e-04,97.475,5.835564e-06,0
225.25024,7.756604e-04,97.475,7.957513e-06,0
225.28076,7.892002e-04,97.475,8.096424e-06,0
225.31128,5.654248e-04,97.475,5.800710e-06,0
225.34180,5.755475e-04,97.475,5.904564e-06,0
225.37231,6.231361e-04,97.475,6.392781e-06,0
225.40283,4.464859e-04,97.475,4.580522e-06,0
225.43335,5.794428e-04,97.475,5.944538e-06,0
225.46387,5.659212e-04,97.475,5.805822e-06,0
225.49438,4.857164e-04,97.475,4.983000e-06,0
225.52490,3.680313e-04,97.475,3.775663e-06,0
225.55542,3.770348e-04,97.475,3.868032e-06,0
225.58594,4.438175e-04,97.474,4.553165e-06,0
225.61646,4.251325e-04,97.474,4.361477e-06,0
225.64697,4.148352e-04,97.474,4.255839e-06,0
225.67749,4.488092e-04,97.474,4.604385e-06,0
225.70801,5.648520e-04,97.474,5.794885e-06,0
225.73853,6.388424e-04,97.474,6.553966e-06,0
225.76904,5.730365e-04,97.474,5.878859e-06,0
225.79956,4.796330e-04,97.474,4.920623e-06,0
225.83008,5.117658e-04,97.474,5.250282e-06,0
225.86060,6.832046e-04,97.474,7.009103e-06,0
225.89111,6.510797e-04,97.474,6.679533e-06,0
225.92163,5.758542e-04,97.474,5.907787e-06,0
225.95215,5.094039e-04,97.474,5.226065e-06,0
225.98267,5.398844e-04,97.474,5.538774e-06,0
226.01318,5.446569e-04,97.474,5.587739e-06,0
226.04370,4.834425e-04,97.474,4.959733e-06,0
226.07422,4.515667e-04,97.473,4.632715e-06,0
226.10474,5.172263e-04,97.473,5.306334e-06,0
226.13525,7.175247e-04,97.473,7.361243e-06,0
226.16577,7.059813e-04,97.473,7.242822e-06,0
226.19629,5.895630e-04,97.473,6.048463e-06,0
226.22681,5.538822e-04,97.473,5.682410e-06,0
226.25732,4.827450e-04,97.473,4.952599e-06,0
226.28784,5.283250e-04,97.473,5.420220e-06,0
226.31836,6.459756e-04,97.473,6.627231e-06,0
226.34888,5.029354e-04,97.473,5.159748e-06,0
226.37939,5.125237e-04,97.473,5.258121e-06,0
226.40991,5.538039e-04,97.473,5.681630e-06,0
226.44043,5.909324e-04,97.473,6.062545e-06,0
226.47095,7.359236e-04,97.473,7.550057e-06,0
226.50146,5.527893e-04,97.473,5.671232e-06,0
226.53198,4.472338e-04,97.472,4.588309e-06,0
226.56250,4.040534e-04,97.472,4.145311e-06,0
226.59302,5.393293e-04,97.472,5.533153e-06,0
226.62354,5.593465e-04,97.472,5.738520e-06,0
226.65405,5.790869e-04,97.472,5.941047e-06,0
226.68457,5.653401e-04,97.472,5.800018e-06,0
226.71509,4.584048e-04,97.472,4.702935e-06,0
226.74561,4.882740e-04,97.472,5.009377e-06,0
226.77612,4.678641e-04,97.472,4.799988e-06,0
226.80664,4.329127e-04,97.472,4.441412e-06,0
226.83716,5.890765e-04,97.472,6.043558e-06,0
226.86768,5.724120e-04,97.472,5.872594e-06,0
226.89819,6.061072e-04,97.472,6.218291e-06,0
226.92871,5.262650e-04,97.472,5.399162e-06,0
226.95923,5.726475e-04,97.472,5.875022e-06,0
226.98975,5.451914e-04,97.471,5.593343e-06,0
227.02026,4.691336e-04,97.471,4.813038e-06,0
227.05078,4.055281e-04,97.471,4.160486e-06,0
227.08130,5.640775e-04,97.471,5.787116e-06,0
227.11182,6.091123e-04,97.471,6.249151e-06,0
227.14233,6.377146e-04,97.471,6.542599e-06,0
227.17285,7.205292e-04,97.471,7.392236e-06,0
227.20337,6.499791e-04,97.471,6.668434e-06,0
227.23389,5.437372e-04,97.471,5.578454e-06,0
227.26440,3.244610e-04,97.471,3.328799e-06,0
227.29492,4.866657e-04,97.471,4.992938e-06,0
227.32544,5.206297e-04,97.471,5.341394e-06,0
227.35596,5.833267e-04,97.471,5.984637e-06,0
227.38647,4.658409e-04,97.471,4.779296e-06,0
227.41699,4.554569e-04,97.471,4.672764e-06,0
227.44751,4.855456e-04,97.470,4.981463e-06,0
227.47803,7.385572e-04,97.470,7.577245e-06,0
227.50854,5.760253e-04,97.470,5.909749e-06,0
227.53906,6.129827e-04,97.470,6.288918e-06,0
227.56958,5.860467e-04,97.470,6.012572e-06,0
227.60010,3.581617e-04,97.470,3.674578e-06,0
227.63062,3.757507e-04,97.470,3.855036e-06,0
227.66113,3.968333e-04,97.470,4.071336e-06,0
227.69165,5.281946e-04,97.470,5.419050e-06,0
227.72217,4.804945e-04,97.470,4.929670e-06,0
227.75269,4.283482e-04,97.470,4.394674e-06,0
227.78320,2.972132e-04,97.470,3.049286e-06,0
227.81372,4.746215e-04,97.470,4.869426e-06,0
227.84424,4.341826e-04,97.470,4.454542e-06,0
227.87476,4.965296e-04,97.470,5.094201e-06,0
227.90527,4.123440e-04,97.470,4.230492e-06,0
227.93579,5.904522e-04,97.469,6.057819e-06,0
227.96631,4.964099e-04,97.469,5.092983e-06,0
227.99683,3.339478e-04,97.469,3.426184e-06,0
228.02734,4.971149e-04,97.469,5.100223e-06,0
228.05786,5.595323e-04,97.469,5.740607e-06,0
228.08838,4.111488e-04,97.469,4.218247e-06,0
228.11890,4.609299e-04,97.469,4.728987e-06,0
228.14941,4.779361e-04,97.469,4.903469e-06,0
228.17993,6.038548e-04,97.469,6.195358e-06,0
228.21045,5.324579e-04,97.469,5.462852e-06,0
228.24097,5.809852e-04,97.469,5.960731e-06,0
228.27148,7.441125e-04,97.469,7.634372e-06,0
228.30200,4.602549e-04,97.469,4.722081e-06,0
228.33252,4.228553e-04,97.469,4.338375e-06,0
228.36304,5.038257e-04,97.469,5.169111e-06,0
228.39355,4.907347e-04,97.468,5.034805e-06,0
228.42407,3.827621e-04,97.468,3.927038e-06,0
228.45459,4.753028e-04,97.468,4.876485e-06,0
228.48511,4.736286e-04,97.468,4.859311e-06,0
228.51562,4.660516e-04,97.468,4.781575e-06,0
228.54614,6.283921e-04,97.468,6.447154e-06,0
228.57666,5.190680e-04,97.468,5.325519e-06,0
228.60718,5.438013e-04,97.468,5.579280e-06,0
228.63770,4.397741e-04,97.468,4.511987e-06,0
228.66821,2.642805e-04,97.468,2.711462e-06,0
228.69873,4.105937e-04,97.468,4.212608e-06,0
228.72925,5.328114e-04,97.468,5.466541e-06,0
228.75977,4.595829e-04,97.468,4.715234e-06,0
228.79028,5.108205e-04,97.468,5.240925e-06,0
228.82080,5.061268e-04,97.468,5.192772e-06,0
228.85132,5.301332e-04,97.467,5.439077e-06,0
228.88184,4.970268e-04,97.467,5.099415e-06,0
228.91235,4.553049e-04,97.467,4.671358e-06,0
228.94287,3.741249e-04,97.467,3.838466e-06,0
228.97339,3.052253e-04,97.467,3.131569e-06,0
229.00391,5.128322e-04,97.467,5.261590e-06,0
229.03442,6.960280e-04,97.467,7.141159e-06,0
229.06494,4.966441e-04,97.467,5.095509e-06,0
229.09546,5.828592e-04,97.467,5.980069e-06,0
229.12598,5.951740e-04,97.467,6.106422e-06,0
229.15649,4.394544e-04,97.467,4.508758e-06,0
229.18701,4.760598e-04,97.467,4.884329e-06,0
229.21753,6.172161e-04,97.467,6.332584e-06,0
229.24805,4.574101e-04,97.467,4.692991e-06,0
229.27856,3.528256e-04,97.467,3.619965e-06,0
229.30908,4.400990e-04,97.467,4.515386e-06,0
229.33960,4.977826e-04,97.466,5.107220e-06,0
229.37012,4.070740e-04,97.466,4.176558e-06,0
229.40063,4.808228e-04,97.466,4.933220e-06,0
229.43115,6.459946e-04,97.466,6.627880e-06,0
229.46167,7.535324e-04,97.466,7.731219e-06,0
229.49219,7.201000e-04,97.466,7.388209e-06,0
229.52271,5.266830e-04,97.466,5.403758e-06,0
229.55322,4.318517e-04,97.466,4.430793e-06,0
229.58374,4.928697e-04,97.466,5.056841e-06,0
229.61426,4.841503e-04,97.466,4.967384e-06,0
229.64478,4.947696e-04,97.466,5.076341e-06,0
229.67529,6.415768e-04,97.466,6.582589e-06,0
229.70581,5.557850e-04,97.466,5.702367e-06,0
229.73633,3.954574e-04,97.466,4.057405e-06,0
229.76685,4.389752e-04,97.466,4.503902e-06,0
229.79736,4.433624e-04,97.465,4.548918e-06,0
229.82788,3.703901e-04,97.465,3.800221e-06,0
229.85840,3.854212e-04,97.465,3.954444e-06,0
229.88892,3.742362e-04,97.465,3.839688e-06,0
229.91943,4.404291e-04,97.465,4.518834e-06,0
229.94995,3.945675e-04,97.465,4.048293e-06,0
229.98047,4.236229e-04,97.465,4.346406e-06,0
230.01099,4.555994e-04,97.465,4.674491e-06,0
230.04150,6.158675e-04,97.465,6.318861e-06,0
230.07202,6.258264e-04,97.465,6.421045e-06,0
230.10254,5.484597e-04,97.465,5.627258e-06,0
230.13306,6.518683e-04,97.465,6.688247e-06,0
230.16357,4.536810e-04,97.465,4.654823e-06,0
230.19409,3.490384e-04,97.465,3.581181e-06,0
230.22461,5.466870e-04,97.465,5.609085e-06,0
230.25513,4.735056e-04,97.465,4.858236e-06,0
230.28564,4.686438e-04,97.464,4.808357e-06,0
230.31616,5.457567e-04,97.464,5.599551e-06,0
230.34668,6.059536e-04,97.464,6.217184e-06,0
230.37720,6.192159e-04,97.464,6.353262e-06,0
230.40771,5.689471e-04,97.464,5.837500e-06,0
230.43823,5.226938e-04,97.464,5.362936e-06,0
230.46875,5.368180e-04,97.464,5.507857e-06,0
230.49927,5.811152e-04,97.464,5.962358e-06,0
230.52979,5.356532e-04,97.464,5.495913e-06,0
230.56030,6.310786e-04,97.464,6.475001e-06,0
230.59082,5.926704e-04,97.464,6.080929e-06,0
230.62134,5.188162e-04,97.464,5.323172e-06,0
230.65186,5.752721e-04,97.464,5.902427e-06,0
230.68237,6.314396e-04,97.464,6.478723e-06,0
230.71289,5.135132e-04,97.464,5.268772e-06,0
230.74341,5.625859e-04,97.463,5.772275e-06,0
230.77393,5.364255e-04,97.463,5.503866e-06,0
230.80444,4.837084e-04,97.463,4.962978e-06,0
230.83496,5.693112e-04,97.463,5.841289e-06,0
230.86548,7.415751e-04,97.463,7.608770e-06,0
230.89600,7.137739e-04,97.463,7.323526e-06,0
230.92651,5.780122e-04,97.463,5.930576e-06,0
230.95703,4.269136e-04,97.463,4.380263e-06,0
230.98755,5.659801e-04,97.463,5.807130e-06,0
231.01807,4.184291e-04,97.463,4.293215e-06,0
231.04858,5.223082e-04,97.463,5.359051e-06,0
231.07910,6.031130e-04,97.463,6.188138e-06,0
231.10962,5.286335e-04,97.463,5.423957e-06,0
231.14014,5.573050e-04,97.463,5.718140e-06,0
231.17065,5.132804e-04,97.463,5.266436e-06,0
231.20117,4.581927e-04,97.463,4.701220e-06,0
231.23169,4.772481e-04,97.462,4.896738e-06,0
231.26221,6.464046e-04,97.462,6.632350e-06,0
231.29272,6.114848e-04,97.462,6.274064e-06,0
231.32324,5.118554e-04,97.462,5.251833e-06,0
231.35376,5.960298e-04,97.462,6.115499e-06,0
231.38428,5.351246e-04,97.462,5.490591e-06,0
231.41479,6.082811e-04,97.462,6.241210e-06,0
231.44531,6.367404e-04,97.462,6.533218e-06,0
231.47583,5.593584e-04,97.462,5.739251e-06,0
231.50635,6.522700e-04,97.462,6.692567e-06,0
231.53687,5.874177e-04,97.462,6.027159e-06,0
231.56738,5.269954e-04,97.462,5.407203e-06,0
231.59790,5.221359e-04,97.462,5.357346e-06,0
231.62842,3.546192e-04,97.462,3.638553e-06,0
231.65894,3.833163e-04,97.462,3.933001e-06,0
231.68945,4.969611e-04,97.461,5.099052e-06,0
231.71997,6.558366e-04,97.461,6.729192e-06,0
231.75049,6.440908e-04,97.461,6.608680e-06,0
231.78101,4.639164e-04,97.461,4.760007e-06,0
231.81152,5.460424e-04,97.461,5.602664e-06,0
231.84204,5.719416e-04,97.461,5.868406e-06,0
231.87256,5.441951e-04,97.461,5.583717e-06,0
231.90308,7.081257e-04,97.461,7.265733e-06,0
231.93359,6.086490e-04,97.461,6.245054e-06,0
231.96411,5.256931e-04,97.461,5.393888e-06,0
231.99463,4.776998e-04,97.461,4.901454e-06,0
232.02515,4.021731e-04,97.461,4.126513e-06,0
232.05566,5.551312e-04,97.461,5.695949e-06,0
232.08618,5.804626e-04,97.461,5.955867e-06,0
232.11670,4.471654e-04,97.461,4.588167e-06,0
232.14722,4.807412e-04,97.461,4.932677e-06,0
232.17773,4.941925e-04,97.460,5.070698e-06,0
232.20825,5.105081e-04,97.460,5.238109e-06,0
232.23877,4.356021e-04,97.460,4.469533e-06,0
232.26929,6.281576e-04,97.460,6.445269e-06,0
232.29980,6.810075e-04,97.460,6.987546e-06,0
232.33032,5.727177e-04,97.460,5.876432e-06,0
232.36084,5.542042e-04,97.460,5.686475e-06,0
232.39136,5.947025e-04,97.460,6.102017e-06,0
232.42188,3.738893e-04,97.460,3.836339e-06,0
232.45239,4.089260e-04,97.460,4.195840e-06,0
232.48291,4.533955e-04,97.460,4.652129e-06,0
232.51343,5.266295e-04,97.460,5.403560e-06,0
232.54395,5.944465e-04,97.460,6.099410e-06,0
232.57446,5.061794e-04,97.460,5.193735e-06,0
232.60498,5.029330e-04,97.460,5.160428e-06,0
232.63550,6.440198e-04,97.459,6.608077e-06,0
232.66602,6.029861e-04,97.459,6.187048e-06,0
232.69653,5.672424e-04,97.459,5.820297e-06,0
232.72705,5.608115e-04,97.459,5.754315e-06,0
232.75757,4.461143e-04,97.459,4.577445e-06,0
232.78809,4.221546e-04,97.459,4.331605e-06,0
232.81860,5.301820e-04,97.459,5.440046e-06,0
232.84912,4.905311e-04,97.459,5.033203e-06,0
232.87964,4.909362e-04,97.459,5.037363e-06,0
232.91016,4.308590e-04,97.459,4.420930e-06,0
232.94067,6.009200e-04,97.459,6.165885e-06,0
232.97119,6.001123e-04,97.459,6.157602e-06,0
233.00171,7.036708e-04,97.459,7.220194e-06,0
233.03223,5.985209e-04,97.459,6.141280e-06,0
233.06274,3.690238e-04,97.459,3.786468e-06,0
233.09326,3.190140e-04,97.459,3.273331e-06,0
233.12378,4.637577e-04,97.458,4.758517e-06,0
233.15430,5.812977e-04,97.458,5.964573e-06,0
233.18481,6.319313e-04,97.458,6.484118e-06,0
233.21533,6.137626e-04,97.458,6.297697e-06,0
233.24585,6.425910e-04,97.458,6.593503e-06,0
233.27637,6.585894e-04,97.458,6.757664e-06,0
233.30688,6.069618e-04,97.458,6.227927e-06,0
233.33740,5.981012e-04,97.458,6.137014e-06,0
233.36792,4.308836e-04,97.458,4.421226e-06,0
233.39844,6.479132e-04,97.458,6.648136e-06,0
233.42896,6.143595e-04,97.458,6.303850e-06,0
233.45947,5.183960e-04,97.458,5.319186e-06,0
233.48999,5.467381e-04,97.458,5.610004e-06,0
233.52051,4.872457e-04,97.458,4.999564e-06,0
233.55103,5.547521e-04,97.458,5.692242e-06,0
233.58154,5.657173e-04,97.458,5.804759e-06,0
233.61206,4.571498e-04,97.457,4.690763e-06,0
233.64258,4.060663e-04,97.457,4.166604e-06,0
233.67310,4.854995e-04,97.457,4.981663e-06,0
233.70361,4.763491e-04,97.457,4.887775e-06,0
233.73413,4.625714e-04,97.457,4.746406e-06,0
233.76465,5.019604e-04,97.457,5.150577e-06,0
233.79517,5.346494e-04,97.457,5.486000e-06,0
233.82568,5.388740e-04,97.457,5.529352e-06,0
233.85620,6.188945e-04,97.457,6.350441e-06,0
233.88672,6.724475e-04,97.457,6.899950e-06,0
233.91724,6.827373e-04,97.457,7.005538e-06,0
233.94775,5.847676e-04,97.457,6.000279e-06,0
233.97827,5.652541e-04,97.457,5.800056e-06,0
234.00879,5.516069e-04,97.457,5.660025e-06,0
234.03931,5.216400e-04,97.457,5.352540e-06,0
234.06982,5.552149e-04,97.456,5.697055e-06,0
234.10034,5.703266e-04,97.456,5.852120e-06,0
234.13086,4.819013e-04,97.456,4.944791e-06,0
234.16138,4.217375e-04,97.456,4.327452e-06,0
234.19189,4.777680e-04,97.456,4.902385e-06,0
234.22241,6.001260e-04,97.456,6.157907e-06,0
234.25293,6.347960e-04,97.456,6.513661e-06,0
234.28345,4.922749e-04,97.456,5.051251e-06,0
234.31396,6.029479e-04,97.456,6.186875e-06,0
234.34448,6.342032e-04,97.456,6.507591e-06,0
234.37500,6.176465e-04,97.456,6.337706e-06,0
234.40552,5.073411e-04,97.456,5.205859e-06,0
234.43604,4.834734e-04,97.456,4.960954e-06,0
234.46655,6.023510e-04,97.456,6.180770e-06,0
234.49707,5.090633e-04,97.456,5.223541e-06,0
234.52759,4.688292e-04,97.456,4.810699e-06,0
234.55811,5.281538e-04,97.455,5.419437e-06,0
234.58862,6.961050e-04,97.455,7.142806e-06,0
234.61914,6.164813e-04,97.455,6.325783e-06,0
234.64966,6.031886e-04,97.455,6.189389e-06,0
234.68018,5.682792e-04,97.455,5.831183e-06,0
234.71069,4.899240e-04,97.455,5.027174e-06,0
234.74121,5.812871e-04,97.455,5.964667e-06,0
234.77173,5.411218e-04,97.455,5.552529e-06,0
234.80225,5.821961e-04,97.455,5.974002e-06,0
234.83276,5.913407e-04,97.455,6.067840e-06,0
234.86328,5.409103e-04,97.455,5.550369e-06,0
234.89380,5.560334e-04,97.455,5.705553e-06,0
234.92432,4.791778e-04,97.455,4.916928e-06,0
234.95483,4.354798e-04,97.455,4.468538e-06,0
234.98535,5.993099e-04,97.455,6.149633e-06,0
235.01587,5.754609e-04,97.455,5.904918e-06,0
235.04639,5.046940e-04,97.454,5.178768e-06,0
235.07690,4.665947e-04,97.454,4.787826e-06,0
235.10742,5.776133e-04,97.454,5.927015e-06,0
235.13794,6.065886e-04,97.454,6.224341e-06,0
235.16846,5.413929e-04,97.454,5.555357e-06,0
235.19897,6.343417e-04,97.454,6.509131e-06,0
235.22949,6.391329e-04,97.454,6.558299e-06,0
235.26001,4.805238e-04,97.454,4.930775e-06,0
235.29053,5.793863e-04,97.454,5.945232e-06,0
235.32104,4.643079e-04,97.454,4.764386e-06,0
235.35156,5.388126e-04,97.454,5.528902e-06,0
235.38208,6.892472e-04,97.454,7.072557e-06,0
235.41260,5.453773e-04,97.454,5.596271e-06,0
235.44312,4.245308e-04,97.454,4.356234e-06,0
235.47363,4.632299e-04,97.454,4.753340e-06,0
235.50415,4.959867e-04,97.454,5.089470e-06,0
235.53467,3.941833e-04,97.453,4.044837e-06,0
235.56519,5.121422e-04,97.453,5.255254e-06,0
235.59570,6.015167e-04,97.453,6.172358e-06,0
235.62622,5.612201e-04,97.453,5.758865e-06,0
235.65674,4.430526e-04,97.453,4.546312e-06,0
235.68726,5.495259e-04,97.453,5.638874e-06,0
235.71777,6.052911e-04,97.453,6.211104e-06,0
235.74829,5.512837e-04,97.453,5.656919e-06,0
235.77881,3.732595e-04,97.453,3.830151e-06,0
235.80933,4.023595e-04,97.453,4.128760e-06,0
235.83984,4.586615e-04,97.453,4.706498e-06,0
235.87036,4.997708e-04,97.453,5.128340e-06,0
235.90088,4.968804e-04,97.453,5.098684e-06,0
235.93140,5.188424e-04,97.453,5.324048e-06,0
235.96191,6.250276e-04,97.453,6.413660e-06,0
235.99243,5.818927e-04,97.452,5.971039e-06,0
236.02295,5.901060e-04,97.452,6.055324e-06,0
236.05347,6.245403e-04,97.452,6.408673e-06,0
236.08398,5.665112e-04,97.452,5.813215e-06,0
236.11450,5.693428e-04,97.452,5.842275e-06,0
236.14502,4.502326e-04,97.452,4.620036e-06,0
236.17554,5.102420e-04,97.452,5.235823e-06,0
236.20605,6.025646e-04,97.452,6.183191e-06,0
236.23657,6.164333e-04,97.452,6.325508e-06,0
236.26709,5.861010e-04,97.452,6.014258e-06,0
236.29761,4.220319e-04,97.452,4.330671e-06,0
236.32812,5.005405e-04,97.452,5.136288e-06,0
236.35864,5.438180e-04,97.452,5.580383e-06,0
236.38916,4.223596e-04,97.452,4.334042e-06,0
236.41968,5.119869e-04,97.452,5.253756e-06,0
236.45020,5.661888e-04,97.452,5.809952e-06,0
236.48071,5.163513e-04,97.451,5.298547e-06,0
236.51123,4.486403e-04,97.451,4.603733e-06,0
236.54175,3.752816e-04,97.451,3.850963e-06,0
236.57227,4.591571e-04,97.451,4.711658e-06,0
236.60278,5.016286e-04,97.451,5.147483e-06,0
236.63330,3.834262e-04,97.451,3.934547e-06,0
236.66382,4.125975e-04,97.451,4.233893e-06,0
236.69434,5.602569e-04,97.451,5.749112e-06,0
236.72485,5.910597e-04,97.451,6.065200e-06,0
236.75537,5.208827e-04,97.451,5.345077e-06,0
236.78589,4.540571e-04,97.451,4.659345e-06,0
236.81641,4.165648e-04,97.451,4.274617e-06,0
236.84692,4.431414e-04,97.451,4.547338e-06,0
236.87744,5.608924e-04,97.451,5.755655e-06,0
236.90796,5.552281e-04,97.451,5.697534e-06,0
236.93848,6.734363e-04,97.451,6.910545e-06,0
236.96899,4.390887e-04,97.450,4.505762e-06,0
236.99951,4.211596e-04,97.450,4.321783e-06,0
237.03003,4.618660e-04,97.450,4.739500e-06,0
237.06055,4.115870e-04,97.450,4.223559e-06,0
237.09106,5.135122e-04,97.450,5.269482e-06,0
237.12158,4.773693e-04,97.450,4.898599e-06,0
237.15210,4.164411e-04,97.450,4.273378e-06,0
237.18262,5.365619e-04,97.450,5.506020e-06,0
237.21313,4.575386e-04,97.450,4.695112e-06,0
237.24365,5.854079e-04,97.450,6.007270e-06,0
237.27417,5.422487e-04,97.450,5.564387e-06,0
237.30469,6.097996e-04,97.450,6.257578e-06,0
237.33521,6.097370e-04,97.450,6.256940e-06,0
237.36572,5.780697e-04,97.450,5.931983e-06,0
237.39624,5.947812e-04,97.450,6.103475e-06,0
237.42676,6.696936e-04,97.450,6.872209e-06,0
237.45728,6.234358e-04,97.449,6.397529e-06,0
237.48779,6.758049e-04,97.449,6.934931e-06,0
237.51831,6.427896e-04,97.449,6.596140e-06,0
237.54883,6.247626e-04,97.449,6.411157e-06,0
237.57935,7.097404e-04,97.449,7.283182e-06,0
237.60986,6.325605e-04,97.449,6.491185e-06,0
237.64038,4.297182e-04,97.449,4.409669e-06,0
237.67090,3.695611e-04,97.449,3.792353e-06,0
237.70142,3.982204e-04,97.449,4.086451e-06,0
237.73193,4.259221e-04,97.449,4.370722e-06,0
237.76245,5.065918e-04,97.449,5.198541e-06,0
237.79297,4.722136e-04,97.449,4.845762e-06,0
237.82349,4.714413e-04,97.449,4.837839e-06,0
237.85400,5.904619e-04,97.449,6.059210e-06,0
237.88452,5.275107e-04,97.449,5.413220e-06,0
237.91504,5.810974e-04,97.449,5.963121e-06,0
237.94556,6.774861e-04,97.448,6.952250e-06,0
237.97607,6.399300e-04,97.448,6.566859e-06,0
238.00659,5.566280e-04,97.448,5.712032e-06,0
238.03711,5.913674e-04,97.448,6.068525e-06,0
238.06763,5.241575e-04,97.448,5.378831e-06,0
238.09814,4.719141e-04,97.448,4.842720e-06,0
238.12866,3.819765e-04,97.448,3.919795e-06,0
238.15918,5.415178e-04,97.448,5.556991e-06,0
238.18970,4.549968e-04,97.448,4.669125e-06,0
238.22021,5.273897e-04,97.448,5.412016e-06,0
238.25073,5.653613e-04,97.448,5.801681e-06,0
238.28125,7.328990e-04,97.448,7.520941e-06,0
238.31177,5.833964e-04,97.448,5.986763e-06,0
238.34229,6.188690e-04,97.448,6.350784e-06,0
238.37280,5.285696e-04,97.448,5.424142e-06,0
238.40332,5.316185e-04,97.448,5.455433e-06,0
238.43384,6.073276e-04,97.447,6.232359e-06,0
238.46436,7.202537e-04,97.447,7.391205e-06,0
238.49487,6.190014e-04,97.447,6.352163e-06,0
238.52539,5.895976e-04,97.447,6.050426e-06,0
238.55591,7.814514e-04,97.447,8.019227e-06,0
238.58643,7.950903e-04,97.447,8.159194e-06,0
238.61694,6.857242e-04,97.447,7.036887e-06,0
238.64746,4.249017e-04,97.447,4.360335e-06,0
238.67798,5.214308e-04,97.447,5.350919e-06,0
238.70850,4.768429e-04,97.447,4.893362e-06,0
238.73901,6.190658e-04,97.447,6.352856e-06,0
238.76953,6.260578e-04,97.447,6.424612e-06,0
238.80005,6.199603e-04,97.447,6.362044e-06,0
238.83057,6.394241e-04,97.447,6.561786e-06,0
238.86108,6.457059e-04,97.447,6.626254e-06,0
238.89160,6.557673e-04,97.447,6.729509e-06,0
238.92212,6.168096e-04,97.446,6.329727e-06,0
238.95264,8.216353e-04,97.446,8.431663e-06,0
238.98315,6.783909e-04,97.446,6.961686e-06,0
239.01367,4.224281e-04,97.446,4.334984e-06,0
239.04419,5.507034e-04,97.446,5.651357e-06,0
239.07471,4.793128e-04,97.446,4.918745e-06,0
239.10522,4.663691e-04,97.446,4.785919e-06,0
239.13574,4.687528e-04,97.446,4.810384e-06,0
239.16626,7.664777e-04,97.446,7.865668e-06,0
239.19678,8.109953e-04,97.446,8.322518e-06,0
239.22729,6.601068e-04,97.446,6.774088e-06,0
239.25781,5.347239e-04,97.446,5.487399e-06,0
239.28833,6.680814e-04,97.446,6.855934e-06,0
239.31885,7.244347e-04,97.446,7.434243e-06,0
239.34937,5.818766e-04,97.446,5.971297e-06,0
239.37988,6.738452e-04,97.446,6.915096e-06,0
239.41040,5.705830e-04,97.445,5.855408e-06,0
239.44092,4.995040e-04,97.445,5.125988e-06,0
239.47144,5.149284e-04,97.445,5.284279e-06,0
239.50195,6.561132e-04,97.445,6.733144e-06,1
239.53247,5.248946e-04,97.445,5.386561e-06,1
239.56299,5.276339e-04,97.445,5.414675e-06,1
239.59351,4.849010e-04,97.445,4.976145e-06,1
239.62402,5.463829e-04,97.445,5.607088e-06,1
239.65454,5.553495e-04,97.445,5.699109e-06,1
239.68506,7.176838e-04,97.445,7.365021e-06,1
239.71558,7.937885e-04,97.445,8.146028e-06,1
239.74609,7.746516e-04,97.445,7.949646e-06,1
239.77661,7.764601e-04,97.445,7.968211e-06,1
239.80713,8.831432e-04,97.445,9.063022e-06,1
239.83765,8.425188e-04,97.445,8.646131e-06,1
239.86816,1.296191e-03,97.445,1.330184e-05,1
239.89868,1.965493e-03,97.444,2.017039e-05,1
239.92920,1.720027e-03,97.444,1.765136e-05,1
239.95972,2.812743e-03,97.444,2.886512e-05,1
239.99023,5.887201e-03,97.444,6.041607e-05,1
240.02075,4.456082e-03,97.444,4.572956e-05,1
240.05127,1.090731e-03,97.444,1.119339e-05,1
240.08179,9.723248e-04,97.444,9.978282e-06,1
240.11230,1.196565e-03,97.444,1.227951e-05,1
240.14282,8.559201e-04,97.444,8.783714e-06,1
240.17334,8.569029e-04,97.444,8.793806e-06,1
240.20386,9.872522e-04,97.444,1.013150e-05,1
240.23438,8.917519e-04,97.444,9.151448e-06,1
240.26489,7.579328e-04,97.444,7.778158e-06,1
240.29541,6.423973e-04,97.444,6.592498e-06,1
240.32593,6.372033e-04,97.444,6.539200e-06,1
240.35645,6.988640e-04,97.444,7.171989e-06,1
240.38696,5.535478e-04,97.443,5.680705e-06,1
240.41748,5.546828e-04,97.443,5.692358e-06,1
240.44800,5.685892e-04,97.443,5.835073e-06,1
240.47852,5.587704e-04,97.443,5.734313e-06,1
240.50903,6.116800e-04,97.443,6.277296e-06,0
240.53955,7.176035e-04,97.443,7.364328e-06,0
240.57007,6.002541e-04,97.443,6.160046e-06,0
240.60059,5.811724e-04,97.443,5.964226e-06,0
240.63110,5.696057e-04,97.443,5.845527e-06,0
240.66162,6.182524e-04,97.443,6.344764e-06,0
240.69214,5.832933e-04,97.443,5.986002e-06,0
240.72266,6.503843e-04,97.443,6.674524e-06,0
240.75317,5.395420e-04,97.443,5.537016e-06,0
240.78369,3.948035e-04,97.443,4.051648e-06,0
240.81421,4.831400e-04,97.443,4.958200e-06,0
240.84473,5.115880e-04,97.443,5.250149e-06,0
240.87524,6.577841e-04,97.442,6.750485e-06,0
240.90576,6.440487e-04,97.442,6.609530e-06,0
240.93628,4.772307e-04,97.442,4.897569e-06,0
240.96680,4.942288e-04,97.442,5.072014e-06,0
240.99731,5.310118e-04,97.442,5.449502e-06,0
241.02783,5.101202e-04,97.442,5.235106e-06,0
241.05835,3.019298e-04,97.442,3.098556e-06,0
241.08887,6.347194e-04,97.442,6.513813e-06,0
241.11938,6.898972e-04,97.442,7.080080e-06,0
241.14990,5.575221e-04,97.442,5.721582e-06,0
241.18042,4.812401e-04,97.442,4.938740e-06,0
241.21094,5.481985e-04,97.442,5.625906e-06,0
241.24146,6.153367e-04,97.442,6.314918e-06,0
241.27197,6.637281e-04,97.442,6.811541e-06,0
241.30249,6.183537e-04,97.442,6.345888e-06,0
241.33301,4.838006e-04,97.442,4.965033e-06,0
241.36353,5.141217e-04,97.442,5.276208e-06,0
241.39404,4.765851e-04,97.441,4.890989e-06,0
241.42456,5.085233e-04,97.441,5.218761e-06,0
241.45508,5.537593e-04,97.441,5.683003e-06,0
241.48560,5.047076e-04,97.441,5.179609e-06,0
241.51611,5.780123e-04,97.441,5.931909e-06,0
241.54663,7.939982e-04,97.441,8.148490e-06,0
241.57715,7.746245e-04,97.441,7.949671e-06,0
241.60767,6.661407e-04,97.441,6.836348e-06,0
241.63818,5.793112e-04,97.441,5.945253e-06,0
241.66870,6.536008e-04,97.441,6.707664e-06,0
241.69922,5.125375e-04,97.441,5.259987e-06,0
241.72974,5.571412e-04,97.441,5.717742e-06,0
241.76025,6.015721e-04,97.441,6.173725e-06,0
241.79077,5.917387e-04,97.441,6.072812e-06,0
241.82129,7.167161e-04,97.441,7.355416e-06,0
241.85181,6.197215e-04,97.441,6.359998e-06,0
241.88232,4.847523e-04,97.440,4.974857e-06,0
241.91284,6.743484e-04,97.440,6.920624e-06,0
241.94336,9.292459e-04,97.440,9.536562e-06,0
241.97388,6.840459e-04,97.440,7.020156e-06,0
242.00439,5.907092e-04,97.440,6.062273e-06,0
242.03491,4.364716e-04,97.440,4.479381e-06,0
242.06543,4.253044e-04,97.440,4.364778e-06,0
242.09595,5.791990e-04,97.440,5.944159e-06,0
242.12646,6.214971e-04,97.440,6.378256e-06,0
242.15698,5.924943e-04,97.440,6.080612e-06,0
242.18750,5.993819e-04,97.440,6.151301e-06,0
242.21802,6.097111e-04,97.440,6.257311e-06,0
242.24854,4.952475e-04,97.440,5.082604e-06,0
242.27905,6.859328e-04,97.440,7.039565e-06,0
242.30957,7.010345e-04,97.440,7.194554e-06,0
242.34009,6.340221e-04,97.440,6.506826e-06,0
242.37061,5.294680e-04,97.439,5.433814e-06,0
242.40112,3.299342e-04,97.439,3.386044e-06,0
242.43164,4.288779e-04,97.439,4.401486e-06,0
242.46216,4.610625e-04,97.439,4.731792e-06,0
242.49268,4.735907e-04,97.439,4.860370e-06,0
242.52319,7.411165e-04,97.439,7.605940e-06,0
242.55371,7.360818e-04,97.439,7.554275e-06,0
242.58423,4.185700e-04,97.439,4.295711e-06,0
242.61475,4.879011e-04,97.439,5.007247e-06,0
242.64526,5.331908e-04,97.439,5.472052e-06,0
242.67578,6.483110e-04,97.439,6.653515e-06,0
242.70630,6.540101e-04,97.439,6.712009e-06,0
242.73682,6.367645e-04,97.439,6.535023e-06,0
242.76733,6.621706e-04,97.439,6.795768e-06,0
242.79785,4.887609e-04,97.439,5.016090e-06,0
242.82837,5.091075e-04,97.439,5.224908e-06,0
242.85889,4.444927e-04,97.438,4.561777e-06,0
242.88940,5.262587e-04,97.438,5.400936e-06,0
242.91992,4.425912e-04,97.438,4.542268e-06,0
242.95044,4.282404e-04,97.438,4.394990e-06,0
242.98096,5.769544e-04,97.438,5.921231e-06,0
243.01147,5.934417e-04,97.438,6.090442e-06,0
243.04199,5.393984e-04,97.438,5.535804e-06,0
243.07251,5.606717e-04,97.438,5.754134e-06,0
243.10303,5.439049e-04,97.438,5.582061e-06,0
243.13354,4.805513e-04,97.438,4.931870e-06,0
243.16406,4.688941e-04,97.438,4.812236e-06,0
243.19458,5.738780e-04,97.438,5.889684e-06,0
243.22510,5.089265e-04,97.438,5.223093e-06,0
243.25562,5.814450e-04,97.438,5.967351e-06,0
243.28613,6.528453e-04,97.438,6.700134e-06,0
243.31665,5.786654e-04,97.438,5.938832e-06,0
243.34717,6.288364e-04,97.438,6.453740e-06,0
243.37769,5.140938e-04,97.437,5.276141e-06,0
243.40820,4.560464e-04,97.437,4.680405e-06,0
243.43872,6.530367e-04,97.437,6.702120e-06,0
243.46924,7.540445e-04,97.437,7.738769e-06,0
243.49976,5.068643e-04,97.437,5.201958e-06,0
243.53027,5.844464e-04,97.437,5.998189e-06,0
243.56079,4.769287e-04,97.437,4.894735e-06,0
243.59131,5.287337e-04,97.437,5.426414e-06,0
243.62183,4.070331e-04,97.437,4.177400e-06,0
243.65234,4.846475e-04,97.437,4.973962e-06,0
243.68286,5.040951e-04,97.437,5.173557e-06,0
243.71338,4.499572e-04,97.437,4.617940e-06,0
243.74390,4.356183e-04,97.437,4.470781e-06,0
243.77441,5.496932e-04,97.437,5.641544e-06,0
243.80493,5.982184e-04,97.437,6.139566e-06,0
243.83545,5.944611e-04,97.437,6.101008e-06,0
243.86597,4.716354e-04,97.436,4.840440e-06,0
243.89648,5.809843e-04,97.436,5.962701e-06,0
243.92700,4.898197e-04,97.436,5.027073e-06,0
243.95752,5.318990e-04,97.436,5.458941e-06,0
243.98804,5.607867e-04,97.436,5.755423e-06,0
244.01855,4.978157e-04,97.436,5.109147e-06,0
244.04907,4.796510e-04,97.436,4.922723e-06,0
244.07959,5.993863e-04,97.436,6.151587e-06,0
244.11011,5.850751e-04,97.436,6.004713e-06,0
244.14062,5.191801e-04,97.436,5.328426e-06,0
244.17114,5.289857e-04,97.436,5.429065e-06,0
244.20166,6.574915e-04,97.436,6.747946e-06,0
244.23218,5.922275e-04,97.436,6.078134e-06,0
244.26270,6.575455e-04,97.436,6.748508e-06,0
244.29321,6.241128e-04,97.436,6.405386e-06,0
244.32373,5.233858e-04,97.436,5.371610e-06,0
244.35425,5.435061e-04,97.436,5.578111e-06,0
244.38477,4.287710e-04,97.435,4.400565e-06,0
244.41528,4.925022e-04,97.435,5.054654e-06,0
244.44580,6.816400e-04,97.435,6.995820e-06,0
244.47632,6.026074e-04,97.435,6.184696e-06,0
244.50684,4.155504e-04,97.435,4.264890e-06,0
244.53735,5.185602e-04,97.435,5.322106e-06,0
244.56787,5.338953e-04,97.435,5.479498e-06,0
244.59839,4.448028e-04,97.435,4.565122e-06,0
244.62891,4.222168e-04,97.435,4.333319e-06,0
244.65942,4.151831e-04,97.435,4.261134e-06,0
244.68994,3.442797e-04,97.435,3.533436e-06,0
244.72046,5.414556e-04,97.435,5.557109e-06,0
244.75098,5.756630e-04,97.435,5.908192e-06,0
244.78149,5.063291e-04,97.435,5.196602e-06,0
244.81201,5.772785e-04,97.435,5.924780e-06,0
244.84253,5.710470e-04,97.435,5.860828e-06,0
244.87305,5.499357e-04,97.434,5.644160e-06,0
244.90356,4.796624e-04,97.434,4.922927e-06,0
244.93408,5.214717e-04,97.434,5.352031e-06,0
244.96460,5.091604e-04,97.434,5.225680e-06,0
244.99512,4.258445e-04,97.434,4.370584e-06,0
245.02563,4.801846e-04,97.434,4.928298e-06,0
245.05615,5.140902e-04,97.434,5.276286e-06,0
245.08667,5.056789e-04,97.434,5.189962e-06,0
245.11719,5.791733e-04,97.434,5.944264e-06,0
245.14771,4.843076e-04,97.434,4.970627e-06,0
245.17822,5.060805e-04,97.434,5.194093e-06,0
245.20874,4.211689e-04,97.434,4.322616e-06,0
245.23926,4.475934e-04,97.434,4.593824e-06,0
245.26978,5.477288e-04,97.434,5.621555e-06,0
245.30029,4.900290e-04,97.434,5.029363e-06,0
245.33081,4.812682e-04,97.434,4.939451e-06,0
245.36133,6.346407e-04,97.433,6.513578e-06,0
245.39185,6.344082e-04,97.433,6.511197e-06,0
245.42236,4.762524e-04,97.433,4.887980e-06,0
245.45288,5.011269e-04,97.433,5.143281e-06,0
245.48340,4.834527e-04,97.433,4.961886e-06,0
245.51392,5.641399e-04,97.433,5.790017e-06,0
245.54443,4.813166e-04,97.433,4.939968e-06,0
245.57495,6.815597e-04,97.433,6.995158e-06,0
245.60547,6.603191e-04,97.433,6.777160e-06,0
245.63599,4.819970e-04,97.433,4.946961e-06,0
245.66650,5.248624e-04,97.433,5.386912e-06,0
245.69702,5.545785e-04,97.433,5.691907e-06,0
245.72754,5.956052e-04,97.433,6.112986e-06,0
245.75806,5.272798e-04,97.433,5.411733e-06,0
245.78857,7.787897e-04,97.433,7.993109e-06,0
245.81909,9.552149e-04,97.433,9.803855e-06,0
245.84961,6.718803e-04,97.433,6.895852e-06,0
245.88013,4.399619e-04,97.432,4.515557e-06,0
245.91064,5.417560e-04,97.432,5.560326e-06,0
245.94116,5.221804e-04,97.432,5.359416e-06,0
245.97168,6.252261e-04,97.432,6.417032e-06,0
246.00220,5.263404e-04,97.432,5.402119e-06,0
246.03271,5.167335e-04,97.432,5.303520e-06,0
246.06323,5.513641e-04,97.432,5.658957e-06,0
246.09375,4.378633e-04,97.432,4.494038e-06,0
246.12427,4.130904e-04,97.432,4.239782e-06,0
246.15479,5.729560e-04,97.432,5.880577e-06,0
246.18530,5.831356e-04,97.432,5.985061e-06,0
246.21582,6.686453e-04,97.432,6.862701e-06,0
246.24634,5.757364e-04,97.432,5.909125e-06,0
246.27686,5.217628e-04,97.432,5.355166e-06,0
246.30737,5.239819e-04,97.432,5.377946e-06,0
246.33789,7.235673e-04,97.432,7.426417e-06,0
246.36841,6.457637e-04,97.431,6.627874e-06,0
246.39893,3.848233e-04,97.431,3.949683e-06,0
246.42944,6.549495e-04,97.431,6.722163e-06,0
246.45996,5.466370e-04,97.431,5.610485e-06,0
246.49048,5.285257e-04,97.431,5.424602e-06,0
246.52100,5.020901e-04,97.431,5.153279e-06,0
246.55151,4.788418e-04,97.431,4.914669e-06,0
246.58203,4.612209e-04,97.431,4.733817e-06,0
246.61255,4.284674e-04,97.431,4.397649e-06,0
246.64307,3.915326e-04,97.431,4.018564e-06,0
246.67358,4.591395e-04,97.431,4.712463e-06,0
246.70410,7.155807e-04,97.431,7.344499e-06,0
246.73462,5.812328e-04,97.431,5.965598e-06,0
246.76514,5.655066e-04,97.431,5.804193e-06,0
246.79565,5.343607e-04,97.431,5.484524e-06,0
246.82617,6.074428e-04,97.431,6.234621e-06,0
246.85669,6.167445e-04,97.431,6.330095e-06,0
246.88721,3.694110e-04,97.430,3.791535e-06,0
246.91772,4.312230e-04,97.430,4.425959e-06,0
246.94824,4.105238e-04,97.430,4.213511e-06,0
246.97876,5.719447e-04,97.430,5.870297e-06,0
247.00928,4.777783e-04,97.430,4.903799e-06,0
247.03979,5.021386e-04,97.430,5.153831e-06,0
247.07031,6.693007e-04,97.430,6.869547e-06,0
247.10083,6.403325e-04,97.430,6.572228e-06,0
247.13135,4.298830e-04,97.430,4.412225e-06,0
247.16187,3.714882e-04,97.430,3.812876e-06,0
247.19238,4.635438e-04,97.430,4.757718e-06,0
247.22290,4.657124e-04,97.430,4.779979e-06,0
247.25342,5.630808e-04,97.430,5.779352e-06,0
247.28394,6.640126e-04,97.430,6.815301e-06,0
247.31445,5.617274e-04,97.430,5.765468e-06,0
247.34497,5.077653e-04,97.430,5.211614e-06,0
247.37549,5.446369e-04,97.430,5.590061e-06,0
247.40601,6.169871e-04,97.429,6.332656e-06,0
247.43652,6.227976e-04,97.429,6.392298e-06,0
247.46704,6.303155e-04,97.429,6.469463e-06,0
247.49756,5.808721e-04,97.429,5.961988e-06,0
247.52808,5.316033e-04,97.429,5.456303e-06,0
247.55859,6.294342e-04,97.429,6.460430e-06,0
247.58911,6.660104e-04,97.429,6.835848e-06,0
247.61963,3.960457e-04,97.429,4.064966e-06,0
247.65015,3.358775e-04,97.429,3.447409e-06,0
247.68066,4.112076e-04,97.429,4.220592e-06,0
247.71118,5.699945e-04,97.429,5.850367e-06,0
247.74170,6.810038e-04,97.429,6.989760e-06,0
247.77222,6.551078e-04,97.429,6.723970e-06,0
247.80273,5.966808e-04,97.429,6.124284e-06,0
247.83325,5.347730e-04,97.429,5.488871e-06,0
247.86377,4.721534e-04,97.429,4.846151e-06,0
247.89429,5.292071e-04,97.428,5.431749e-06,0
247.92480,4.896371e-04,97.428,5.025608e-06,0
247.95532,6.296567e-04,97.428,6.462766e-06,0
247.98584,6.681463e-04,97.428,6.857825e-06,0
248.01636,4.842252e-04,97.428,4.970070e-06,0
248.04688,4.052778e-04,97.428,4.159760e-06,0
248.07739,4.957152e-04,97.428,5.088009e-06,0
248.10791,6.108371e-04,97.428,6.269622e-06,0
248.13843,4.629692e-04,97.428,4.751911e-06,0
248.16895,6.246639e-04,97.428,6.411548e-06,0
248.19946,6.534038e-04,97.428,6.706538e-06,0
248.22998,6.706817e-04,97.428,6.883883e-06,0
248.26050,4.789945e-04,97.428,4.916407e-06,0
248.29102,5.121690e-04,97.428,5.256913e-06,0
248.32153,5.801162e-04,97.428,5.954328e-06,0
248.35205,5.775720e-04,97.428,5.928218e-06,0
248.38257,6.152270e-04,97.428,6.314714e-06,0
248.41309,5.454683e-04,97.427,5.598712e-06,0
248.44360,4.864284e-04,97.427,4.992727e-06,0
248.47412,4.847544e-04,97.427,4.975548e-06,0
248.50464,4.868759e-04,97.427,4.997326e-06,0
248.53516,5.977955e-04,97.427,6.135815e-06,0
248.56567,5.419239e-04,97.427,5.562349e-06,0
248.59619,5.654271e-04,97.427,5.803591e-06,0
248.62671,6.249859e-04,97.427,6.414912e-06,0
248.65723,5.414617e-04,97.427,5.557615e-06,0
248.68774,6.055006e-04,97.427,6.214921e-06,0
248.71826,6.742954e-04,97.427,6.921042e-06,0
248.74878,5.234024e-04,97.427,5.372263e-06,0
248.77930,3.945635e-04,97.427,4.049848e-06,0
248.80981,5.244906e-04,97.427,5.383439e-06,0
248.84033,5.113472e-04,97.427,5.248537e-06,0
248.87085,4.188920e-04,97.427,4.299567e-06,0
248.90137,5.411427e-04,97.427,5.554368e-06,0
248.93188,4.802024e-04,97.426,4.928872e-06,0
248.96240,5.810044e-04,97.426,5.963522e-06,0
248.99292,5.727669e-04,97.426,5.878975e-06,0
249.02344,4.650893e-04,97.426,4.773756e-06,0
249.05396,5.022015e-04,97.426,5.154686e-06,0
249.08447,3.365574e-04,97.426,3.454487e-06,0
249.11499,4.273982e-04,97.426,4.386897e-06,0
249.14551,6.533076e-04,97.426,6.705678e-06,0
249.17603,5.392375e-04,97.426,5.534844e-06,0
249.20654,5.565064e-04,97.426,5.712099e-06,0
249.23706,4.617417e-04,97.426,4.739417e-06,0
249.26758,4.237718e-04,97.426,4.349688e-06,0
249.29810,4.223334e-04,97.426,4.334927e-06,0
249.32861,5.008078e-04,97.426,5.140409e-06,0
249.35913,4.428739e-04,97.426,4.545765e-06,0
249.38965,3.161661e-04,97.426,3.245207e-06,0
249.42017,3.952519e-04,97.425,4.056966e-06,0
249.45068,4.684040e-04,97.425,4.807820e-06,0
249.48120,4.788812e-04,97.425,4.915364e-06,0
249.51172,4.433178e-04,97.425,4.550335e-06,1
249.54224,4.500957e-04,97.425,4.619908e-06,1
249.57275,5.917802e-04,97.425,6.074201e-06,1
249.60327,4.134020e-04,97.425,4.243279e-06,1
249.63379,4.081725e-04,97.425,4.189604e-06,1
249.66431,5.678136e-04,97.425,5.828212e-06,1
249.69482,6.583430e-04,97.425,6.757438e-06,1
249.72534,7.121033e-04,97.425,7.309254e-06,1
249.75586,6.290613e-04,97.425,6.456888e-06,1
249.78638,6.573700e-04,97.425,6.747463e-06,1
249.81689,7.343298e-04,97.425,7.537407e-06,1
249.84741,5.843570e-04,97.425,5.998040e-06,1
249.87793,6.602050e-04,97.425,6.776574e-06,1
249.90845,8.580304e-04,97.425,8.807128e-06,1
249.93896,8.307440e-04,97.424,8.527057e-06,1
249.96948,9.719961e-04,97.424,9.976925e-06,1
250.00000,1.135041e-03,97.424,1.165048e-05,1
250.03052,6.951289e-04,97.424,7.135067e-06,1
250.06104,5.882921e-04,97.424,6.038457e-06,1
250.09155,8.820277e-04,97.424,9.053478e-06,1
250.12207,8.365901e-04,97.424,8.587094e-06,1
250.15259,4.901845e-04,97.424,5.031453e-06,1
250.18311,6.356664e-04,97.424,6.524742e-06,1
250.21362,7.441266e-04,97.424,7.638026e-06,1
250.24414,5.826181e-04,97.424,5.980239e-06,1
250.27466,5.232104e-04,97.424,5.370456e-06,1
250.30518,3.195490e-04,97.424,3.279990e-06,1
250.33569,4.091145e-04,97.424,4.199332e-06,1
250.36621,4.983953e-04,97.424,5.115753e-06,1
250.39673,5.098885e-04,97.424,5.233728e-06,1
250.42725,5.025141e-04,97.424,5.158037e-06,1
250.45776,5.988627e-04,97.423,6.147007e-06,1
250.48828,5.752028e-04,97.423,5.904154e-06,1
250.51880,7.750471e-04,97.423,7.955455e-06,0
250.54932,6.339619e-04,97.423,6.507293e-06,0
250.57983,4.541458e-04,97.423,4.661576e-06,0
250.61035,6.624135e-04,97.423,6.799342e-06,0
250.64087,7.233200e-04,97.423,7.424522e-06,0
250.67139,6.224351e-04,97.423,6.388992e-06,0
250.70190,5.665811e-04,97.423,5.815681e-06,0
250.73242,4.455135e-04,97.423,4.572984e-06,0
250.76294,4.755252e-04,97.423,4.881043e-06,0
250.79346,5.487364e-04,97.423,5.632524e-06,0
250.82397,5.546004e-04,97.423,5.692719e-06,0
250.85449,6.042456e-04,97.423,6.202308e-06,0
250.88501,5.414556e-04,97.423,5.557801e-06,0
250.91553,6.016007e-04,97.423,6.175167e-06,0
250.94604,7.013960e-04,97.423,7.199527e-06,0
250.97656,5.089149e-04,97.422,5.223794e-06,0
251.00708,4.887675e-04,97.422,5.016993e-06,0
251.03760,5.853410e-04,97.422,6.008283e-06,0
251.06812,6.274484e-04,97.422,6.440503e-06,0
251.09863,6.487550e-04,97.422,6.659210e-06,0
251.12915,6.141201e-04,97.422,6.303701e-06,0
251.15967,6.555281e-04,97.422,6.728741e-06,0
251.19019,6.350660e-04,97.422,6.518710e-06,0
251.22070,4.871055e-04,97.422,4.999955e-06,0
251.25122,4.864524e-04,97.422,4.993254e-06,0
251.28174,4.827351e-04,97.422,4.955100e-06,0
251.31226,5.947533e-04,97.422,6.104930e-06,0
251.34277,5.567108e-04,97.422,5.714441e-06,0
251.37329,5.781822e-04,97.422,5.934841e-06,0
251.40381,5.691235e-04,97.422,5.841860e-06,0
251.43433,4.689184e-04,97.422,4.813291e-06,0
251.46484,5.722548e-04,97.422,5.874008e-06,0
251.49536,6.220324e-04,97.421,6.384964e-06,0
251.52588,6.962477e-04,97.421,7.146764e-06,0
251.55640,4.637940e-04,97.421,4.760702e-06,0
251.58691,4.142692e-04,97.421,4.252348e-06,0
251.61743,3.965802e-04,97.421,4.070779e-06,0
251.64795,5.403031e-04,97.421,5.546056e-06,0
251.67847,5.117827e-04,97.421,5.253304e-06,0
251.70898,5.425735e-04,97.421,5.569367e-06,0
251.73950,5.290029e-04,97.421,5.430072e-06,0
251.77002,4.986394e-04,97.421,5.118402e-06,0
251.80054,4.850201e-04,97.421,4.978606e-06,0
251.83105,5.855522e-04,97.421,6.010546e-06,0
251.86157,4.543773e-04,97.421,4.664072e-06,0
251.89209,4.476259e-04,97.421,4.594773e-06,0
251.92261,4.493562e-04,97.421,4.612537e-06,0
251.95312,4.683612e-04,97.421,4.807621e-06,0
251.98364,4.671167e-04,97.421,4.794850e-06,0
252.01416,5.413833e-04,97.420,5.557183e-06,0
252.04468,4.406330e-04,97.420,4.523006e-06,0
252.07520,5.223271e-04,97.420,5.361583e-06,0
252.10571,5.150570e-04,97.420,5.286960e-06,0
252.13623,4.956899e-04,97.420,5.088163e-06,0
252.16675,6.613206e-04,97.420,6.788335e-06,0
252.19727,8.833804e-04,97.420,9.067743e-06,0
252.22778,6.093248e-04,97.420,6.254615e-06,0
252.25830,5.532695e-04,97.420,5.679220e-06,0
252.28882,5.515460e-04,97.420,5.661533e-06,0
252.31934,6.299777e-04,97.420,6.466625e-06,0
252.34985,1.051188e-03,97.420,1.079029e-05,0
252.38037,1.306904e-03,97.420,1.341519e-05,0
252.41089,1.088025e-03,97.420,1.116843e-05,0
252.44141,1.381175e-03,97.420,1.417758e-05,0
252.47192,9.063951e-04,97.420,9.304036e-06,0
252.50244,4.906573e-04,97.419,5.036541e-06,0
252.53296,5.524648e-04,97.419,5.670991e-06,0
252.56348,5.766576e-04,97.419,5.919331e-06,0
252.59399,5.059918e-04,97.419,5.193957e-06,0
252.62451,7.188234e-04,97.419,7.378658e-06,0
252.65503,6.789497e-04,97.419,6.969362e-06,0
252.68555,4.811766e-04,97.419,4.939240e-06,0
252.71606,5.316965e-04,97.419,5.457827e-06,0
252.74658,3.882167e-04,97.419,3.985019e-06,0
252.77710,4.668707e-04,97.419,4.792400e-06,0
252.80762,4.915074e-04,97.419,5.045297e-06,0
252.83813,5.488876e-04,97.419,5.634306e-06,0
252.86865,5.706875e-04,97.419,5.858085e-06,0
252.89917,4.684720e-04,97.419,4.808849e-06,0
252.92969,4.682523e-04,97.419,4.806596e-06,0
252.96021,6.396715e-04,97.419,6.566214e-06,0
252.99072,7.314595e-04,97.419,7.508420e-06,0
253.02124,5.183366e-04,97.418,5.320720e-06,0
253.05176,3.823642e-04,97.418,3.924968e-06,0
253.08228,4.587462e-04,97.418,4.709031e-06,0
253.11279,4.948354e-04,97.418,5.079490e-06,0
253.14331,3.792556e-04,97.418,3.893065e-06,0
253.17383,4.233110e-04,97.418,4.345297e-06,0
253.20435,6.113518e-04,97.418,6.275543e-06,0
253.23486,5.499327e-04,97.418,5.645078e-06,0
253.26538,4.776396e-04,97.418,4.902990e-06,0
253.29590,5.314133e-04,97.418,5.454982e-06,0
253.32642,4.088005e-04,97.418,4.196359e-06,0
253.35693,6.241505e-04,97.418,6.406942e-06,0
253.38745,6.079595e-04,97.418,6.240743e-06,0
253.41797,5.104867e-04,97.418,5.240183e-06,0
253.44849,6.523462e-04,97.418,6.696384e-06,0
253.47900,6.465476e-04,97.418,6.636866e-06,0
253.50952,6.504546e-04,97.418,6.676975e-06,0
253.54004,5.833678e-04,97.417,5.988326e-06,0
253.57056,5.684838e-04,97.417,5.835545e-06,0
253.60107,5.551153e-04,97.417,5.698319e-06,0
253.63159,5.285922e-04,97.417,5.426060e-06,0
253.66211,5.755225e-04,97.417,5.907808e-06,0
253.69263,6.978370e-04,97.417,7.163385e-06,0
253.72314,7.042521e-04,97.417,7.229241e-06,0
253.75366,5.838466e-04,97.417,5.993267e-06,0
253.78418,4.578911e-04,97.417,4.700319e-06,0
253.81470,4.794973e-04,97.417,4.922113e-06,0
253.84521,3.925042e-04,97.417,4.029118e-06,0
253.87573,3.961173e-04,97.417,4.066210e-06,0
253.90625,5.573265e-04,97.417,5.721052e-06,0
253.93677,4.670819e-04,97.417,4.794678e-06,0
253.96729,5.132125e-04,97.417,5.268220e-06,0
253.99780,5.737554e-04,97.417,5.889707e-06,0
254.02832,6.037760e-04,97.417,6.197878e-06,0
254.05884,6.079027e-04,97.417,6.240243e-06,0
254.08936,4.570176e-04,97.416,4.691380e-06,0
254.11987,4.425540e-04,97.416,4.542911e-06,0
254.15039,5.323964e-04,97.416,5.465166e-06,0
254.18091,9.327083e-04,97.416,9.574461e-06,0
254.21143,6.755678e-04,97.416,6.934860e-06,0
254.24194,4.784817e-04,97.416,4.911729e-06,0
254.27246,6.069660e-04,97.416,6.230655e-06,0
254.30298,4.520604e-04,97.416,4.640513e-06,0
254.33350,3.854571e-04,97.416,3.956816e-06,0
254.36401,3.797425e-04,97.416,3.898156e-06,0
254.39453,3.864780e-04,97.416,3.967301e-06,0
254.42505,4.303467e-04,97.416,4.417627e-06,0
254.45557,5.868126e-04,97.416,6.023796e-06,0
254.48608,5.534406e-04,97.416,5.681227e-06,0
254.51660,4.855289e-04,97.416,4.984097e-06,0
254.54712,5.331769e-04,97.416,5.473221e-06,0
254.57764,5.107564e-04,97.416,5.243071e-06,0
254.60815,5.589317e-04,97.415,5.737608e-06,0
254.63867,5.689168e-04,97.415,5.840112e-06,0
254.66919,5.589692e-04,97.415,5.738001e-06,0
254.69971,4.921651e-04,97.415,5.052238e-06,0
254.73022,4.248366e-04,97.415,4.361091e-06,0
254.76074,4.361639e-04,97.415,4.477372e-06,0
254.79126,4.817558e-04,97.415,4.945391e-06,0
254.82178,6.418222e-04,97.415,6.588533e-06,0
254.85229,5.253819e-04,97.415,5.393236e-06,0
254.88281,4.414122e-04,97.415,4.531258e-06,0
254.91333,4.534823e-04,97.415,4.655165e-06,0
254.94385,5.482326e-04,97.415,5.627816e-06,0
254.97437,5.684485e-04,97.415,5.835343e-06,0
255.00488,5.346387e-04,97.415,5.488276e-06,0
255.03540,4.736224e-04,97.415,4.861923e-06,0
255.06592,6.051436e-04,97.415,6.212044e-06,0
255.09644,6.121677e-04,97.415,6.284153e-06,0
255.12695,5.252455e-04,97.414,5.391864e-06,0
255.15747,5.008371e-04,97.414,5.141305e-06,0
255.18799,2.836011e-04,97.414,2.911287e-06,0
255.21851,4.835593e-04,97.414,4.963946e-06,0
255.24902,4.633296e-04,97.414,4.756283e-06,0
255.27954,5.014254e-04,97.414,5.147356e-06,0
255.31006,3.932805e-04,97.414,4.037203e-06,0
255.34058,5.544224e-04,97.414,5.691400e-06,0
255.37109,4.991176e-04,97.414,5.123675e-06,0
255.40161,4.145370e-04,97.414,4.255418e-06,0
255.43213,5.235827e-04,97.414,5.374827e-06,0
255.46265,4.497792e-04,97.414,4.617201e-06,0
255.49316,4.999205e-04,97.414,5.131929e-06,0
255.52368,5.190196e-04,97.414,5.327994e-06,0
255.55420,5.169283e-04,97.414,5.306528e-06,0
255.58472,5.189351e-04,97.414,5.327133e-06,0
255.61523,5.302998e-04,97.414,5.443801e-06,0
255.64575,6.252823e-04,97.413,6.418849e-06,0
255.67627,6.732834e-04,97.413,6.911610e-06,0
255.70679,5.170633e-04,97.413,5.307930e-06,0
255.73730,5.296746e-04,97.413,5.437396e-06,0
255.76782,5.397308e-04,97.413,5.540631e-06,0
255.79834,5.050808e-04,97.413,5.184933e-06,0
255.82886,4.137959e-04,97.413,4.247846e-06,0
255.85938,4.660970e-04,97.413,4.784749e-06,0
255.88989,6.300779e-04,97.413,6.468109e-06,0
255.92041,5.433806e-04,97.413,5.578115e-06,0
255.95093,4.742758e-04,97.413,4.868717e-06,0
255.98145,5.568132e-04,97.413,5.716016e-06,0
256.01196,4.885684e-04,97.413,5.015445e-06,0
256.04248,5.843203e-04,97.413,5.998399e-06,0
256.07300,5.366067e-04,97.413,5.508594e-06,0
256.10352,4.487587e-04,97.413,4.606783e-06,0
256.13403,5.227694e-04,97.413,5.366552e-06,0
256.16455,5.696129e-04,97.412,5.847433e-06,0
256.19507,6.386660e-04,97.412,6.556310e-06,0
256.22559,5.487078e-04,97.412,5.632836e-06,0
256.25610,4.549967e-04,97.412,4.670834e-06,0
256.28662,5.233008e-04,97.412,5.372023e-06,0
256.31714,7.031316e-04,97.412,7.218107e-06,0
256.34766,6.495304e-04,97.412,6.667859e-06,0
256.37817,5.502646e-04,97.412,5.648834e-06,0
256.40869,5.374160e-04,97.412,5.516938e-06,0
256.43921,5.671307e-04,97.412,5.821983e-06,0
256.46973,5.890981e-04,97.412,6.047496e-06,0
256.50024,4.590111e-04,97.412,4.712067e-06,0
256.53076,4.728697e-04,97.412,4.854338e-06,0
256.56128,4.386631e-04,97.412,4.503186e-06,0
256.59180,5.565749e-04,97.412,5.713637e-06,0
256.62231,6.459319e-04,97.412,6.630954e-06,0
256.65283,6.287243e-04,97.412,6.454310e-06,0
256.68335,3.851668e-04,97.411,3.954018e-06,0
256.71387,3.946944e-04,97.411,4.051828e-06,0
256.74438,4.499618e-04,97.411,4.619191e-06,0
256.77490,5.053551e-04,97.411,5.187848e-06,0
256.80542,5.559170e-04,97.411,5.706907e-06,0
256.83594,4.372822e-04,97.411,4.489034e-06,0
256.86646,4.266547e-04,97.411,4.379937e-06,0
256.89697,5.504405e-04,97.411,5.650697e-06,0
256.92749,5.994961e-04,97.411,6.154294e-06,0
256.95801,5.937999e-04,97.411,6.095822e-06,0
256.98853,6.166692e-04,97.411,6.330597e-06,0
257.01904,5.810470e-04,97.411,5.964911e-06,0
257.04956,5.145563e-04,97.411,5.282333e-06,0
257.08008,3.963806e-04,97.411,4.069167e-06,0
257.11060,3.774430e-04,97.411,3.874760e-06,0
257.14111,4.153661e-04,97.411,4.264074e-06,0
257.17163,6.057430e-04,97.411,6.218453e-06,0
257.20215,5.722016e-04,97.411,5.874126e-06,0
257.23267,5.343378e-04,97.410,5.485426e-06,0
257.26318,4.999774e-04,97.410,5.132690e-06,0
257.29370,5.131412e-04,97.410,5.267832e-06,0
257.32422,5.091272e-04,97.410,5.226627e-06,0
257.35474,5.072524e-04,97.410,5.207384e-06,0
257.38525,5.484956e-04,97.410,5.630784e-06,0
257.41577,4.100545e-04,97.410,4.209568e-06,0
257.44629,3.944289e-04,97.410,4.049160e-06,0
257.47681,5.274980e-04,97.410,5.415236e-06,0
257.50732,6.664901e-04,97.410,6.842117e-06,0
257.53784,6.277680e-04,97.410,6.444604e-06,0
257.56836,6.244920e-04,97.410,6.410976e-06,0
257.59888,4.978789e-04,97.410,5.111182e-06,0
257.62939,4.189756e-04,97.410,4.301169e-06,0
257.65991,4.646092e-04,97.410,4.769643e-06,0
257.69043,4.837493e-04,97.410,4.966137e-06,0
257.72095,4.081411e-04,97.410,4.189951e-06,0
257.75146,4.552193e-04,97.409,4.673256e-06,0
257.78198,5.397346e-04,97.409,5.540888e-06,0
257.81250,6.288270e-04,97.409,6.455510e-06,0
257.84302,5.266910e-04,97.409,5.406990e-06,0
257.87354,5.922688e-04,97.409,6.080212e-06,0
257.90405,4.921353e-04,97.409,5.052248e-06,0
257.93457,6.192109e-04,97.409,6.356807e-06,0
257.96509,5.546709e-04,97.409,5.694243e-06,0
257.99561,6.092334e-04,97.409,6.254385e-06,0
258.02612,6.472048e-04,97.409,6.644203e-06,0
258.05664,5.296866e-04,97.409,5.437764e-06,0
258.08716,4.266783e-04,97.409,4.380284e-06,0
258.11768,4.930679e-04,97.409,5.061842e-06,0
258.14819,6.135512e-04,97.409,6.298730e-06,0
258.17871,5.923402e-04,97.409,6.080982e-06,0
258.20923,6.074443e-04,97.409,6.236044e-06,0
258.23975,6.702718e-04,97.409,6.881037e-06,0
258.27026,6.325344e-04,97.408,6.493627e-06,0
258.30078,5.628968e-04,97.408,5.778728e-06,0
258.33130,5.016500e-04,97.408,5.149968e-06,0
258.36182,6.016818e-04,97.408,6.176905e-06,0
258.39233,4.989335e-04,97.408,5.122087e-06,0
258.42285,4.517232e-04,97.408,4.637425e-06,0
258.45337,3.855433e-04,97.408,3.958020e-06,0
258.48389,4.012709e-04,97.408,4.119483e-06,0
258.51440,4.850715e-04,97.408,4.979790e-06,0
258.54492,5.719708e-04,97.408,5.871910e-06,0
258.57544,6.393690e-04,97.408,6.563831e-06,0
258.60596,6.548094e-04,97.408,6.722348e-06,0
258.63647,4.861679e-04,97.408,4.991058e-06,0
258.66699,5.271344e-04,97.408,5.411628e-06,0
258.69751,5.534273e-04,97.408,5.681557e-06,0
258.72803,5.073153e-04,97.408,5.208169e-06,0
258.75854,4.928723e-04,97.408,5.059898e-06,0
258.78906,4.443958e-04,97.408,4.562234e-06,0
258.81958,3.293744e-04,97.407,3.381409e-06,0
258.85010,4.773744e-04,97.407,4.900803e-06,0
258.88062,6.100453e-04,97.407,6.262827e-06,0
258.91113,4.513025e-04,97.407,4.633149e-06,0
258.94165,4.807435e-04,97.407,4.935400e-06,0
258.97217,4.094131e-04,97.407,4.203111e-06,0
259.00269,6.981665e-04,97.407,7.167512e-06,0
259.03320,6.990487e-04,97.407,7.176572e-06,0
259.06372,5.214232e-04,97.407,5.353037e-06,0
259.09424,4.303132e-04,97.407,4.417686e-06,0
259.12476,4.791338e-04,97.407,4.918891e-06,0
259.15527,5.401679e-04,97.407,5.545484e-06,0
259.18579,5.005634e-04,97.407,5.138898e-06,0
259.21631,5.681591e-04,97.407,5.832854e-06,0
259.24683,5.807637e-04,97.407,5.962259e-06,0
259.27734,6.011714e-04,97.407,6.171773e-06,0
259.30786,5.500869e-04,97.407,5.647331e-06,0
259.33838,4.746767e-04,97.406,4.873154e-06,0
259.36890,4.916810e-04,97.406,5.047728e-06,0
259.39941,4.243959e-04,97.406,4.356963e-06,0
259.42993,3.810342e-04,97.406,3.911802e-06,0
259.46045,4.350738e-04,97.406,4.466591e-06,0
259.49097,3.943656e-04,97.406,4.048671e-06,0
259.52148,5.523150e-04,97.406,5.670229e-06,0
259.55200,5.604735e-04,97.406,5.753989e-06,0
259.58252,6.168744e-04,97.406,6.333022e-06,0
259.61304,5.172263e-04,97.406,5.310007e-06,0
259.64355,5.236095e-04,97.406,5.375542e-06,0
259.67407,5.671416e-04,97.406,5.822460e-06,0
259.70459,8.011861e-04,97.406,8.225242e-06,0
259.73511,7.996482e-04,97.406,8.209458e-06,0
259.76562,5.982453e-04,97.406,6.141791e-06,0
259.79614,5.878379e-04,97.406,6.034949e-06,0
259.82666,5.239944e-04,97.406,5.379512e-06,0
259.85718,7.506727e-04,97.405,7.706677e-06,0
259.88770,9.588054e-04,97.405,9.843449e-06,0
259.91821,6.048085e-04,97.405,6.209190e-06,0
259.94873,5.245139e-04,97.405,5.384858e-06,0
259.97925,5.446685e-04,97.405,5.591777e-06,0
260.00977,5.336568e-04,97.405,5.478729e-06,0
260.04028,7.457279e-04,97.405,7.655939e-06,0
260.07080,5.097831e-04,97.405,5.233639e-06,0
260.10132,3.023055e-04,97.405,3.103592e-06,0
260.13184,4.796788e-04,97.405,4.924582e-06,0
260.16235,6.017562e-04,97.405,6.177882e-06,0
260.19287,5.818895e-04,97.405,5.973927e-06,0
260.22339,6.631816e-04,97.405,6.808510e-06,0
260.25391,5.478922e-04,97.405,5.624902e-06,0
260.28442,4.586320e-04,97.405,4.708521e-06,0
260.31494,4.991199e-04,97.405,5.124190e-06,0
260.34546,5.653676e-04,97.405,5.804322e-06,0
260.37598,6.355814e-04,97.405,6.525174e-06,0
260.40649,5.349528e-04,97.404,5.492076e-06,0
260.43701,4.511688e-04,97.404,4.631913e-06,0
260.46753,6.098691e-04,97.404,6.261210e-06,0
260.49805,6.638458e-04,97.404,6.815364e-06,0
260.52856,5.184832e-04,97.404,5.323004e-06,0
260.55908,4.980641e-04,97.404,5.113375e-06,0
260.58960,6.351450e-04,97.404,6.520720e-06,0
260.62012,6.479874e-04,97.404,6.652570e-06,0
260.65063,4.768928e-04,97.404,4.896028e-06,0
260.68115,5.511882e-04,97.404,5.658787e-06,0
260.71167,6.665886e-04,97.404,6.843552e-06,0
260.74219,6.530539e-04,97.404,6.704601e-06,0
260.77271,3.876802e-04,97.404,3.980135e-06,0
260.80322,5.584872e-04,97.404,5.733736e-06,0
260.83374,5.520542e-04,97.404,5.667694e-06,0
260.86426,5.370125e-04,97.404,5.513271e-06,0
260.89478,5.151164e-04,97.404,5.288476e-06,0
260.92529,5.379980e-04,97.403,5.523395e-06,0
260.95581,4.725911e-04,97.403,4.851894e-06,0
260.98633,3.264444e-04,97.403,3.351469e-06,0
261.01685,4.663823e-04,97.403,4.788156e-06,0
261.04736,5.516317e-04,97.403,5.663380e-06,0
261.07788,5.507455e-04,97.403,5.654285e-06,0
261.10840,5.368060e-04,97.403,5.511177e-06,0
261.13892,5.644136e-04,97.403,5.794617e-06,0
261.16943,4.645921e-04,97.403,4.769790e-06,0
261.19995,4.834218e-04,97.403,4.963111e-06,0
261.23047,5.787055e-04,97.403,5.941357e-06,0
261.26099,5.115358e-04,97.403,5.251753e-06,0
261.29150,4.392255e-04,97.403,4.509372e-06,0
261.32202,3.993479e-04,97.403,4.099965e-06,0
261.35254,5.177766e-04,97.403,5.315834e-06,0
261.38306,6.433251e-04,97.403,6.604802e-06,0
261.41357,6.198083e-04,97.403,6.363367e-06,0
261.44409,4.861787e-04,97.403,4.991438e-06,0
261.47461,4.586604e-04,97.402,4.708919e-06,0
261.50513,3.951808e-04,97.402,4.057197e-06,0
261.53564,5.991101e-04,97.402,6.150879e-06,0
261.56616,5.438292e-04,97.402,5.583330e-06,0
261.59668,4.802304e-04,97.402,4.930383e-06,0
261.62720,5.972296e-04,97.402,6.131583e-06,0
261.65771,5.561495e-04,97.402,5.709829e-06,0
261.68823,5.654884e-04,97.402,5.805712e-06,0
261.71875,4.365016e-04,97.402,4.481443e-06,0
261.74927,5.209781e-04,97.402,5.348744e-06,0
261.77979,5.498093e-04,97.402,5.644749e-06,0
261.81030,6.123138e-04,97.402,6.286470e-06,0
261.84082,7.219201e-04,97.402,7.411775e-06,0
261.87134,6.420891e-04,97.402,6.592174e-06,0
261.90186,8.581161e-04,97.402,8.810076e-06,0
261.93237,9.128020e-04,97.402,9.371528e-06,0
261.96289,6.840835e-04,97.402,7.023332e-06,0
261.99341,5.083835e-04,97.402,5.219462e-06,0
262.02393,8.037621e-04,97.401,8.252056e-06,0
262.05444,1.206432e-03,97.401,1.238619e-05,0
262.08496,1.249010e-03,97.401,1.282333e-05,0
262.11548,2.222078e-03,97.401,2.281364e-05,0
262.14600,2.427322e-03,97.401,2.492086e-05,0
262.17651,1.817999e-03,97.401,1.866506e-05,0
262.20703,8.312716e-04,97.401,8.534519e-06,0
262.23755,5.765011e-04,97.401,5.918839e-06,0
262.26807,6.202683e-04,97.401,6.368193e-06,0
262.29858,5.737702e-04,97.401,5.890808e-06,0
262.32910,5.852047e-04,97.401,6.008208e-06,0
262.35962,4.042852e-04,97.401,4.150737e-06,0
262.39014,5.659449e-04,97.401,5.810477e-06,0
262.42065,5.635156e-04,97.401,5.785539e-06,0
262.45117,5.153088e-04,97.401,5.290610e-06,0
262.48169,4.177909e-04,97.401,4.289409e-06,0
262.51221,4.445411e-04,97.401,4.564052e-06,0
262.54272,5.675652e-04,97.400,5.827129e-06,0
262.57324,5.735423e-04,97.400,5.888499e-06,0
262.60376,5.178865e-04,97.400,5.317090e-06,0
262.63428,4.800014e-04,97.400,4.928130e-06,0
262.66479,6.354541e-04,97.400,6.524152e-06,0
262.69531,6.572988e-04,97.400,6.748434e-06,0
262.72583,4.664919e-04,97.400,4.789437e-06,0
262.75635,4.781140e-04,97.400,4.908764e-06,0
262.78687,5.272191e-04,97.400,5.412925e-06,0
262.81738,6.309500e-04,97.400,6.477928e-06,0
262.84790,6.002197e-04,97.400,6.162425e-06,0
262.87842,5.384287e-04,97.400,5.528024e-06,0
262.90894,4.298283e-04,97.400,4.413031e-06,0
262.93945,4.336004e-04,97.400,4.451762e-06,0
262.96997,4.910120e-04,97.400,5.041208e-06,0
263.00049,4.824545e-04,97.400,4.953350e-06,0
263.03101,6.003904e-04,97.400,6.164199e-06,0
263.06152,7.463653e-04,97.400,7.662926e-06,0
263.09204,6.725879e-04,97.399,6.905458e-06,0
263.12256,4.985404e-04,97.399,5.118515e-06,0
263.15308,4.639584e-04,97.399,4.763466e-06,0
263.18359,5.985144e-04,97.399,6.144957e-06,0
263.21411,5.743846e-04,97.399,5.897219e-06,0
263.24463,5.383649e-04,97.399,5.527407e-06,0
263.27515,4.476473e-04,97.399,4.596010e-06,0
263.30566,6.062546e-04,97.399,6.224439e-06,0
263.33618,6.053704e-04,97.399,6.215365e-06,0
263.36670,4.905840e-04,97.399,5.036851e-06,0
263.39722,3.129685e-04,97.399,3.213265e-06,0
263.42773,3.562742e-04,97.399,3.657890e-06,0
263.45825,4.349808e-04,97.399,4.465978e-06,0
263.48877,4.566743e-04,97.399,4.688709e-06,0
263.51929,5.826085e-04,97.399,5.981688e-06,0
263.54980,5.995102e-04,97.399,6.155223e-06,0
263.58032,5.841346e-04,97.399,5.997364e-06,0
263.61084,5.226464e-04,97.399,5.366062e-06,0
263.64136,4.653219e-04,97.398,4.777509e-06,0
263.67188,5.211659e-04,97.398,5.350868e-06,0
263.70239,4.029997e-04,97.398,4.137644e-06,0
263.73291,5.599505e-04,97.398,5.749080e-06,0
263.76343,4.621307e-04,97.398,4.744755e-06,0
263.79395,3.532657e-04,97.398,3.627026e-06,0
263.82446,4.523156e-04,97.398,4.643988e-06,0
263.85498,5.569162e-04,97.398,5.717940e-06,0
263.88550,6.176874e-04,97.398,6.341890e-06,0
263.91602,5.804794e-04,97.398,5.959873e-06,0
263.94653,5.284734e-04,97.398,5.425923e-06,0
263.97705,5.429533e-04,97.398,5.574594e-06,0
264.00757,4.829715e-04,97.398,4.958753e-06,0
264.03809,3.788888e-04,97.398,3.890120e-06,0
264.06860,3.703521e-04,97.398,3.802474e-06,0
264.09912,4.544329e-04,97.398,4.665750e-06,0
264.12964,4.678622e-04,97.398,4.803635e-06,0
264.16016,4.815435e-04,97.397,4.944106e-06,0
264.19067,5.463325e-04,97.397,5.609312e-06,0
264.22119,4.912131e-04,97.397,5.043392e-06,0
264.25171,4.668149e-04,97.397,4.792893e-06,0
264.28223,5.125829e-04,97.397,5.262806e-06,0
264.31274,5.901281e-04,97.397,6.058984e-06,0
264.34326,5.213659e-04,97.397,5.352989e-06,0
264.37378,4.986508e-04,97.397,5.119771e-06,0
264.40430,4.673478e-04,97.397,4.798378e-06,0
264.43481,5.199074e-04,97.397,5.338024e-06,0
264.46533,5.819053e-04,97.397,5.974576e-06,0
264.49585,6.241534e-04,97.397,6.408352e-06,0
264.52637,6.476666e-04,97.397,6.649773e-06,0
264.55688,5.678045e-04,97.397,5.829809e-06,0
264.58740,4.964477e-04,97.397,5.097172e-06,0
264.61792,5.034912e-04,97.397,5.169492e-06,0
264.64844,5.689211e-04,97.397,5.841284e-06,0
264.67896,6.306078e-04,97.397,6.474643e-06,0
264.70947,5.668938e-04,97.396,5.820476e-06,0
264.73999,5.958774e-04,97.396,6.118063e-06,0
264.77051,6.768778e-04,97.396,6.949724e-06,0
264.80103,5.500567e-04,97.396,5.647614e-06,0
264.83154,5.767398e-04,97.396,5.921581e-06,0
264.86206,6.546763e-04,97.396,6.721785e-06,0
264.89258,6.133632e-04,97.396,6.297613e-06,0
264.92310,6.174762e-04,97.396,6.339846e-06,0
264.95361,6.392844e-04,97.396,6.563763e-06,0
264.98413,7.057953e-04,97.396,7.246658e-06,0
265.01465,4.304275e-04,97.396,4.419359e-06,0
265.04517,4.148861e-04,97.396,4.259793e-06,0
265.07568,5.347673e-04,97.396,5.490661e-06,0
265.10620,4.230970e-04,97.396,4.344101e-06,0
265.13672,4.238953e-04,97.396,4.352300e-06,0
265.16724,6.360835e-04,97.396,6.530924e-06,0
265.19775,6.187611e-04,97.396,6.353072e-06,0
265.22827,6.071884e-04,97.396,6.234254e-06,0
265.25879,6.099210e-04,97.395,6.262314e-06,0
265.28931,5.828448e-04,97.395,5.984315e-06,0
265.31982,4.858839e-04,97.395,4.988780e-06,0
265.35034,5.997277e-04,97.395,6.157666e-06,0
265.38086,6.151985e-04,97.395,6.316515e-06,0
265.41138,6.460398e-04,97.395,6.633180e-06,0
265.44189,7.867892e-04,97.395,8.078322e-06,0
265.47241,6.971213e-04,97.395,7.157665e-06,0
265.50293,4.079251e-04,97.395,4.188357e-06,0
265.53345,5.370765e-04,97.395,5.514418e-06,0
265.56396,6.711888e-04,97.395,6.891417e-06,0
265.59448,4.995332e-04,97.395,5.128949e-06,0
265.62500,4.601355e-04,97.395,4.724436e-06,0
265.65552,6.014782e-04,97.395,6.175674e-06,0
265.68604,6.354814e-04,97.395,6.524806e-06,0
265.71655,5.572543e-04,97.395,5.721613e-06,0
265.74707,5.283944e-04,97.395,5.425296e-06,0
265.77759,4.490467e-04,97.395,4.610596e-06,0
265.80811,4.368815e-04,97.394,4.485691e-06,0
265.83862,5.205142e-04,97.394,5.344396e-06,0
265.86914,4.745764e-04,97.394,4.872731e-06,0
265.89966,4.967702e-04,97.394,5.100610e-06,0
265.93018,5.096870e-04,97.394,5.233236e-06,0
265.96069,5.612533e-04,97.394,5.762699e-06,0
265.99121,5.834492e-04,97.394,5.990600e-06,0
266.02173,6.576206e-04,97.394,6.752164e-06,0
266.05225,6.432301e-04,97.394,6.604411e-06,0
266.08276,4.389758e-04,97.394,4.507218e-06,0
266.11328,4.217092e-04,97.394,4.329935e-06,0
266.14380,5.821248e-04,97.394,5.977019e-06,0
266.17432,4.387206e-04,97.394,4.504606e-06,0
266.20483,5.099934e-04,97.394,5.236409e-06,0
266.23535,5.765770e-04,97.394,5.920066e-06,0
266.26587,4.717282e-04,97.394,4.843523e-06,0
266.29639,4.700962e-04,97.394,4.826769e-06,0
266.32690,4.654176e-04,97.394,4.778734e-06,0
266.35742,3.311164e-04,97.393,3.399782e-06,0
266.38794,6.144729e-04,97.393,6.309185e-06,0
266.41846,6.824474e-04,97.393,7.007127e-06,0
266.44897,6.530894e-04,97.393,6.705693e-06,0
266.47949,5.265067e-04,97.393,5.405989e-06,0
266.51001,5.307730e-04,97.393,5.449797e-06,0
266.54053,4.269858e-04,97.393,4.384148e-06,0
266.57104,4.296832e-04,97.393,4.411846e-06,0
266.60156,4.981608e-04,97.393,5.114955e-06,0
266.63208,5.012411e-04,97.393,5.146586e-06,0
266.66260,5.301624e-04,97.393,5.443543e-06,0
266.69312,5.357283e-04,97.393,5.500696e-06,0
266.72363,5.070192e-04,97.393,5.205922e-06,0
266.75415,5.623313e-04,97.393,5.773854e-06,0
266.78467,5.511537e-04,97.393,5.659088e-06,0
266.81519,6.900155e-04,97.393,7.084886e-06,0
266.84570,8.923065e-04,97.393,9.161959e-06,0
266.87622,6.529400e-04,97.392,6.704212e-06,0
266.90674,4.975931e-04,97.392,5.109155e-06,0
266.93726,4.823075e-04,97.392,4.952209e-06,0
266.96777,3.810568e-04,97.392,3.912595e-06,0
266.99829,4.722136e-04,97.392,4.848573e-06,0
267.02881,5.509424e-04,97.392,5.656945e-06,0
267.05933,5.490618e-04,97.392,5.637639e-06,0
267.08984,5.045176e-04,97.392,5.180272e-06,0
267.12036,4.769690e-04,97.392,4.897412e-06,0
267.15088,4.446036e-04,97.392,4.565094e-06,0
267.18140,3.774971e-04,97.392,3.876061e-06,0
267.21191,4.051152e-04,97.392,4.159640e-06,0
267.24243,4.062679e-04,97.392,4.171479e-06,0
267.27295,5.902248e-04,97.392,6.060315e-06,0
267.30347,6.238120e-04,97.392,6.405186e-06,0
267.33398,4.878806e-04,97.392,5.009470e-06,0
267.36450,4.111012e-04,97.392,4.221115e-06,0
267.39502,4.375129e-04,97.392,4.492308e-06,0
267.42554,5.082820e-04,97.391,5.218957e-06,0
267.45605,5.486028e-04,97.391,5.632968e-06,0
267.48657,5.442441e-04,97.391,5.588216e-06,0
267.51709,5.680302e-04,97.391,5.832452e-06,0
267.54761,6.017696e-04,97.391,6.178887e-06,0
267.57812,5.841848e-04,97.391,5.998332e-06,0
267.60864,5.134475e-04,97.391,5.272013e-06,0
267.63916,5.553209e-04,97.391,5.701968e-06,0
267.66968,7.607811e-04,97.391,7.811612e-06,0
267.70020,6.457756e-04,97.391,6.630753e-06,0
267.73071,5.583769e-04,97.391,5.733356e-06,0
267.76123,6.043744e-04,97.391,6.205657e-06,0
267.79175,5.569371e-04,97.391,5.718579e-06,0
267.82227,4.580619e-04,97.391,4.703340e-06,0
267.85278,4.166175e-04,97.391,4.277795e-06,0
267.88330,4.354681e-04,97.391,4.471354e-06,0
267.91382,5.429216e-04,97.391,5.574681e-06,0
267.94434,5.445179e-04,97.391,5.591076e-06,0
267.97485,6.738116e-04,97.390,6.918659e-06,0
268.00537,6.744694e-04,97.390,6.925417e-06,0
268.03589,6.232834e-04,97.390,6.399845e-06,0
268.06641,5.693674e-04,97.390,5.846242e-06,0
268.09692,4.434870e-04,97.390,4.553710e-06,0
268.12744,4.622309e-04,97.390,4.746174e-06,0
268.15796,5.101074e-04,97.390,5.237771e-06,0
268.18848,5.126699e-04,97.390,5.264087e-06,0
268.21899,4.846989e-04,97.390,4.976883e-06,0
268.24951,5.658118e-04,97.390,5.809753e-06,0
268.28003,5.882490e-04,97.390,6.040141e-06,0
268.31055,7.693688e-04,97.390,7.899885e-06,0
268.34106,5.765426e-04,97.390,5.919947e-06,0
268.37158,3.949695e-04,97.390,4.055554e-06,0
268.40210,5.013218e-04,97.390,5.147585e-06,0
268.43262,5.040366e-04,97.390,5.175463e-06,0
268.46313,5.494599e-04,97.390,5.641874e-06,0
268.49365,7.238744e-04,97.390,7.432773e-06,0
268.52417,7.195330e-04,97.389,7.388200e-06,0
268.55469,4.877859e-04,97.389,5.008612e-06,0
268.58521,3.757073e-04,97.389,3.857784e-06,0
268.61572,5.084325e-04,97.389,5.220618e-06,0
268.64624,5.821179e-04,97.389,5.977228e-06,0
268.67676,6.322092e-04,97.389,6.491573e-06,0
268.70728,6.481518e-04,97.389,6.655277e-06,0
268.73779,5.621752e-04,97.389,5.772465e-06,0
268.76831,4.108867e-04,97.389,4.219024e-06,0
268.79883,4.218770e-04,97.389,4.331875e-06,0
268.82935,5.421360e-04,97.389,5.566710e-06,0
268.85986,5.668706e-04,97.389,5.820691e-06,0
268.89038,4.696854e-04,97.389,4.822785e-06,0
268.92090,5.226110e-04,97.389,5.366234e-06,0
268.95142,5.623522e-04,97.389,5.774305e-06,0
268.98193,4.201497e-04,97.389,4.314154e-06,0
269.01245,5.481004e-04,97.389,5.627973e-06,0
269.04297,6.643627e-04,97.389,6.821774e-06,0
269.07349,6.889115e-04,97.388,7.073849e-06,0
269.10400,7.348459e-04,97.388,7.545515e-06,0
269.13452,5.979298e-04,97.388,6.139642e-06,0
269.16504,3.996063e-04,97.388,4.103226e-06,0
269.19556,4.771509e-04,97.388,4.899470e-06,0
269.22607,5.225784e-04,97.388,5.365930e-06,0
269.25659,5.865517e-04,97.388,6.022824e-06,0
269.28711,4.806481e-04,97.388,4.935388e-06,0
269.31763,4.584260e-04,97.388,4.707209e-06,0
269.34814,6.375413e-04,97.388,6.546405e-06,0
269.37866,7.322133e-04,97.388,7.518521e-06,0
269.40918,5.064877e-04,97.388,5.200726e-06,0
269.43970,6.422888e-04,97.388,6.595165e-06,0
269.47021,7.032100e-04,97.388,7.220721e-06,0
269.50073,5.189561e-04,97.388,5.328763e-06,0
269.53125,4.187688e-04,97.388,4.300019e-06,0
269.56177,6.084790e-04,97.388,6.248013e-06,0
269.59229,7.168983e-04,97.388,7.361292e-06,0
269.62280,5.685690e-04,97.388,5.838213e-06,0
269.65332,6.349090e-04,97.387,6.519413e-06,0
269.68384,6.289192e-04,97.387,6.457912e-06,0
269.71436,4.468934e-04,97.387,4.588825e-06,0
269.74487,5.568678e-04,97.387,5.718075e-06,0
269.77539,5.987629e-04,97.387,6.148269e-06,0
269.80591,4.413586e-04,97.387,4.531999e-06,0
269.83643,5.785970e-04,97.387,5.941207e-06,0
269.86694,8.349523e-04,97.387,8.573545e-06,0
269.89746,8.763119e-04,97.387,8.998242e-06,0
269.92798,6.611493e-04,97.387,6.788890e-06,0
269.95850,5.737762e-04,97.387,5.891719e-06,0
269.98901,5.592512e-04,97.387,5.742575e-06,0
270.01953,4.781306e-04,97.387,4.909605e-06,0
270.05005,3.233308e-04,97.387,3.320071e-06,0
270.08057,4.158041e-04,97.387,4.269620e-06,0
270.11108,4.473022e-04,97.387,4.593056e-06,0
270.14160,4.474439e-04,97.387,4.594514e-06,0
270.17212,4.755702e-04,97.387,4.883327e-06,0
270.20264,6.068842e-04,97.386,6.231711e-06,0
270.23315,5.882455e-04,97.386,6.040325e-06,0
270.26367,5.869513e-04,97.386,6.027039e-06,0
270.29419,7.034295e-04,97.386,7.223086e-06,0
270.32471,7.864157e-04,97.386,8.075224e-06,0
270.35522,6.166800e-04,97.386,6.332316e-06,0
270.38574,5.307672e-04,97.386,5.450132e-06,0
270.41626,6.718462e-04,97.386,6.898791e-06,0
270.44678,6.395681e-04,97.386,6.567350e-06,0
270.47729,6.250007e-04,97.386,6.417770e-06,0
270.50781,1.012217e-03,97.386,1.039387e-05,0
270.53833,7.693080e-04,97.386,7.899587e-06,0
270.56885,5.734764e-04,97.386,5.888707e-06,0
270.59937,7.837134e-04,97.386,8.047517e-06,0
270.62988,5.336595e-04,97.386,5.479856e-06,0
270.66040,5.684248e-04,97.386,5.836844e-06,0
270.69092,6.544684e-04,97.386,6.720383e-06,0
270.72144,8.869396e-04,97.386,9.107510e-06,0
270.75195,9.185267e-04,97.385,9.431866e-06,0
270.78247,7.383201e-04,97.385,7.581424e-06,0
270.81299,7.127096e-04,97.385,7.318447e-06,0
270.84351,7.162444e-04,97.385,7.354749e-06,0
270.87402,5.265386e-04,97.385,5.406759e-06,0
270.90454,5.876016e-04,97.385,6.033788e-06,0
270.93506,8.394754e-04,97.385,8.620159e-06,0
270.96558,6.951020e-04,97.385,7.137664e-06,0
270.99609,5.475153e-04,97.385,5.622172e-06,0
271.02661,7.164388e-04,97.385,7.356770e-06,0
271.05713,7.617983e-04,97.385,7.822549e-06,0
271.08765,5.111116e-04,97.385,5.248368e-06,0
271.11816,8.008760e-04,97.385,8.223829e-06,0
271.14868,9.535379e-04,97.385,9.791450e-06,0
271.17920,7.534023e-04,97.385,7.736352e-06,0
271.20972,8.858036e-04,97.385,9.095927e-06,0
271.24023,1.247191e-03,97.385,1.280686e-05,0
271.27075,8.743557e-04,97.385,8.978384e-06,0
271.30127,5.962045e-04,97.384,6.122172e-06,0
271.33179,1.137034e-03,97.384,1.167573e-05,0
271.36230,1.178827e-03,97.384,1.210489e-05,0
271.39282,6.142745e-04,97.384,6.307736e-06,0
271.42334,9.904812e-04,97.384,1.017086e-05,0
271.45386,1.570112e-03,97.384,1.612286e-05,0
271.48438,1.167351e-03,97.384,1.198708e-05,0
271.51489,9.332254e-04,97.384,9.582935e-06,0
271.54541,2.161915e-03,97.384,2.219989e-05,0
271.57593,1.982094e-03,97.384,2.035339e-05,0
271.60645,1.001309e-03,97.384,1.028207e-05,0
271.63696,2.576900e-03,97.384,2.646126e-05,0
271.66748,3.574232e-03,97.384,3.670253e-05,0
271.69800,1.891375e-03,97.384,1.942187e-05,0
271.72852,3.653312e-03,97.384,3.751461e-05,0
271.75903,9.015048e-03,97.384,9.257249e-05,0
271.78955,8.329657e-03,97.384,8.553449e-05,0
271.82007,5.755030e-03,97.384,5.909654e-05,0
271.85059,2.250572e-02,97.383,2.311040e-04,0
271.88110,2.507136e-02,97.383,2.574500e-04,0
271.91162,7.788062e-03,97.383,7.997321e-05,0
271.94214,3.201568e-03,97.383,3.287594e-05,0
271.97266,5.323916e-03,97.383,5.466972e-05,0
272.00317,3.395034e-03,97.383,3.486262e-05,0
272.03369,1.291721e-03,97.383,1.326431e-05,0
272.06421,2.569528e-03,97.383,2.638577e-05,0
272.09473,2.552656e-03,97.383,2.621253e-05,0
272.12524,1.082794e-03,97.383,1.111892e-05,0
272.15576,1.456233e-03,97.383,1.495368e-05,0
272.18628,2.181038e-03,97.383,2.239652e-05,0
272.21680,1.323098e-03,97.383,1.358656e-05,0
272.24731,8.256628e-04,97.383,8.478530e-06,0
272.27783,1.476692e-03,97.383,1.516379e-05,0
272.30835,1.415327e-03,97.383,1.453366e-05,0
272.33887,7.940171e-04,97.383,8.153581e-06,0
272.36938,1.023470e-03,97.383,1.050978e-05,0
272.39990,1.416797e-03,97.383,1.454879e-05,0
272.43042,8.277597e-04,97.382,8.500091e-06,0
272.46094,6.907741e-04,97.382,7.093418e-06,0
272.49146,1.240642e-03,97.382,1.273991e-05,0
272.52197,9.232797e-04,97.382,9.480981e-06,0
272.55249,4.640487e-04,97.382,4.765230e-06,0
272.58301,7.085711e-04,97.382,7.276188e-06,0
272.61353,7.353045e-04,97.382,7.550714e-06,0
272.64404,6.872286e-04,97.382,7.057034e-06,0
272.67456,8.923882e-04,97.382,9.163789e-06,0
272.70508,1.179766e-03,97.382,1.211483e-05,0
272.73560,7.489298e-04,97.382,7.690647e-06,0
272.76611,5.921914e-04,97.382,6.081127e-06,0
272.79663,7.610615e-04,97.382,7.815234e-06,0
272.82715,8.535856e-04,97.382,8.765356e-06,0
272.85767,6.336175e-04,97.382,6.506537e-06,0
272.88818,6.543903e-04,97.382,6.719854e-06,0
272.91870,8.463063e-04,97.382,8.690620e-06,0
272.94922,6.191030e-04,97.382,6.357499e-06,0
272.97974,6.113914e-04,97.381,6.278314e-06,0
273.01025,8.834003e-04,97.381,9.071549e-06,0
273.04077,6.949211e-04,97.381,7.136079e-06,0
273.07129,5.377848e-04,97.381,5.522464e-06,0
273.10181,6.018999e-04,97.381,6.180861e-06,0
273.13232,7.663058e-04,97.381,7.869136e-06,0
273.16284,5.712804e-04,97.381,5.866438e-06,0
273.19336,4.255332e-04,97.381,4.369773e-06,0
273.22388,4.896953e-04,97.381,5.028651e-06,0
273.25439,4.122659e-04,97.381,4.233536e-06,0
273.28491,5.038424e-04,97.381,5.173933e-06,0
273.31543,8.527629e-04,97.381,8.756986e-06,0
273.34595,7.838942e-04,97.381,8.049781e-06,0
273.37646,4.579696e-04,97.381,4.702875e-06,0
273.40698,6.302472e-04,97.381,6.471992e-06,0
273.43750,7.007833e-04,97.381,7.196330e-06,0
273.46802,7.220004e-04,97.381,7.414212e-06,0
273.49854,5.334997e-04,97.381,5.478504e-06,0
273.52905,6.336509e-04,97.380,6.506959e-06,0
273.55957,5.555083e-04,97.380,5.704517e-06,0
273.59009,4.016081e-04,97.380,4.124117e-06,0
273.62061,5.510607e-04,97.380,5.658851e-06,0
273.65112,6.547323e-04,97.380,6.723460e-06,0
273.68164,6.414644e-04,97.380,6.587215e-06,0
273.71216,5.498088e-04,97.380,5.646004e-06,0
273.74268,6.109696e-04,97.380,6.274070e-06,0
273.77319,7.052124e-04,97.380,7.241857e-06,0
273.80371,5.572363e-04,97.380,5.722287e-06,0
273.83423,5.278069e-04,97.380,5.420077e-06,0
273.86475,5.349483e-04,97.380,5.493417e-06,0
273.89526,4.739202e-04,97.380,4.866718e-06,0
273.92578,6.650850e-04,97.380,6.829806e-06,0
273.95630,9.549038e-04,97.380,9.805982e-06,0
273.98682,8.030861e-04,97.380,8.246958e-06,0
274.01733,7.290976e-04,97.380,7.487169e-06,0
274.04785,7.148341e-04,97.380,7.340699e-06,0
274.07837,7.582392e-04,97.380,7.786435e-06,0
274.10889,5.283728e-04,97.379,5.425917e-06,0
274.13940,4.317989e-04,97.379,4.434191e-06,0
274.16992,5.027652e-04,97.379,5.162955e-06,0
274.20044,5.106847e-04,97.379,5.244284e-06,0
274.23096,5.306577e-04,97.379,5.449392e-06,0
274.26147,5.675541e-04,97.379,5.828290e-06,0
274.29199,6.034588e-04,97.379,6.197003e-06,0
274.32251,6.800021e-04,97.379,6.983041e-06,0
274.35303,6.129568e-04,97.379,6.294546e-06,0
274.38354,5.857293e-04,97.378,6.014980e-06,0
274.41406,5.219360e-04,97.377,5.359926e-06,0
274.44458,5.431992e-04,97.376,5.578342e-06,0
274.47510,7.424808e-04,97.375,7.624925e-06,0
274.50562,6.929032e-04,97.375,7.115858e-06,0
274.53613,3.747395e-04,97.374,3.848474e-06,0
274.56665,5.168123e-04,97.373,5.307577e-06,0
274.59717,7.591671e-04,97.372,7.796599e-06,0
274.62769,6.452491e-04,97.371,6.626735e-06,0
274.65820,4.363344e-04,97.370,4.481217e-06,0
274.68872,4.767479e-04,97.369,4.896320e-06,0
274.71924,5.818672e-04,97.368,5.975981e-06,0
274.74976,5.176337e-04,97.367,5.316334e-06,0
274.78027,6.012158e-04,97.366,6.174822e-06,0
274.81079,6.770316e-04,97.365,6.953563e-06,0
274.84131,6.238233e-04,97.364,6.407143e-06,0
274.87183,6.289579e-04,97.363,6.459944e-06,0
274.90234,6.403723e-04,97.362,6.577246e-06,0
274.93286,5.675309e-04,97.361,5.829153e-06,0
274.96338,6.481049e-04,97.360,6.656801e-06,0
274.99390,9.147619e-04,97.359,9.395777e-06,0
275.02441,7.416836e-04,97.358,7.618118e-06,0
275.05493,5.164592e-04,97.357,5.304804e-06,0
275.08545,6.531321e-04,97.356,6.708706e-06,0
275.11597,6.898441e-04,97.355,7.085868e-06,0
275.14648,5.169320e-04,97.354,5.309821e-06,0
275.17700,4.418318e-04,97.353,4.538452e-06,0
275.20752,4.040484e-04,97.352,4.150386e-06,0
275.23804,4.627970e-04,97.351,4.753901e-06,0
275.26855,3.841266e-04,97.350,3.945829e-06,0
275.29907,3.675598e-04,97.349,3.775690e-06,0
275.32959,4.846931e-04,97.348,4.978970e-06,0
275.36011,4.781181e-04,97.347,4.911477e-06,0
275.39062,4.882180e-04,97.346,5.015280e-06,0
275.42114,7.089715e-04,97.345,7.283070e-06,0
275.45166,6.575743e-04,97.344,6.755149e-06,0
275.48218,4.194378e-04,97.343,4.308856e-06,0
275.51270,3.690976e-04,97.342,3.791753e-06,0
275.54321,4.101605e-04,97.341,4.213636e-06,0
275.57373,4.765986e-04,97.340,4.896213e-06,0
275.60425,4.367501e-04,97.339,4.486884e-06,0
275.63477,4.905192e-04,97.338,5.039323e-06,0
275.66528,4.894703e-04,97.337,5.028598e-06,0
275.69580,6.323407e-04,97.336,6.496449e-06,0
275.72632,6.692302e-04,97.335,6.875508e-06,0
275.75684,6.319032e-04,97.334,6.492084e-06,0
275.78735,5.970223e-04,97.333,6.133785e-06,0
275.81787,7.609596e-04,97.332,7.818149e-06,0
275.84839,7.044358e-04,97.331,7.237492e-06,0
275.87891,4.984974e-04,97.331,5.121698e-06,0
275.90942,5.208918e-04,97.330,5.351838e-06,0
275.93994,5.892077e-04,97.329,6.053801e-06,0
275.97046,5.766257e-04,97.328,5.924586e-06,0
276.00098,6.065756e-04,97.327,6.232372e-06,0
276.03149,7.863070e-04,97.326,8.079136e-06,0
276.06201,8.640902e-04,97.325,8.878431e-06,0
276.09253,5.850191e-04,97.324,6.011067e-06,0
276.12305,6.175138e-04,97.323,6.345012e-06,0
276.15356,6.093436e-04,97.322,6.261126e-06,0
276.18408,4.859327e-04,97.321,4.993105e-06,0
276.21460,5.054590e-04,97.320,5.193795e-06,0
276.24512,5.587562e-04,97.319,5.741502e-06,0
276.27563,5.407184e-04,97.318,5.556211e-06,0
276.30615,5.253544e-04,97.317,5.398390e-06,0
276.33667,6.180180e-04,97.316,6.350638e-06,0
276.36719,5.022779e-04,97.315,5.161366e-06,0
276.39771,6.296424e-04,97.314,6.470217e-06,0
276.42822,4.936823e-04,97.313,5.073140e-06,0
276.45874,5.724166e-04,97.312,5.882282e-06,0
276.48926,7.062814e-04,97.311,7.257979e-06,0
276.51978,5.794109e-04,97.310,5.954275e-06,0
276.55029,4.944656e-04,97.309,5.081393e-06,0
276.58081,4.735499e-04,97.308,4.866500e-06,0
276.61133,5.205900e-04,97.307,5.349967e-06,0
276.64185,5.278858e-04,97.306,5.424998e-06,0
276.67236,7.354439e-04,97.305,7.558115e-06,0
276.70288,7.146182e-04,97.304,7.344165e-06,0
276.73340,5.490512e-04,97.303,5.642681e-06,0
276.76392,4.659476e-04,97.302,4.788661e-06,0
276.79443,4.202955e-04,97.301,4.319526e-06,0
276.82495,3.577060e-04,97.300,3.676308e-06,0
276.85547,3.679723e-04,97.299,3.781857e-06,0
276.88599,5.017018e-04,97.298,5.156322e-06,0
276.91650,4.153292e-04,97.297,4.268656e-06,0
276.94702,4.577939e-04,97.296,4.705145e-06,0
276.97754,5.355745e-04,97.295,5.504618e-06,0
277.00806,4.367087e-04,97.295,4.488524e-06,0
277.03857,5.765593e-04,97.294,5.925977e-06,0
277.06909,6.553421e-04,97.293,6.735788e-06,0
277.09961,5.983942e-04,97.292,6.150523e-06,0
277.13013,5.593604e-04,97.291,5.749376e-06,0
277.16064,6.274757e-04,97.290,6.449562e-06,0
277.19116,6.004822e-04,97.289,6.172170e-06,0
277.22168,5.266974e-04,97.288,5.413812e-06,0
277.25220,4.502077e-04,97.287,4.627636e-06,0
277.28271,4.660543e-04,97.286,4.790570e-06,0
277.31323,5.370355e-04,97.285,5.520240e-06,0
277.34375,5.171864e-04,97.284,5.316263e-06,0
277.37427,4.639682e-04,97.283,4.769270e-06,0
277.40479,5.391158e-04,97.282,5.541790e-06,0
277.43530,4.149615e-04,97.281,4.265600e-06,0
277.46582,4.599325e-04,97.280,4.727927e-06,0
277.49634,5.143146e-04,97.279,5.287006e-06,0
277.52686,5.355286e-04,97.278,5.505134e-06,0
277.55737,4.580779e-04,97.277,4.709003e-06,0
277.58789,5.870136e-04,97.276,6.034512e-06,0
277.61841,3.747507e-04,97.275,3.852483e-06,0
277.64893,3.447196e-04,97.274,3.543795e-06,0
277.67944,4.105091e-04,97.273,4.220168e-06,0
277.70996,4.474618e-04,97.272,4.600100e-06,0
277.74048,4.501694e-04,97.271,4.627981e-06,0
277.77100,5.542905e-04,97.270,5.698458e-06,0
277.80151,4.821584e-04,97.269,4.956944e-06,0
277.83203,4.708534e-04,97.268,4.840768e-06,0
277.86255,5.650506e-04,97.267,5.809251e-06,0
277.89307,6.167552e-04,97.266,6.340886e-06,0
277.92358,5.751970e-04,97.265,5.913683e-06,0
277.95410,5.253324e-04,97.264,5.401073e-06,0
277.98462,4.284272e-04,97.263,4.404810e-06,0
278.01514,3.711003e-04,97.263,3.815450e-06,0
278.04565,4.430772e-04,97.262,4.555522e-06,0
278.07617,5.171747e-04,97.261,5.317412e-06,0
278.10669,5.363333e-04,97.260,5.514450e-06,0
278.13721,4.829765e-04,97.259,4.965897e-06,0
278.16772,3.881650e-04,97.258,3.991098e-06,0
278.19824,6.484795e-04,97.257,6.667708e-06,0
278.22876,8.183984e-04,97.256,8.414909e-06,0
278.25928,7.655123e-04,97.255,7.871204e-06,0
278.28979,6.318444e-04,97.254,6.496859e-06,0
278.32031,4.837464e-04,97.253,4.974109e-06,0
278.35083,5.573202e-04,97.252,5.730687e-06,0
278.38135,5.405192e-04,97.251,5.557985e-06,0
278.41187,5.435116e-04,97.250,5.588810e-06,0
278.44238,3.804168e-04,97.249,3.911781e-06,0
278.47290,3.554446e-04,97.248,3.655031e-06,0
278.50342,4.321772e-04,97.247,4.444115e-06,0
278.53394,3.912382e-04,97.246,4.023175e-06,0
278.56445,4.464512e-04,97.245,4.590987e-06,0
278.59497,5.239571e-04,97.244,5.388056e-06,0
278.62549,5.898739e-04,97.243,6.065964e-06,0
278.65601,5.197898e-04,97.242,5.345309e-06,0
278.68652,4.916361e-04,97.241,5.055837e-06,0
278.71704,4.237619e-04,97.240,4.357883e-06,0
278.74756,4.705749e-04,97.239,4.839346e-06,0
278.77808,5.458337e-04,97.238,5.613356e-06,0
278.80859,5.900141e-04,97.237,6.067767e-06,0
278.83911,4.205513e-04,97.236,4.325037e-06,0
278.86963,5.594009e-04,97.235,5.753053e-06,0
278.90015,6.012671e-04,97.235,6.183679e-06,0
278.93066,5.130160e-04,97.234,5.276120e-06,0
278.96118,5.463928e-04,97.233,5.619440e-06,0
278.99170,5.568283e-04,97.232,5.726822e-06,0
279.02222,6.449149e-04,97.231,6.632833e-06,0
279.05273,6.706096e-04,97.230,6.897167e-06,0
279.08325,5.601432e-04,97.229,5.761086e-06,0
279.11377,4.510744e-04,97.228,4.639356e-06,0
279.14429,5.500279e-04,97.227,5.657161e-06,0
279.17480,6.213550e-04,97.226,6.390841e-06,0
279.20532,5.927032e-04,97.225,6.096207e-06,0
279.23584,5.726124e-04,97.224,5.889624e-06,0
279.26636,6.398496e-04,97.223,6.581259e-06,0
279.29688,5.715438e-04,97.222,5.878748e-06,0
279.32739,6.363016e-04,97.221,6.544895e-06,0
279.35791,6.172798e-04,97.220,6.349303e-06,0
279.38843,5.674963e-04,97.219,5.837290e-06,0
279.41895,4.903025e-04,97.218,5.043322e-06,0
279.44946,4.799331e-04,97.217,4.936709e-06,0
279.47998,5.249135e-04,97.216,5.399442e-06,0
279.51050,5.218522e-04,97.215,5.368006e-06,0
279.54102,5.528276e-04,97.214,5.686689e-06,0
279.57153,5.721698e-04,97.213,5.885712e-06,0
279.60205,5.058960e-04,97.212,5.204027e-06,0
279.63257,4.245068e-04,97.211,4.366839e-06,0
279.66309,5.429808e-04,97.210,5.585620e-06,0
279.69360,5.139961e-04,97.210,5.287508e-06,0
279.72412,5.008171e-04,97.209,5.151986e-06,0
279.75464,3.685955e-04,97.208,3.791839e-06,0
279.78516,4.422492e-04,97.207,4.549578e-06,0
279.81567,5.411537e-04,97.206,5.567100e-06,0
279.84619,4.695656e-04,97.205,4.830688e-06,0
279.87671,4.589806e-04,97.204,4.721840e-06,0
279.90723,5.841212e-04,97.203,6.009304e-06,0
279.93774,5.414396e-04,97.202,5.570261e-06,0
279.96826,3.708678e-04,97.201,3.815478e-06,0
279.99878,5.112150e-04,97.200,5.259418e-06,0
280.02930,4.725249e-04,97.199,4.861419e-06,0
280.05981,6.495046e-04,97.198,6.682284e-06,0
280.09033,8.216077e-04,97.197,8.453012e-06,0
280.12085,8.669472e-04,97.196,8.919569e-06,0
280.15137,5.160558e-04,97.195,5.309483e-06,0
280.18188,4.633852e-04,97.194,4.767623e-06,0
280.21240,7.171425e-04,97.193,7.378525e-06,0
280.24292,5.406831e-04,97.192,5.563027e-06,0
280.27344,5.956921e-04,97.191,6.129069e-06,0
280.30396,5.048522e-04,97.190,5.194470e-06,0
280.33447,5.380549e-04,97.189,5.536150e-06,0
280.36499,6.742434e-04,97.188,6.937487e-06,0
280.39551,6.367436e-04,97.187,6.551706e-06,0
280.42603,4.829570e-04,97.186,4.969384e-06,0
280.45654,4.968161e-04,97.186,5.112037e-06,0
280.48706,5.489187e-04,97.185,5.648208e-06,0
280.51758,4.528484e-04,97.184,4.659720e-06,0
280.54810,5.256341e-04,97.183,5.408723e-06,0
280.57861,5.858415e-04,97.182,6.028311e-06,0
280.60913,5.405154e-04,97.181,5.561960e-06,0
280.63965,5.825460e-04,97.180,5.994517e-06,0
280.67017,5.742606e-04,97.179,5.909317e-06,0
280.70068,5.942353e-04,97.178,6.114924e-06,0
280.73120,4.895854e-04,97.177,5.038083e-06,0
280.76172,5.374858e-04,97.176,5.531057e-06,0
280.79224,5.729891e-04,97.175,5.896466e-06,0
280.82275,4.555186e-04,97.174,4.687656e-06,0
280.85327,5.845852e-04,97.173,6.015916e-06,0
280.88379,5.735945e-04,97.172,5.902870e-06,0
280.91431,5.708147e-04,97.171,5.874321e-06,0
280.94482,5.873179e-04,97.170,6.044216e-06,0
280.97534,5.994323e-04,97.169,6.168949e-06,0
281.00586,6.362496e-04,97.168,6.547912e-06,0
281.03638,6.233663e-04,97.167,6.415388e-06,0
281.06689,6.919947e-04,97.166,7.121749e-06,0
281.09741,7.350400e-04,97.165,7.564829e-06,0
281.12793,5.583757e-04,97.164,5.746706e-06,0
281.15845,7.945154e-04,97.164,8.177094e-06,0
281.18896,7.483387e-04,97.163,7.701923e-06,0
281.21948,3.878591e-04,97.162,3.991896e-06,0
281.25000,4.307242e-04,97.161,4.433113e-06,0
281.28052,4.440931e-04,97.160,4.570753e-06,0
281.31104,4.820414e-04,97.159,4.961379e-06,0
281.34155,6.048656e-04,97.158,6.225599e-06,0
281.37207,7.451916e-04,97.157,7.669985e-06,0
281.40259,6.288247e-04,97.156,6.472327e-06,0
281.43311,5.521646e-04,97.155,5.683340e-06,0
281.46362,7.045459e-04,97.154,7.251847e-06,0
281.49414,7.884062e-04,97.153,8.115096e-06,0
281.52466,8.193068e-04,97.152,8.433240e-06,0
281.55518,1.273037e-03,97.151,1.310368e-05,0
281.58569,2.289597e-03,97.150,2.356760e-05,0
281.61621,1.823293e-03,97.149,1.876796e-05,0
281.64673,7.696079e-04,97.148,7.921993e-06,0
281.67725,7.845083e-04,97.147,8.075451e-06,0
281.70776,8.282250e-04,97.146,8.525538e-06,0
281.73828,4.568467e-04,97.145,4.702710e-06,0
281.76880,4.994101e-04,97.144,5.140902e-06,0
281.79932,5.131015e-04,97.144,5.281892e-06,0
281.82983,6.425230e-04,97.143,6.614228e-06,0
281.86035,5.928480e-04,97.142,6.102926e-06,0
281.89087,5.100903e-04,97.141,5.251049e-06,0
281.92139,5.642258e-04,97.140,5.808396e-06,0
281.95190,6.407146e-04,97.139,6.595872e-06,0
281.98242,6.501941e-04,97.138,6.693524e-06,0
282.01294,5.921306e-04,97.137,6.095840e-06,0
282.04346,4.372737e-04,97.136,4.501670e-06,0
282.07397,4.451555e-04,97.135,4.582857e-06,0
282.10449,4.210442e-04,97.134,4.334674e-06,0
282.13501,4.395999e-04,97.133,4.525751e-06,0
282.16553,5.458792e-04,97.132,5.619969e-06,0
282.19604,4.621609e-04,97.131,4.758114e-06,0
282.22656,6.044796e-04,97.130,6.223396e-06,0
282.25708,6.381268e-04,97.129,6.569874e-06,0
282.28760,5.271106e-04,97.128,5.426953e-06,0
282.31812,5.659246e-04,97.127,5.826626e-06,0
282.34863,5.870946e-04,97.126,6.044647e-06,0
282.37915,5.244333e-04,97.125,5.399548e-06,0
282.40967,4.328112e-04,97.124,4.456253e-06,0
282.44019,5.184971e-04,97.124,5.338533e-06,0
282.47070,5.566222e-04,97.123,5.731132e-06,0
282.50122,4.739801e-04,97.122,4.880274e-06,0
282.53174,6.873569e-04,97.121,7.077350e-06,0
282.56226,5.118588e-04,97.120,5.270390e-06,0
282.59277,5.404407e-04,97.119,5.564740e-06,0
282.62329,6.166022e-04,97.118,6.349012e-06,0
282.65381,7.008657e-04,97.117,7.216725e-06,0
282.68433,5.612265e-04,97.116,5.778934e-06,0
282.71484,4.265196e-04,97.115,4.391904e-06,0
282.74536,4.512266e-04,97.114,4.646359e-06,0
282.77588,6.271040e-04,97.113,6.457462e-06,0
282.80640,4.844420e-04,97.112,4.988481e-06,0
282.83691,5.643636e-04,97.111,5.811521e-06,0
282.86743,6.084210e-04,97.110,6.265262e-06,0
282.89795,5.598231e-04,97.109,5.764878e-06,0
282.92847,4.227465e-04,97.108,4.353350e-06,0
282.95898,4.112452e-04,97.107,4.234953e-06,0
282.98950,6.325118e-04,97.106,6.513594e-06,0
283.02002,6.256900e-04,97.105,6.443406e-06,0
283.05054,7.943220e-04,97.105,8.180071e-06,0
283.08105,6.337127e-04,97.104,6.526151e-06,0
283.11157,5.047636e-04,97.103,5.198248e-06,0
283.14209,4.417365e-04,97.102,4.549215e-06,0
283.17261,4.543016e-04,97.101,4.678663e-06,0
283.20312,5.596052e-04,97.100,5.763197e-06,0
283.23364,5.910539e-04,97.099,6.087136e-06,0
283.26416,5.451337e-04,97.098,5.614269e-06,0
283.29468,4.943486e-04,97.097,5.091289e-06,0
283.32520,4.429773e-04,97.096,4.562261e-06,0
283.35571,3.878645e-04,97.095,3.994689e-06,0
283.38623,4.813075e-04,97.094,4.957124e-06,0
283.41675,5.590418e-04,97.093,5.757788e-06,0
283.44727,5.849520e-04,97.092,6.024705e-06,0
283.47778,4.832121e-04,97.091,4.976885e-06,0
283.50830,4.383543e-04,97.090,4.514913e-06,0
283.53882,4.991827e-04,97.089,5.141477e-06,0
283.56934,4.434702e-04,97.088,4.567694e-06,0
283.59985,3.981843e-04,97.087,4.101294e-06,0
283.63037,4.147230e-04,97.087,4.271684e-06,0
283.66089,4.098563e-04,97.086,4.221598e-06,0
283.69141,5.187509e-04,97.085,5.343285e-06,0
283.72192,3.643856e-04,97.084,3.753314e-06,0
283.75244,5.041237e-04,97.083,5.192721e-06,0
283.78296,7.166341e-04,97.082,7.381755e-06,0
283.81348,6.516861e-04,97.081,6.712817e-06,0
283.84399,5.087774e-04,97.080,5.240810e-06,0
283.87451,5.389564e-04,97.079,5.551732e-06,0
283.90503,6.199699e-04,97.078,6.386305e-06,0
283.93555,5.962809e-04,97.077,6.142345e-06,0
283.96606,6.358487e-04,97.076,6.550001e-06,0
283.99658,5.075193e-04,97.075,5.228105e-06,0
284.02710,4.939971e-04,97.074,5.088858e-06,0
284.05762,5.658840e-04,97.073,5.829451e-06,0
284.08813,5.277397e-04,97.072,5.436561e-06,0
284.11865,5.521258e-04,97.071,5.687832e-06,0
284.14917,5.951043e-04,97.070,6.130642e-06,0
284.17969,4.077947e-04,97.070,4.201058e-06,0
284.21021,4.605444e-04,97.069,4.744527e-06,0
284.24072,3.865682e-04,97.068,3.982462e-06,0
284.27124,3.751031e-04,97.067,3.864385e-06,0
284.30176,4.389191e-04,97.066,4.521874e-06,0
284.33228,4.829721e-04,97.065,4.975770e-06,0
284.36279,5.040640e-04,97.064,5.193117e-06,0
284.39331,6.380490e-04,97.063,6.573561e-06,0
284.42383,5.918003e-04,97.062,6.097139e-06,0
284.45435,6.335190e-04,97.061,6.527017e-06,0
284.48486,6.099074e-04,97.060,6.283813e-06,0
284.51538,3.983806e-04,97.059,4.104514e-06,0
284.54590,5.552689e-04,97.058,5.720989e-06,0
284.57642,6.357354e-04,97.057,6.550107e-06,0
284.60693,4.776995e-04,97.056,4.921880e-06,0
284.63745,4.913497e-04,97.055,5.062570e-06,0
284.66797,5.107826e-04,97.054,5.262847e-06,0
284.69849,4.560718e-04,97.053,4.699180e-06,0
284.72900,4.925303e-04,97.053,5.074883e-06,0
284.75952,4.430529e-04,97.052,4.565127e-06,0
284.79004,4.750741e-04,97.051,4.895115e-06,0
284.82056,4.911310e-04,97.050,5.060613e-06,0
284.85107,5.069961e-04,97.049,5.224137e-06,0
284.88159,5.143493e-04,97.048,5.299957e-06,0
284.91211,5.612056e-04,97.047,5.782829e-06,0
284.94263,6.117245e-04,97.046,6.303452e-06,0
284.97314,6.538188e-04,97.045,6.737274e-06,0
285.00366,6.073101e-04,97.044,6.258086e-06,0
285.03418,5.295271e-04,97.043,5.456616e-06,0
285.06470,5.588739e-04,97.042,5.759082e-06,0
285.09521,5.480251e-04,97.041,5.647342e-06,0
285.12573,4.878218e-04,97.040,5.027001e-06,0
285.15625,4.959169e-04,97.039,5.110472e-06,0
285.18677,4.639630e-04,97.038,4.781230e-06,0
285.21729,2.786573e-04,97.037,2.871646e-06,0
285.24780,3.787459e-04,97.037,3.903127e-06,0
285.27832,5.637746e-04,97.036,5.809977e-06,0
285.30884,5.132952e-04,97.035,5.289813e-06,0
285.33936,5.906942e-04,97.034,6.087514e-06,0
285.36987,6.618466e-04,97.033,6.820856e-06,0
285.40039,5.565717e-04,97.032,5.735970e-06,0
285.43091,5.117615e-04,97.031,5.274212e-06,0
285.46143,5.451139e-04,97.030,5.617995e-06,0
285.49194,5.413678e-04,97.029,5.579441e-06,0
285.52246,4.721190e-04,97.028,4.865797e-06,0
285.55298,4.481285e-04,97.027,4.618589e-06,0
285.58350,4.577532e-04,97.026,4.717831e-06,0
285.61401,4.626042e-04,97.025,4.767873e-06,0
285.64453,5.344424e-04,97.024,5.508334e-06,0
285.67505,5.961333e-04,97.023,6.144222e-06,0
285.70557,5.927953e-04,97.022,6.109877e-06,0
285.73608,5.010830e-04,97.022,5.164659e-06,0
285.76660,4.594376e-04,97.021,4.735466e-06,0
285.79712,4.828799e-04,97.020,4.977136e-06,0
285.82764,4.772509e-04,97.019,4.919164e-06,0
285.85815,4.011779e-04,97.018,4.135098e-06,0
285.88867,4.062191e-04,97.017,4.187099e-06,0
285.91919,6.254215e-04,97.016,6.446588e-06,0
285.94971,7.705971e-04,97.015,7.943076e-06,0
285.98022,6.259792e-04,97.014,6.452462e-06,0
286.01074,4.811910e-04,97.013,4.960064e-06,0
286.04126,5.521550e-04,97.012,5.691607e-06,0
286.07178,5.062563e-04,97.011,5.218535e-06,0
286.10229,4.896554e-04,97.010,5.047460e-06,0
286.13281,4.435423e-04,97.009,4.572161e-06,0
286.16333,4.164263e-04,97.008,4.292684e-06,0
286.19385,4.676776e-04,97.007,4.821049e-06,0
286.22437,4.457412e-04,97.007,4.594962e-06,0
286.25488,3.859844e-04,97.006,3.978992e-06,0
286.28540,5.034052e-04,97.005,5.189496e-06,0
286.31592,5.153785e-04,97.004,5.312977e-06,0
286.34644,4.855472e-04,97.003,5.005499e-06,0
286.37695,4.257398e-04,97.002,4.388987e-06,0
286.40747,6.376696e-04,97.001,6.573853e-06,0
286.43799,5.410131e-04,97.000,5.577457e-06,0
286.46851,5.424262e-04,96.999,5.592079e-06,0
286.49902,5.831272e-04,96.998,6.011739e-06,0
286.52954,5.638848e-04,96.997,5.813416e-06,0
286.56006,4.124157e-04,96.996,4.251875e-06,0
286.59058,4.340427e-04,96.995,4.474885e-06,0
286.62109,5.800745e-04,96.994,5.980498e-06,0
286.65161,4.652304e-04,96.993,4.796515e-06,0
286.68213,5.020564e-04,96.992,5.176241e-06,0
286.71265,5.355095e-04,96.992,5.521198e-06,0
286.74316,5.102110e-04,96.991,5.260417e-06,0
286.77368,6.579760e-04,96.990,6.783981e-06,0
286.80420,4.763434e-04,96.989,4.911327e-06,0
286.83472,4.324431e-04,96.988,4.458737e-06,0
286.86523,5.852178e-04,96.987,6.033990e-06,0
286.89575,5.454152e-04,96.986,5.623652e-06,0
286.92627,7.504800e-04,96.985,7.738104e-06,0
286.95679,7.557658e-04,96.984,7.792681e-06,0
286.98730,5.363883e-04,96.983,5.530738e-06,0
287.01782,5.172817e-04,96.982,5.333780e-06,0
287.04834,5.269054e-04,96.981,5.433065e-06,0
287.07886,4.650109e-04,96.980,4.794899e-06,0
287.10938,4.234795e-04,96.979,4.366696e-06,0
287.13989,4.051859e-04,96.978,4.178102e-06,0
287.17041,4.138909e-04,96.978,4.267905e-06,0
287.20093,3.283225e-04,96.977,3.385585e-06,0
287.23145,4.425649e-04,96.976,4.563670e-06,0
287.26196,6.498015e-04,96.975,6.700730e-06,0
287.29248,7.194111e-04,96.974,7.418614e-06,0
287.32300,6.638547e-04,96.973,6.845778e-06,0
287.35352,6.145178e-04,96.972,6.337069e-06,0
287.38403,6.628267e-04,96.971,6.835309e-06,0
287.41455,5.999145e-04,96.970,6.186595e-06,0
287.44507,3.572491e-04,96.969,3.684153e-06,0
287.47559,3.736318e-04,96.968,3.853138e-06,0
287.50610,4.927178e-04,96.967,5.081280e-06,0
287.53662,3.965098e-04,96.966,4.089149e-06,0
287.56714,6.303252e-04,96.965,6.500517e-06,0
287.59766,5.809612e-04,96.964,5.991485e-06,0
287.62817,4.662858e-04,96.964,4.808878e-06,0
287.65869,5.226901e-04,96.963,5.390636e-06,0
287.68921,6.698006e-04,96.962,6.907890e-06,0
287.71973,4.908663e-04,96.961,5.062526e-06,0
287.75024,3.678727e-04,96.960,3.794074e-06,0
287.78076,4.405912e-04,96.959,4.544104e-06,0
287.81128,5.295252e-04,96.958,5.461390e-06,0
287.84180,5.665289e-04,96.957,5.843094e-06,0
287.87231,5.806356e-04,96.956,5.988645e-06,0
287.90283,5.054964e-04,96.955,5.213713e-06,0
287.93335,3.231951e-04,96.954,3.333481e-06,0
287.96387,3.916905e-04,96.953,4.039992e-06,0
287.99438,4.969688e-04,96.952,5.125907e-06,0
288.02490,6.839092e-04,96.951,7.054143e-06,0
288.05542,7.035781e-04,96.950,7.257086e-06,0
288.08594,4.792324e-04,96.950,4.943111e-06,0
288.11646,4.326025e-04,96.949,4.462183e-06,0
288.14697,3.755874e-04,96.948,3.874124e-06,0
288.17749,3.747661e-04,96.947,3.865689e-06,0
288.20801,4.432057e-04,96.946,4.571683e-06,0
288.23853,4.191654e-04,96.945,4.323748e-06,0
288.26904,5.259439e-04,96.944,5.425235e-06,0
288.29956,6.143419e-04,96.943,6.337141e-06,0
288.33008,5.960619e-04,96.942,6.148636e-06,0
288.36060,6.338725e-04,96.941,6.538732e-06,0
288.39111,5.632228e-04,96.940,5.809999e-06,0
288.42163,5.661883e-04,96.939,5.840645e-06,0
288.45215,5.560967e-04,96.938,5.736598e-06,0
288.48267,5.604759e-04,96.937,5.781828e-06,0
288.51318,6.253939e-04,96.937,6.451580e-06,0
288.54370,5.258174e-04,96.936,5.424398e-06,0
288.57422,3.936726e-04,96.935,4.061215e-06,0
288.60474,5.315581e-04,96.934,5.483725e-06,0
288.63525,5.699598e-04,96.933,5.879945e-06,0
288.66577,4.521885e-04,96.932,4.665011e-06,0
288.69629,4.058642e-04,96.931,4.187147e-06,0
288.72681,4.131338e-04,96.930,4.262184e-06,0
288.75732,4.267074e-04,96.929,4.402262e-06,0
288.78784,5.684691e-04,96.928,5.864847e-06,0
288.81836,6.821136e-04,96.927,7.037376e-06,0
288.84888,5.180818e-04,96.926,5.345108e-06,0
288.87939,3.788194e-04,96.925,3.908360e-06,0
288.90991,4.466545e-04,96.924,4.608273e-06,0
288.94043,3.440653e-04,96.924,3.549863e-06,0
288.97095,3.420538e-04,96.923,3.529142e-06,0
289.00146,3.777188e-04,96.922,3.897153e-06,0
289.03198,4.130944e-04,96.921,4.262186e-06,0
289.06250,5.652844e-04,96.920,5.832493e-06,0
289.09302,6.050424e-04,96.919,6.242768e-06,0
289.12354,4.584175e-04,96.918,4.729952e-06,0
289.15405,4.711225e-04,96.917,4.861089e-06,0
289.18457,5.033169e-04,96.916,5.193323e-06,0
289.21509,4.788817e-04,96.915,4.941243e-06,0
289.24561,4.990760e-04,96.914,5.149663e-06,0
289.27612,6.353545e-04,96.913,6.555901e-06,0
289.30664,5.565173e-04,96.912,5.742475e-06,0
289.33716,5.319764e-04,96.912,5.489300e-06,0
289.36768,5.211045e-04,96.911,5.377167e-06,0
289.39819,5.958116e-04,96.910,6.148114e-06,0
289.42871,5.712055e-04,96.909,5.894262e-06,0
289.45923,5.364310e-04,96.908,5.535477e-06,0
289.48975,4.804258e-04,96.907,4.957602e-06,0
289.52026,4.716074e-04,96.906,4.866650e-06,0
289.55078,5.725309e-04,96.905,5.908164e-06,0
289.58130,5.727513e-04,96.904,5.910495e-06,0
289.61182,4.767905e-04,96.903,4.920277e-06,0
289.64233,4.934170e-04,96.902,5.091904e-06,0
289.67285,4.318126e-04,96.901,4.456209e-06,0
289.70337,4.159363e-04,96.900,4.292409e-06,0
289.73389,3.922546e-04,96.899,4.048056e-06,0
289.76440,5.765553e-04,96.899,5.950091e-06,0
289.79492,7.426407e-04,96.898,7.664177e-06,0
289.82544,7.523351e-04,96.897,7.764299e-06,0
289.85596,5.077526e-04,96.896,5.240193e-06,0
289.88647,4.740423e-04,96.895,4.892336e-06,0
289.91699,5.552557e-04,96.894,5.730551e-06,0
289.94751,6.231667e-04,96.893,6.431492e-06,0
289.97803,6.110693e-04,96.892,6.306699e-06,0
290.00854,6.372160e-04,96.891,6.576616e-06,0
290.03906,4.758950e-04,96.890,4.911691e-06,0
290.06958,4.453776e-04,96.889,4.596766e-06,0
290.10010,4.743476e-04,96.888,4.895813e-06,0
290.13062,6.114340e-04,96.887,6.310764e-06,0
290.16113,5.244901e-04,96.887,5.413445e-06,0
290.19165,6.189019e-04,96.886,6.387963e-06,0
290.22217,5.639504e-04,96.885,5.820840e-06,0
290.25269,3.704674e-04,96.884,3.823833e-06,0
290.28320,4.411011e-04,96.883,4.552932e-06,0
290.31372,6.491041e-04,96.882,6.699949e-06,0
290.34424,5.916757e-04,96.881,6.107240e-06,0
290.37476,6.161183e-04,96.880,6.359595e-06,0
290.40527,5.109443e-04,96.879,5.274037e-06,0
290.43579,4.980615e-04,96.878,5.141107e-06,0
290.46631,5.240508e-04,96.877,5.409426e-06,0
290.49683,6.431785e-04,96.876,6.639165e-06,0
290.52734,7.769609e-04,96.875,8.020201e-06,0
290.55786,5.634965e-04,96.875,5.816764e-06,0
290.58838,4.969989e-04,96.874,5.130383e-06,0
290.61890,6.027989e-04,96.873,6.222586e-06,0
290.64941,5.388106e-04,96.872,5.562099e-06,0
290.67993,6.017759e-04,96.871,6.212144e-06,0
290.71045,5.701116e-04,96.870,5.885329e-06,0
290.74097,5.476488e-04,96.869,5.653497e-06,0
290.77148,5.140683e-04,96.868,5.306888e-06,0
290.80200,4.338187e-04,96.867,4.478489e-06,0
290.83252,4.034025e-04,96.866,4.164529e-06,0
290.86304,3.503328e-04,96.865,3.616698e-06,0
290.89355,3.796874e-04,96.864,3.919781e-06,0
290.92407,4.150260e-04,96.864,4.284647e-06,0
290.95459,5.110326e-04,96.863,5.275851e-06,0
290.98511,5.317014e-04,96.862,5.489285e-06,0
291.01562,4.185324e-04,96.861,4.320969e-06,0
291.04614,6.021175e-04,96.860,6.216380e-06,0
291.07666,7.024974e-04,96.859,7.252790e-06,0
291.10718,5.616725e-04,96.858,5.798928e-06,0
291.13770,4.132401e-04,96.857,4.266493e-06,0
291.16821,5.489098e-04,96.856,5.667268e-06,0
291.19873,6.910137e-04,96.855,7.134500e-06,0
291.22925,6.093198e-04,96.854,6.291096e-06,0
291.25977,6.391936e-04,96.853,6.599598e-06,0
291.29028,1.148108e-03,96.852,1.185419e-05,0
291.32080,1.198558e-03,96.852,1.237520e-05,0
291.35132,1.112743e-03,96.851,1.148926e-05,0
291.38184,7.050514e-04,96.850,7.279849e-06,0
291.41235,5.311927e-04,96.849,5.484762e-06,0
291.44287,6.039511e-04,96.848,6.236079e-06,0
291.47339,6.287644e-04,96.847,6.492349e-06,0
291.50391,5.760392e-04,96.846,5.947988e-06,0
291.53442,6.474510e-04,96.845,6.685426e-06,0
291.56494,4.042620e-04,96.844,4.174354e-06,0
291.59546,5.799930e-04,96.843,5.988984e-06,0
291.62598,6.998236e-04,96.842,7.226418e-06,0
291.65649,6.591656e-04,96.841,6.806646e-06,0
291.68701,5.681412e-04,96.841,5.866770e-06,0
291.71753,5.460663e-04,96.840,5.638872e-06,0
291.74805,4.790193e-04,96.839,4.946568e-06,0
291.77856,4.565853e-04,96.838,4.714950e-06,0
291.80908,7.303634e-04,96.837,7.542203e-06,0
291.83960,7.108589e-04,96.836,7.340857e-06,0
291.87012,6.070304e-04,96.835,6.268706e-06,0
291.90063,5.451647e-04,96.834,5.629882e-06,0
291.93115,5.094411e-04,96.833,5.261017e-06,0
291.96167,6.057101e-04,96.832,6.255249e-06,0
291.99219,5.815680e-04,96.831,6.005987e-06,0
292.02271,5.297832e-04,96.830,5.471246e-06,0
292.05322,5.496576e-04,96.830,5.676549e-06,0
292.08374,5.979924e-04,96.829,6.175781e-06,0
292.11426,5.830959e-04,96.828,6.021994e-06,0
292.14478,4.963465e-04,96.827,5.126128e-06,0
292.17529,4.323300e-04,96.826,4.465026e-06,0
292.20581,4.253348e-04,96.825,4.392821e-06,0
292.23633,5.971701e-04,96.824,6.167580e-06,0
292.26685,4.993953e-04,96.823,5.157810e-06,0
292.29736,3.932940e-04,96.822,4.062022e-06,0
292.32788,5.640706e-04,96.821,5.825894e-06,0
292.35840,6.867177e-04,96.820,7.092698e-06,0
292.38892,6.497443e-04,96.819,6.710885e-06,0
292.41943,5.560460e-04,96.819,5.743177e-06,0
292.44995,6.464026e-04,96.818,6.676496e-06,0
292.48047,4.694757e-04,96.817,4.849118e-06,0
292.51099,4.577494e-04,96.816,4.728044e-06,0
292.54150,5.366231e-04,96.815,5.542774e-06,0
292.57202,6.542849e-04,96.814,6.758165e-06,0
292.60254,7.331580e-04,96.813,7.572924e-06,0
292.63306,7.230149e-04,96.812,7.468224e-06,0
292.66357,7.530565e-04,96.811,7.778607e-06,0
292.69409,7.356528e-04,96.810,7.598909e-06,0
292.72461,6.113157e-04,96.809,6.314631e-06,0
292.75513,4.621854e-04,96.808,4.774223e-06,0
292.78564,4.835926e-04,96.808,4.995401e-06,0
292.81616,5.200003e-04,96.807,5.371534e-06,0
292.84668,5.443816e-04,96.806,5.623442e-06,0
292.87720,4.680140e-04,96.805,4.834614e-06,0
292.90771,3.075648e-04,96.804,3.177194e-06,0
292.93823,4.629965e-04,96.803,4.782873e-06,0
292.96875,5.498227e-04,96.802,5.679863e-06,0
292.99927,5.445264e-04,96.801,5.625204e-06,0
293.02979,4.639913e-04,96.800,4.793285e-06,0
293.06030,4.708809e-04,96.799,4.864505e-06,0
293.09082,5.194591e-04,96.798,5.366399e-06,0
293.12134,4.482823e-04,96.798,4.631133e-06,0
293.15186,5.392495e-04,96.797,5.570954e-06,0
293.18237,5.501363e-04,96.796,5.683478e-06,0
293.21289,4.184837e-04,96.795,4.323412e-06,0
293.24341,4.011507e-04,96.794,4.144381e-06,0
293.27393,5.044416e-04,96.793,5.211552e-06,0
293.30444,5.163661e-04,96.792,5.334798e-06,0
293.33496,5.921136e-04,96.791,6.117435e-06,0
293.36548,5.766843e-04,96.790,5.958084e-06,0
293.39600,4.316452e-04,96.789,4.459636e-06,0
293.42651,4.300188e-04,96.788,4.442875e-06,0
293.45703,3.828858e-04,96.787,3.955943e-06,0
293.48755,4.929540e-04,96.787,5.093206e-06,0
293.51807,6.559574e-04,96.786,6.777423e-06,0
293.54858,5.530883e-04,96.785,5.714622e-06,0
293.57910,5.072327e-04,96.784,5.240881e-06,0
293.60962,6.619422e-04,96.783,6.839451e-06,0
293.64014,5.772588e-04,96.782,5.964525e-06,0
293.67065,6.420757e-04,96.781,6.634308e-06,0
293.70117,6.050336e-04,96.780,6.251625e-06,0
293.73169,6.280213e-04,96.779,6.489212e-06,0
293.76221,5.109958e-04,96.778,5.280061e-06,0
293.79272,5.147008e-04,96.777,5.318395e-06,0
293.82324,4.729840e-04,96.777,4.887382e-06,0
293.85376,4.846715e-04,96.776,5.008196e-06,0
293.88428,3.899257e-04,96.775,4.029210e-06,0
293.91479,5.668574e-04,96.774,5.857548e-06,0
293.94531,6.359399e-04,96.773,6.571465e-06,0
293.97583,5.603937e-04,96.772,5.790865e-06,0
294.00635,5.576384e-04,96.771,5.762447e-06,0
294.03687,5.232003e-04,96.770,5.406627e-06,0
294.06738,6.018063e-04,96.769,6.218981e-06,0
294.09790,6.586866e-04,96.768,6.806838e-06,0
294.12842,7.035715e-04,96.767,7.270744e-06,0
294.15894,6.412456e-04,96.767,6.626728e-06,0
294.18945,6.089168e-04,96.766,6.292696e-06,0
294.21997,5.377870e-04,96.765,5.557675e-06,0
294.25049,4.293659e-04,96.764,4.437256e-06,0
294.28101,4.087481e-04,96.763,4.224223e-06,0
294.31152,5.900597e-04,96.762,6.098051e-06,0
294.34204,5.603975e-04,96.761,5.791558e-06,0
294.37256,4.199773e-04,96.760,4.340393e-06,0
294.40308,5.440111e-04,96.759,5.622314e-06,0
294.43359,3.671332e-04,96.758,3.794329e-06,0
294.46411,4.432511e-04,96.757,4.581053e-06,0
294.49463,4.287957e-04,96.757,4.431697e-06,0
294.52515,4.543469e-04,96.756,4.695818e-06,0
294.55566,4.326112e-04,96.755,4.471214e-06,0
294.58618,5.785267e-04,96.754,5.979367e-06,0
294.61670,5.574087e-04,96.753,5.761156e-06,0
294.64722,5.148875e-04,96.752,5.321724e-06,0
294.67773,4.183723e-04,96.751,4.324212e-06,0
294.70825,3.706370e-04,96.750,3.830865e-06,0
294.73877,4.846267e-04,96.749,5.009098e-06,0
294.76929,4.518016e-04,96.748,4.669861e-06,0
294.79980,3.634976e-04,96.747,3.757179e-06,0
294.83032,3.660347e-04,96.747,3.783438e-06,0
294.86084,4.624679e-04,96.746,4.780244e-06,0
294.89136,6.287611e-04,96.745,6.499174e-06,0
294.92188,5.091445e-04,96.744,5.262810e-06,0
294.95239,5.339584e-04,96.743,5.519352e-06,0
294.98291,6.286581e-04,96.742,6.498292e-06,0
295.01343,6.207235e-04,96.741,6.416334e-06,0
295.04395,4.660257e-04,96.740,4.817289e-06,0
295.07446,5.229890e-04,96.739,5.406167e-06,0
295.10498,4.194799e-04,96.738,4.336228e-06,0
295.13550,4.530048e-04,96.738,4.682824e-06,0
295.16602,4.220571e-04,96.737,4.362951e-06,0
295.19653,5.813938e-04,96.736,6.010126e-06,0
295.22705,6.362079e-04,96.735,6.576826e-06,0
295.25757,4.507356e-04,96.734,4.659542e-06,0
295.28809,4.968330e-04,96.733,5.136128e-06,0
295.31860,4.420838e-04,96.732,4.570188e-06,0
295.34912,5.193510e-04,96.731,5.369013e-06,0
295.37964,5.715595e-04,96.730,5.908797e-06,0
295.41016,7.573931e-04,96.729,7.830023e-06,0
295.44067,6.387796e-04,96.728,6.603843e-06,0
295.47119,4.756015e-04,96.728,4.916919e-06,0
295.50171,5.098807e-04,96.727,5.271357e-06,0
295.53223,4.753118e-04,96.726,4.914015e-06,0
295.56274,5.561418e-04,96.725,5.749731e-06,0
295.59326,8.040895e-04,96.724,8.313242e-06,0
295.62378,5.737101e-04,96.723,5.931473e-06,0
295.65430,3.891734e-04,96.722,4.023623e-06,0
295.68481,3.836852e-04,96.721,3.966918e-06,0
295.71533,5.407328e-04,96.720,5.590685e-06,0
295.74585,5.619994e-04,96.719,5.810616e-06,0
295.77637,5.390889e-04,96.719,5.573793e-06,0
295.80688,5.742193e-04,96.718,5.937071e-06,0
295.83740,5.373984e-04,96.717,5.556418e-06,0
295.86792,5.684174e-04,96.716,5.877193e-06,0
295.89844,6.115064e-04,96.715,6.322774e-06,0
295.92896,6.348306e-04,96.714,6.563999e-06,0
295.95947,5.541541e-04,96.713,5.729877e-06,0
295.98999,4.923282e-04,96.712,5.090653e-06,0
296.02051,6.175790e-04,96.711,6.385801e-06,0
296.05103,6.625099e-04,96.710,6.850453e-06,0
296.08154,7.228905e-04,96.709,7.474868e-06,0
296.11206,7.793316e-04,96.709,8.058557e-06,0
296.14258,6.981199e-04,96.708,7.218868e-06,0
296.17310,5.106324e-04,96.707,5.280213e-06,0
296.20361,5.133399e-04,96.706,5.308261e-06,0
296.23413,4.453706e-04,96.705,4.605458e-06,0
296.26465,3.557955e-04,96.704,3.679220e-06,0
296.29517,5.708109e-04,96.703,5.902712e-06,0
296.32568,5.014134e-04,96.702,5.185126e-06,0
296.35620,6.351678e-04,96.701,6.568345e-06,0
296.38672,5.674389e-04,96.700,5.868006e-06,0
296.41724,5.649527e-04,96.700,5.842350e-06,0
296.44775,5.294331e-04,96.699,5.475082e-06,0
296.47827,4.245175e-04,96.698,4.390149e-06,0
296.50879,5.385695e-04,96.697,5.569669e-06,0
296.53931,6.374114e-04,96.696,6.591915e-06,0
296.56982,5.529726e-04,96.695,5.718728e-06,0
296.60034,5.433199e-04,96.694,5.618953e-06,0
296.63086,3.623929e-04,96.693,3.747862e-06,0
296.66138,5.211586e-04,96.692,5.389864e-06,0
296.69189,6.300562e-04,96.691,6.516153e-06,0
296.72241,5.119501e-04,96.691,5.294728e-06,0
296.75293,5.578068e-04,96.690,5.769044e-06,0
296.78345,6.415012e-04,96.689,6.634705e-06,0
296.81396,5.596988e-04,96.688,5.788720e-06,0
296.84448,5.716480e-04,96.687,5.912360e-06,0
296.87500,6.454893e-04,96.686,6.676138e-06,0
296.90552,7.761185e-04,96.685,8.027279e-06,0
296.93604,6.834179e-04,96.684,7.068556e-06,0
296.96655,6.157764e-04,96.683,6.369003e-06,0
296.99707,4.284809e-04,96.682,4.431838e-06,0
297.02759,4.244840e-04,96.682,4.390538e-06,0
297.05811,4.427740e-04,96.681,4.579759e-06,0
297.08862,5.751958e-04,96.680,5.949497e-06,0
297.11914,6.980444e-04,96.679,7.220240e-06,0
297.14966,4.493724e-04,96.678,4.648138e-06,0
297.18018,5.025813e-04,96.677,5.198559e-06,0
297.21069,6.236529e-04,96.676,6.450949e-06,0
297.24121,5.998034e-04,96.675,6.204312e-06,0
297.27173,5.175358e-04,96.674,5.353394e-06,0
297.30225,3.747821e-04,96.673,3.876784e-06,0
297.33276,4.079884e-04,96.673,4.220313e-06,0
297.36328,5.865891e-04,96.672,6.067851e-06,0
297.39380,5.725921e-04,96.671,5.923117e-06,0
297.42432,5.960591e-04,96.670,6.165925e-06,0
297.45483,4.842957e-04,96.669,5.009837e-06,0
297.48535,3.330065e-04,96.668,3.444845e-06,0
297.51587,3.584233e-04,96.667,3.707808e-06,0
297.54639,4.044574e-04,96.666,4.184060e-06,0
297.57690,4.002934e-04,96.665,4.141023e-06,0
297.60742,4.267591e-04,96.664,4.414850e-06,0
297.63794,5.202908e-04,96.664,5.382492e-06,0
297.66846,4.956944e-04,96.663,5.128085e-06,0
297.69897,5.124054e-04,96.662,5.301015e-06,0
297.72949,4.661717e-04,96.661,4.822755e-06,0
297.76001,4.855980e-04,96.660,5.023775e-06,0
297.79053,5.457166e-04,96.659,5.645787e-06,0
297.82104,6.123310e-04,96.658,6.335015e-06,0
297.85156,6.322626e-04,96.657,6.541282e-06,0
297.88208,5.970030e-04,96.656,6.176550e-06,0
297.91260,5.026996e-04,96.655,5.200942e-06,0
297.94312,5.292790e-04,96.655,5.475984e-06,0
297.97363,5.606297e-04,96.654,5.800396e-06,0
298.00415,5.466006e-04,96.653,5.655300e-06,0
298.03467,4.956447e-04,96.652,5.128142e-06,0
298.06519,5.925842e-04,96.651,6.131175e-06,0
298.09570,7.144608e-04,96.650,7.392240e-06,0
298.12622,5.120587e-04,96.649,5.298116e-06,0
298.15674,3.301187e-04,96.648,3.415669e-06,0
298.18726,4.440103e-04,96.647,4.594125e-06,0
298.21777,4.367661e-04,96.647,4.519212e-06,0
298.24829,6.173706e-04,96.646,6.387983e-06,0
298.27881,6.042674e-04,96.645,6.252461e-06,0
298.30933,4.847261e-04,96.644,5.015593e-06,0
298.33984,3.810629e-04,96.643,3.942998e-06,0
298.37036,3.892489e-04,96.642,4.027739e-06,0
298.40088,4.312917e-04,96.641,4.462817e-06,0
298.43140,3.992437e-04,96.640,4.131236e-06,0
298.46191,5.124968e-04,96.639,5.303189e-06,0
298.49243,6.807453e-04,96.638,7.044248e-06,0
298.52295,6.044606e-04,96.638,6.254923e-06,0
298.55347,4.435252e-04,96.637,4.589615e-06,0
298.58398,4.021398e-04,96.636,4.161396e-06,0
298.61450,3.432658e-04,96.635,3.552194e-06,0
298.64502,4.262384e-04,96.634,4.410854e-06,0
298.67554,5.922224e-04,96.633,6.128567e-06,0
298.70605,5.286562e-04,96.632,5.470808e-06,0
298.73657,4.577001e-04,96.631,4.736561e-06,0
298.76709,6.253949e-04,96.630,6.472029e-06,0
298.79761,6.765198e-04,96.630,7.001170e-06,0
298.82812,5.813688e-04,96.629,6.016527e-06,0
298.85864,4.251861e-04,96.628,4.400249e-06,0
298.88916,3.773806e-04,96.627,3.905546e-06,0
298.91968,5.489301e-04,96.626,5.680980e-06,0
298.95020,5.796911e-04,96.625,5.999387e-06,0
298.98071,5.549295e-04,96.624,5.743175e-06,0
299.01123,4.447196e-04,96.623,4.602614e-06,0
299.04175,4.590338e-04,96.622,4.750802e-06,0
299.07227,5.387220e-04,96.621,5.575592e-06,0
299.10278,6.782470e-04,96.621,7.019695e-06,0
299.13330,7.694697e-04,96.620,7.963901e-06,0
299.16382,7.396280e-04,96.619,7.655115e-06,0
299.19434,5.200752e-04,96.618,5.382803e-06,0
299.22485,4.326936e-04,96.617,4.478440e-06,0
299.25537,7.009181e-04,96.616,7.254670e-06,0
299.28589,5.892306e-04,96.615,6.098733e-06,0
299.31641,5.518391e-04,96.614,5.711772e-06,0
299.34692,5.994664e-04,96.613,6.204792e-06,0
299.37744,6.557170e-04,96.613,6.787078e-06,0
299.40796,5.654794e-04,96.612,5.853117e-06,0
299.43848,5.140310e-04,96.611,5.320639e-06,0
299.46899,6.867010e-04,96.610,7.107979e-06,0
299.49951,7.816200e-04,96.609,8.090552e-06,0
299.53003,6.957376e-04,96.608,7.201649e-06,1
299.56055,8.230439e-04,96.607,8.519487e-06,1
299.59106,7.812318e-04,96.606,8.086757e-06,1
299.62158,6.559023e-04,96.605,6.789498e-06,1
299.65210,7.841817e-04,96.605,8.117442e-06,1
299.68262,1.106678e-03,96.604,1.145586e-05,1
299.71313,9.148828e-04,96.603,9.470567e-06,1
299.74365,8.654379e-04,96.602,8.958812e-06,1
299.77417,1.017439e-03,96.601,1.053238e-05,1
299.80469,9.989623e-04,96.600,1.034122e-05,1
299.83521,7.689579e-04,96.599,7.960293e-06,1
299.86572,1.271493e-03,96.598,1.316269e-05,1
299.89624,1.907676e-03,96.597,1.974873e-05,1
299.92676,1.346381e-03,96.597,1.393819e-05,1
299.95728,2.509489e-03,96.596,2.597932e-05,1
299.98779,4.771845e-03,96.595,4.940067e-05,1
300.01831,3.273751e-03,96.594,3.389192e-05,1
300.04883,1.327670e-03,96.593,1.374500e-05,1
300.07935,1.292797e-03,96.592,1.338409e-05,1
300.10986,1.292530e-03,96.591,1.338145e-05,1
300.14038,9.817668e-04,96.590,1.016424e-05,1
300.17090,1.005787e-03,96.589,1.041302e-05,1
300.20142,9.317336e-04,96.589,9.646423e-06,1
300.23193,7.703286e-04,96.588,7.975438e-06,1
300.26245,7.838189e-04,96.587,8.115182e-06,1
300.29297,9.049876e-04,96.586,9.369775e-06,1
300.32349,9.679891e-04,96.585,1.002215e-05,1
300.35400,9.137690e-04,96.584,9.460867e-06,1
300.38452,7.402230e-04,96.583,7.664099e-06,1
300.41504,7.725020e-04,96.582,7.998382e-06,1
300.44556,6.987981e-04,96.581,7.235328e-06,1
300.47607,6.559206e-04,96.581,6.791438e-06,1
300.50659,6.031559e-04,96.580,6.245167e-06,0
300.53711,5.383573e-04,96.579,5.574285e-06,0
300.56763,6.298493e-04,96.578,6.521675e-06,0
300.59814,7.584802e-04,96.577,7.853635e-06,0
300.62866,7.853545e-04,96.576,8.131978e-06,0
300.65918,6.465243e-04,96.575,6.694518e-06,0
300.68970,5.804795e-04,96.574,6.010705e-06,0
300.72021,5.606270e-04,96.573,5.805191e-06,0
300.75073,6.234876e-04,96.573,6.456160e-06,0
300.78125,6.469262e-04,96.572,6.698926e-06,0
300.81177,5.905613e-04,96.571,6.115323e-06,0
300.84229,7.905700e-04,96.570,8.186509e-06,0
300.87280,8.196477e-04,96.569,8.487693e-06,0
300.90332,7.833799e-04,96.568,8.112204e-06,0
300.93384,6.991737e-04,96.567,7.240282e-06,0
300.96436,6.730021e-04,96.566,6.969327e-06,0
300.99487,8.966905e-04,96.565,9.285835e-06,0
301.02539,8.131794e-04,96.565,8.421098e-06,0
301.05591,8.523844e-04,96.564,8.827177e-06,0
301.08643,7.096087e-04,96.563,7.348679e-06,0
301.11694,6.943109e-04,96.562,7.190321e-06,0
301.14746,7.629042e-04,96.561,7.900750e-06,0
301.17798,4.736389e-04,96.560,4.905120e-06,0
301.20850,5.443688e-04,96.559,5.637668e-06,0
301.23901,5.870695e-04,96.558,6.079947e-06,0
301.26953,5.470219e-04,96.557,5.665249e-06,0
301.30005,6.843572e-04,96.557,7.087630e-06,0
301.33057,5.995840e-04,96.556,6.209723e-06,0
301.36108,4.222388e-04,96.555,4.373049e-06,0
301.39160,3.491131e-04,96.554,3.615732e-06,0
301.42212,5.303707e-04,96.553,5.493052e-06,0
301.45264,6.257458e-04,96.552,6.480911e-06,0
301.48315,4.793994e-04,96.551,4.965233e-06,0
301.51367,5.335045e-04,96.550,5.525661e-06,0
301.54419,5.797172e-04,96.549,6.004354e-06,0
301.57471,6.795276e-04,96.549,7.038192e-06,0
301.60522,6.303335e-04,96.548,6.528726e-06,0
301.63574,4.978691e-04,96.547,5.156763e-06,0
301.66626,4.762766e-04,96.546,4.933160e-06,0
301.69678,4.510097e-04,96.545,4.671495e-06,0
301.72729,4.633200e-04,96.544,4.799047e-06,0
301.75781,6.142462e-04,96.543,6.362392e-06,0
301.78833,7.015038e-04,96.542,7.266277e-06,0
301.81885,4.638036e-04,96.542,4.804189e-06,0
301.84937,4.164524e-04,96.541,4.313752e-06,0
301.87988,5.072626e-04,96.540,5.254443e-06,0
301.91040,5.679615e-04,96.539,5.883243e-06,0
301.94092,5.291469e-04,96.538,5.481231e-06,0
301.97144,5.300642e-04,96.537,5.490783e-06,0
302.00195,4.599687e-04,96.536,4.764728e-06,0
302.03247,5.248952e-04,96.535,5.437338e-06,0
302.06299,5.647748e-04,96.534,5.850500e-06,0
302.09351,5.541662e-04,96.534,5.740658e-06,0
302.12402,5.932200e-04,96.533,6.145277e-06,0
302.15454,4.539821e-04,96.532,4.702928e-06,0
302.18506,4.158812e-04,96.531,4.308270e-06,0
302.21558,5.192794e-04,96.530,5.379460e-06,0
302.24609,4.758281e-04,96.529,4.929372e-06,0
302.27661,4.475855e-04,96.528,4.636834e-06,0
302.30713,5.237240e-04,96.527,5.425652e-06,0
302.33765,4.668478e-04,96.526,4.836473e-06,0
302.36816,5.203349e-04,96.526,5.390641e-06,0
302.39868,6.334336e-04,96.525,6.562397e-06,0
302.42920,6.271280e-04,96.524,6.497130e-06,0
302.45972,5.901614e-04,96.523,6.114207e-06,0
302.49023,5.864227e-04,96.522,6.075528e-06,0
302.52075,5.470494e-04,96.521,5.667660e-06,0
302.55127,5.722730e-04,96.520,5.929042e-06,0
302.58179,5.531528e-04,96.519,5.730999e-06,0
302.61230,5.841449e-04,96.519,6.052151e-06,0
302.64282,5.842967e-04,96.518,6.053779e-06,0
302.67334,4.162427e-04,96.517,4.312646e-06,0
302.70386,3.214943e-04,96.516,3.330998e-06,0
302.73438,3.759100e-04,96.515,3.894834e-06,0
302.76489,3.886681e-04,96.514,4.027058e-06,0
302.79541,4.963732e-04,96.513,5.143057e-06,0
302.82593,6.053722e-04,96.512,6.272482e-06,0
302.85645,7.860583e-04,96.512,8.144711e-06,0
302.88696,6.477497e-04,96.511,6.711693e-06,0
302.91748,5.304663e-04,96.510,5.496505e-06,0
302.94800,4.850724e-04,96.509,5.026196e-06,0
302.97852,5.174549e-04,96.508,5.361784e-06,0
303.00903,3.579642e-04,96.507,3.709201e-06,0
303.03955,4.835334e-04,96.506,5.010386e-06,0
303.07007,6.024008e-04,96.505,6.242149e-06,0
303.10059,6.388162e-04,96.504,6.619551e-06,0
303.13110,4.325987e-04,96.504,4.482722e-06,0
303.16162,5.383758e-04,96.503,5.578867e-06,0
303.19214,6.067820e-04,96.502,6.287777e-06,0
303.22266,4.574992e-04,96.501,4.740878e-06,0
303.25317,4.329619e-04,96.500,4.486648e-06,0
303.28369,4.791162e-04,96.499,4.964976e-06,0
303.31421,5.374649e-04,96.498,5.569682e-06,0
303.34473,5.329637e-04,96.497,5.523087e-06,0
303.37524,6.047899e-04,96.497,6.267477e-06,0
303.40576,6.111405e-04,96.496,6.333347e-06,0
303.43628,6.157430e-04,96.495,6.381101e-06,0
303.46680,5.588769e-04,96.494,5.791836e-06,0
303.49731,3.888098e-04,96.493,4.029408e-06,0
303.52783,5.383977e-04,96.492,5.579705e-06,0
303.55835,7.440862e-04,96.491,7.711435e-06,0
303.58887,6.276714e-04,96.490,6.505014e-06,0
303.61938,5.205093e-04,96.490,5.394464e-06,0
303.64990,5.352606e-04,96.489,5.547395e-06,0
303.68042,6.506957e-04,96.488,6.743816e-06,0
303.71094,5.877633e-04,96.487,6.091640e-06,0
303.74146,4.973188e-04,96.486,5.154310e-06,0
303.77197,5.323831e-04,96.485,5.517774e-06,0
303.80249,4.803810e-04,96.484,4.978854e-06,0
303.83301,4.664902e-04,96.483,4.834929e-06,0
303.86353,4.833303e-04,96.482,5.009513e-06,0
303.89404,4.623387e-04,96.482,4.791988e-06,0
303.92456,6.599260e-04,96.481,6.839977e-06,0
303.95508,6.878499e-04,96.480,7.129466e-06,0
303.98560,4.753847e-04,96.479,4.927340e-06,0
304.01611,5.095450e-04,96.478,5.281457e-06,0
304.04663,3.910631e-04,96.477,4.053424e-06,0
304.07715,3.260110e-04,96.476,3.379181e-06,0
304.10767,4.749864e-04,96.475,4.923390e-06,0
304.13818,4.983658e-04,96.475,5.165773e-06,0
304.16870,4.612677e-04,96.474,4.781278e-06,0
304.19922,4.843249e-04,96.473,5.020323e-06,0
304.22974,4.127167e-04,96.472,4.278100e-06,0
304.26025,4.823569e-04,96.471,5.000015e-06,0
304.29077,5.787719e-04,96.470,5.999488e-06,0
304.32129,5.411055e-04,96.469,5.609093e-06,0
304.35181,6.063108e-04,96.468,6.285068e-06,0
304.38232,5.776735e-04,96.468,5.988265e-06,0
304.41284,5.960814e-04,96.467,6.179141e-06,0
304.44336,7.648336e-04,96.466,7.928544e-06,0
304.47388,6.624620e-04,96.465,6.867384e-06,0
304.50439,6.057717e-04,96.464,6.279764e-06,0
304.53491,5.531867e-04,96.463,5.734691e-06,0
304.56543,5.026930e-04,96.462,5.211288e-06,0
304.59595,5.256833e-04,96.461,5.449672e-06,0
304.62646,5.082660e-04,96.461,5.269158e-06,0
304.65698,5.050868e-04,96.460,5.236246e-06,0
304.68750,4.645835e-04,96.459,4.816391e-06,0
304.71802,5.963931e-04,96.458,6.182933e-06,0
304.74854,6.144144e-04,96.457,6.369821e-06,0
304.77905,6.416844e-04,96.456,6.652598e-06,0
304.80957,5.314613e-04,96.455,5.509922e-06,0
304.84009,6.281289e-04,96.454,6.512181e-06,0
304.87061,6.087322e-04,96.454,6.311141e-06,0
304.90112,5.334500e-04,96.453,5.530690e-06,0
304.93164,6.207350e-04,96.452,6.435699e-06,0
304.96216,6.137449e-04,96.451,6.363285e-06,0
304.99268,5.447786e-04,96.450,5.648295e-06,0
305.02319,4.671666e-04,96.449,4.843654e-06,0
305.05371,4.398570e-04,96.448,4.560545e-06,0
305.08423,4.656339e-04,96.447,4.827850e-06,0
305.11475,4.937091e-04,96.447,5.118990e-06,0
305.14526,3.749528e-04,96.446,3.887708e-06,0
305.17578,4.907550e-04,96.445,5.088453e-06,0
305.20630,4.784262e-04,96.444,4.960665e-06,0
305.23682,6.252204e-04,96.443,6.482791e-06,0
305.26733,5.082315e-04,96.442,5.269803e-06,0
305.29785,5.022846e-04,96.441,5.208187e-06,0
305.32837,5.864785e-04,96.440,6.081248e-06,0
305.35889,5.653179e-04,96.440,5.861886e-06,0
305.38940,5.312684e-04,96.439,5.508870e-06,0
305.41992,6.354350e-04,96.438,6.589062e-06,0
305.45044,6.514827e-04,96.437,6.755527e-06,0
305.48096,3.714515e-04,96.436,3.851788e-06,0
305.51147,3.544427e-04,96.435,3.675448e-06,0
305.54199,5.599947e-04,96.434,5.807003e-06,0
305.57251,6.947146e-04,96.433,7.204080e-06,0
305.60303,6.907738e-04,96.433,7.163279e-06,0
305.63354,6.831027e-04,96.432,7.083794e-06,0
305.66406,5.183335e-04,96.431,5.375182e-06,0
305.69458,4.540056e-04,96.430,4.708136e-06,0
305.72510,4.106916e-04,96.429,4.258999e-06,0
305.75562,5.449263e-04,96.428,5.651105e-06,0
305.78613,5.723908e-04,96.427,5.935977e-06,0
305.81665,4.927788e-04,96.427,5.110408e-06,0
305.84717,6.051355e-04,96.426,6.275669e-06,0
305.87769,5.431219e-04,96.425,5.632597e-06,0
305.90820,6.040920e-04,96.424,6.264961e-06,0
305.93872,5.108183e-04,96.423,5.297679e-06,0
305.96924,5.587193e-04,96.422,5.794511e-06,0
305.99976,5.268618e-04,96.421,5.464165e-06,0
306.03027,4.486742e-04,96.420,4.653310e-06,0
306.06079,6.992455e-04,96.420,7.252113e-06,0
306.09131,6.137633e-04,96.419,6.365605e-06,0
306.12183,4.185120e-04,96.418,4.340609e-06,0
306.15234,4.614058e-04,96.417,4.785526e-06,0
306.18286,4.304370e-04,96.416,4.464370e-06,0
306.21338,4.628842e-04,96.415,4.800946e-06,0
306.24390,5.678167e-04,96.414,5.889340e-06,0
306.27441,6.437281e-04,96.413,6.676745e-06,0
306.30493,6.610714e-04,96.413,6.856692e-06,0
306.33545,6.347754e-04,96.412,6.584006e-06,0
306.36597,4.888925e-04,96.411,5.070929e-06,0
306.39648,5.043169e-04,96.410,5.230962e-06,0
306.42700,4.924676e-04,96.409,5.108103e-06,0
306.45752,6.941544e-04,96.408,7.200156e-06,0
306.48804,6.934021e-04,96.407,7.192418e-06,0
306.51855,5.761236e-04,96.407,5.975983e-06,0
306.54907,5.723030e-04,96.406,5.936406e-06,0
306.57959,5.250646e-04,96.405,5.446459e-06,0
306.61011,6.161827e-04,96.404,6.391679e-06,0
306.64062,5.347123e-04,96.403,5.546634e-06,0
306.67114,5.289114e-04,96.402,5.486510e-06,0
306.70166,4.804406e-04,96.401,4.983757e-06,0
306.73218,5.508048e-04,96.400,5.713718e-06,0
306.76270,6.099351e-04,96.400,6.327158e-06,0
306.79321,6.273196e-04,96.399,6.507553e-06,0
306.82373,4.667881e-04,96.398,4.842310e-06,0
306.85425,5.135402e-04,96.397,5.327350e-06,0
306.88477,6.353070e-04,96.396,6.590590e-06,0
306.91528,5.216650e-04,96.395,5.411732e-06,0
306.94580,5.398764e-04,96.394,5.600707e-06,0
306.97632,5.451812e-04,96.393,5.655790e-06,0
307.00684,4.600800e-04,96.393,4.772980e-06,0
307.03735,3.849128e-04,96.392,3.993213e-06,0
307.06787,4.212586e-04,96.391,4.370317e-06,0
307.09839,4.053808e-04,96.390,4.205632e-06,0
307.12891,5.194798e-04,96.389,5.389402e-06,0
307.15942,4.951281e-04,96.388,5.136809e-06,0
307.18994,5.911067e-04,96.387,6.132613e-06,0
307.22046,7.540857e-04,96.387,7.823559e-06,0
307.25098,7.089026e-04,96.386,7.354855e-06,0
307.28149,6.313201e-04,96.385,6.549997e-06,0
307.31201,5.005945e-04,96.384,5.193755e-06,0
307.34253,3.052065e-04,96.383,3.166599e-06,0
307.37305,4.792408e-04,96.382,4.972296e-06,0
307.40356,5.283984e-04,96.381,5.482373e-06,0
307.43408,4.189807e-04,96.380,4.347154e-06,0
307.46460,4.373690e-04,96.380,4.537984e-06,0
307.49512,6.018064e-04,96.379,6.244183e-06,0
307.52563,6.007031e-04,96.378,6.232791e-06,0
307.55615,5.539366e-04,96.377,5.747602e-06,0
307.58667,5.167703e-04,96.376,5.362015e-06,0
307.61719,5.852175e-04,96.375,6.072279e-06,0
307.64771,5.892039e-04,96.374,6.113697e-06,0
307.67822,5.477415e-04,96.374,5.683526e-06,0
307.70874,5.321942e-04,96.373,5.522253e-06,0
307.73926,4.927642e-04,96.372,5.113157e-06,0
307.76978,4.858056e-04,96.371,5.040997e-06,0
307.80029,5.955190e-04,96.370,6.179502e-06,0
307.83081,6.356747e-04,96.369,6.596243e-06,0
307.86133,6.524561e-04,96.368,6.770441e-06,0
307.89185,5.633414e-04,96.367,5.845763e-06,0
307.92236,6.369452e-04,96.367,6.609605e-06,0
307.95288,5.550744e-04,96.366,5.760080e-06,0
307.98340,5.552287e-04,96.365,5.761733e-06,0
308.01392,4.758479e-04,96.364,4.938025e-06,0
308.04443,4.083661e-04,96.363,4.237783e-06,0
308.07495,4.403665e-04,96.362,4.569905e-06,0
308.10547,5.305643e-04,96.361,5.505982e-06,0
308.13599,5.653610e-04,96.361,5.867141e-06,0
308.16650,6.416002e-04,96.360,6.658388e-06,0
308.19702,6.998858e-04,96.359,7.263328e-06,0
308.22754,6.937678e-04,96.358,7.199901e-06,0
308.25806,5.167621e-04,96.357,5.362990e-06,0
308.28857,4.129239e-04,96.356,4.285389e-06,0
308.31909,4.566121e-04,96.355,4.738834e-06,0
308.34961,3.461381e-04,96.355,3.592340e-06,0
308.38013,4.424284e-04,96.354,4.591714e-06,0
308.41064,4.453224e-04,96.353,4.621791e-06,0
308.44116,5.011638e-04,96.352,5.201389e-06,0
308.47168,5.516250e-04,96.351,5.725157e-06,0
308.50220,6.150762e-04,96.350,6.383757e-06,0
308.53271,6.209723e-04,96.349,6.445009e-06,0
308.56323,7.122632e-04,96.348,7.392574e-06,0
308.59375,6.255126e-04,96.348,6.492248e-06,0
308.62427,5.282831e-04,96.347,5.483145e-06,0
308.65479,6.829158e-04,96.346,7.088168e-06,0
308.68530,6.583526e-04,96.345,6.833281e-06,0
308.71582,3.616324e-04,96.344,3.753548e-06,0
308.74634,3.048728e-04,96.343,3.164442e-06,0
308.77686,3.170129e-04,96.342,3.290480e-06,0
308.80737,4.456431e-04,96.342,4.625658e-06,0
308.83789,6.078157e-04,96.341,6.309023e-06,0
308.86841,6.117390e-04,96.340,6.349803e-06,0
308.89893,5.121221e-04,96.339,5.315835e-06,0
308.92944,5.414451e-04,96.338,5.620259e-06,0
308.95996,5.501037e-04,96.337,5.710186e-06,0
308.99048,5.018316e-04,96.336,5.209159e-06,0
309.02100,5.628537e-04,96.336,5.842639e-06,0
309.05151,5.573481e-04,96.335,5.785540e-06,0
309.08203,6.429876e-04,96.334,6.674579e-06,0
309.11255,7.903762e-04,96.333,8.204630e-06,0
309.14307,5.370978e-04,96.332,5.575482e-06,0
309.17358,5.166751e-04,96.331,5.363527e-06,0
309.20410,6.606448e-04,96.330,6.858116e-06,0
309.23462,5.887296e-04,96.329,6.111624e-06,0
309.26514,5.136209e-04,96.329,5.331965e-06,0
309.29565,4.914180e-04,96.328,5.101519e-06,0
309.32617,5.367057e-04,96.327,5.571710e-06,0
309.35669,3.751781e-04,96.326,3.894876e-06,0
309.38721,4.743152e-04,96.325,4.924104e-06,0
309.41772,5.877013e-04,96.324,6.101275e-06,0
309.44824,5.321262e-04,96.323,5.524367e-06,0
309.47876,3.861681e-04,96.323,4.009111e-06,0
309.50928,4.085357e-04,96.322,4.241365e-06,0
309.53979,5.244396e-04,96.321,5.444713e-06,0
309.57031,5.523590e-04,96.320,5.734623e-06,0
309.60083,6.036300e-04,96.319,6.266977e-06,0
309.63135,6.727991e-04,96.318,6.985163e-06,0
309.66187,6.323192e-04,96.317,6.564949e-06,0
309.69238,5.442893e-04,96.317,5.651044e-06,0
309.72290,5.147212e-04,96.316,5.344103e-06,0
309.75342,5.631993e-04,96.315,5.847480e-06,0
309.78394,8.234212e-04,96.314,8.549340e-06,0
309.81445,6.578505e-04,96.313,6.830329e-06,0
309.84497,5.285989e-04,96.312,5.488384e-06,0
309.87549,5.761808e-04,96.311,5.982476e-06,0
309.90601,4.784994e-04,96.311,4.968295e-06,0
309.93652,5.482501e-04,96.310,5.692573e-06,0
309.96704,5.878897e-04,96.309,6.104212e-06,0
309.99756,5.659240e-04,96.308,5.876188e-06,0
310.02808,4.995488e-04,96.307,5.187037e-06,0
310.05859,4.040984e-04,96.306,4.195971e-06,0
310.08911,4.467195e-04,96.305,4.638571e-06,0
310.11963,4.168492e-04,96.305,4.328446e-06,0
310.15015,4.331711e-04,96.304,4.497969e-06,0
310.18066,4.459932e-04,96.303,4.631152e-06,0
310.21118,3.859869e-04,96.302,4.008089e-06,0
310.24170,5.066668e-04,96.301,5.261276e-06,0
310.27222,7.203218e-04,96.300,7.479956e-06,0
310.30273,6.494322e-04,96.299,6.743885e-06,0
310.33325,5.842264e-04,96.299,6.066824e-06,0
310.36377,5.506255e-04,96.298,5.717950e-06,0
310.39429,5.132541e-04,96.297,5.329916e-06,0
310.42480,5.506305e-04,96.296,5.718105e-06,0
310.45532,4.539723e-04,96.295,4.714384e-06,0
310.48584,3.867221e-04,96.294,4.016045e-06,0
310.51636,4.811485e-04,96.293,4.996692e-06,0
310.54688,6.154743e-04,96.293,6.391712e-06,0
310.57739,7.371140e-04,96.292,7.655011e-06,0
310.60791,6.035921e-04,96.291,6.268426e-06,0
310.63843,5.538678e-04,96.290,5.752081e-06,0
310.66895,5.170987e-04,96.289,5.370271e-06,0
310.69946,5.402680e-04,96.288,5.610943e-06,0
310.72998,4.132347e-04,96.287,4.291679e-06,0
310.76050,3.241264e-04,96.287,3.366268e-06,0
310.79102,4.492618e-04,96.286,4.665925e-06,0
310.82153,3.446320e-04,96.285,3.579296e-06,0
310.85205,4.157465e-04,96.284,4.317919e-06,0
310.88257,5.174365e-04,96.283,5.374113e-06,0
310.91309,5.311852e-04,96.282,5.516957e-06,0
310.94360,4.669215e-04,96.281,4.849549e-06,0
310.97412,5.669225e-04,96.281,5.888233e-06,0
311.00464,6.800065e-04,96.280,7.062823e-06,0
311.03516,5.734854e-04,96.279,5.956504e-06,0
311.06567,3.564852e-04,96.278,3.702665e-06,0
311.09619,4.916842e-04,96.277,5.106967e-06,0
311.12671,4.571050e-04,96.276,4.747846e-06,0
311.15723,5.703017e-04,96.275,5.923647e-06,0
311.18774,5.858883e-04,96.275,6.085597e-06,0
311.21826,5.427144e-04,96.274,5.637202e-06,0
311.24878,6.107199e-04,96.273,6.343635e-06,0
311.27930,6.060480e-04,96.272,6.295162e-06,0
311.30981,3.806494e-04,96.271,3.953929e-06,0
311.34033,4.173261e-04,96.270,4.334941e-06,0
311.37085,4.708816e-04,96.269,4.891288e-06,0
311.40137,5.129654e-04,96.269,5.328481e-06,0
311.43188,5.246346e-04,96.268,5.449745e-06,0
311.46240,4.535237e-04,96.267,4.711108e-06,0
311.49292,3.966879e-04,96.266,4.120746e-06,0
311.52344,4.391442e-04,96.265,4.561818e-06,0
311.55396,5.119771e-04,96.264,5.318450e-06,0
311.58447,5.658603e-04,96.263,5.878246e-06,0
311.61499,4.411324e-04,96.263,4.582593e-06,0
311.64551,5.058036e-04,96.262,5.254460e-06,0
311.67603,4.849517e-04,96.261,5.037888e-06,0
311.70654,4.329259e-04,96.260,4.497461e-06,0
311.73706,4.627461e-04,96.259,4.807292e-06,0
311.76758,7.254402e-04,96.258,7.536387e-06,0
311.79810,7.857050e-04,96.257,8.162533e-06,0
311.82861,5.532929e-04,96.257,5.748101e-06,0
311.85913,4.339921e-04,96.256,4.508737e-06,0
311.88965,5.030600e-04,96.255,5.226329e-06,0
311.92017,6.120443e-04,96.254,6.358632e-06,0
311.95068,4.781220e-04,96.253,4.967335e-06,0
311.98120,4.222887e-04,96.252,4.387307e-06,0
312.01172,4.340682e-04,96.252,4.509728e-06,0
312.04224,4.954022e-04,96.251,5.146999e-06,0
312.07275,5.474960e-04,96.250,5.688280e-06,0
312.10327,5.302313e-04,96.249,5.508956e-06,0
312.13379,5.037052e-04,96.248,5.233403e-06,0
312.16431,4.719574e-04,96.247,4.903592e-06,0
312.19482,5.791496e-04,96.246,6.017363e-06,0
312.22534,5.300738e-04,96.246,5.507514e-06,0
312.25586,3.855245e-04,96.245,4.005670e-06,0
312.28638,4.063159e-04,96.244,4.221733e-06,0
312.31689,5.561209e-04,96.243,5.778299e-06,0
312.34741,4.987388e-04,96.242,5.182125e-06,0
312.37793,4.485900e-04,96.241,4.661096e-06,0
312.40845,5.481075e-04,96.240,5.695188e-06,0
312.43896,6.012713e-04,96.240,6.247650e-06,0
312.46948,5.286785e-04,96.239,5.493406e-06,0
312.50000,5.596147e-04,96.238,5.814910e-06,0
312.53052,5.480155e-04,96.237,5.694434e-06,0
312.56104,4.559786e-04,96.236,4.738119e-06,0
312.59155,4.021086e-04,96.235,4.178388e-06,0
312.62207,3.113898e-04,96.234,3.235740e-06,0
312.65259,5.024324e-04,96.234,5.220964e-06,0
312.68311,6.059107e-04,96.233,6.296302e-06,0
312.71362,4.855352e-04,96.232,5.045468e-06,0
312.74414,4.928680e-04,96.231,5.121713e-06,0
312.77466,4.926471e-04,96.230,5.119463e-06,0
312.80518,4.886211e-04,96.229,5.077670e-06,0
312.83569,5.225085e-04,96.229,5.429871e-06,0
312.86621,4.780228e-04,96.228,4.967623e-06,0
312.89673,3.715206e-04,96.227,3.860883e-06,0
312.92725,3.835851e-04,96.226,3.986295e-06,0
312.95776,3.989757e-04,96.225,4.146273e-06,0
312.98828,3.506705e-04,96.224,3.644304e-06,0
313.01880,3.732492e-04,96.223,3.878984e-06,0
313.04932,6.284268e-04,96.223,6.530970e-06,0
313.07983,5.402041e-04,96.222,5.614159e-06,0
313.11035,5.743966e-04,96.221,5.969563e-06,0
313.14087,6.402178e-04,96.220,6.653684e-06,0
313.17139,6.165558e-04,96.219,6.407825e-06,0
313.20190,6.026566e-04,96.218,6.263427e-06,0
313.23242,5.162670e-04,96.217,5.365625e-06,0
313.26294,4.457234e-04,96.217,4.632498e-06,0
313.29346,4.203487e-04,96.216,4.368812e-06,0
313.32397,4.342421e-04,96.215,4.513250e-06,0
313.35449,5.011326e-04,96.214,5.208516e-06,0
313.38501,4.728505e-04,96.213,4.914609e-06,0
313.41553,3.477996e-04,96.212,3.614914e-06,0
313.44604,5.197647e-04,96.212,5.402311e-06,0
313.47656,6.333983e-04,96.211,6.583450e-06,0
313.50708,6.238406e-04,96.210,6.484166e-06,0
313.53760,6.329441e-04,96.209,6.578844e-06,0
313.56812,4.913478e-04,96.208,5.107132e-06,0
313.59863,4.036788e-04,96.207,4.195926e-06,0
313.62915,3.850996e-04,96.206,4.002845e-06,0
313.65967,4.805542e-04,96.206,4.995074e-06,0
313.69019,5.075651e-04,96.205,5.275883e-06,0
313.72070,4.767776e-04,96.204,4.955906e-06,0
313.75122,3.985770e-04,96.203,4.143080e-06,0
313.78174,5.952317e-04,96.202,6.187297e-06,0
313.81226,6.854995e-04,96.201,7.125673e-06,0
313.84277,5.610418e-04,96.201,5.832003e-06,0
313.87329,4.933545e-04,96.200,5.128443e-06,0
313.90381,4.337417e-04,96.199,4.508805e-06,0
313.93433,3.811690e-04,96.198,3.962339e-06,0
313.96484,5.876305e-04,96.197,6.108607e-06,0
313.99536,7.059453e-04,96.196,7.338591e-06,0
314.02588,6.053571e-04,96.195,6.292991e-06,0
314.05640,5.012388e-04,96.195,5.210675e-06,0
314.08691,4.572838e-04,96.194,4.753779e-06,0
314.11743,3.749115e-04,96.193,3.897496e-06,0
314.14795,4.745952e-04,96.192,4.933830e-06,0
314.17847,5.509193e-04,96.191,5.727335e-06,0
314.20898,4.874225e-04,96.190,5.067269e-06,0
314.23950,4.639626e-04,96.190,4.823422e-06,0
314.27002,5.700578e-04,96.189,5.926454e-06,0
314.30054,5.215373e-04,96.188,5.422071e-06,0
314.33105,3.993803e-04,96.187,4.152125e-06,0
314.36157,4.668496e-04,96.186,4.853606e-06,0
314.39209,6.877986e-04,96.185,7.150767e-06,0
314.42261,5.722449e-04,96.184,5.949453e-06,0
314.45312,4.980670e-04,96.184,5.178294e-06,0
314.48364,4.488405e-04,96.183,4.666538e-06,0
314.51416,4.116606e-04,96.182,4.280021e-06,0
314.54468,3.940151e-04,96.181,4.096597e-06,0
314.57520,4.493025e-04,96.180,4.671465e-06,0
314.60571,3.670459e-04,96.179,3.816264e-06,0
314.63623,3.932822e-04,96.179,4.089085e-06,0
314.66675,3.110067e-04,96.178,3.233668e-06,0
314.69727,4.956984e-04,96.177,5.154031e-06,0
314.72778,5.439762e-04,96.176,5.656049e-06,0
314.75830,5.291550e-04,96.175,5.501992e-06,0
314.78882,6.828219e-04,96.174,7.099837e-06,0
314.81934,6.097235e-04,96.173,6.339831e-06,0
314.84985,5.659216e-04,96.173,5.884436e-06,0
314.88037,5.979894e-04,96.172,6.217930e-06,0
314.91089,6.158231e-04,96.171,6.403422e-06,0
314.94141,4.830051e-04,96.170,5.022404e-06,0
314.97192,5.893444e-04,96.169,6.128201e-06,0
315.00244,6.547448e-04,96.168,6.808315e-06,0
315.03296,5.163463e-04,96.168,5.369236e-06,0
315.06348,3.630302e-04,96.167,3.775009e-06,0
315.09399,4.310676e-04,96.166,4.482542e-06,0
315.12451,4.783215e-04,96.165,4.973966e-06,0
315.15503,5.016526e-04,96.164,5.216627e-06,0
315.18555,4.511933e-04,96.163,4.691947e-06,0
315.21606,3.845364e-04,96.162,3.998819e-06,0
315.24658,4.993855e-04,96.162,5.193187e-06,0
315.27710,4.231403e-04,96.161,4.400340e-06,0
315.30762,3.477541e-04,96.160,3.616413e-06,0
315.33813,3.863988e-04,96.159,4.018327e-06,0
315.36865,4.696954e-04,96.158,4.884607e-06,0
315.39917,5.310706e-04,96.157,5.522928e-06,0
315.42969,4.712764e-04,96.157,4.901134e-06,0
315.46021,4.449150e-04,96.156,4.627025e-06,0
315.49072,5.077365e-04,96.155,5.280401e-06,0
315.52124,6.628695e-04,96.154,6.893827e-06,0
315.55176,4.265762e-04,96.153,4.436422e-06,0
315.58228,3.330134e-04,96.152,3.463392e-06,0
315.61279,4.077153e-04,96.152,4.240341e-06,0
315.64331,4.976422e-04,96.151,5.175648e-06,0
315.67383,4.176585e-04,96.150,4.343829e-06,0
315.70435,4.105438e-04,96.149,4.269870e-06,0
315.73486,5.668224e-04,96.148,5.895301e-06,0
315.76538,5.284182e-04,96.147,5.495922e-06,0
315.79590,4.666584e-04,96.146,4.853619e-06,0
315.82642,5.443437e-04,96.146,5.661658e-06,0
315.85693,7.135260e-04,96.145,7.421368e-06,0
315.88745,6.835617e-04,96.144,7.109772e-06,0
315.91797,5.529636e-04,96.143,5.751462e-06,0
315.94849,4.201994e-04,96.142,4.370599e-06,0
315.97900,4.288647e-04,96.141,4.460768e-06,0
316.00952,4.564617e-04,96.141,4.747855e-06,0
316.04004,6.443545e-04,96.140,6.702269e-06,0
316.07056,7.215208e-04,96.139,7.504982e-06,0
316.10107,6.583565e-04,96.138,6.848030e-06,0
316.13159,4.948091e-04,96.137,5.146903e-06,0
316.16211,5.475694e-04,96.136,5.695755e-06,0
316.19263,5.894472e-04,96.136,6.131417e-06,0
316.22314,4.999468e-04,96.135,5.200482e-06,0
316.25366,2.939371e-04,96.134,3.057581e-06,0
316.28418,6.635411e-04,96.133,6.902322e-06,0
316.31470,7.224469e-04,96.132,7.515140e-06,0
316.34521,6.381350e-04,96.131,6.638157e-06,0
316.37573,5.474044e-04,96.131,5.694388e-06,0
316.40625,5.442763e-04,96.130,5.661896e-06,0
316.43677,5.160422e-04,96.129,5.368235e-06,0
316.46729,6.421915e-04,96.128,6.680588e-06,0
316.49780,6.032057e-04,96.127,6.275081e-06,0
316.52832,4.435271e-04,96.126,4.614003e-06,0
316.55884,5.146485e-04,96.125,5.353924e-06,0
316.58936,4.812187e-04,96.125,5.006196e-06,0
316.61987,4.275311e-04,96.124,4.447713e-06,0
316.65039,5.308682e-04,96.123,5.522804e-06,0
316.68091,4.221260e-04,96.122,4.391560e-06,0
316.71143,3.517963e-04,96.121,3.659921e-06,0
316.74194,4.060351e-04,96.120,4.224233e-06,0
316.77246,5.667829e-04,96.120,5.896642e-06,0
316.80298,4.376766e-04,96.119,4.553498e-06,0
316.83350,3.968782e-04,96.118,4.129076e-06,0
316.86401,6.077007e-04,96.117,6.322505e-06,0
316.89453,7.055808e-04,96.116,7.340911e-06,0
316.92505,6.651409e-04,96.115,6.920232e-06,0
316.95557,5.792945e-04,96.115,6.027124e-06,0
316.98608,5.791044e-04,96.114,6.025199e-06,0
317.01660,6.529065e-04,96.113,6.793120e-06,0
317.04712,6.093019e-04,96.112,6.339495e-06,0
317.07764,4.854589e-04,96.111,5.051011e-06,0
317.10815,3.760356e-04,96.110,3.912539e-06,0
317.13867,6.273683e-04,96.110,6.527637e-06,0
317.16919,5.496808e-04,96.109,5.719365e-06,0
317.19971,4.274451e-04,96.108,4.447555e-06,0
317.23022,5.390183e-04,96.107,5.608521e-06,0
317.26074,4.884964e-04,96.106,5.082882e-06,0
317.29126,3.401004e-04,96.105,3.538829e-06,0
317.32178,5.661515e-04,96.105,5.890997e-06,0
317.35229,5.740914e-04,96.104,5.973667e-06,0
317.38281,6.179280e-04,96.103,6.429861e-06,0
317.41333,6.520702e-04,96.102,6.785188e-06,0
317.44385,5.866015e-04,96.101,6.104000e-06,0
317.47437,4.423998e-04,96.100,4.603520e-06,0
317.50488,5.059770e-04,96.099,5.265137e-06,0
317.53540,6.123889e-04,96.099,6.372502e-06,0
317.56592,5.854393e-04,96.098,6.092118e-06,0
317.59644,4.199884e-04,96.097,4.370463e-06,0
317.62695,4.966484e-04,96.096,5.168244e-06,0
317.65747,5.712918e-04,96.095,5.945054e-06,0
317.68799,5.547671e-04,96.094,5.773142e-06,0
317.71851,5.539853e-04,96.094,5.765056e-06,0
317.74902,4.991023e-04,96.093,5.193961e-06,0
317.77954,4.789389e-04,96.092,4.984172e-06,0
317.81006,5.180905e-04,96.091,5.391657e-06,0
317.84058,5.128898e-04,96.090,5.337582e-06,0
317.87109,5.122324e-04,96.089,5.330787e-06,0
317.90161,6.661767e-04,96.089,6.932940e-06,0
317.93213,6.097773e-04,96.088,6.346043e-06,0
317.96265,6.118304e-04,96.087,6.367465e-06,0
317.99316,6.004385e-04,96.086,6.248961e-06,0
318.02368,5.720891e-04,96.085,5.953972e-06,0
318.05420,5.796364e-04,96.084,6.032572e-06,0
318.08472,3.668354e-04,96.084,3.817877e-06,0
318.11523,5.642699e-04,96.083,5.872748e-06,0
318.14575,5.866314e-04,96.082,6.105532e-06,0
318.17627,5.064355e-04,96.081,5.270916e-06,0
318.20679,4.973058e-04,96.080,5.175941e-06,0
318.23730,4.756817e-04,96.079,4.950921e-06,0
318.26782,4.100786e-04,96.079,4.268157e-06,0
318.29834,3.679785e-04,96.078,3.830006e-06,0
318.32886,5.115544e-04,96.077,5.324424e-06,0
318.35938,4.404318e-04,96.076,4.584197e-06,0
318.38989,4.954016e-04,96.075,5.156390e-06,0
318.42041,5.678275e-04,96.074,5.910287e-06,0
318.45093,4.763188e-04,96.074,4.957853e-06,0
318.48145,4.835137e-04,96.073,5.032786e-06,0
318.51196,5.329194e-04,96.072,5.547087e-06,0
318.54248,5.714342e-04,96.071,5.948033e-06,0
318.57300,6.751649e-04,96.070,7.027823e-06,0
318.60352,5.150358e-04,96.069,5.361078e-06,0
318.63403,5.716295e-04,96.069,5.950222e-06,0
318.66455,5.728290e-04,96.068,5.962760e-06,0
318.69507,4.303368e-04,96.067,4.479551e-06,0
318.72559,5.931990e-04,96.066,6.174904e-06,0
318.75610,4.754787e-04,96.065,4.949537e-06,0
318.78662,6.674716e-04,96.064,6.948165e-06,0
318.81714,6.597351e-04,96.064,6.867691e-06,0
318.84766,5.237699e-04,96.063,5.452371e-06,0
318.87817,4.140751e-04,96.062,4.310501e-06,0
318.90869,3.732914e-04,96.061,3.885979e-06,0
318.93921,4.326620e-04,96.060,4.504068e-06,0
318.96973,3.787587e-04,96.059,3.942961e-06,0
319.00024,4.755622e-04,96.059,4.950750e-06,0
319.03076,5.187518e-04,96.058,5.400414e-06,0
319.06128,5.182656e-04,96.057,5.395400e-06,0
319.09180,4.673651e-04,96.056,4.865543e-06,0
319.12231,5.115284e-04,96.055,5.325354e-06,0
319.15283,6.042950e-04,96.054,6.291171e-06,0
319.18335,4.885326e-04,96.054,5.086041e-06,0
319.21387,3.989806e-04,96.053,4.153764e-06,0
319.24438,4.882844e-04,96.052,5.083545e-06,0
319.27490,4.326432e-04,96.051,4.504301e-06,0
319.30542,5.626719e-04,96.050,5.858097e-06,0
319.33594,6.533973e-04,96.049,6.802717e-06,0
319.36646,6.136026e-04,96.049,6.388457e-06,0
319.39697,6.043203e-04,96.048,6.291870e-06,0
319.42749,5.153847e-04,96.047,5.365966e-06,0
319.45801,4.691162e-04,96.046,4.884280e-06,0
319.48853,4.674340e-04,96.045,4.866807e-06,0
319.51904,4.386636e-04,96.044,4.567297e-06,0
319.54956,5.384417e-04,96.044,5.606219e-06,0
319.58008,7.270675e-04,96.043,7.570244e-06,0
319.61060,6.852274e-04,96.042,7.134666e-06,0
319.64111,4.942622e-04,96.041,5.146358e-06,0
319.67163,4.807074e-04,96.040,5.005267e-06,0
319.70215,4.959433e-04,96.039,5.163952e-06,0
319.73267,5.652324e-04,96.039,5.885468e-06,0
319.76318,4.855071e-04,96.038,5.055373e-06,0
319.79370,5.233011e-04,96.037,5.448953e-06,0
319.82422,5.432315e-04,96.036,5.656530e-06,0
319.85474,6.332007e-04,96.035,6.593414e-06,0
319.88525,8.352467e-04,96.035,8.697360e-06,0
319.91577,6.515555e-04,96.034,6.784656e-06,0
319.94629,5.530801e-04,96.033,5.759280e-06,0
319.97681,5.250561e-04,96.032,5.467510e-06,0
320.00732,5.412703e-04,96.031,5.636401e-06,0
320.03784,6.857180e-04,96.030,7.140638e-06,0
320.06836,7.414562e-04,96.030,7.721127e-06,0
320.09888,7.008347e-04,96.029,7.298180e-06,0
320.12939,6.188220e-04,96.028,6.444192e-06,0
320.15991,4.751638e-04,96.027,4.948229e-06,0
320.19043,4.484334e-04,96.026,4.669906e-06,0
320.22095,5.186861e-04,96.025,5.401552e-06,0
320.25146,6.473381e-04,96.025,6.741381e-06,0
320.28198,6.424734e-04,96.024,6.690778e-06,0
320.31250,5.518345e-04,96.023,5.746905e-06,0
320.34302,4.728288e-04,96.022,4.924168e-06,0
320.37354,5.560037e-04,96.021,5.790424e-06,0
320.40405,6.269720e-04,96.020,6.529570e-06,0
320.43457,5.943308e-04,96.020,6.189683e-06,0
320.46509,4.418515e-04,96.019,4.601721e-06,0
320.49561,5.146694e-04,96.018,5.360138e-06,0
320.52612,4.834059e-04,96.017,5.034581e-06,0
320.55664,4.873444e-04,96.016,5.075644e-06,0
320.58716,5.727398e-04,96.015,5.965080e-06,0
320.61768,5.593912e-04,96.015,5.826104e-06,0
320.64819,4.995771e-04,96.014,5.203180e-06,0
320.67871,4.674225e-04,96.013,4.868327e-06,0
320.70923,4.681356e-04,96.012,4.875796e-06,0
320.73975,5.103050e-04,96.011,5.315051e-06,0
320.77026,5.806657e-04,96.010,6.047941e-06,0
320.80078,6.446705e-04,96.010,6.714643e-06,0
320.83130,6.207910e-04,96.009,6.465979e-06,0
320.86182,5.969686e-04,96.008,6.217905e-06,0
320.89233,4.032486e-04,96.007,4.200192e-06,0
320.92285,4.723950e-04,96.006,4.920456e-06,0
320.95337,4.550818e-04,96.006,4.740162e-06,0
320.98389,3.037687e-04,96.005,3.164102e-06,0
321.01440,4.620051e-04,96.004,4.812359e-06,0
321.04492,5.440171e-04,96.003,5.666666e-06,0
321.07544,5.732421e-04,96.002,5.971134e-06,0
321.10596,5.264970e-04,96.001,5.484264e-06,0
321.13647,6.103381e-04,96.001,6.357651e-06,0
321.16699,6.137127e-04,96.000,6.392859e-06,0
321.19751,3.663212e-04,95.999,3.815889e-06,0
321.22803,5.009609e-04,95.998,5.218447e-06,0
321.25854,5.446973e-04,95.997,5.674092e-06,0
321.28906,5.512977e-04,95.996,5.742898e-06,0
321.31958,4.282231e-04,95.996,4.460861e-06,0
321.35010,4.486157e-04,95.995,4.673334e-06,0
321.38062,5.108291e-04,95.994,5.321472e-06,0
321.41113,4.159687e-04,95.993,4.333317e-06,0
321.44165,5.391004e-04,95.992,5.616079e-06,0
321.47217,6.145941e-04,95.991,6.402590e-06,0
321.50269,6.111319e-04,95.991,6.366577e-06,0
321.53320,5.362713e-04,95.990,5.586752e-06,0
321.56372,4.667928e-04,95.989,4.862983e-06,0
321.59424,4.999958e-04,95.988,5.208932e-06,0
321.62476,4.194071e-04,95.987,4.369400e-06,0
321.65527,3.777626e-04,95.987,3.935579e-06,0
321.68579,4.073263e-04,95.986,4.243615e-06,0
321.71631,4.894701e-04,95.985,5.099450e-06,0
321.74683,4.344001e-04,95.984,4.525753e-06,0
321.77734,5.886742e-04,95.983,6.133094e-06,0
321.80786,5.932505e-04,95.982,6.180825e-06,0
321.83838,5.575176e-04,95.982,5.808589e-06,0
321.86890,3.785856e-04,95.981,3.944390e-06,0
321.89941,4.050809e-04,95.980,4.220475e-06,0
321.92993,4.543228e-04,95.979,4.733559e-06,0
321.96045,4.429662e-04,95.978,4.615275e-06,0
321.99097,5.022438e-04,95.977,5.232935e-06,0
322.02148,5.071249e-04,95.977,5.283837e-06,0
322.05200,4.646325e-04,95.976,4.841142e-06,0
322.08252,4.177156e-04,95.975,4.352338e-06,0
322.11304,5.672369e-04,95.974,5.910309e-06,0
322.14355,4.967008e-04,95.973,5.175404e-06,0
322.17407,4.714182e-04,95.973,4.912012e-06,0
322.20459,4.727794e-04,95.972,4.926238e-06,0
322.23511,4.349213e-04,95.971,4.531806e-06,0
322.26562,4.911946e-04,95.970,5.118207e-06,0
322.29614,3.767296e-04,95.969,3.925525e-06,0
322.32666,5.652470e-04,95.968,5.889928e-06,0
322.35718,5.715543e-04,95.968,5.955702e-06,0
322.38770,4.911904e-04,95.967,5.118340e-06,0
322.41821,4.152501e-04,95.966,4.327057e-06,0
322.44873,4.334020e-04,95.965,4.516246e-06,0
322.47925,5.372932e-04,95.964,5.598887e-06,0
322.50977,5.273621e-04,95.963,5.495447e-06,0
322.54028,5.278321e-04,95.963,5.500392e-06,0
322.57080,4.672924e-04,95.962,4.869566e-06,0
322.60132,6.111999e-04,95.961,6.369253e-06,0
322.63184,6.626377e-04,95.960,6.905340e-06,0
322.66235,4.564609e-04,95.959,4.756816e-06,0
322.69287,4.794129e-04,95.959,4.996043e-06,0
322.72339,3.916876e-04,95.958,4.081878e-06,0
322.75391,4.061238e-04,95.957,4.232357e-06,0
322.78442,3.789162e-04,95.956,3.948851e-06,0
322.81494,4.466084e-04,95.955,4.654340e-06,0
322.84546,6.557081e-04,95.954,6.833538e-06,0
322.87598,5.571583e-04,95.954,5.806538e-06,0
322.90649,6.242861e-04,95.953,6.506181e-06,0
322.93701,5.814268e-04,95.952,6.059562e-06,0
322.96753,4.622196e-04,95.951,4.817240e-06,0
322.99805,4.746296e-04,95.950,4.946619e-06,0
323.02856,7.811671e-04,95.949,8.141441e-06,0
323.05908,7.857046e-04,95.949,8.188801e-06,0
323.08960,4.958363e-04,95.948,5.167769e-06,0
323.12012,4.490246e-04,95.947,4.679922e-06,0
323.15063,4.447804e-04,95.946,4.635727e-06,0
323.18115,5.024955e-04,95.945,5.237307e-06,0
323.21167,4.577301e-04,95.945,4.770776e-06,0
323.24219,5.354181e-04,95.944,5.580541e-06,0
323.27271,4.025372e-04,95.943,4.195590e-06,0
323.30322,4.137632e-04,95.942,4.312634e-06,0
323.33374,4.080251e-04,95.941,4.252863e-06,0
323.36426,5.683691e-04,95.940,5.924185e-06,0
323.39478,5.507761e-04,95.940,5.740860e-06,0
323.42529,5.212156e-04,95.939,5.432791e-06,0
323.45581,4.236813e-04,95.938,4.416199e-06,0
323.48633,5.061660e-04,95.937,5.276015e-06,0
323.51685,5.987896e-04,95.936,6.241529e-06,0
323.54736,5.015521e-04,95.936,5.228011e-06,0
323.57788,5.760630e-04,95.935,6.004739e-06,0
323.60840,5.120759e-04,95.934,5.337799e-06,0
323.63892,4.941768e-04,95.933,5.151265e-06,0
323.66943,4.701238e-04,95.932,4.900581e-06,0
323.69995,4.663955e-04,95.931,4.861758e-06,0
323.73047,4.503315e-04,95.931,4.694346e-06,0
323.76099,5.176891e-04,95.930,5.396540e-06,0
323.79150,6.039799e-04,95.929,6.296115e-06,0
323.82202,6.470492e-04,95.928,6.745143e-06,0
323.85254,5.338101e-04,95.927,5.564733e-06,0
323.88306,4.588260e-04,95.927,4.783098e-06,0
323.91357,4.966688e-04,95.926,5.177640e-06,0
323.94409,4.814151e-04,95.925,5.018667e-06,0
323.97461,4.885973e-04,95.924,5.093583e-06,0
324.00513,5.436826e-04,95.923,5.667891e-06,0
324.03564,6.248234e-04,95.922,6.513839e-06,0
324.06616,7.053134e-04,95.922,7.353017e-06,0
324.09668,5.768100e-04,95.921,6.013397e-06,0
324.12720,4.487686e-04,95.920,4.678573e-06,0
324.15771,4.718333e-04,95.919,4.919072e-06,0
324.18823,6.516840e-04,95.918,6.794153e-06,0
324.21875,6.702246e-04,95.918,6.987509e-06,0
324.24927,6.507366e-04,95.917,6.784392e-06,0
324.27979,4.914738e-04,95.916,5.124008e-06,0
324.31030,3.362513e-04,95.915,3.505719e-06,0
324.34082,4.420637e-04,95.914,4.608946e-06,0
324.37134,4.991778e-04,95.913,5.204461e-06,0
324.40186,4.651640e-04,95.913,4.849872e-06,0
324.43237,6.301599e-04,95.912,6.570201e-06,0
324.46289,5.793457e-04,95.911,6.040452e-06,0
324.49341,5.427400e-04,95.910,5.658837e-06,0
324.52393,4.590362e-04,95.909,4.786146e-06,0
324.55444,4.675174e-04,95.909,4.874617e-06,0
324.58496,4.841853e-04,95.908,5.048449e-06,0
324.61548,3.981959e-04,95.907,4.151900e-06,0
324.64600,4.081274e-04,95.906,4.255489e-06,0
324.67651,5.535165e-04,95.905,5.771491e-06,0
324.70703,5.783147e-04,95.904,6.030112e-06,0
324.73755,4.556688e-04,95.904,4.751319e-06,0
324.76807,5.226310e-04,95.903,5.449588e-06,0
324.79858,6.190940e-04,95.902,6.455485e-06,0
324.82910,4.477741e-04,95.901,4.669119e-06,0
324.85962,4.280758e-04,95.900,4.463755e-06,0
324.89014,5.325218e-04,95.900,5.552911e-06,0
324.92065,6.379594e-04,95.899,6.652426e-06,0
324.95117,6.275904e-04,95.898,6.544358e-06,0
324.98169,7.619677e-04,95.897,7.945679e-06,0
325.01221,6.707525e-04,95.896,6.994561e-06,0
325.04272,4.030039e-04,95.895,4.202533e-06,0
325.07324,3.930370e-04,95.895,4.098632e-06,0
325.10376,6.232835e-04,95.894,6.499723e-06,0
325.13428,7.151030e-04,95.893,7.457298e-06,0
325.16479,6.436326e-04,95.892,6.712041e-06,0
325.19531,4.372136e-04,95.891,4.559466e-06,0
325.22583,4.316192e-04,95.891,4.501163e-06,0
325.25635,5.699020e-04,95.890,5.943302e-06,0
325.28687,5.261369e-04,95.889,5.486939e-06,0
325.31738,4.806080e-04,95.888,5.012173e-06,0
325.34790,4.617026e-04,95.887,4.815053e-06,0
325.37842,6.229682e-04,95.887,6.496931e-06,0
325.40894,6.737872e-04,95.886,7.026983e-06,0
325.43945,5.502037e-04,95.885,5.738169e-06,0
325.46997,4.489917e-04,95.884,4.682651e-06,0
325.50049,4.968815e-04,95.883,5.182150e-06,0
325.53101,5.168546e-04,95.882,5.390502e-06,0
325.56152,5.484805e-04,95.882,5.720391e-06,0
325.59204,6.308659e-04,95.881,6.579688e-06,0
325.62256,5.729059e-04,95.880,5.975238e-06,0
325.65308,6.423582e-04,95.879,6.699662e-06,0
325.68359,5.494728e-04,95.878,5.730936e-06,0
325.71411,4.566676e-04,95.878,4.763028e-06,0
325.74463,5.457697e-04,95.877,5.692409e-06,0
325.77515,4.048932e-04,95.876,4.223095e-06,0
325.80566,3.565224e-04,95.875,3.718612e-06,0
325.83618,4.115991e-04,95.874,4.293112e-06,0
325.86670,4.509908e-04,95.874,4.704019e-06,0
325.89722,4.873366e-04,95.873,5.083164e-06,0
325.92773,6.128446e-04,95.872,6.392330e-06,0
325.95825,6.094236e-04,95.871,6.356700e-06,0
325.98877,5.238784e-04,95.870,5.464452e-06,0
326.01929,3.224399e-04,95.869,3.363323e-06,0
326.04980,4.755191e-04,95.869,4.960112e-06,0
326.08032,5.816024e-04,95.868,6.066712e-06,0
326.11084,6.861831e-04,95.867,7.157657e-06,0
326.14136,5.141689e-04,95.866,5.363402e-06,0
326.17188,4.155462e-04,95.865,4.334685e-06,0
326.20239,4.703263e-04,95.865,4.906154e-06,0
326.23291,4.626705e-04,95.864,4.826335e-06,0
326.26343,3.901817e-04,95.863,4.070204e-06,0
326.29395,5.338356e-04,95.862,5.568786e-06,0
326.32446,4.671871e-04,95.861,4.873573e-06,0
326.35498,5.041216e-04,95.861,5.258908e-06,0
326.38550,4.520638e-04,95.860,4.715890e-06,0
326.41602,4.673579e-04,95.859,4.875479e-06,0
326.44653,4.805412e-04,95.858,5.013049e-06,0
326.47705,4.756609e-04,95.857,4.962180e-06,0
326.50757,5.174122e-04,95.856,5.397783e-06,0
326.53809,5.092894e-04,95.856,5.313088e-06,0
326.56860,5.798096e-04,95.855,6.048831e-06,0
326.59912,5.146571e-04,95.854,5.369177e-06,0
326.62964,4.912785e-04,95.853,5.125322e-06,0
326.66016,6.332769e-04,95.852,6.606793e-06,0
326.69067,6.339565e-04,95.852,6.613940e-06,0
326.72119,6.473647e-04,95.851,6.753881e-06,0
326.75171,5.667539e-04,95.850,5.912928e-06,0
326.78223,3.420621e-04,95.849,3.568755e-06,0
326.81274,4.059828e-04,95.848,4.235679e-06,0
326.84326,5.206527e-04,95.848,5.432093e-06,0
326.87378,6.295545e-04,95.847,6.568347e-06,0
326.90430,4.796674e-04,95.846,5.004569e-06,0
326.93481,4.341584e-04,95.845,4.529793e-06,0
326.96533,5.984410e-04,95.844,6.243888e-06,0
326.99585,3.976305e-04,95.843,4.148749e-06,0
327.02637,3.582015e-04,95.843,3.737391e-06,0
327.05688,4.772923e-04,95.842,4.979999e-06,0
327.08740,4.323185e-04,95.841,4.510786e-06,0
327.11792,4.957316e-04,95.840,5.172480e-06,0
327.14844,4.930532e-04,95.839,5.144576e-06,0
327.17896,4.187901e-04,95.839,4.369743e-06,0
327.20947,5.540541e-04,95.838,5.781164e-06,0
327.23999,5.564396e-04,95.837,5.806105e-06,0
327.27051,4.412640e-04,95.836,4.604357e-06,0
327.30103,4.440400e-04,95.835,4.633362e-06,0
327.33154,6.705095e-04,95.835,6.996531e-06,0
327.36206,5.769965e-04,95.834,6.020806e-06,0
327.39258,6.174101e-04,95.833,6.442566e-06,0
327.42310,3.811309e-04,95.832,3.977068e-06,0
327.45361,3.920571e-04,95.831,4.091116e-06,0
327.48413,4.382657e-04,95.831,4.573342e-06,0
327.51465,4.712273e-04,95.830,4.917341e-06,0
327.54517,6.543029e-04,95.829,6.827824e-06,0
327.57568,6.444395e-04,95.828,6.724954e-06,0
327.60620,6.679514e-04,95.827,6.970368e-06,0
327.63672,7.490259e-04,95.826,7.816482e-06,0
327.66724,6.861060e-04,95.826,7.159940e-06,0
327.69775,5.307576e-04,95.825,5.538830e-06,0
327.72827,5.506148e-04,95.824,5.746103e-06,0
327.75879,5.123270e-04,95.823,5.346584e-06,0
327.78931,6.032928e-04,95.822,6.295945e-06,0
327.81982,6.118910e-04,95.822,6.385730e-06,0
327.85034,6.480435e-04,95.821,6.763076e-06,0
327.88086,5.051944e-04,95.820,5.272327e-06,0
327.91138,5.481552e-04,95.819,5.720724e-06,0
327.94189,5.406664e-04,95.818,5.642616e-06,0
327.97241,4.092892e-04,95.818,4.271546e-06,0
328.00293,3.809159e-04,95.817,3.975461e-06,0
328.03345,4.431169e-04,95.816,4.624666e-06,0
328.06396,5.737968e-04,95.815,5.988580e-06,0
328.09448,5.427375e-04,95.814,5.664469e-06,0
328.12500,6.420204e-04,95.814,6.700727e-06,0
328.15552,4.950993e-04,95.813,5.167364e-06,0
328.18604,3.079054e-04,95.812,3.213644e-06,0
328.21655,2.957472e-04,95.811,3.086773e-06,0
328.24707,5.294238e-04,95.810,5.525750e-06,0
328.27759,4.763053e-04,95.810,4.971378e-06,0
328.30811,5.238907e-04,95.809,5.468091e-06,0
328.33862,4.789282e-04,95.808,4.998838e-06,0
328.36914,3.783663e-04,95.807,3.949251e-06,0
328.39966,4.753570e-04,95.806,4.961647e-06,0
328.43018,4.506127e-04,95.805,4.703413e-06,0
328.46069,4.294730e-04,95.805,4.482798e-06,0
328.49121,5.552104e-04,95.804,5.795282e-06,0
328.52173,4.583582e-04,95.803,4.784379e-06,0
328.55225,4.274438e-04,95.802,4.461730e-06,0
328.58276,4.727104e-04,95.801,4.934272e-06,0
328.61328,4.649577e-04,95.801,4.853388e-06,0
328.64380,4.465977e-04,95.800,4.661779e-06,0
328.67432,3.988118e-04,95.799,4.163004e-06,0
328.70483,3.938766e-04,95.798,4.111523e-06,0
328.73535,4.766295e-04,95.797,4.975389e-06,0
328.76587,4.972518e-04,95.797,5.190703e-06,0
328.79639,5.325967e-04,95.796,5.559707e-06,0
328.82690,5.252333e-04,95.795,5.482887e-06,0
328.85742,4.281036e-04,95.794,4.468993e-06,0
328.88794,4.329483e-04,95.793,4.519605e-06,0
328.91846,5.602631e-04,95.793,5.848710e-06,0
328.94897,5.443053e-04,95.792,5.682171e-06,0
328.97949,5.628666e-04,95.791,5.875987e-06,0
329.01001,5.805208e-04,95.790,6.060337e-06,0
329.04053,4.873437e-04,95.789,5.087659e-06,0
329.07104,4.662145e-04,95.789,4.867120e-06,0
329.10156,5.709111e-04,95.788,5.960167e-06,0
329.13208,6.233811e-04,95.787,6.507995e-06,0
329.16260,5.337460e-04,95.786,5.572267e-06,0
329.19312,4.140814e-04,95.785,4.323013e-06,0
329.22363,5.694189e-04,95.785,5.944788e-06,0
329.25415,5.457336e-04,95.784,5.697560e-06,0
329.28467,4.806167e-04,95.783,5.017770e-06,0
329.31519,5.136650e-04,95.782,5.362848e-06,0
329.34570,5.723233e-04,95.781,5.975311e-06,0
329.37622,5.863209e-04,95.781,6.121504e-06,0
329.40674,5.119170e-04,95.780,5.344733e-06,0
329.43726,4.782382e-04,95.779,4.993147e-06,0
329.46777,5.006112e-04,95.778,5.226781e-06,0
329.49829,4.848270e-04,95.777,5.062023e-06,0
329.52881,3.772860e-04,95.777,3.939234e-06,0
329.55933,4.648672e-04,95.776,4.853707e-06,0
329.58984,5.546693e-04,95.775,5.791385e-06,0
329.62036,4.826601e-04,95.774,5.039568e-06,0
329.65088,5.047599e-04,95.773,5.270361e-06,0
329.68140,4.670716e-04,95.772,4.876887e-06,0
329.71191,3.931415e-04,95.772,4.104987e-06,0
329.74243,4.331080e-04,95.771,4.522334e-06,0
329.77295,3.264355e-04,95.770,3.408533e-06,0
329.80347,3.615555e-04,95.769,3.775276e-06,0
329.83398,3.733329e-04,95.768,3.898286e-06,0
329.86450,3.989471e-04,95.768,4.165781e-06,0
329.89502,3.871907e-04,95.767,4.043055e-06,0
329.92554,4.393029e-04,95.766,4.587250e-06,0
329.95605,3.705842e-04,95.765,3.869714e-06,0
329.98657,4.395034e-04,95.764,4.589421e-06,0
330.01709,4.488206e-04,95.764,4.686752e-06,0
330.04761,5.958631e-04,95.763,6.222278e-06,0
330.07812,7.106332e-04,95.762,7.420821e-06,0
330.10864,6.413240e-04,95.761,6.697113e-06,0
330.13916,6.988551e-04,95.760,7.297951e-06,0
330.16968,6.799034e-04,95.760,7.100103e-06,0
330.20020,4.768757e-04,95.759,4.979964e-06,0
330.23071,5.705100e-04,95.758,5.957828e-06,0
330.26123,6.662736e-04,95.757,6.957944e-06,0
330.29175,4.512406e-04,95.756,4.712378e-06,0
330.32227,4.457134e-04,95.756,4.654696e-06,0
330.35278,5.012344e-04,95.755,5.234559e-06,0
330.38330,6.982578e-04,95.754,7.292201e-06,0
330.41382,6.573373e-04,95.753,6.864909e-06,0
330.44434,5.622881e-04,95.752,5.872311e-06,0
330.47485,5.551065e-04,95.752,5.797357e-06,0
330.50537,4.398792e-04,95.751,4.593998e-06,0
330.53589,3.773433e-04,95.750,3.940921e-06,0
330.56641,3.486144e-04,95.749,3.640911e-06,0
330.59692,4.689104e-04,95.748,4.897316e-06,0
330.62744,4.825379e-04,95.748,5.039684e-06,0
330.65796,4.716304e-04,95.747,4.925807e-06,0
330.68848,5.923416e-04,95.746,6.186592e-06,0
330.71899,4.185176e-04,95.745,4.371158e-06,0
330.74951,4.221763e-04,95.744,4.409408e-06,0
330.78003,5.162044e-04,95.744,5.391527e-06,0
330.81055,5.804252e-04,95.743,6.062335e-06,0
330.84106,5.961898e-04,95.742,6.227043e-06,0
330.87158,7.049380e-04,95.741,7.362951e-06,0
330.90210,6.045480e-04,95.740,6.314448e-06,0
330.93262,5.359439e-04,95.740,5.597932e-06,0
330.96313,6.209338e-04,95.739,6.485704e-06,0
330.99365,6.256177e-04,95.738,6.534682e-06,0
331.02417,5.019383e-04,95.737,5.242874e-06,0
331.05469,3.827051e-04,95.736,3.997486e-06,0
331.08521,4.212463e-04,95.736,4.400098e-06,0
331.11572,5.763573e-04,95.735,6.020350e-06,0
331.14624,6.158050e-04,95.734,6.432456e-06,0
331.17676,5.637321e-04,95.733,5.888572e-06,0
331.20728,4.696725e-04,95.732,4.906096e-06,0
331.23779,5.532366e-04,95.732,5.779036e-06,0
331.26831,6.167913e-04,95.731,6.442973e-06,0
331.29883,6.896531e-04,95.730,7.204144e-06,0
331.32935,5.274381e-04,95.729,5.509685e-06,0
331.35986,5.445060e-04,95.728,5.688027e-06,0
331.39038,5.234084e-04,95.728,5.467682e-06,0
331.42090,6.854693e-04,95.727,7.160679e-06,0
331.45142,6.733085e-04,95.726,7.033701e-06,0
331.48193,5.940934e-04,95.725,6.206234e-06,0
331.51245,5.104790e-04,95.724,5.332796e-06,0
331.54297,3.720855e-04,95.724,3.887080e-06,0
331.57349,4.421425e-04,95.723,4.618985e-06,0
331.60400,6.741681e-04,95.722,7.042974e-06,0
331.63452,5.463622e-04,95.721,5.707846e-06,0
331.66504,6.271864e-04,95.720,6.552270e-06,0
331.69556,7.456533e-04,95.720,7.789969e-06,0
331.72607,6.037665e-04,95.719,6.307706e-06,0
331.75659,5.415957e-04,95.718,5.658239e-06,0
331.78711,5.901096e-04,95.717,6.165132e-06,0
331.81763,5.237583e-04,95.716,5.471976e-06,0
331.84814,5.632584e-04,95.716,5.884703e-06,0
331.87866,4.655236e-04,95.715,4.863648e-06,0
331.90918,3.610908e-04,95.714,3.772598e-06,0
331.93970,4.614849e-04,95.713,4.821533e-06,0
331.97021,3.874357e-04,95.712,4.047911e-06,0
332.00073,5.322244e-04,95.712,5.560704e-06,0
332.03125,4.376832e-04,95.711,4.572971e-06,0
332.06177,4.687418e-04,95.710,4.897516e-06,0
332.09229,5.576119e-04,95.709,5.826099e-06,0
332.12280,5.748238e-04,95.709,6.005984e-06,0
332.15332,4.428882e-04,95.708,4.627508e-06,0
332.18384,4.427671e-04,95.707,4.626281e-06,0
332.21436,3.655749e-04,95.706,3.819765e-06,0
332.24487,3.828600e-04,95.705,4.000404e-06,0
332.27539,6.013647e-04,95.705,6.283555e-06,0
332.30591,7.608637e-04,95.704,7.950199e-06,0
332.33643,5.970137e-04,95.703,6.238196e-06,0
332.36694,4.544994e-04,95.702,4.749104e-06,0
332.39746,3.859430e-04,95.701,4.032785e-06,0
332.42798,4.407235e-04,95.701,4.605235e-06,0
332.45850,3.420469e-04,95.700,3.574166e-06,0
332.48901,4.992580e-04,95.699,5.216964e-06,0
332.51953,5.931985e-04,95.698,6.198641e-06,0
332.55005,5.001455e-04,95.697,5.226324e-06,0
332.58057,3.938676e-04,95.697,4.115796e-06,0
332.61108,4.675735e-04,95.696,4.886041e-06,0
332.64160,4.073770e-04,95.695,4.257036e-06,0
332.67212,4.593761e-04,95.694,4.800460e-06,0
332.70264,4.470501e-04,95.693,4.671692e-06,0
332.73315,4.988656e-04,95.693,5.213210e-06,0
332.76367,5.489022e-04,95.692,5.736146e-06,0
332.79419,4.784526e-04,95.691,4.999975e-06,0
332.82471,5.235389e-04,95.690,5.471186e-06,0
332.85522,4.719363e-04,95.689,4.931959e-06,0
332.88574,5.074729e-04,95.689,5.303377e-06,0
332.91626,5.201514e-04,95.688,5.435920e-06,0
332.94678,5.650482e-04,95.687,5.905170e-06,0
332.97729,5.638472e-04,95.686,5.892668e-06,0
333.00781,4.969236e-04,95.685,5.193304e-06,0
333.03833,6.420784e-04,95.685,6.710359e-06,0
333.06885,6.706812e-04,95.684,7.009345e-06,0
333.09937,5.767164e-04,95.683,6.027361e-06,0
333.12988,5.294472e-04,95.682,5.533389e-06,0
333.16040,4.981418e-04,95.681,5.206251e-06,0
333.19092,4.862398e-04,95.681,5.081902e-06,0
333.22144,4.277546e-04,95.680,4.470684e-06,0
333.25195,5.222992e-04,95.679,5.458864e-06,0
333.28247,6.327932e-04,95.678,6.613759e-06,0
333.31299,4.476480e-04,95.678,4.678717e-06,0
333.34351,5.747994e-04,95.677,6.007725e-06,0
333.37402,5.913952e-04,95.676,6.181233e-06,0
333.40454,5.162923e-04,95.675,5.396306e-06,0
333.43506,5.819496e-04,95.674,6.082609e-06,0
333.46558,5.497374e-04,95.674,5.745971e-06,0
333.49609,4.661693e-04,95.673,4.872540e-06,0
333.52661,4.669614e-04,95.672,4.880860e-06,0
333.55713,5.151597e-04,95.671,5.384691e-06,0
333.58765,5.031471e-04,95.670,5.259174e-06,0
333.61816,4.557039e-04,95.670,4.763310e-06,0
333.64868,4.902272e-04,95.669,5.124212e-06,0
333.67920,5.761987e-04,95.668,6.022899e-06,0
333.70972,5.570457e-04,95.667,5.822745e-06,0
333.74023,5.938229e-04,95.666,6.207225e-06,0
333.77075,5.479727e-04,95.666,5.728000e-06,0
333.80127,5.716654e-04,95.665,5.975711e-06,0
333.83179,7.249434e-04,95.664,7.578014e-06,0
333.86230,5.863496e-04,95.663,6.129310e-06,0
333.89282,3.591405e-04,95.662,3.754247e-06,0
333.92334,5.661715e-04,95.662,5.918479e-06,0
333.95386,5.123579e-04,95.661,5.355982e-06,0
333.98438,3.872888e-04,95.660,4.048594e-06,0
334.01489,6.137179e-04,95.659,6.415664e-06,0
334.04541,7.384894e-04,95.658,7.720061e-06,0
334.07593,6.333831e-04,95.658,6.621350e-06,0
334.10645,4.924622e-04,95.657,5.148214e-06,0
334.13696,4.666844e-04,95.656,4.878772e-06,0
334.16748,4.679866e-04,95.655,4.892426e-06,0
334.19800,4.840548e-04,95.655,5.060448e-06,0
334.22852,5.257609e-04,95.654,5.496501e-06,0
334.25903,4.389625e-04,95.653,4.589116e-06,0
334.28955,3.726075e-04,95.652,3.895442e-06,0
334.32007,4.176601e-04,95.651,4.366484e-06,0
334.35059,4.865693e-04,95.651,5.086946e-06,0
334.38110,5.630427e-04,95.650,5.886503e-06,0
334.41162,5.465258e-04,95.649,5.713868e-06,0
334.44214,6.060967e-04,95.648,6.336729e-06,0
334.47266,5.272700e-04,95.647,5.512643e-06,0
334.50317,5.229036e-04,95.647,5.467037e-06,0
334.53369,4.666460e-04,95.646,4.878895e-06,0
334.56421,4.239878e-04,95.645,4.432930e-06,0
334.59473,4.805748e-04,95.644,5.024607e-06,0
334.62524,5.715789e-04,95.643,5.976141e-06,0
334.65576,6.890531e-04,95.643,7.204452e-06,0
334.68628,4.558327e-04,95.642,4.766036e-06,0
334.71680,4.901091e-04,95.641,5.124461e-06,0
334.74731,5.593421e-04,95.640,5.848393e-06,0
334.77783,5.891982e-04,95.640,6.160615e-06,0
334.80835,4.162597e-04,95.639,4.352418e-06,0
334.83887,4.165823e-04,95.638,4.355827e-06,0
334.86938,5.528051e-04,95.637,5.780234e-06,0
334.89990,5.343160e-04,95.636,5.586954e-06,0
334.93042,4.290680e-04,95.636,4.486490e-06,0
334.96094,6.753877e-04,95.635,7.062156e-06,0
334.99146,6.951169e-04,95.634,7.268512e-06,0
335.02197,5.268199e-04,95.633,5.508755e-06,0
335.05249,5.323472e-04,95.632,5.566598e-06,0
335.08301,4.979403e-04,95.632,5.206858e-06,0
335.11353,4.203130e-04,95.631,4.395162e-06,0
335.14404,4.086560e-04,95.630,4.273301e-06,0
335.17456,4.648594e-04,95.629,4.861058e-06,0
335.20508,5.003743e-04,95.628,5.232483e-06,0
335.23560,4.904696e-04,95.628,5.128950e-06,0
335.26611,4.733901e-04,95.627,4.950387e-06,0
335.29663,5.249357e-04,95.626,5.489461e-06,0
335.32715,5.020847e-04,95.625,5.250542e-06,0
335.35767,4.428275e-04,95.625,4.630899e-06,0
335.38818,5.223748e-04,95.624,5.462815e-06,0
335.41870,7.531378e-04,95.623,7.876119e-06,0
335.44922,6.732258e-04,95.622,7.040479e-06,0
335.47974,5.379886e-04,95.621,5.626238e-06,0
335.51025,4.822814e-04,95.621,5.043698e-06,0
335.54077,4.964225e-04,95.620,5.191629e-06,0
335.57129,4.487760e-04,95.619,4.693376e-06,0
335.60181,5.522090e-04,95.618,5.775144e-06,0
335.63232,4.481372e-04,95.617,4.686773e-06,0
335.66284,4.820625e-04,95.617,5.041617e-06,0
335.69336,5.394085e-04,95.616,5.641412e-06,0
335.72388,6.640303e-04,95.615,6.944828e-06,0
335.75439,5.163274e-04,95.614,5.400107e-06,0
335.78491,4.343182e-04,95.614,4.542436e-06,0
335.81543,4.878393e-04,95.613,5.102243e-06,0
335.84595,6.595582e-04,95.612,6.898284e-06,0
335.87646,6.080026e-04,95.611,6.359119e-06,0
335.90698,5.061558e-04,95.610,5.293944e-06,0
335.93750,5.859092e-04,95.610,6.128144e-06,0
335.96802,5.398260e-04,95.609,5.646197e-06,0
335.99854,3.417678e-04,95.608,3.574678e-06,0
336.02905,4.908078e-04,95.607,5.133586e-06,0
336.05957,5.168044e-04,95.606,5.405541e-06,0
336.09009,5.717634e-04,95.606,5.980436e-06,0
336.12061,6.059955e-04,95.605,6.338543e-06,0
336.15112,5.888708e-04,95.604,6.159474e-06,0
336.18164,3.992920e-04,95.603,4.176551e-06,0
336.21216,4.516921e-04,95.602,4.724690e-06,0
336.24268,3.936673e-04,95.602,4.117786e-06,0
336.27319,4.226524e-04,95.601,4.421008e-06,0
336.30371,5.373084e-04,95.600,5.620372e-06,0
336.33423,5.266367e-04,95.599,5.508790e-06,0
336.36475,5.518790e-04,95.599,5.772880e-06,0
336.39526,5.854806e-04,95.598,6.124416e-06,0
336.42578,4.531299e-04,95.597,4.740002e-06,0
336.45630,5.220318e-04,95.596,5.460800e-06,0
336.48682,5.037032e-04,95.595,5.269114e-06,0
336.51733,4.787488e-04,95.595,5.008114e-06,0
336.54785,4.370873e-04,95.594,4.572337e-06,0
336.57837,5.137852e-04,95.593,5.374712e-06,0
336.60889,5.993543e-04,95.592,6.269903e-06,0
336.63940,4.317251e-04,95.591,4.516355e-06,0
336.66992,4.994906e-04,95.591,5.225305e-06,0
336.70044,4.810903e-04,95.590,5.032856e-06,0
336.73096,4.937962e-04,95.589,5.165819e-06,0
336.76147,5.910031e-04,95.588,6.182794e-06,0
336.79199,4.227768e-04,95.588,4.422927e-06,0
336.82251,4.977600e-04,95.587,5.207414e-06,0
336.85303,4.358647e-04,95.586,4.559922e-06,0
336.88354,4.468578e-04,95.585,4.674968e-06,0
336.91406,5.225456e-04,95.584,5.466848e-06,0
336.94458,5.443236e-04,95.584,5.694736e-06,0
336.97510,5.705421e-04,95.583,5.969084e-06,0
337.00562,4.852969e-04,95.582,5.077279e-06,0
337.03613,4.423641e-04,95.581,4.628145e-06,0
337.06665,4.165417e-04,95.581,4.358019e-06,0
337.09717,4.795134e-04,95.580,5.016895e-06,0
337.12769,4.573378e-04,95.579,4.784922e-06,0
337.15820,5.255480e-04,95.578,5.498620e-06,0
337.18872,4.851423e-04,95.577,5.075911e-06,0
337.21924,5.036282e-04,95.577,5.269367e-06,0
337.24976,3.208957e-04,95.576,3.357499e-06,0
337.28027,3.306731e-04,95.575,3.459827e-06,0
337.31079,5.411836e-04,95.574,5.662442e-06,0
337.34131,6.189632e-04,95.573,6.476308e-06,0
337.37183,5.712517e-04,95.573,5.977144e-06,0
337.40234,5.022064e-04,95.572,5.254750e-06,0
337.43286,5.123406e-04,95.571,5.360831e-06,0
337.46338,4.595037e-04,95.570,4.808017e-06,0
337.49390,3.808930e-04,95.570,3.985506e-06,0
337.52441,4.682479e-04,95.569,4.899591e-06,0
337.55493,6.982139e-04,95.568,7.305939e-06,0
337.58545,6.648135e-04,95.567,6.956503e-06,0
337.61597,5.723294e-04,95.566,5.988813e-06,0
337.64648,4.909537e-04,95.566,5.137346e-06,0
337.67700,3.840091e-04,95.565,4.018309e-06,0
337.70752,4.256633e-04,95.564,4.454219e-06,0
337.73804,5.628794e-04,95.563,5.890121e-06,0
337.76855,5.210888e-04,95.563,5.452859e-06,0
337.79907,4.988369e-04,95.562,5.220049e-06,0
337.82959,5.274561e-04,95.561,5.519579e-06,0
337.86011,5.429392e-04,95.560,5.681648e-06,0
337.89062,7.252203e-04,95.559,7.589211e-06,0
337.92114,4.617449e-04,95.559,4.832061e-06,0
337.95166,4.435939e-04,95.558,4.642152e-06,0
337.98218,5.617995e-04,95.557,5.879206e-06,0
338.01270,5.587883e-04,95.556,5.847741e-06,0
338.04321,5.463999e-04,95.555,5.718144e-06,0
338.07373,6.078097e-04,95.555,6.360857e-06,0
338.10425,4.885353e-04,95.554,5.112667e-06,0
338.13477,5.833594e-04,95.553,6.105079e-06,0
338.16528,6.451343e-04,95.552,6.751632e-06,0
338.19580,5.196015e-04,95.552,5.437917e-06,0
338.22632,5.070760e-04,95.551,5.306874e-06,0
338.25684,5.910732e-04,95.550,6.186009e-06,0
338.28735,4.818754e-04,95.549,5.043216e-06,0
338.31787,6.072802e-04,95.548,6.355731e-06,0
338.34839,6.708191e-04,95.548,7.020779e-06,0
338.37891,5.892114e-04,95.547,6.166725e-06,0
338.40942,4.865924e-04,95.546,5.092750e-06,0
338.43994,4.452022e-04,95.545,4.659591e-06,0
338.47046,4.905743e-04,95.545,5.134509e-06,0
338.50098,6.066910e-04,95.544,6.349875e-06,0
338.53149,5.805291e-04,95.543,6.076104e-06,0
338.56201,4.797604e-04,95.542,5.021451e-06,0
338.59253,4.844369e-04,95.541,5.070438e-06,0
338.62305,6.443268e-04,95.541,6.744007e-06,0
338.65356,6.606382e-04,95.540,6.914791e-06,0
338.68408,5.584409e-04,95.539,5.845157e-06,0
338.71460,5.564054e-04,95.538,5.823899e-06,0
338.74512,5.716372e-04,95.538,5.983379e-06,0
338.77563,5.655090e-04,95.537,5.919283e-06,0
338.80615,5.724046e-04,95.536,5.991509e-06,0
338.83667,4.980894e-04,95.535,5.213675e-06,0
338.86719,4.661493e-04,95.534,4.879386e-06,0
338.89771,5.470046e-04,95.534,5.725781e-06,0
338.92822,4.704454e-04,95.533,4.924436e-06,0
338.95874,4.311163e-04,95.532,4.512792e-06,0
338.98926,4.365282e-04,95.531,4.569479e-06,0
339.01978,4.164262e-04,95.531,4.359091e-06,0
339.05029,5.851367e-04,95.530,6.125179e-06,0
339.08081,6.361933e-04,95.529,6.659691e-06,0
339.11133,6.085527e-04,95.528,6.370400e-06,0
339.14185,6.624242e-04,95.527,6.934390e-06,0
339.17236,6.763593e-04,95.527,7.080323e-06,0
339.20288,5.437880e-04,95.526,5.692576e-06,0
339.23340,5.201016e-04,95.525,5.444661e-06,0
339.26392,5.605708e-04,95.524,5.868360e-06,0
339.29443,5.104592e-04,95.524,5.343808e-06,0
339.32495,4.441230e-04,95.523,4.649396e-06,0
339.35547,5.394797e-04,95.522,5.647704e-06,0
339.38599,5.747721e-04,95.521,6.017222e-06,0
339.41650,5.548901e-04,95.520,5.809127e-06,0
339.44702,5.840434e-04,95.520,6.114382e-06,0
339.47754,6.207773e-04,95.519,6.499004e-06,0
339.50806,6.373726e-04,95.518,6.672797e-06,0
339.53857,6.146572e-04,95.517,6.435036e-06,0
339.56909,5.285376e-04,95.517,5.533469e-06,0
339.59961,5.847341e-04,95.516,6.121862e-06,0
339.63013,6.223899e-04,95.515,6.516152e-06,0
339.66064,5.598722e-04,95.514,5.861666e-06,0
339.69116,4.835042e-04,95.513,5.062162e-06,0
339.72168,5.977637e-04,95.513,6.258480e-06,0
339.75220,8.087856e-04,95.512,8.467910e-06,0
339.78271,7.250567e-04,95.511,7.591338e-06,0
339.81323,9.203657e-04,95.510,9.636300e-06,0
339.84375,1.040984e-03,95.510,1.089927e-05,0
339.87427,8.684620e-04,95.509,9.093012e-06,0
339.90479,6.591638e-04,95.508,6.901664e-06,0
339.93530,7.609051e-04,95.507,7.966994e-06,0
339.96582,7.392554e-04,95.506,7.740376e-06,0
339.99634,7.446998e-04,95.506,7.797444e-06,0
340.02686,6.282045e-04,95.505,6.577724e-06,0
340.05737,9.935690e-04,95.504,1.040342e-05,0
340.08789,1.294991e-03,95.503,1.355964e-05,0
340.11841,1.156984e-03,95.503,1.211470e-05,0
340.14893,8.647098e-04,95.502,9.054388e-06,0
340.17944,6.906747e-04,95.501,7.232123e-06,0
340.20996,4.759776e-04,95.500,4.984048e-06,0
340.24048,5.820091e-04,95.499,6.094373e-06,0
340.27100,5.416167e-04,95.499,5.671460e-06,0
340.30151,6.145078e-04,95.498,6.434781e-06,0
340.33203,6.584022e-04,95.497,6.894474e-06,0
340.36255,5.518025e-04,95.496,5.778260e-06,0
340.39307,3.611757e-04,95.496,3.782121e-06,0
340.42358,4.529271e-04,95.495,4.742952e-06,0
340.45410,6.872921e-04,95.494,7.197229e-06,0
340.48462,6.963694e-04,95.493,7.292344e-06,0
340.51514,6.201857e-04,95.492,6.494605e-06,0
340.54565,4.972309e-04,95.492,5.207061e-06,0
340.57617,4.202172e-04,95.491,4.400600e-06,0
340.60669,5.116425e-04,95.490,5.358068e-06,0
340.63721,5.070688e-04,95.489,5.310214e-06,0
340.66772,4.361364e-04,95.489,4.567421e-06,0
340.69824,6.017021e-04,95.488,6.301352e-06,0
340.72876,5.892243e-04,95.487,6.170727e-06,0
340.75928,7.017185e-04,95.486,7.348897e-06,0
340.78979,5.909196e-04,95.485,6.188582e-06,0
340.82031,4.421375e-04,95.485,4.630454e-06,0
340.85083,6.108813e-04,95.484,6.397741e-06,0
340.88135,7.016734e-04,95.483,7.348663e-06,0
340.91187,5.249165e-04,95.482,5.497523e-06,0
340.94238,5.290167e-04,95.482,5.540509e-06,0
340.97290,5.962774e-04,95.481,6.244997e-06,0
341.00342,4.253598e-04,95.480,4.454960e-06,0
341.03394,4.638100e-04,95.479,4.857704e-06,0
341.06445,5.502661e-04,95.478,5.763247e-06,0
341.09497,6.952008e-04,95.478,7.281288e-06,0
341.12549,6.402152e-04,95.477,6.705443e-06,0
341.15601,6.223027e-04,95.476,6.517884e-06,0
341.18652,4.893927e-04,95.475,5.125851e-06,0
341.21704,3.953775e-04,95.475,4.141179e-06,0
341.24756,4.922500e-04,95.474,5.155862e-06,0
341.27808,5.420087e-04,95.473,5.677084e-06,0
341.30859,5.646598e-04,95.472,5.914383e-06,0
341.33911,5.296448e-04,95.472,5.547672e-06,0
341.36963,5.000449e-04,95.471,5.237676e-06,0
341.40015,4.709899e-04,95.470,4.933381e-06,0
341.43066,4.275744e-04,95.469,4.478662e-06,0
341.46118,4.522972e-04,95.468,4.737662e-06,0
341.49170,5.014570e-04,95.468,5.252637e-06,0
341.52222,5.633572e-04,95.467,5.901074e-06,0
341.55273,5.586545e-04,95.466,5.851861e-06,0
341.58325,4.869706e-04,95.465,5.101020e-06,0
341.61377,4.807321e-04,95.465,5.035712e-06,0
341.64429,5.101176e-04,95.464,5.343570e-06,0
341.67480,3.992500e-04,95.463,4.182247e-06,0
341.70532,3.606581e-04,95.462,3.778018e-06,0
341.73584,4.383946e-04,95.461,4.592371e-06,0
341.76636,6.209830e-04,95.461,6.505115e-06,0
341.79688,5.300398e-04,95.460,5.552484e-06,0
341.82739,5.562936e-04,95.459,5.827555e-06,0
341.85791,4.828393e-04,95.458,5.058112e-06,0
341.88843,4.891548e-04,95.458,5.124313e-06,0
341.91895,4.354624e-04,95.457,4.561876e-06,0
341.94946,3.520058e-04,95.456,3.687620e-06,0
341.97998,4.348878e-04,95.455,4.555931e-06,0
342.01050,5.282065e-04,95.455,5.533592e-06,0
342.04102,5.024603e-04,95.454,5.263913e-06,0
342.07153,5.947639e-04,95.453,6.230961e-06,0
342.10205,3.863633e-04,95.452,4.047714e-06,0
342.13257,4.860556e-04,95.451,5.092175e-06,0
342.16309,5.968326e-04,95.451,6.252784e-06,0
342.19360,6.465593e-04,95.450,6.773806e-06,0
342.22412,5.126692e-04,95.449,5.371124e-06,0
342.25464,5.071946e-04,95.448,5.313810e-06,0
342.28516,4.984958e-04,95.448,5.222717e-06,0
342.31567,5.400553e-04,95.447,5.658179e-06,0
342.34619,6.179830e-04,95.446,6.474683e-06,0
342.37671,5.874399e-04,95.445,6.154729e-06,0
342.40723,6.330558e-04,95.445,6.632710e-06,0
342.43774,4.193841e-04,95.444,4.394045e-06,0
342.46826,3.439037e-04,95.443,3.603237e-06,0
342.49878,5.127346e-04,95.442,5.372199e-06,0
342.52930,6.088655e-04,95.441,6.379467e-06,0
342.55981,5.994555e-04,95.441,6.280923e-06,0
342.59033,5.681532e-04,95.440,5.952995e-06,0
342.62085,4.678704e-04,95.439,4.902291e-06,0
342.65137,3.511686e-04,95.438,3.679533e-06,0
342.68188,4.837586e-04,95.438,5.068848e-06,0
342.71240,5.625102e-04,95.437,5.894059e-06,0
342.74292,4.114666e-04,95.436,4.311438e-06,0
342.77344,4.328521e-04,95.435,4.535556e-06,0
342.80396,4.862748e-04,95.435,5.095377e-06,0
342.83447,4.853581e-04,95.434,5.085813e-06,0
342.86499,4.652277e-04,95.433,4.874916e-06,0
342.89551,5.471756e-04,95.432,5.733658e-06,0
342.92603,5.430562e-04,95.431,5.690538e-06,0
342.95654,6.080292e-04,95.431,6.371423e-06,0
342.98706,5.504755e-04,95.430,5.768376e-06,0
343.01758,4.069957e-04,95.429,4.264900e-06,0
343.04810,5.483246e-04,95.428,5.745929e-06,0
343.07861,3.928739e-04,95.428,4.116984e-06,0
343.10913,3.470428e-04,95.427,3.636743e-06,0
343.13965,4.177481e-04,95.426,4.377715e-06,0
343.17017,3.386844e-04,95.425,3.549211e-06,0
343.20068,3.995791e-04,95.425,4.187385e-06,0
343.23120,4.980985e-04,95.424,5.219859e-06,0
343.26172,5.698754e-04,95.423,5.972098e-06,0
343.29224,6.133544e-04,95.422,6.427795e-06,0
343.32275,5.088675e-04,95.421,5.332842e-06,0
343.35327,5.415727e-04,95.421,5.675632e-06,0
343.38379,5.071021e-04,95.420,5.314426e-06,0
343.41431,5.302310e-04,95.419,5.556862e-06,0
343.44482,4.700188e-04,95.418,4.925873e-06,0
343.47534,4.689674e-04,95.418,4.914894e-06,0
343.50586,4.702302e-04,95.417,4.928168e-06,0
343.53638,6.091550e-04,95.416,6.384197e-06,0
343.56689,5.397227e-04,95.415,5.656564e-06,0
343.59741,6.556409e-04,95.415,6.871499e-06,0
343.62793,7.033857e-04,95.414,7.371953e-06,0
343.65845,6.341289e-04,95.413,6.646149e-06,0
343.68896,5.368941e-04,95.412,5.627099e-06,0
343.71948,4.447618e-04,95.411,4.661514e-06,0
343.75000,5.300017e-04,95.411,5.554951e-06,0
343.78052,5.400592e-04,95.410,5.660409e-06,0
343.81104,3.918185e-04,95.409,4.106718e-06,0
343.84155,6.383715e-04,95.408,6.690937e-06,0
343.87207,7.321887e-04,95.408,7.674321e-06,0
343.90259,6.558482e-04,95.407,6.874225e-06,0
343.93311,4.362132e-04,95.406,4.572173e-06,0
343.96362,5.178252e-04,95.405,5.427634e-06,0
343.99414,4.395951e-04,95.405,4.607695e-06,0
344.02466,5.435433e-04,95.404,5.697292e-06,0
344.05518,6.311077e-04,95.403,6.615175e-06,0
344.08569,5.810661e-04,95.402,6.090696e-06,0
344.11621,4.145440e-04,95.401,4.345257e-06,0
344.14673,4.991717e-04,95.401,5.232368e-06,0
344.17725,5.301778e-04,95.400,5.557421e-06,0
344.20776,5.504588e-04,95.399,5.770057e-06,0
344.23828,4.808748e-04,95.398,5.040699e-06,0
344.26880,4.508932e-04,95.398,4.726460e-06,0
344.29932,4.848540e-04,95.397,5.082492e-06,0
344.32983,5.331643e-04,95.396,5.588951e-06,0
344.36035,5.894820e-04,95.395,6.179357e-06,0
344.39087,5.787891e-04,95.395,6.067315e-06,0
344.42139,6.990167e-04,95.394,7.327693e-06,0
344.45190,7.200619e-04,95.393,7.548367e-06,0
344.48242,5.621922e-04,95.392,5.893475e-06,0
344.51294,5.740932e-04,95.392,6.018282e-06,0
344.54346,4.887701e-04,95.391,5.123873e-06,0
344.57397,4.992843e-04,95.390,5.234136e-06,0
344.60449,5.965163e-04,95.389,6.253497e-06,0
344.63501,5.500821e-04,95.388,5.766757e-06,0
344.66553,6.182169e-04,95.388,6.481096e-06,0
344.69604,6.987292e-04,95.387,7.325208e-06,0
344.72656,6.596191e-04,95.386,6.915249e-06,0
344.75708,6.787405e-04,95.385,7.115768e-06,0
344.78760,6.434535e-04,95.385,6.745881e-06,0
344.81812,6.996267e-04,95.384,7.334852e-06,0
344.84863,5.898202e-04,95.383,6.183696e-06,0
344.87915,4.697426e-04,95.382,4.924837e-06,0
344.90967,4.401707e-04,95.382,4.614840e-06,0
344.94019,4.795920e-04,95.381,5.028180e-06,0
344.97070,5.233246e-04,95.380,5.486729e-06,0
345.00122,5.204431e-04,95.379,5.456562e-06,0
345.03174,5.586882e-04,95.379,5.857588e-06,0
345.06226,6.167691e-04,95.378,6.466592e-06,0
345.09277,4.899031e-04,95.377,5.136490e-06,0
345.12329,5.294535e-04,95.376,5.551209e-06,0
345.15381,6.285882e-04,95.375,6.590669e-06,0
345.18433,6.267579e-04,95.375,6.571531e-06,0
345.21484,5.297060e-04,95.374,5.553990e-06,0
345.24536,5.895628e-04,95.373,6.181641e-06,0
345.27588,5.548837e-04,95.372,5.818073e-06,0
345.30640,5.228871e-04,95.372,5.482626e-06,0
345.33691,5.560664e-04,95.371,5.830566e-06,0
345.36743,6.677991e-04,95.370,7.002182e-06,0
345.39795,5.876238e-04,95.369,6.161557e-06,0
345.42847,4.755783e-04,95.369,4.986738e-06,0
345.45898,4.115449e-04,95.368,4.315343e-06,0
345.48950,5.092959e-04,95.367,5.340374e-06,0
345.52002,3.959199e-04,95.366,4.151569e-06,0
345.55054,5.214226e-04,95.366,5.467620e-06,0
345.58105,7.709762e-04,95.365,8.084495e-06,0
345.61157,7.466876e-04,95.364,7.829867e-06,0
345.64209,5.954831e-04,95.363,6.244366e-06,0
345.67261,5.612653e-04,95.363,5.885597e-06,0
345.70312,5.028199e-04,95.362,5.272763e-06,0
345.73364,5.417633e-04,95.361,5.681184e-06,0
345.76416,4.358108e-04,95.360,4.570154e-06,0
345.79468,3.247404e-04,95.359,3.405434e-06,0
345.82520,4.217810e-04,95.359,4.423100e-06,0
345.85571,3.752603e-04,95.358,3.935282e-06,0
345.88623,4.830505e-04,95.357,5.065697e-06,0
345.91675,5.495116e-04,95.356,5.762713e-06,0
345.94727,6.014169e-04,95.356,6.307093e-06,0
345.97778,6.324549e-04,95.355,6.632643e-06,0
346.00830,5.773496e-04,95.354,6.054794e-06,0
346.03882,6.087535e-04,95.353,6.384185e-06,0
346.06934,5.119813e-04,95.353,5.369349e-06,0
346.09985,4.310840e-04,95.352,4.520983e-06,0
346.13037,5.899518e-04,95.351,6.187154e-06,0
346.16089,4.607473e-04,95.350,4.832152e-06,0
346.19141,2.829726e-04,95.350,2.967739e-06,0
346.22192,4.367670e-04,95.349,4.580729e-06,0
346.25244,4.953799e-04,95.348,5.195492e-06,0
346.28296,5.277741e-04,95.347,5.535283e-06,0
346.31348,6.571970e-04,95.347,6.892722e-06,0
346.34399,4.520316e-04,95.346,4.740973e-06,0
346.37451,4.028875e-04,95.345,4.225576e-06,0
346.40503,5.398121e-04,95.344,5.661718e-06,0
346.43555,7.521593e-04,95.343,7.888944e-06,0
346.46606,7.526396e-04,95.343,7.894045e-06,0
346.49658,5.944685e-04,95.342,6.235120e-06,0
346.52710,5.788392e-04,95.341,6.071240e-06,0
346.55762,5.428989e-04,95.340,5.694320e-06,0
346.58813,6.385863e-04,95.340,6.698013e-06,0
346.61865,6.092921e-04,95.339,6.390803e-06,0
346.64917,5.974476e-04,95.338,6.266617e-06,0
346.67969,6.573892e-04,95.337,6.895398e-06,0
346.71021,6.733103e-04,95.337,7.062452e-06,0
346.74072,5.302178e-04,95.336,5.561578e-06,0
346.77124,5.102763e-04,95.335,5.352449e-06,0
346.80176,5.024602e-04,95.334,5.270506e-06,0
346.83228,4.145518e-04,95.334,4.348434e-06,0
346.86279,6.245040e-04,95.333,6.550776e-06,0
346.89331,6.265730e-04,95.332,6.572531e-06,0
346.92383,5.757822e-04,95.331,6.039802e-06,0
346.95435,5.570037e-04,95.331,5.842867e-06,0
346.98486,5.332486e-04,95.330,5.593725e-06,0
347.01538,4.449881e-04,95.329,4.667918e-06,0
347.04590,5.329726e-04,95.328,5.590919e-06,0
347.07642,5.382339e-04,95.328,5.646155e-06,0
347.10693,4.866916e-04,95.327,5.105509e-06,0
347.13745,5.230660e-04,95.326,5.487129e-06,0
347.16797,5.355112e-04,95.325,5.617727e-06,0
347.19849,4.444014e-04,95.324,4.661987e-06,0
347.22900,3.552165e-04,95.324,3.726423e-06,0
347.25952,4.985822e-04,95.323,5.230453e-06,0
347.29004,4.523653e-04,95.322,4.745645e-06,0
347.32056,5.625164e-04,95.321,5.901258e-06,0
347.35107,5.663357e-04,95.321,5.941374e-06,0
347.38159,3.785881e-04,95.320,3.971763e-06,0
347.41211,4.224836e-04,95.319,4.432305e-06,0
347.44263,5.171070e-04,95.318,5.425049e-06,0
347.47314,6.277243e-04,95.318,6.585605e-06,0
347.50366,6.323419e-04,95.317,6.634101e-06,0
347.53418,5.832620e-04,95.316,6.119237e-06,0
347.56470,6.291821e-04,95.315,6.601056e-06,0
347.59521,6.712256e-04,95.315,7.042210e-06,0
347.62573,5.060623e-04,95.314,5.309431e-06,0
347.65625,5.577919e-04,95.313,5.852206e-06,0
347.68677,5.987702e-04,95.312,6.282190e-06,0
347.71729,5.128082e-04,95.312,5.380334e-06,0
347.74780,4.987943e-04,95.311,5.233343e-06,0
347.77832,5.284078e-04,95.310,5.544092e-06,0
347.80884,6.370440e-04,95.309,6.683965e-06,0
347.83936,5.358652e-04,95.309,5.622426e-06,0
347.86987,4.632830e-04,95.308,4.860914e-06,0
347.90039,5.159740e-04,95.307,5.413808e-06,0
347.93091,6.074437e-04,95.306,6.373595e-06,0
347.96143,7.588434e-04,95.306,7.962219e-06,0
347.99194,6.841521e-04,95.305,7.178572e-06,0
348.02246,4.172288e-04,95.304,4.377873e-06,0
348.05298,3.754444e-04,95.303,3.939471e-06,0
348.08350,3.722665e-04,95.302,3.906157e-06,0
348.11401,4.044999e-04,95.302,4.244413e-06,0
348.14453,4.846515e-04,95.301,5.085483e-06,0
348.17505,3.775576e-04,95.300,3.961771e-06,0
348.20557,3.608751e-04,95.299,3.786748e-06,0
348.23608,4.413416e-04,95.299,4.631139e-06,0
348.26660,5.428852e-04,95.298,5.696714e-06,0
348.29712,4.128428e-04,95.297,4.332161e-06,0
348.32764,3.799536e-04,95.296,3.987070e-06,0
348.35815,5.360617e-04,95.296,5.625246e-06,0
348.38867,5.004457e-04,95.295,5.251546e-06,0
348.41919,3.438144e-04,95.294,3.607926e-06,0
348.44971,4.283146e-04,95.293,4.494693e-06,0
348.48022,4.290858e-04,95.293,4.502821e-06,0
348.51074,5.226885e-04,95.292,5.485131e-06,0
348.54126,6.891921e-04,95.291,7.232488e-06,0
348.57178,8.015879e-04,95.290,8.412053e-06,0
348.60229,7.334250e-04,95.290,7.696797e-06,0
348.63281,7.426712e-04,95.289,7.793891e-06,0
348.66333,6.542924e-04,95.288,6.866463e-06,0
348.69385,5.623412e-04,95.287,5.901530e-06,0
348.72437,5.377960e-04,95.287,5.643982e-06,0
348.75488,5.430245e-04,95.286,5.698899e-06,0
348.78540,4.107784e-04,95.285,4.311045e-06,0
348.81592,4.106199e-04,95.284,4.309416e-06,0
348.84644,4.685919e-04,95.284,4.917865e-06,0
348.87695,5.429055e-04,95.283,5.697831e-06,0
348.90747,6.608365e-04,95.282,6.935580e-06,0
348.93799,5.546529e-04,95.281,5.821212e-06,0
348.96851,4.865358e-04,95.281,5.106348e-06,0
348.99902,5.885430e-04,95.280,6.176995e-06,0
349.02954,4.721821e-04,95.279,4.955780e-06,0
349.06006,6.093061e-04,95.278,6.395013e-06,0
349.09058,6.176871e-04,95.278,6.483029e-06,0
349.12109,5.329208e-04,95.277,5.593395e-06,0
349.15161,6.475341e-04,95.276,6.796399e-06,0
349.18213,4.631210e-04,95.275,4.860872e-06,0
349.21265,5.640509e-04,95.275,5.920268e-06,0
349.24316,5.952727e-04,95.274,6.248021e-06,0
349.27368,4.973377e-04,95.273,5.220130e-06,0
349.30420,5.813571e-04,95.272,6.102060e-06,0
349.33472,6.774457e-04,95.272,7.110683e-06,0
349.36523,7.310483e-04,95.271,7.673374e-06,0
349.39575,8.095320e-04,95.270,8.497238e-06,0
349.42627,9.116217e-04,95.269,9.568896e-06,0
349.45679,1.008848e-03,95.269,1.058952e-05,0
349.48730,1.375859e-03,95.268,1.444203e-05,0
349.51782,1.523207e-03,95.267,1.598882e-05,1
349.54834,1.649711e-03,95.266,1.731684e-05,1
349.57886,9.182476e-04,95.265,9.638827e-06,1
349.60938,5.732438e-04,95.265,6.017376e-06,1
349.63989,6.429818e-04,95.264,6.749473e-06,1
349.67041,6.086217e-04,95.263,6.388841e-06,1
349.70093,6.696768e-04,95.262,7.029806e-06,1
349.73145,6.474745e-04,95.262,6.796795e-06,1
349.76196,7.202823e-04,95.261,7.561148e-06,1
349.79248,8.340855e-04,95.260,8.755863e-06,1
349.82300,7.267232e-04,95.259,7.628881e-06,1
349.85352,5.858852e-04,95.259,6.150463e-06,1
349.88403,7.357683e-04,95.258,7.723955e-06,1
349.91455,7.555698e-04,95.257,7.931890e-06,1
349.94507,6.458260e-04,95.256,6.779865e-06,1
349.97559,6.263831e-04,95.256,6.575806e-06,1
350.00610,8.787996e-04,95.255,9.225762e-06,1
350.03662,6.684087e-04,95.254,7.017105e-06,1
350.06714,8.126694e-04,95.253,8.531652e-06,1
350.09766,1.080518e-03,95.253,1.134370e-05,1
350.12817,8.377702e-04,95.252,8.795308e-06,1
350.15869,5.673363e-04,95.251,5.956212e-06,1
350.18921,5.965816e-04,95.250,6.263295e-06,1
350.21973,6.177087e-04,95.250,6.485151e-06,1
350.25024,5.756011e-04,95.249,6.043123e-06,1
350.28076,4.580567e-04,95.248,4.809085e-06,1
350.31128,4.912191e-04,95.247,5.157295e-06,1
350.34180,4.582576e-04,95.247,4.811270e-06,1
350.37231,4.016650e-04,95.246,4.217135e-06,1
350.40283,3.418524e-04,95.245,3.589183e-06,1
350.43335,3.682156e-04,95.244,3.866006e-06,1
350.46387,4.809305e-04,95.244,5.049473e-06,1
350.49438,5.633151e-04,95.243,5.914508e-06,1
350.52490,4.335669e-04,95.242,4.552257e-06,0
350.55542,4.897031e-04,95.241,5.141703e-06,0
350.58594,4.322938e-04,95.241,4.538961e-06,0
350.61646,4.886194e-04,95.240,5.130404e-06,0
350.64697,4.624344e-04,95.239,4.855506e-06,0
350.67749,4.114636e-04,95.238,4.320353e-06,0
350.70801,5.091135e-04,95.238,5.345715e-06,0
350.73853,6.220932e-04,95.237,6.532059e-06,0
350.76904,5.230464e-04,95.236,5.492098e-06,0
350.79956,3.529158e-04,95.235,3.705719e-06,0
350.83008,2.420908e-04,95.235,2.542044e-06,0
350.86060,3.505441e-04,95.234,3.680874e-06,0
350.89111,3.486971e-04,95.233,3.661508e-06,0
350.92163,4.336926e-04,95.232,4.554044e-06,0
350.95215,6.349417e-04,95.232,6.667337e-06,0
350.98267,6.297249e-04,95.231,6.612610e-06,0
351.01318,4.844320e-04,95.230,5.086959e-06,0
351.04370,4.705296e-04,95.229,4.941011e-06,0
351.07422,4.873450e-04,95.229,5.117629e-06,0
351.10474,4.384426e-04,95.228,4.604139e-06,0
351.13525,3.580079e-04,95.227,3.759514e-06,0
351.16577,4.644440e-04,95.226,4.877259e-06,0
351.19629,5.791739e-04,95.226,6.082119e-06,0
351.22681,6.120434e-04,95.225,6.427345e-06,0
351.25732,5.213045e-04,95.224,5.474498e-06,0
351.28784,5.729183e-04,95.223,6.016569e-06,0
351.31836,5.865770e-04,95.223,6.160055e-06,0
351.34888,4.967183e-04,95.222,5.216427e-06,0
351.37939,4.175906e-04,95.221,4.385480e-06,0
351.40991,4.801597e-04,95.220,5.042613e-06,0
351.44043,5.427403e-04,95.220,5.699875e-06,0
351.47095,5.571558e-04,95.219,5.851313e-06,0
351.50146,5.306823e-04,95.218,5.573329e-06,0
351.53198,3.733120e-04,95.217,3.920626e-06,0
351.56250,4.319110e-04,95.217,4.536085e-06,0
351.59302,6.328116e-04,95.216,6.646068e-06,0
351.62354,4.245076e-04,95.215,4.458402e-06,0
351.65405,4.586883e-04,95.214,4.817424e-06,0
351.68457,4.780858e-04,95.214,5.021188e-06,0
351.71509,5.846567e-04,95.213,6.140517e-06,0
351.74561,6.618104e-04,95.212,6.950899e-06,0
351.77612,4.603197e-04,95.211,4.834709e-06,0
351.80664,5.233182e-04,95.211,5.496422e-06,0
351.83716,5.415520e-04,95.210,5.687976e-06,0
351.86768,4.920492e-04,95.209,5.168084e-06,0
351.89819,5.386874e-04,95.208,5.657979e-06,0
351.92871,5.590485e-04,95.208,5.871883e-06,0
351.95923,6.264447e-04,95.207,6.579820e-06,0
351.98975,4.347790e-04,95.206,4.566709e-06,0
352.02026,3.627585e-04,95.205,3.810269e-06,0
352.05078,4.446424e-04,95.205,4.670381e-06,0
352.08130,4.753176e-04,95.204,4.992623e-06,0
352.11182,4.256032e-04,95.203,4.470470e-06,0
352.14233,3.757040e-04,95.202,3.946368e-06,0
352.17285,5.226157e-04,95.202,5.489561e-06,0
352.20337,5.562393e-04,95.201,5.842790e-06,0
352.23389,4.743126e-04,95.200,4.982263e-06,0
352.26440,3.760033e-04,95.199,3.949636e-06,0
352.29492,4.383344e-04,95.199,4.604414e-06,0
352.32544,5.566376e-04,95.198,5.847156e-06,0
352.35596,5.216541e-04,95.197,5.479718e-06,0
352.38647,5.938467e-04,95.197,6.238115e-06,0
352.41699,5.655365e-04,95.196,5.940774e-06,0
352.44751,4.194126e-04,95.195,4.405825e-06,0
352.47803,4.585273e-04,95.194,4.816753e-06,0
352.50854,5.545309e-04,95.194,5.825302e-06,0
352.53906,6.099597e-04,95.193,6.407627e-06,0
352.56958,4.703924e-04,95.192,4.941511e-06,0
352.60010,4.958265e-04,95.191,5.208739e-06,0
352.63062,4.840111e-04,95.191,5.084656e-06,0
352.66113,4.785139e-04,95.190,5.026946e-06,0
352.69165,3.570811e-04,95.189,3.751283e-06,0
352.72217,4.265210e-04,95.188,4.480814e-06,0
352.75269,4.596653e-04,95.188,4.829048e-06,0
352.78320,4.126504e-04,95.187,4.335164e-06,0
352.81372,4.338017e-04,95.186,4.557408e-06,0
352.84424,5.034603e-04,95.185,5.289265e-06,0
352.87476,5.565402e-04,95.185,5.846959e-06,0
352.90527,5.617067e-04,95.184,5.901284e-06,0
352.93579,4.742051e-04,95.183,4.982032e-06,0
352.96631,4.458300e-04,95.182,4.683958e-06,0
352.99683,4.381954e-04,95.182,4.603784e-06,0
353.02734,4.363398e-04,95.181,4.584324e-06,0
353.05786,4.988264e-04,95.180,5.240869e-06,0
353.08838,4.704088e-04,95.179,4.942341e-06,0
353.11890,4.997241e-04,95.179,5.250383e-06,0
353.14941,4.029784e-04,95.178,4.233951e-06,0
353.17993,4.356821e-04,95.177,4.577593e-06,0
353.21045,5.435934e-04,95.176,5.711432e-06,0
353.24097,5.813966e-04,95.176,6.108672e-06,0
353.27148,4.379960e-04,95.175,4.602013e-06,0
353.30200,4.730832e-04,95.174,4.970712e-06,0
353.33252,4.719184e-04,95.173,4.958512e-06,0
353.36304,4.263317e-04,95.173,4.479561e-06,0
353.39355,4.265362e-04,95.172,4.481746e-06,0
353.42407,6.257371e-04,95.171,6.574860e-06,0
353.45459,6.900423e-04,95.170,7.250597e-06,0
353.48511,4.960660e-04,95.170,5.212438e-06,0
353.51562,4.112329e-04,95.169,4.321084e-06,0
353.54614,6.058335e-04,95.168,6.365926e-06,0
353.57666,6.610012e-04,95.167,6.945665e-06,0
353.60718,6.523140e-04,95.167,6.854436e-06,0
353.63770,6.465732e-04,95.166,6.794165e-06,0
353.66821,5.943716e-04,95.165,6.245682e-06,0
353.69873,5.687685e-04,95.164,5.976691e-06,0
353.72925,4.911929e-04,95.164,5.161557e-06,0
353.75977,5.331265e-04,95.163,5.602248e-06,0
353.79028,4.168170e-04,95.162,4.380068e-06,0
353.82080,5.221218e-04,95.161,5.486692e-06,0
353.85132,4.573923e-04,95.161,4.806523e-06,0
353.88184,4.584100e-04,95.160,4.817256e-06,0
353.91235,4.516789e-04,95.159,4.746558e-06,0
353.94287,5.554884e-04,95.159,5.837507e-06,0
353.97339,5.421297e-04,95.158,5.697167e-06,0
354.00391,4.069599e-04,95.157,4.276719e-06,0
354.03442,5.173835e-04,95.156,5.437197e-06,0
354.06494,6.579808e-04,95.156,6.914792e-06,0
354.09546,6.673440e-04,95.155,7.013246e-06,0
354.12598,6.347474e-04,95.154,6.670735e-06,0
354.15649,4.359295e-04,95.153,4.581338e-06,0
354.18701,4.659393e-04,95.153,4.896760e-06,0
354.21753,4.927861e-04,95.152,5.178945e-06,0
354.24805,4.830222e-04,95.151,5.076371e-06,0
354.27856,6.071311e-04,95.150,6.380756e-06,0
354.30908,6.703363e-04,95.150,7.045077e-06,0
354.33960,4.472175e-04,95.149,4.700188e-06,0
354.37012,3.720438e-04,95.148,3.910154e-06,0
354.40063,3.390496e-04,95.147,3.563416e-06,0
354.43115,4.290924e-04,95.147,4.509801e-06,0
354.46167,4.278994e-04,95.146,4.497298e-06,0
354.49219,4.154049e-04,95.145,4.366013e-06,0
354.52271,5.463672e-04,95.144,5.742505e-06,0
354.55322,5.850941e-04,95.144,6.149586e-06,0
354.58374,5.968283e-04,95.143,6.272966e-06,0
354.61426,3.925251e-04,95.142,4.125669e-06,0
354.64478,4.390640e-04,95.141,4.614856e-06,0
354.67529,4.234482e-04,95.141,4.450758e-06,0
354.70581,4.579137e-04,95.140,4.813053e-06,0
354.73633,5.117894e-04,95.139,5.379374e-06,0
354.76685,5.465103e-04,95.138,5.744367e-06,0
354.79736,5.470579e-04,95.138,5.750167e-06,0
354.82788,5.797385e-04,95.137,6.093723e-06,0
354.85840,4.543395e-04,95.136,4.775672e-06,0
354.88892,5.950608e-04,95.136,6.254876e-06,0
354.91943,6.233760e-04,95.135,6.552558e-06,0
354.94995,5.412869e-04,95.134,5.689729e-06,0
354.98047,5.783779e-04,95.133,6.079658e-06,0
355.01099,5.020268e-04,95.133,5.277130e-06,0
355.04150,5.680156e-04,95.132,5.970828e-06,0
355.07202,7.541031e-04,95.131,7.926991e-06,0
355.10254,7.074607e-04,95.130,7.436753e-06,0
355.13306,6.602821e-04,95.130,6.940870e-06,0
355.16357,6.452194e-04,95.129,6.782584e-06,0
355.19409,5.672746e-04,95.128,5.963270e-06,0
355.22461,4.911730e-04,95.127,5.163320e-06,0
355.25513,4.609878e-04,95.127,4.846044e-06,0
355.28564,6.396145e-04,95.126,6.723874e-06,0
355.31616,5.357435e-04,95.125,5.631986e-06,0
355.34668,4.966962e-04,95.124,5.221543e-06,0
355.37720,3.346531e-04,95.124,3.518084e-06,0
355.40771,4.623517e-04,95.123,4.860571e-06,0
355.43823,5.248647e-04,95.122,5.517795e-06,0
355.46875,5.981189e-04,95.121,6.287950e-06,0
355.49927,5.118382e-04,95.121,5.380934e-06,0
355.52979,6.173775e-04,95.120,6.490514e-06,0
355.56030,7.640607e-04,95.119,8.032663e-06,0
355.59082,6.732320e-04,95.118,7.077825e-06,0
355.62134,5.680389e-04,95.118,5.971956e-06,0
355.65186,4.498894e-04,95.117,4.729852e-06,0
355.68237,4.229931e-04,95.116,4.447116e-06,0
355.71289,5.136974e-04,95.116,5.400773e-06,0
355.74341,5.593112e-04,95.115,5.880381e-06,0
355.77393,6.079942e-04,95.114,6.392265e-06,0
355.80444,5.492006e-04,95.113,5.774172e-06,0
355.83496,5.696381e-04,95.113,5.989094e-06,0
355.86548,5.925667e-04,95.112,6.230210e-06,0
355.89600,4.788482e-04,95.111,5.034620e-06,0
355.92651,3.997897e-04,95.110,4.203430e-06,0
355.95703,4.197704e-04,95.110,4.413543e-06,0
355.98755,5.992231e-04,95.109,6.300391e-06,0
356.01807,5.755215e-04,95.108,6.051233e-06,0
356.04858,5.307845e-04,95.107,5.580896e-06,0
356.07910,4.134557e-04,95.107,4.347284e-06,0
356.10962,4.214328e-04,95.106,4.431194e-06,0
356.14014,5.071045e-04,95.105,5.332038e-06,0
356.17065,5.359887e-04,95.104,5.635790e-06,0
356.20117,5.435840e-04,95.104,5.715697e-06,0
356.23169,5.925342e-04,95.103,6.230449e-06,0
356.26221,4.789254e-04,95.102,5.035901e-06,0
356.29272,5.001730e-04,95.101,5.259360e-06,0
356.32324,5.033000e-04,95.101,5.292282e-06,0
356.35376,5.089035e-04,95.100,5.351245e-06,0
356.38428,4.484526e-04,95.099,4.715625e-06,0
356.41479,3.903970e-04,95.099,4.105184e-06,0
356.44531,4.352011e-04,95.098,4.576353e-06,0
356.47583,5.919360e-04,95.097,6.224545e-06,0
356.50635,5.830186e-04,95.096,6.130821e-06,0
356.53687,6.877882e-04,95.096,7.232597e-06,0
356.56738,7.408525e-04,95.095,7.790668e-06,0
356.59790,5.595476e-04,95.094,5.884145e-06,0
356.62842,4.153053e-04,95.093,4.367342e-06,0
356.65894,5.039147e-04,95.093,5.299197e-06,0
356.68945,6.677769e-04,95.092,7.022437e-06,0
356.71997,7.196754e-04,95.091,7.568267e-06,0
356.75049,6.101601e-04,95.090,6.416629e-06,0
356.78101,4.930998e-04,95.090,5.185628e-06,0
356.81152,3.924588e-04,95.089,4.127280e-06,0
356.84204,5.135856e-04,95.088,5.401148e-06,0
356.87256,5.978909e-04,95.087,6.287797e-06,0
356.90308,4.645920e-04,95.087,4.885981e-06,0
356.93359,6.726793e-04,95.086,7.074429e-06,0
356.96411,5.667966e-04,95.085,5.960929e-06,0
356.99463,4.903986e-04,95.085,5.157501e-06,0
357.02515,4.663930e-04,95.084,4.905073e-06,0
357.05566,5.347363e-04,95.083,5.623885e-06,0
357.08618,6.036332e-04,95.082,6.348531e-06,0
357.11670,6.470380e-04,95.082,6.805081e-06,0
357.14722,6.063679e-04,95.081,6.377391e-06,0
357.17773,5.881129e-04,95.080,6.185445e-06,0
357.20825,6.182504e-04,95.079,6.502465e-06,0
357.23877,4.695450e-04,95.079,4.938490e-06,0
357.26929,4.270644e-04,95.078,4.491731e-06,0
357.29980,4.570705e-04,95.077,4.807362e-06,0
357.33032,6.170667e-04,95.076,6.490216e-06,0
357.36084,6.230909e-04,95.076,6.553629e-06,0
357.39136,5.520442e-04,95.075,5.806409e-06,0
357.42188,6.553501e-04,95.074,6.893035e-06,0
357.45239,5.184140e-04,95.074,5.452770e-06,0
357.48291,6.286254e-04,95.073,6.612045e-06,0
357.51343,5.491630e-04,95.072,5.776283e-06,0
357.54395,5.121570e-04,95.071,5.387083e-06,0
357.57446,5.500920e-04,95.071,5.786143e-06,0
357.60498,6.280229e-04,95.070,6.605911e-06,0
357.63550,4.838656e-04,95.069,5.089620e-06,0
357.66602,5.007483e-04,95.068,5.267244e-06,0
357.69653,5.390364e-04,95.068,5.670031e-06,0
357.72705,5.792801e-04,95.067,6.093395e-06,0
357.75757,6.068712e-04,95.066,6.383672e-06,0
357.78809,5.693432e-04,95.065,5.988962e-06,0
357.81860,3.876952e-04,95.065,4.078225e-06,0
357.84912,4.998125e-04,95.064,5.257645e-06,0
357.87964,5.545914e-04,95.063,5.833921e-06,0
357.91016,4.461904e-04,95.062,4.693653e-06,0
357.94067,5.098816e-04,95.062,5.363689e-06,0
357.97119,5.627564e-04,95.061,5.919949e-06,0
358.00171,5.068733e-04,95.060,5.332125e-06,0
358.03223,4.915041e-04,95.060,5.170486e-06,0
358.06274,4.537705e-04,95.059,4.773576e-06,0
358.09326,4.554593e-04,95.058,4.791379e-06,0
358.12378,4.948580e-04,95.057,5.205889e-06,0
358.15430,4.594899e-04,95.057,4.833855e-06,0
358.18481,5.773264e-04,95.056,6.073547e-06,0
358.21533,5.273256e-04,95.055,5.547576e-06,0
358.24585,3.939214e-04,95.054,4.144167e-06,0
358.27637,5.859508e-04,95.054,6.164419e-06,0
358.30688,6.788326e-04,95.053,7.141625e-06,0
358.33740,5.149777e-04,95.052,5.417840e-06,0
358.36792,4.698513e-04,95.051,4.943124e-06,0
358.39844,5.522167e-04,95.051,5.809703e-06,0
358.42896,5.390076e-04,95.050,5.670779e-06,0
358.45947,6.063323e-04,95.049,6.379136e-06,0
358.48999,5.594164e-04,95.049,5.885585e-06,0
358.52051,7.443583e-04,95.048,7.831409e-06,0
358.55103,6.749258e-04,95.047,7.100963e-06,0
358.58154,5.834292e-04,95.046,6.138365e-06,0
358.61206,6.538057e-04,95.046,6.878862e-06,0
358.64258,5.952861e-04,95.045,6.263209e-06,0
358.67310,7.462757e-04,95.044,7.851884e-06,0
358.70361,8.566035e-04,95.043,9.012759e-06,0
358.73413,8.594565e-04,95.043,9.042847e-06,0
358.76465,5.412667e-04,95.042,5.695029e-06,0
358.79517,5.130257e-04,95.041,5.397928e-06,0
358.82568,7.564731e-04,95.040,7.959482e-06,0
358.85620,7.942532e-04,95.040,8.357062e-06,0
358.88672,5.671695e-04,95.039,5.967753e-06,0
358.91724,7.584371e-04,95.038,7.980331e-06,0
358.94775,1.154345e-03,95.038,1.214620e-05,0
358.97827,9.763243e-04,95.037,1.027311e-05,0
359.00879,9.625014e-04,95.036,1.012774e-05,0
359.03931,1.395083e-03,95.035,1.467961e-05,0
359.06982,1.242003e-03,95.035,1.306895e-05,0
359.10034,1.262334e-03,95.034,1.328299e-05,0
359.13086,2.987050e-03,95.033,3.143165e-05,0
359.16138,3.904849e-03,95.032,4.108964e-05,0
359.19189,2.331575e-03,95.032,2.453470e-05,0
359.22241,4.887993e-03,95.031,5.143578e-05,0
359.25293,7.133539e-03,95.030,7.506598e-05,0
359.28345,4.136720e-03,95.030,4.353090e-05,0
359.31396,1.076667e-03,95.029,1.132990e-05,0
359.34448,1.416372e-03,95.028,1.490478e-05,0
359.37500,1.533789e-03,95.027,1.614051e-05,0
359.40552,7.678197e-04,95.027,8.080051e-06,0
359.43604,9.269134e-04,95.026,9.754327e-06,0
359.46655,1.179423e-03,95.025,1.241169e-05,0
359.49707,9.308985e-04,95.024,9.796415e-06,0
359.52759,7.899929e-04,95.024,8.313643e-06,1
359.55811,1.045140e-03,95.023,1.099881e-05,1
359.58862,8.840110e-04,95.022,9.303204e-06,1
359.61914,5.993650e-04,95.021,6.307679e-06,1
359.64966,6.857986e-04,95.021,7.217356e-06,1
359.68018,8.175608e-04,95.020,8.604090e-06,1
359.71069,5.383065e-04,95.019,5.665233e-06,1
359.74121,6.416183e-04,95.019,6.752557e-06,1
359.77173,1.141558e-03,95.018,1.201414e-05,1
359.80225,1.029599e-03,95.017,1.083593e-05,1
359.83276,8.641645e-04,95.016,9.094901e-06,1
359.86328,1.322974e-03,95.016,1.392375e-05,1
359.89380,1.863864e-03,95.015,1.961655e-05,1
359.92432,1.724366e-03,95.014,1.814851e-05,1
359.95483,2.034654e-03,95.013,2.141438e-05,1
359.98535,3.887230e-03,95.013,4.091273e-05,1
360.01587,2.799585e-03,95.012,2.946560e-05,1
360.04639,1.144755e-03,95.011,1.204862e-05,1
360.07690,8.855527e-04,95.011,9.320574e-06,1
360.10742,1.049385e-03,95.010,1.104502e-05,1
360.13794,7.936092e-04,95.009,8.352983e-06,1
360.16846,4.879738e-04,95.008,5.136115e-06,1
360.19897,7.309352e-04,95.008,7.693438e-06,1
360.22949,8.236720e-04,95.007,8.669603e-06,1
360.26001,9.266039e-04,95.006,9.753093e-06,1
360.29053,9.733857e-04,95.005,1.024558e-05,1
360.32104,7.994135e-04,95.005,8.414462e-06,1
360.35156,5.073763e-04,95.004,5.340579e-06,1
360.38208,5.203591e-04,95.003,5.477277e-06,1
360.41260,6.472723e-04,95.003,6.813212e-06,1
360.44312,6.551369e-04,95.002,6.896048e-06,1
360.47363,4.948115e-04,95.001,5.208484e-06,1
360.50415,5.706927e-04,95.000,6.007270e-06,0
360.53467,6.897794e-04,95.000,7.260866e-06,0
360.56519,6.618613e-04,94.999,6.967044e-06,0
360.59570,6.176229e-04,94.998,6.501421e-06,0
360.62622,6.442495e-04,94.997,6.781758e-06,0
360.65674,7.225481e-04,94.997,7.606034e-06,0
360.68726,7.083943e-04,94.996,7.457099e-06,0
360.71777,6.577909e-04,94.995,6.924462e-06,0
360.74829,8.008988e-04,94.995,8.431002e-06,0
360.77881,6.755793e-04,94.994,7.111827e-06,0
360.80933,5.933969e-04,94.993,6.246740e-06,0
360.83984,4.264042e-04,94.992,4.488828e-06,0
360.87036,6.243853e-04,94.992,6.573059e-06,0
360.90088,7.627890e-04,94.991,8.030130e-06,0
360.93140,7.661707e-04,94.990,8.065792e-06,0
360.96191,4.974928e-04,94.989,5.237350e-06,0
360.99243,4.003098e-04,94.989,4.214290e-06,0
361.02295,5.039286e-04,94.988,5.305184e-06,0
361.05347,5.951478e-04,94.987,6.265556e-06,0
361.08398,6.323519e-04,94.987,6.657282e-06,0
361.11450,6.283074e-04,94.986,6.614752e-06,0
361.14502,6.081060e-04,94.985,6.402123e-06,0
361.17554,4.115580e-04,94.984,4.332905e-06,0
361.20605,4.513703e-04,94.984,4.752087e-06,0
361.23657,4.406377e-04,94.983,4.639128e-06,0
361.26709,4.667814e-04,94.982,4.914412e-06,0
361.29761,5.322272e-04,94.981,5.603487e-06,0
361.32812,6.564909e-04,94.981,6.911836e-06,0
361.35864,6.590921e-04,94.980,6.939276e-06,0
361.38916,3.849843e-04,94.979,4.053352e-06,0
361.41968,5.125107e-04,94.979,5.396070e-06,0
361.45020,6.866392e-04,94.978,7.229471e-06,0
361.48071,7.217685e-04,94.977,7.599398e-06,0
361.51123,5.765251e-04,94.976,6.070197e-06,0
361.54175,4.604385e-04,94.976,4.847966e-06,0
361.57227,4.594693e-04,94.975,4.837798e-06,0
361.60278,4.874385e-04,94.974,5.132328e-06,0
361.63330,6.060759e-04,94.973,6.381531e-06,0
361.66382,5.882780e-04,94.973,6.194180e-06,0
361.69434,4.445079e-04,94.972,4.680412e-06,0
361.72485,6.113737e-04,94.971,6.437461e-06,0
361.75537,5.047134e-04,94.971,5.314422e-06,0
361.78589,5.484391e-04,94.970,5.774879e-06,0
361.81641,5.759434e-04,94.969,6.064536e-06,0
361.84692,5.711468e-04,94.968,6.014075e-06,0
361.87744,6.253698e-04,94.968,6.585084e-06,0
361.90796,4.585464e-04,94.967,4.828487e-06,0
361.93848,5.399857e-04,94.966,5.686085e-06,0
361.96899,5.538272e-04,94.965,5.831881e-06,0
361.99951,4.798290e-04,94.965,5.052708e-06,0
362.03003,4.119787e-04,94.964,4.338262e-06,0
362.06055,5.321165e-04,94.963,5.603393e-06,0
362.09106,5.391024e-04,94.963,5.677000e-06,0
362.12158,3.738931e-04,94.962,3.937299e-06,0
362.15210,3.455529e-04,94.961,3.638889e-06,0
362.18262,4.665488e-04,94.960,4.913089e-06,0
362.21313,4.331433e-04,94.960,4.561341e-06,0
362.24365,5.069083e-04,94.959,5.338185e-06,0
362.27417,6.440944e-04,94.958,6.782926e-06,0
362.30469,5.024763e-04,94.957,5.291593e-06,0
362.33521,4.974226e-04,94.957,5.238412e-06,0
362.36572,5.210590e-04,94.956,5.487372e-06,0
362.39624,5.958632e-04,94.955,6.275196e-06,0
362.42676,4.867358e-04,94.955,5.125986e-06,0
362.45728,3.890260e-04,94.954,4.097001e-06,0
362.48779,6.260178e-04,94.953,6.592914e-06,0
362.51831,5.735438e-04,94.952,6.040329e-06,0
362.54883,5.553732e-04,94.952,5.849009e-06,0
362.57935,5.166689e-04,94.951,5.441429e-06,0
362.60986,7.391336e-04,94.950,7.784432e-06,0
362.64038,6.619669e-04,94.950,6.971778e-06,0
362.67090,6.191976e-04,94.949,6.521385e-06,0
362.70142,5.657258e-04,94.948,5.958266e-06,0
362.73193,5.195535e-04,94.947,5.472018e-06,0
362.76245,5.125252e-04,94.947,5.398036e-06,0
362.79297,4.782714e-04,94.946,5.037305e-06,0
362.82349,4.944146e-04,94.945,5.207370e-06,0
362.85400,4.584747e-04,94.944,4.828873e-06,0
362.88452,5.407988e-04,94.944,5.695993e-06,0
362.91504,6.036113e-04,94.943,6.357618e-06,0
362.94556,5.202231e-04,94.942,5.479362e-06,0
362.97607,5.101356e-04,94.942,5.373154e-06,0
363.00659,6.139819e-04,94.941,6.466995e-06,0
363.03711,5.986993e-04,94.940,6.306073e-06,0
363.06763,5.968591e-04,94.939,6.286739e-06,0
363.09814,6.536742e-04,94.939,6.885227e-06,0
363.12866,5.614326e-04,94.938,5.913680e-06,0
363.15918,4.147455e-04,94.937,4.368629e-06,0
363.18970,3.690413e-04,94.936,3.887244e-06,0
363.22021,5.224773e-04,94.936,5.503482e-06,0
363.25073,5.808080e-04,94.935,6.117951e-06,0
363.28125,5.516560e-04,94.934,5.810922e-06,0
363.31177,4.584014e-04,94.934,4.828652e-06,0
363.34229,4.874740e-04,94.933,5.134933e-06,0
363.37280,5.653117e-04,94.932,5.954902e-06,0
363.40332,6.084586e-04,94.931,6.409453e-06,0
363.43384,5.461584e-04,94.931,5.753231e-06,0
363.46436,5.578560e-04,94.930,5.876499e-06,0
363.49487,6.306435e-04,94.929,6.643298e-06,0
363.52539,5.017002e-04,94.929,5.285029e-06,0
363.55591,6.159337e-04,94.928,6.488442e-06,0
363.58643,5.850946e-04,94.927,6.163620e-06,0
363.61694,4.190224e-04,94.926,4.414183e-06,0
363.64746,5.401028e-04,94.926,5.689745e-06,0
363.67798,5.283993e-04,94.925,5.566496e-06,0
363.70850,5.788771e-04,94.924,6.098308e-06,0
363.73901,5.270178e-04,94.923,5.552027e-06,0
363.76953,5.385057e-04,94.923,5.673093e-06,0
363.80005,5.898705e-04,94.922,6.214262e-06,0
363.83057,4.808701e-04,94.921,5.065986e-06,0
363.86108,4.644583e-04,94.921,4.893124e-06,0
363.89160,4.316337e-04,94.920,4.547347e-06,0
363.92212,4.196254e-04,94.919,4.420870e-06,0
363.95264,3.682640e-04,94.918,3.879794e-06,0
363.98315,4.664557e-04,94.918,4.914316e-06,0
364.01367,4.276626e-04,94.917,4.505648e-06,0
364.04419,3.884450e-04,94.916,4.092501e-06,0
364.07471,5.160327e-04,94.916,5.436755e-06,0
364.10522,4.466810e-04,94.915,4.706124e-06,0
364.13574,4.248692e-04,94.914,4.476354e-06,0
364.16626,5.742394e-04,94.913,6.050140e-06,0
364.19678,5.588042e-04,94.913,5.887561e-06,0
364.22729,4.181350e-04,94.912,4.405503e-06,0
364.25781,3.429223e-04,94.911,3.613084e-06,0
364.28833,4.780140e-04,94.911,5.036470e-06,0
364.31885,5.081094e-04,94.910,5.353603e-06,0
364.34937,5.820137e-04,94.909,6.132329e-06,0
364.37988,8.238860e-04,94.908,8.680857e-06,0
364.41040,8.073492e-04,94.908,8.506682e-06,0
364.44092,5.801112e-04,94.907,6.112422e-06,0
364.47144,3.898510e-04,94.906,4.107750e-06,0
364.50195,4.684472e-04,94.905,4.935934e-06,0
364.53247,4.764567e-04,94.905,5.020366e-06,0
364.56299,4.192461e-04,94.904,4.417579e-06,0
364.59351,4.923314e-04,94.903,5.187714e-06,0
364.62402,5.639865e-04,94.903,5.942792e-06,0
364.65454,6.697632e-04,94.902,7.057428e-06,0
364.68506,5.375212e-04,94.901,5.664010e-06,0
364.71558,4.692373e-04,94.900,4.944521e-06,0
364.74609,4.307167e-04,94.900,4.538650e-06,0
364.77661,3.683183e-04,94.899,3.881161e-06,0
364.80713,5.250971e-04,94.898,5.533262e-06,0
364.83765,6.554079e-04,94.898,6.906477e-06,0
364.86816,4.215952e-04,94.897,4.442668e-06,0
364.89868,3.128089e-04,94.896,3.296329e-06,0
364.92920,3.677270e-04,94.895,3.875076e-06,0
364.95972,3.413898e-04,94.895,3.597564e-06,0
364.99023,3.821306e-04,94.894,4.026921e-06,0
365.02075,4.753687e-04,94.893,5.009510e-06,0
365.05127,6.412789e-04,94.893,6.757949e-06,0
365.08179,5.254142e-04,94.892,5.536980e-06,0
365.11230,4.753581e-04,94.891,5.009511e-06,0
365.14282,3.953477e-04,94.890,4.166362e-06,0
365.17334,4.060855e-04,94.890,4.279554e-06,0
365.20386,5.338920e-04,94.889,5.626493e-06,0
365.23438,4.312955e-04,94.888,4.545300e-06,0
365.26489,5.874523e-04,94.888,6.191039e-06,0
365.29541,5.254217e-04,94.887,5.537353e-06,0
365.32593,5.829642e-04,94.886,6.143832e-06,0
365.35645,5.211413e-04,94.885,5.492325e-06,0
365.38696,6.003377e-04,94.885,6.327027e-06,0
365.41748,5.193434e-04,94.884,5.473460e-06,0
365.44800,4.799135e-04,94.883,5.057939e-06,0
365.47852,5.287460e-04,94.882,5.572640e-06,0
365.50903,4.543532e-04,94.882,4.788625e-06,0
365.53955,4.623818e-04,94.881,4.873279e-06,0
365.57007,4.792430e-04,94.880,5.051025e-06,0
365.60059,3.839999e-04,94.880,4.047233e-06,0
365.63110,5.465407e-04,94.879,5.760402e-06,0
365.66162,5.229507e-04,94.878,5.511812e-06,0
365.69214,4.429929e-04,94.877,4.669106e-06,0
365.72266,4.370807e-04,94.877,4.606826e-06,0
365.75317,3.913153e-04,94.876,4.124490e-06,0
365.78369,5.212430e-04,94.875,5.493979e-06,0
365.81421,3.545636e-04,94.875,3.737181e-06,0
365.84473,3.307271e-04,94.874,3.485966e-06,0
365.87524,5.272334e-04,94.873,5.557245e-06,0
365.90576,5.958886e-04,94.872,6.280944e-06,0
365.93628,6.552405e-04,94.872,6.906593e-06,0
365.96680,4.904121e-04,94.871,5.169251e-06,0
365.99731,4.942823e-04,94.870,5.210085e-06,0
366.02783,4.603049e-04,94.870,4.851975e-06,0
366.05835,4.503298e-04,94.869,4.746866e-06,0
366.08887,5.437369e-04,94.868,5.731501e-06,0
366.11938,5.166686e-04,94.867,5.446216e-06,0
366.14990,3.920101e-04,94.867,4.132219e-06,0
366.18042,4.439307e-04,94.866,4.679555e-06,0
366.21094,4.602062e-04,94.865,4.851155e-06,0
366.24146,4.142223e-04,94.865,4.366459e-06,0
366.27197,4.975293e-04,94.864,5.244667e-06,0
366.30249,4.204259e-04,94.863,4.431921e-06,0
366.33301,5.495618e-04,94.862,5.793251e-06,0
366.36353,4.696314e-04,94.862,4.950695e-06,0
366.39404,6.314944e-04,94.861,6.657051e-06,0
366.42456,5.911384e-04,94.860,6.231674e-06,0
366.45508,7.868584e-04,94.860,8.294982e-06,0
366.48560,8.574163e-04,94.859,9.038865e-06,0
366.51611,6.207898e-04,94.858,6.544403e-06,0
366.54663,6.284141e-04,94.857,6.624829e-06,0
366.57715,6.017778e-04,94.857,6.344073e-06,0
366.60767,7.117018e-04,94.856,7.502972e-06,0
366.63818,4.871601e-04,94.855,5.135825e-06,0
366.66870,4.556973e-04,94.855,4.804169e-06,0
366.69922,6.567456e-04,94.854,6.923764e-06,0
366.72974,6.174898e-04,94.853,6.509958e-06,0
366.76025,5.127881e-04,94.852,5.406168e-06,0
366.79077,4.587485e-04,94.852,4.836482e-06,0
366.82129,3.539566e-04,94.851,3.731713e-06,0
366.85181,2.937684e-04,94.850,3.097180e-06,0
366.88232,4.275604e-04,94.850,4.507775e-06,0
366.91284,5.002221e-04,94.849,5.273887e-06,0
366.94336,5.206278e-04,94.848,5.489069e-06,0
366.97388,5.180929e-04,94.847,5.462384e-06,0
367.00439,5.607197e-04,94.847,5.911853e-06,0
367.03491,5.402410e-04,94.846,5.695982e-06,0
367.06543,3.892750e-04,94.845,4.104317e-06,0
367.09595,4.800414e-04,94.845,5.061349e-06,0
367.12646,4.948366e-04,94.844,5.217383e-06,0
367.15698,4.613832e-04,94.843,4.864698e-06,0
367.18750,6.509718e-04,94.842,6.863721e-06,0
367.21802,6.993117e-04,94.842,7.373463e-06,0
367.24854,5.351849e-04,94.841,5.642971e-06,0
367.27905,5.716792e-04,94.840,6.027811e-06,0
367.30957,4.593285e-04,94.840,4.843217e-06,0
367.34009,4.780701e-04,94.839,5.040869e-06,0
367.37061,5.370257e-04,94.838,5.662551e-06,0
367.40112,5.837808e-04,94.837,6.155597e-06,0
367.43164,5.450501e-04,94.837,5.747248e-06,0
367.46216,5.749906e-04,94.836,6.063001e-06,0
367.49268,5.129019e-04,94.835,5.408346e-06,0
367.52319,4.583246e-04,94.835,4.832886e-06,0
367.55371,3.664620e-04,94.834,3.864254e-06,0
367.58423,4.329655e-04,94.833,4.565551e-06,0
367.61475,5.274950e-04,94.832,5.562391e-06,0
367.64526,4.973637e-04,94.832,5.244699e-06,0
367.67578,5.619049e-04,94.831,5.925329e-06,0
367.70630,6.854989e-04,94.830,7.228692e-06,0
367.73682,6.576547e-04,94.830,6.935123e-06,0
367.76733,5.505748e-04,94.829,5.805984e-06,0
367.79785,5.942336e-04,94.828,6.266427e-06,0
367.82837,5.991357e-04,94.827,6.318168e-06,0
367.85889,5.938014e-04,94.827,6.261964e-06,0
367.88940,5.945471e-04,94.826,6.269874e-06,0
367.91992,6.053723e-04,94.825,6.384081e-06,0
367.95044,6.869014e-04,94.825,7.243918e-06,0
367.98096,6.177463e-04,94.824,6.514671e-06,0
368.01147,6.893826e-04,94.823,7.270193e-06,0
368.04199,6.667585e-04,94.822,7.031653e-06,0
368.07251,5.699401e-04,94.822,6.010649e-06,0
368.10303,4.201571e-04,94.821,4.431054e-06,0
368.13354,4.773843e-04,94.820,5.034621e-06,0
368.16406,5.495013e-04,94.820,5.795229e-06,0
368.19458,4.538753e-04,94.819,4.786761e-06,0
368.22510,6.138781e-04,94.818,6.474266e-06,0
368.25562,6.301885e-04,94.817,6.646334e-06,0
368.28613,5.615319e-04,94.817,5.922286e-06,0
368.31665,5.427737e-04,94.816,5.724493e-06,0
368.34717,5.004766e-04,94.815,5.278435e-06,0
368.37769,5.757369e-04,94.815,6.072238e-06,0
368.40820,6.055140e-04,94.814,6.386342e-06,0
368.43872,8.463653e-04,94.813,8.926662e-06,0
368.46924,7.860313e-04,94.812,8.290378e-06,0
368.49976,5.881170e-04,94.812,6.202996e-06,0
368.53027,4.931230e-04,94.811,5.201113e-06,0
368.56079,6.412757e-04,94.810,6.763774e-06,0
368.59131,6.824959e-04,94.810,7.198593e-06,0
368.62183,6.801703e-04,94.809,7.174117e-06,0
368.65234,8.451774e-04,94.808,8.914601e-06,0
368.68286,7.847951e-04,94.808,8.277774e-06,0
368.71338,6.713964e-04,94.807,7.081733e-06,0
368.74390,1.169657e-03,94.806,1.233736e-05,0
368.77441,1.377701e-03,94.805,1.453189e-05,0
368.80493,8.033981e-04,94.805,8.474247e-06,0
368.83545,1.401125e-03,94.804,1.477919e-05,0
368.86597,3.129595e-03,94.803,3.301148e-05,0
368.89648,2.877326e-03,94.803,3.035073e-05,0
368.92700,1.788907e-03,94.802,1.886997e-05,0
368.95752,4.871207e-03,94.801,5.138344e-05,0
368.98804,5.397322e-03,94.800,5.693354e-05,0
369.01855,2.221029e-03,94.800,2.342865e-05,0
369.04907,1.042920e-03,94.799,1.100139e-05,0
369.07959,1.483009e-03,94.798,1.564384e-05,0
369.11011,1.110704e-03,94.798,1.171659e-05,0
369.14062,6.179211e-04,94.797,6.518372e-06,0
369.17114,9.141610e-04,94.796,9.643441e-06,0
369.20166,8.749073e-04,94.795,9.229425e-06,0
369.23218,6.191425e-04,94.795,6.531403e-06,0
369.26270,6.143944e-04,94.794,6.481363e-06,0
369.29321,7.845488e-04,94.793,8.276416e-06,0
369.32373,5.320422e-04,94.793,5.612699e-06,0
369.35425,5.380963e-04,94.792,5.676608e-06,0
369.38477,7.419108e-04,94.791,7.826793e-06,0
369.41528,7.237708e-04,94.790,7.635481e-06,0
369.44580,4.919807e-04,94.790,5.190231e-06,0
369.47632,7.627518e-04,94.789,8.046835e-06,0
369.50684,7.819596e-04,94.788,8.249534e-06,0
369.53735,4.367378e-04,94.788,4.607540e-06,0
369.56787,5.763657e-04,94.787,6.080647e-06,0
369.59839,6.377312e-04,94.786,6.728102e-06,0
369.62891,6.045490e-04,94.785,6.378075e-06,0
369.65942,5.819553e-04,94.785,6.139754e-06,0
369.68994,5.428183e-04,94.784,5.726893e-06,0
369.72046,5.501245e-04,94.783,5.804019e-06,0
369.75098,4.706098e-04,94.783,4.965147e-06,0
369.78149,5.371672e-04,94.782,5.667400e-06,0
369.81201,4.881310e-04,94.781,5.150080e-06,0
369.84253,3.995916e-04,94.781,4.215967e-06,0
369.87305,4.145369e-04,94.780,4.373683e-06,0
369.90356,5.319360e-04,94.779,5.612375e-06,0
369.93408,5.741608e-04,94.778,6.057928e-06,0
369.96460,4.855094e-04,94.778,5.122612e-06,0
369.99512,7.212235e-04,94.777,7.609690e-06,0
370.02563,8.153015e-04,94.776,8.602378e-06,0
370.05615,6.538093e-04,94.776,6.898500e-06,0
370.08667,7.052483e-04,94.775,7.441300e-06,0
370.11719,7.016322e-04,94.774,7.403201e-06,0
370.14771,5.850317e-04,94.773,6.172949e-06,0
370.17822,5.726094e-04,94.773,6.041921e-06,0
370.20874,4.552002e-04,94.772,4.803106e-06,0
370.23926,4.259486e-04,94.771,4.494488e-06,0
370.26978,4.201687e-04,94.771,4.433533e-06,0
370.30029,4.887267e-04,94.770,5.156982e-06,0
370.33081,5.453573e-04,94.769,5.754583e-06,0
370.36133,4.872970e-04,94.769,5.141972e-06,0
370.39185,4.566260e-04,94.768,4.818367e-06,0
370.42236,3.872767e-04,94.767,4.086616e-06,0
370.45288,4.617087e-04,94.766,4.872073e-06,0
370.48340,4.968496e-04,94.766,5.242928e-06,0
370.51392,5.556397e-04,94.765,5.863344e-06,0
370.54443,6.458337e-04,94.764,6.815161e-06,0
370.57495,6.415804e-04,94.764,6.770329e-06,0
370.60547,4.871536e-04,94.763,5.140766e-06,0
370.63599,6.798899e-04,94.762,7.174700e-06,0
370.66650,6.325128e-04,94.761,6.674791e-06,0
370.69702,6.897725e-04,94.761,7.279096e-06,0
370.72754,5.458132e-04,94.760,5.759953e-06,0
370.75806,5.445447e-04,94.759,5.746609e-06,0
370.78857,8.166348e-04,94.759,8.618053e-06,0
370.81909,9.669644e-04,94.758,1.020458e-05,0
370.84961,6.900541e-04,94.757,7.282340e-06,0
370.88013,4.398693e-04,94.756,4.642103e-06,0
370.91064,5.036258e-04,94.756,5.314988e-06,0
370.94116,4.444937e-04,94.755,4.690975e-06,0
370.97168,5.757628e-04,94.754,6.076372e-06,0
371.00220,5.658100e-04,94.754,5.971378e-06,0
371.03271,3.662002e-04,94.753,3.864789e-06,0
371.06323,5.013036e-04,94.752,5.290677e-06,0
371.09375,4.809465e-04,94.752,5.075869e-06,0
371.12427,3.837019e-04,94.751,4.049588e-06,0
371.15479,4.059053e-04,94.750,4.283954e-06,0
371.18530,4.204950e-04,94.749,4.437968e-06,0
371.21582,5.984796e-04,94.749,6.316493e-06,0
371.24634,4.864994e-04,94.748,5.134666e-06,0
371.27686,4.607839e-04,94.747,4.863293e-06,0
371.30737,5.021362e-04,94.747,5.299780e-06,0
371.33789,4.748180e-04,94.746,5.011488e-06,0
371.36841,6.137832e-04,94.745,6.478251e-06,0
371.39893,5.978605e-04,94.744,6.310240e-06,0
371.42944,5.806530e-04,94.744,6.128665e-06,0
371.45996,6.236907e-04,94.743,6.582968e-06,0
371.49048,6.662015e-04,94.742,7.031716e-06,0
371.52100,4.815386e-04,94.742,5.082648e-06,0
371.55151,4.913544e-04,94.741,5.186293e-06,0
371.58203,6.105602e-04,94.740,6.444569e-06,0
371.61255,5.246659e-04,94.740,5.537981e-06,0
371.64307,4.397047e-04,94.739,4.641229e-06,0
371.67358,5.252414e-04,94.738,5.544139e-06,0
371.70410,6.163496e-04,94.737,6.505871e-06,0
371.73462,6.088345e-04,94.737,6.426593e-06,0
371.76514,6.266909e-04,94.736,6.615127e-06,0
371.79565,5.910142e-04,94.735,6.238582e-06,0
371.82617,5.649522e-04,94.735,5.963524e-06,0
371.85669,6.103802e-04,94.734,6.443101e-06,0
371.88721,7.551521e-04,94.733,7.971355e-06,0
371.91772,6.392090e-04,94.733,6.747514e-06,0
371.94824,5.663940e-04,94.732,5.978921e-06,0
371.97876,6.445487e-04,94.731,6.803982e-06,0
372.00928,5.807353e-04,94.730,6.130400e-06,0
372.03979,5.721096e-04,94.730,6.039390e-06,0
372.07031,5.793188e-04,94.729,6.115538e-06,0
372.10083,5.560755e-04,94.728,5.870216e-06,0
372.13135,5.819390e-04,94.728,6.143290e-06,0
372.16187,4.746179e-04,94.727,5.010382e-06,0
372.19238,5.315091e-04,94.726,5.611005e-06,0
372.22290,6.300755e-04,94.725,6.651594e-06,0
372.25342,6.914723e-04,94.725,7.299804e-06,0
372.28394,5.238046e-04,94.724,5.529794e-06,0
372.31445,4.009875e-04,94.723,4.233248e-06,0
372.34497,4.856862e-04,94.723,5.127455e-06,0
372.37549,5.282789e-04,94.722,5.577154e-06,0
372.40601,5.684898e-04,94.721,6.001713e-06,0
372.43652,6.059592e-04,94.721,6.397335e-06,0
372.46704,5.557569e-04,94.720,5.867375e-06,0
372.49756,4.353074e-04,94.719,4.595770e-06,0
372.52808,6.563591e-04,94.718,6.929581e-06,0
372.55859,6.018320e-04,94.718,6.353952e-06,0
372.58911,4.817102e-04,94.717,5.085782e-06,0
372.61963,5.297469e-04,94.716,5.592983e-06,0
372.65015,5.493062e-04,94.716,5.799530e-06,0
372.68066,4.557471e-04,94.715,4.811776e-06,0
372.71118,5.333392e-04,94.714,5.631035e-06,0
372.74170,5.267779e-04,94.714,5.561802e-06,0
372.77222,3.824690e-04,94.713,4.038196e-06,0
372.80273,4.834453e-04,94.712,5.104366e-06,0
372.83325,6.530303e-04,94.711,6.894947e-06,0
372.86377,5.827274e-04,94.711,6.152708e-06,0
372.89429,3.767392e-04,94.710,3.977818e-06,0
372.92480,4.023196e-04,94.709,4.247941e-06,0
372.95532,3.604168e-04,94.709,3.805534e-06,0
372.98584,4.017741e-04,94.708,4.242244e-06,0
373.01636,5.829848e-04,94.707,6.155654e-06,0
373.04688,6.134468e-04,94.707,6.477346e-06,0
373.07739,6.497877e-04,94.706,6.861118e-06,0
373.10791,5.584730e-04,94.705,5.896968e-06,0
373.13843,6.693513e-04,94.704,7.067795e-06,0
373.16895,7.014695e-04,94.704,7.406992e-06,0
373.19946,5.336762e-04,94.703,5.635261e-06,0
373.22998,4.442062e-04,94.702,4.690553e-06,0
373.26050,4.660254e-04,94.702,4.920988e-06,0
373.29102,5.193700e-04,94.701,5.484320e-06,0
373.32153,3.696904e-04,94.700,3.903797e-06,0
373.35205,4.168366e-04,94.699,4.401677e-06,0
373.38257,5.128673e-04,94.699,5.415774e-06,0
373.41309,4.913699e-04,94.698,5.188804e-06,0
373.44360,4.203219e-04,94.697,4.438579e-06,0
373.47412,4.645811e-04,94.697,4.905990e-06,0
373.50464,5.708295e-04,94.696,6.028022e-06,0
373.53516,6.784511e-04,94.695,7.164571e-06,0
373.56567,7.520877e-04,94.695,7.942246e-06,0
373.59619,6.945997e-04,94.694,7.335211e-06,0
373.62671,6.165588e-04,94.693,6.511121e-06,0
373.65723,5.963797e-04,94.692,6.298068e-06,0
373.68774,6.716980e-04,94.692,7.093520e-06,0
373.71826,6.614842e-04,94.691,6.985707e-06,0
373.74878,7.237064e-04,94.690,7.642871e-06,0
373.77930,5.649201e-04,94.690,5.966015e-06,0
373.80981,4.840634e-04,94.689,5.112140e-06,0
373.84033,4.943991e-04,94.688,5.221334e-06,0
373.87085,5.224530e-04,94.688,5.517651e-06,0
373.90137,4.852709e-04,94.687,5.125007e-06,0
373.93188,4.772933e-04,94.686,5.040791e-06,0
373.96240,4.232553e-04,94.685,4.470118e-06,0
373.99292,5.414485e-04,94.685,5.718431e-06,0
374.02344,6.329971e-04,94.684,6.685359e-06,0
374.05396,6.406159e-04,94.683,6.765874e-06,0
374.08447,7.441656e-04,94.683,7.859574e-06,0
374.11499,4.858819e-04,94.682,5.131725e-06,0
374.14551,5.612715e-04,94.681,5.928008e-06,0
374.17603,5.745439e-04,94.681,6.068233e-06,0
374.20654,5.178978e-04,94.680,5.469988e-06,0
374.23706,5.601488e-04,94.679,5.916282e-06,0
374.26758,5.095581e-04,94.678,5.381984e-06,0
374.29810,5.167127e-04,94.678,5.457591e-06,0
374.32861,5.290020e-04,94.677,5.587434e-06,0
374.35913,5.063138e-04,94.676,5.347835e-06,0
374.38965,4.084119e-04,94.676,4.313799e-06,0
374.42017,5.003229e-04,94.675,5.284637e-06,0
374.45068,4.917986e-04,94.674,5.194637e-06,0
374.48120,4.573581e-04,94.674,4.830893e-06,0
374.51172,4.990262e-04,94.673,5.271056e-06,0
374.54224,5.566587e-04,94.672,5.879853e-06,0
374.57275,4.827655e-04,94.672,5.099375e-06,0
374.60327,4.575923e-04,94.671,4.833511e-06,0
374.63379,4.932138e-04,94.670,5.209815e-06,0
374.66431,4.808761e-04,94.669,5.079530e-06,0
374.69482,4.758399e-04,94.669,5.026369e-06,0
374.72534,4.486149e-04,94.668,4.738823e-06,0
374.75586,5.330623e-04,94.667,5.630902e-06,0
374.78638,6.893104e-04,94.667,7.281452e-06,0
374.81689,5.965240e-04,94.666,6.301360e-06,0
374.84741,5.697149e-04,94.665,6.018207e-06,0
374.87793,8.220635e-04,94.665,8.683967e-06,0
374.90845,9.072571e-04,94.664,9.583990e-06,0
374.93896,6.851793e-04,94.663,7.238080e-06,0
374.96948,6.269387e-04,94.662,6.622889e-06,0
375.00000,6.442739e-04,94.662,6.806066e-06,0
375.03052,4.547787e-04,94.661,4.804286e-06,0
375.06104,5.806322e-04,94.660,6.133849e-06,0
375.09155,9.575343e-04,94.660,1.011555e-05,0
375.12207,8.767072e-04,94.659,9.261748e-06,0
375.15259,6.448916e-04,94.658,6.812842e-06,0
375.18311,7.744067e-04,94.658,8.181141e-06,0
375.21362,7.745754e-04,94.657,8.182984e-06,0
375.24414,4.018539e-04,94.656,4.245407e-06,0
375.27466,4.941191e-04,94.655,5.220187e-06,0
375.30518,5.327596e-04,94.655,5.628451e-06,0
375.33569,5.409731e-04,94.654,5.715266e-06,0
375.36621,5.889816e-04,94.653,6.222511e-06,0
375.39673,7.257222e-04,94.653,7.667214e-06,0
375.42725,7.282458e-04,94.652,7.693932e-06,0
375.45776,6.571374e-04,94.651,6.942722e-06,0
375.48828,6.282385e-04,94.651,6.637450e-06,0
375.51880,6.640685e-04,94.650,7.016053e-06,0
375.54932,5.859430e-04,94.649,6.190682e-06,0
375.57983,5.844798e-04,94.648,6.175268e-06,0
375.61035,5.931893e-04,94.648,6.267334e-06,0
375.64087,5.453825e-04,94.647,5.762274e-06,0
375.67139,5.187774e-04,94.646,5.481217e-06,0
375.70190,4.053095e-04,94.646,4.282387e-06,0
375.73242,4.506179e-04,94.645,4.761138e-06,0
375.76294,4.691981e-04,94.644,4.957489e-06,0
375.79346,4.393210e-04,94.644,4.641846e-06,0
375.82397,6.415556e-04,94.643,6.778697e-06,0
375.85449,6.291286e-04,94.642,6.647441e-06,0
375.88501,4.798733e-04,94.642,5.070431e-06,0
375.91553,5.153720e-04,94.641,5.445557e-06,0
375.94604,5.093600e-04,94.640,5.382073e-06,0
375.97656,6.590368e-04,94.639,6.963660e-06,0
376.00708,7.521263e-04,94.639,7.947341e-06,0
376.03760,8.473979e-04,94.638,8.954094e-06,0
376.06812,7.862025e-04,94.637,8.307529e-06,0
376.09863,6.219723e-04,94.637,6.572214e-06,0
376.12915,5.385613e-04,94.636,5.690874e-06,0
376.15967,5.146878e-04,94.635,5.438648e-06,0
376.19019,4.830947e-04,94.635,5.104844e-06,0
376.22070,4.397657e-04,94.634,4.647023e-06,0
376.25122,4.885537e-04,94.633,5.162605e-06,0
376.28174,4.529322e-04,94.632,4.786224e-06,0
376.31226,4.978365e-04,94.632,5.260775e-06,0
376.34277,5.278297e-04,94.631,5.577763e-06,0
376.37329,4.566621e-04,94.630,4.825745e-06,0
376.40381,4.195505e-04,94.630,4.433603e-06,0
376.43433,4.350747e-04,94.629,4.597689e-06,0
376.46484,4.706694e-04,94.628,4.973875e-06,0
376.49536,4.528457e-04,94.628,4.785556e-06,0
376.52588,6.452558e-04,94.627,6.818946e-06,0
376.55640,6.777455e-04,94.626,7.162343e-06,0
376.58691,6.605325e-04,94.626,6.980489e-06,0
376.61743,5.212706e-04,94.625,5.508814e-06,0
376.64795,4.354018e-04,94.624,4.601382e-06,0
376.67847,4.966716e-04,94.623,5.248927e-06,0
376.70898,5.979177e-04,94.623,6.318964e-06,0
376.73950,6.530721e-04,94.622,6.901902e-06,0
376.77002,4.939502e-04,94.621,5.220282e-06,0
376.80054,4.468992e-04,94.621,4.723062e-06,0
376.83105,5.464502e-04,94.620,5.775209e-06,0
376.86157,6.219131e-04,94.619,6.572794e-06,0
376.89209,5.382241e-04,94.619,5.688355e-06,0
376.92261,5.559191e-04,94.618,5.875412e-06,0
376.95312,6.939432e-04,94.617,7.334219e-06,0
376.98364,7.124116e-04,94.617,7.529465e-06,0
377.01416,4.566470e-04,94.616,4.826329e-06,0
377.04468,4.889392e-04,94.615,5.167665e-06,0
377.07520,5.251094e-04,94.614,5.549993e-06,0
377.10571,5.180522e-04,94.614,5.475444e-06,0
377.13623,5.072363e-04,94.613,5.361167e-06,0
377.16675,4.994196e-04,94.612,5.278588e-06,0
377.19727,4.666138e-04,94.612,4.931886e-06,0
377.22778,3.996111e-04,94.611,4.223730e-06,0
377.25830,5.444179e-04,94.610,5.754322e-06,0
377.28882,6.369859e-04,94.610,6.732786e-06,0
377.31934,5.791070e-04,94.609,6.121064e-06,0
377.34985,5.150406e-04,94.608,5.443932e-06,0
377.38037,5.142148e-04,94.607,5.435244e-06,0
377.41089,5.079559e-04,94.607,5.369127e-06,0
377.44141,4.956499e-04,94.606,5.239090e-06,0
377.47192,6.036067e-04,94.605,6.380255e-06,0
377.50244,6.254580e-04,94.605,6.611277e-06,0
377.53296,6.496867e-04,94.604,6.867432e-06,0
377.56348,7.094862e-04,94.603,7.499590e-06,0
377.59399,7.747713e-04,94.603,8.189743e-06,0
377.62451,6.436480e-04,94.602,6.803750e-06,0
377.65503,6.004186e-04,94.601,6.346836e-06,0
377.68555,4.634494e-04,94.601,4.899013e-06,0
377.71606,4.968103e-04,94.600,5.251701e-06,0
377.74658,4.975959e-04,94.599,5.260044e-06,0
377.77710,5.515995e-04,94.598,5.830955e-06,0
377.80762,5.793383e-04,94.598,6.124226e-06,0
377.83813,4.093766e-04,94.597,4.327581e-06,0
377.86865,2.954781e-04,94.596,3.123565e-06,0
377.89917,3.731268e-04,94.596,3.944437e-06,0
377.92969,4.139076e-04,94.595,4.375574e-06,0
377.96021,5.943221e-04,94.594,6.282851e-06,0
377.99072,4.283817e-04,94.594,4.528652e-06,0
378.02124,3.890140e-04,94.593,4.112505e-06,0
378.05176,3.181557e-04,94.592,3.363443e-06,0
378.08228,4.231871e-04,94.592,4.473836e-06,0
378.11279,4.251551e-04,94.591,4.494673e-06,0
378.14331,3.902532e-04,94.590,4.125726e-06,0
378.17383,3.409803e-04,94.589,3.604843e-06,0
378.20435,4.541308e-04,94.589,4.801105e-06,0
378.23486,5.346808e-04,94.588,5.652727e-06,0
378.26538,4.693594e-04,94.587,4.962176e-06,0
378.29590,6.662636e-04,94.587,7.043944e-06,0
378.32642,5.435929e-04,94.586,5.747073e-06,0
378.35693,5.336493e-04,94.585,5.641986e-06,0
378.38745,6.818713e-04,94.585,7.209111e-06,0
378.41797,6.306126e-04,94.584,6.667225e-06,0
378.44849,5.997377e-04,94.583,6.340843e-06,0
378.47900,6.438502e-04,94.583,6.807281e-06,0
378.50952,6.878461e-04,94.582,7.272492e-06,0
378.54004,6.466330e-04,94.581,6.836802e-06,0
378.57056,9.947743e-04,94.581,1.051775e-05,0
378.60107,1.093977e-03,94.580,1.156670e-05,0
378.63159,8.384861e-04,94.579,8.865445e-06,0
378.66211,1.049726e-03,94.578,1.109899e-05,0
378.69263,1.450263e-03,94.578,1.533409e-05,0
378.72314,1.150747e-03,94.577,1.216729e-05,0
378.75366,8.313166e-04,94.576,8.789898e-06,0
378.78418,6.341806e-04,94.576,6.705535e-06,0
378.81470,7.183690e-04,94.575,7.595761e-06,0
378.84521,7.427298e-04,94.574,7.853400e-06,0
378.87573,8.208152e-04,94.574,8.679114e-06,0
378.90625,7.414112e-04,94.573,7.839572e-06,0
378.93677,5.685469e-04,94.572,6.011775e-06,0
378.96729,5.344220e-04,94.572,5.650982e-06,0
378.99780,4.693132e-04,94.571,4.962556e-06,0
379.02832,4.929320e-04,94.570,5.212342e-06,0
379.05884,4.605384e-04,94.569,4.869842e-06,0
379.08936,4.593661e-04,94.569,4.857482e-06,0
379.11987,2.961617e-04,94.568,3.131730e-06,0
379.15039,5.991936e-04,94.567,6.336154e-06,0
379.18091,1.110508e-03,94.567,1.174312e-05,0
379.21143,7.965801e-04,94.566,8.423534e-06,0
379.24194,4.958592e-04,94.565,5.243562e-06,0
379.27246,5.077579e-04,94.565,5.369427e-06,0
379.30298,4.694917e-04,94.564,4.964806e-06,0
379.33350,4.180660e-04,94.563,4.421019e-06,0
379.36401,3.119006e-04,94.563,3.298351e-06,0
379.39453,5.321969e-04,94.562,5.628028e-06,0
379.42505,6.233957e-04,94.561,6.592510e-06,0
379.45557,6.828869e-04,94.561,7.221692e-06,0
379.48608,6.643746e-04,94.560,7.025971e-06,0
379.51660,6.218708e-04,94.559,6.576528e-06,0
379.54712,5.937869e-04,94.558,6.279575e-06,0
379.57764,6.217175e-04,94.558,6.575003e-06,0
379.60815,5.209324e-04,94.557,5.509185e-06,0
379.63867,5.301439e-04,94.556,5.606643e-06,0
379.66919,6.431248e-04,94.556,6.801546e-06,0
379.69971,6.000384e-04,94.555,6.345920e-06,0
379.73022,6.265283e-04,94.554,6.626121e-06,0
379.76074,6.845209e-04,94.554,7.239499e-06,0
379.79126,7.217104e-04,94.553,7.632872e-06,0
379.82178,6.594183e-04,94.552,6.974116e-06,0
379.85229,8.713262e-04,94.552,9.215355e-06,0
379.88281,9.407689e-04,94.551,9.949870e-06,0
379.91333,4.921519e-04,94.550,5.205193e-06,0
379.94385,4.336685e-04,94.549,4.586682e-06,0
379.97437,5.637774e-04,94.549,5.962818e-06,0
380.00488,4.492138e-04,94.548,4.751165e-06,0
380.03540,5.544234e-04,94.547,5.863970e-06,0
380.06592,4.373939e-04,94.547,4.626219e-06,0
380.09644,3.756267e-04,94.546,3.972949e-06,0
380.12695,5.239237e-04,94.545,5.541505e-06,0
380.15747,5.409795e-04,94.545,5.721945e-06,0
380.18799,6.235936e-04,94.544,6.595803e-06,0
380.21851,6.417852e-04,94.543,6.788267e-06,0
380.24902,6.203096e-04,94.543,6.561163e-06,0
380.27954,5.173113e-04,94.542,5.471765e-06,0
380.31006,5.369544e-04,94.541,5.679578e-06,0
380.34058,4.467770e-04,94.541,4.725771e-06,0
380.37109,4.211891e-04,94.540,4.455148e-06,0
380.40161,5.058184e-04,94.539,5.350357e-06,0
380.43213,4.426952e-04,94.539,4.682697e-06,0
380.46265,4.192363e-04,94.538,4.434589e-06,0
380.49316,5.395621e-04,94.537,5.707410e-06,0
380.52368,4.906694e-04,94.536,5.190267e-06,0
380.55420,5.019232e-04,94.536,5.309348e-06,0
380.58472,6.568020e-04,94.535,6.947708e-06,0
380.61523,6.578597e-04,94.534,6.958946e-06,0
380.64575,5.889717e-04,94.534,6.230283e-06,0
380.67627,3.821151e-04,94.533,4.042134e-06,0
380.70679,4.046379e-04,94.532,4.280419e-06,0
380.73730,4.374813e-04,94.532,4.627882e-06,0
380.76782,4.897469e-04,94.531,5.180810e-06,0
380.79834,5.187804e-04,94.530,5.487982e-06,0
380.82886,5.682312e-04,94.530,6.011147e-06,0
380.85938,5.756120e-04,94.529,6.089271e-06,0
380.88989,5.254284e-04,94.528,5.558430e-06,0
380.92041,7.132988e-04,94.528,7.545938e-06,0
380.95093,7.245041e-04,94.527,7.664534e-06,0
380.98145,7.461867e-04,94.526,7.893971e-06,0
381.01196,7.302811e-04,94.525,7.725761e-06,0
381.04248,6.728186e-04,94.525,7.117908e-06,0
381.07300,6.465416e-04,94.524,6.839967e-06,0
381.10352,4.924814e-04,94.523,5.210153e-06,0
381.13403,4.514754e-04,94.523,4.776369e-06,0
381.16455,4.510659e-04,94.522,4.772072e-06,0
381.19507,5.144295e-04,94.521,5.442468e-06,0
381.22559,5.059412e-04,94.521,5.352705e-06,0
381.25610,4.119397e-04,94.520,4.358229e-06,0
381.28662,5.242518e-04,94.519,5.546506e-06,0
381.31714,5.190977e-04,94.519,5.492016e-06,0
381.34766,4.766359e-04,94.518,5.042809e-06,0
381.37817,6.209541e-04,94.517,6.569744e-06,0
381.40869,7.426168e-04,94.517,7.857002e-06,0
381.43921,4.707542e-04,94.516,4.980689e-06,0
381.46973,5.065298e-04,94.515,5.359243e-06,0
381.50024,5.737738e-04,94.514,6.070749e-06,0
381.53076,5.182774e-04,94.514,5.483616e-06,0
381.56128,4.410338e-04,94.513,4.666377e-06,0
381.59180,3.288184e-04,94.512,3.479102e-06,0
381.62231,4.845202e-04,94.512,5.126560e-06,0
381.65283,6.024084e-04,94.511,6.373945e-06,0
381.68335,4.272862e-04,94.510,4.521050e-06,0
381.71387,4.050012e-04,94.510,4.285287e-06,0
381.74438,3.066165e-04,94.509,3.244310e-06,0
381.77490,3.755749e-04,94.508,3.973987e-06,0
381.80542,4.337004e-04,94.508,4.589051e-06,0
381.83594,4.491105e-04,94.507,4.752141e-06,0
381.86646,5.801263e-04,94.506,6.138494e-06,0
381.89697,5.659838e-04,94.506,5.988892e-06,0
381.92749,5.610905e-04,94.505,5.937156e-06,0
381.95801,6.287540e-04,94.504,6.653184e-06,0
381.98853,5.395196e-04,94.504,5.708988e-06,0
382.01904,5.189087e-04,94.503,5.490931e-06,0
382.04956,5.895180e-04,94.502,6.238141e-06,0
382.08008,5.214988e-04,94.501,5.518418e-06,0
382.11060,5.690552e-04,94.501,6.021697e-06,0
382.14111,5.683881e-04,94.500,6.014681e-06,0
382.17163,5.951714e-04,94.499,6.298147e-06,0
382.20215,4.204838e-04,94.499,4.449623e-06,0
382.23267,4.273620e-04,94.498,4.522441e-06,0
382.26318,4.320347e-04,94.497,4.571921e-06,0
382.29370,4.587097e-04,94.497,4.854240e-06,0
382.32422,5.388791e-04,94.496,5.702664e-06,0
382.35474,6.447394e-04,94.495,6.822975e-06,0
382.38525,7.146994e-04,94.495,7.563384e-06,0
382.41577,6.252935e-04,94.494,6.617284e-06,0
382.44629,6.542039e-04,94.493,6.923283e-06,0
382.47681,6.939153e-04,94.493,7.343593e-06,0
382.50732,5.536927e-04,94.492,5.859683e-06,0
382.53784,5.989191e-04,94.491,6.338355e-06,0
382.56836,5.017304e-04,94.491,5.309846e-06,0
382.59888,5.253166e-04,94.490,5.559501e-06,0
382.62939,6.573138e-04,94.489,6.956497e-06,0
382.65991,5.100231e-04,94.489,5.397726e-06,0
382.69043,3.875644e-04,94.488,4.101739e-06,0
382.72095,5.089541e-04,94.487,5.386490e-06,0
382.75146,4.736391e-04,94.486,5.012771e-06,0
382.78198,5.023196e-04,94.486,5.316351e-06,0
382.81250,5.068415e-04,94.485,5.364247e-06,0
382.84302,4.481584e-04,94.484,4.743198e-06,0
382.87354,5.202327e-04,94.484,5.506056e-06,0
382.90405,5.698731e-04,94.483,6.031485e-06,0
382.93457,6.036913e-04,94.482,6.389459e-06,0
382.96509,6.710961e-04,94.482,7.102921e-06,0
382.99561,5.689875e-04,94.481,6.022241e-06,0
383.02612,5.690352e-04,94.480,6.022790e-06,0
383.05664,5.314896e-04,94.480,5.625440e-06,0
383.08716,5.508909e-04,94.479,5.830831e-06,0
383.11768,5.954601e-04,94.478,6.302613e-06,0
383.14819,6.027891e-04,94.478,6.380232e-06,0
383.17871,5.621837e-04,94.477,5.950487e-06,0
383.20923,6.612430e-04,94.476,6.999040e-06,0
383.23975,6.467211e-04,94.476,6.845380e-06,0
383.27026,6.632609e-04,94.475,7.020500e-06,0
383.30078,5.914885e-04,94.474,6.260848e-06,0
383.33130,4.794276e-04,94.474,5.074730e-06,0
383.36182,6.503441e-04,94.473,6.883927e-06,0
383.39233,5.306231e-04,94.472,5.616714e-06,0
383.42285,3.929359e-04,94.471,4.159307e-06,0
383.45337,5.092093e-04,94.471,5.390124e-06,0
383.48389,4.817563e-04,94.470,5.099563e-06,0
383.51440,6.483644e-04,94.469,6.863219e-06,0
383.54492,6.731244e-04,94.469,7.125365e-06,0
383.57544,6.126063e-04,94.468,6.484798e-06,0
383.60596,5.523856e-04,94.467,5.847369e-06,0
383.63647,4.397169e-04,94.467,4.654729e-06,0
383.66699,3.962455e-04,94.466,4.194582e-06,0
383.69751,5.042006e-04,94.465,5.337414e-06,0
383.72803,4.945500e-04,94.465,5.235291e-06,0
383.75854,5.694089e-04,94.464,6.027788e-06,0
383.78906,6.817382e-04,94.463,7.216963e-06,0
383.81958,5.153178e-04,94.463,5.455256e-06,0
383.85010,4.904509e-04,94.462,5.192047e-06,0
383.88062,5.246268e-04,94.461,5.553883e-06,0
383.91113,4.424973e-04,94.461,4.684465e-06,0
383.94165,6.008623e-04,94.460,6.361030e-06,0
383.97217,6.390428e-04,94.459,6.765276e-06,0
384.00269,5.233285e-04,94.459,5.540298e-06,0
384.03320,5.984692e-04,94.458,6.335832e-06,0
384.06372,6.020284e-04,94.457,6.373558e-06,0
384.09424,5.272991e-04,94.457,5.582454e-06,0
384.12476,5.914509e-04,94.456,6.261667e-06,0
384.15527,6.532206e-04,94.455,6.915670e-06,0
384.18579,4.365408e-04,94.454,4.621706e-06,0
384.21631,4.704697e-04,94.454,4.980952e-06,0
384.24683,4.148329e-04,94.453,4.391946e-06,0
384.27734,4.813329e-04,94.452,5.096035e-06,0
384.30786,5.198635e-04,94.452,5.504011e-06,0
384.33838,3.710507e-04,94.451,3.928497e-06,0
384.36890,3.911180e-04,94.450,4.140989e-06,0
384.39941,4.605578e-04,94.450,4.876222e-06,0
384.42993,4.379697e-04,94.449,4.637101e-06,0
384.46045,4.020164e-04,94.448,4.256469e-06,0
384.49097,3.021266e-04,94.448,3.198878e-06,0
384.52148,4.015037e-04,94.447,4.251101e-06,0
384.55200,5.910840e-04,94.446,6.258413e-06,0
384.58252,4.599844e-04,94.446,4.870362e-06,0
384.61304,4.173025e-04,94.445,4.418473e-06,0
384.64355,4.826001e-04,94.444,5.109892e-06,0
384.67407,3.841812e-04,94.444,4.067837e-06,0
384.70459,4.477796e-04,94.443,4.741272e-06,0
384.73511,4.604108e-04,94.442,4.875051e-06,0
384.76562,5.990692e-04,94.442,6.343279e-06,0
384.79614,4.914168e-04,94.441,5.203433e-06,0
384.82666,4.425316e-04,94.440,4.685839e-06,0
384.85718,5.066496e-04,94.440,5.364804e-06,0
384.88770,6.074920e-04,94.439,6.432649e-06,0
384.91821,5.261545e-04,94.438,5.571417e-06,0
384.94873,4.831157e-04,94.437,5.115719e-06,0
384.97925,4.491951e-04,94.437,4.756568e-06,0
385.00977,3.791951e-04,94.436,4.015360e-06,0
385.04028,5.472382e-04,94.435,5.794838e-06,0
385.07080,5.035000e-04,94.435,5.331722e-06,0
385.10132,5.262642e-04,94.434,5.572820e-06,0
385.13184,4.669854e-04,94.433,4.945129e-06,0
385.16235,6.131989e-04,94.433,6.493498e-06,0
385.19287,4.308719e-04,94.432,4.562771e-06,0
385.22339,3.224885e-04,94.431,3.415056e-06,0
385.25391,5.240749e-04,94.431,5.549835e-06,0
385.28442,5.264569e-04,94.430,5.575100e-06,0
385.31494,4.495750e-04,94.429,4.760966e-06,0
385.34546,4.788948e-04,94.429,5.071497e-06,0
385.37598,5.688455e-04,94.428,6.024118e-06,0
385.40649,5.830241e-04,94.427,6.174315e-06,0
385.43701,5.206084e-04,94.427,5.513363e-06,0
385.46753,5.325862e-04,94.426,5.640251e-06,0
385.49805,5.772012e-04,94.425,6.112781e-06,0
385.52856,7.049627e-04,94.425,7.465878e-06,0
385.55908,5.404945e-04,94.424,5.724125e-06,0
385.58960,5.295916e-04,94.423,5.608698e-06,0
385.62012,4.670537e-04,94.423,4.946419e-06,0
385.65063,5.568944e-04,94.422,5.897936e-06,0
385.68115,6.639137e-04,94.421,7.031402e-06,0
385.71167,4.889205e-04,94.421,5.178114e-06,0
385.74219,5.192392e-04,94.420,5.499257e-06,0
385.77271,4.763324e-04,94.419,5.044868e-06,0
385.80322,4.507993e-04,94.419,4.774479e-06,0
385.83374,4.055260e-04,94.418,4.295014e-06,0
385.86426,4.419188e-04,94.417,4.680492e-06,0
385.89478,5.474531e-04,94.417,5.798278e-06,0
385.92529,5.401125e-04,94.416,5.720572e-06,0
385.95581,5.182316e-04,94.415,5.488861e-06,0
385.98633,5.067363e-04,94.414,5.367147e-06,0
386.01685,3.756349e-04,94.414,3.978602e-06,0
386.04736,3.808904e-04,94.413,4.034296e-06,0
386.07788,4.156308e-04,94.412,4.402288e-06,0
386.10840,6.597365e-04,94.412,6.987863e-06,0
386.13892,5.804882e-04,94.411,6.148517e-06,0
386.16943,5.088466e-04,94.410,5.389729e-06,0
386.19995,5.386583e-04,94.410,5.705537e-06,0
386.23047,5.688427e-04,94.409,6.025297e-06,0
386.26099,6.354961e-04,94.408,6.731352e-06,0
386.29150,5.484193e-04,94.408,5.809051e-06,0
386.32202,4.387268e-04,94.407,4.647184e-06,0
386.35254,4.707826e-04,94.406,4.986767e-06,0
386.38306,4.956404e-04,94.406,5.250111e-06,0
386.41357,5.741151e-04,94.405,6.081405e-06,0
386.44409,6.789597e-04,94.404,7.192039e-06,0
386.47461,5.638615e-04,94.404,5.972877e-06,0
386.50513,6.172776e-04,94.403,6.538750e-06,0
386.53564,5.202285e-04,94.402,5.510760e-06,0
386.56616,4.504623e-04,94.402,4.771763e-06,0
386.59668,5.618688e-04,94.401,5.951939e-06,0
386.62720,3.686808e-04,94.400,3.905505e-06,0
386.65771,3.433800e-04,94.400,3.637515e-06,0
386.68823,4.323859e-04,94.399,4.580410e-06,0
386.71875,4.786527e-04,94.398,5.070567e-06,0
386.74927,5.190841e-04,94.398,5.498912e-06,0
386.77979,3.814354e-04,94.397,4.040761e-06,0
386.81030,4.051673e-04,94.396,4.292197e-06,0
386.84082,6.154141e-04,94.396,6.519524e-06,0
386.87134,6.646521e-04,94.395,7.041187e-06,0
386.90186,4.696564e-04,94.394,4.975479e-06,0
386.93237,3.742045e-04,94.394,3.964302e-06,0
386.96289,4.804891e-04,94.393,5.090312e-06,0
386.99341,5.711504e-04,94.392,6.050823e-06,0
387.02393,4.862776e-04,94.392,5.151709e-06,0
387.05444,5.472008e-04,94.391,5.797181e-06,0
387.08496,7.112245e-04,94.390,7.534942e-06,0
387.11548,6.371539e-04,94.389,6.750262e-06,0
387.14600,5.657690e-04,94.389,5.994025e-06,0
387.17651,4.317863e-04,94.388,4.574582e-06,0
387.20703,5.022399e-04,94.387,5.321044e-06,0
387.23755,5.611403e-04,94.387,5.945114e-06,0
387.26807,3.775763e-04,94.386,4.000337e-06,0
387.29858,4.378829e-04,94.385,4.639305e-06,0
387.32910,4.800349e-04,94.385,5.085936e-06,0
387.35962,5.357738e-04,94.384,5.676525e-06,0
387.39014,6.429723e-04,94.383,6.812342e-06,0
387.42065,4.945663e-04,94.383,5.240007e-06,0
387.45117,5.536378e-04,94.382,5.865920e-06,0
387.48169,6.039024e-04,94.381,6.398531e-06,0
387.51221,4.370726e-04,94.381,4.630951e-06,0
387.54272,5.166978e-04,94.380,5.474649e-06,0
387.57324,6.202141e-04,94.379,6.571499e-06,0
387.60376,5.571145e-04,94.379,5.902967e-06,0
387.63428,5.245369e-04,94.378,5.557827e-06,0
387.66479,5.187024e-04,94.377,5.496046e-06,0
387.69531,4.866693e-04,94.377,5.156667e-06,0
387.72583,4.587269e-04,94.376,4.860629e-06,0
387.75635,5.827545e-04,94.375,6.174858e-06,0
387.78687,4.752943e-04,94.375,5.036248e-06,0
387.81738,3.351186e-04,94.374,3.550962e-06,0
387.84790,4.917212e-04,94.373,5.210383e-06,0
387.87842,5.699341e-04,94.373,6.039187e-06,0
387.90894,6.243504e-04,94.372,6.615844e-06,0
387.93945,6.547327e-04,94.371,6.937836e-06,0
387.96997,5.992609e-04,94.371,6.350077e-06,0
388.00049,4.589795e-04,94.370,4.863618e-06,0
388.03101,4.820909e-04,94.369,5.108556e-06,0
388.06152,5.115291e-04,94.369,5.420542e-06,0
388.09204,4.257753e-04,94.368,4.511863e-06,0
388.12256,5.159540e-04,94.367,5.467509e-06,0
388.15308,4.285590e-04,94.367,4.541426e-06,0
388.18359,3.894605e-04,94.366,4.127130e-06,0
388.21411,5.124496e-04,94.365,5.430490e-06,0
388.24463,5.416263e-04,94.365,5.739719e-06,0
388.27515,6.586590e-04,94.364,6.979987e-06,0
388.30566,7.374986e-04,94.363,7.815528e-06,0
388.33618,6.856880e-04,94.363,7.266524e-06,0
388.36670,6.221823e-04,94.362,6.593575e-06,0
388.39722,6.816071e-04,94.361,7.223380e-06,0
388.42773,5.862292e-04,94.361,6.212650e-06,0
388.45825,5.348406e-04,94.360,5.668093e-06,0
388.48877,6.541656e-04,94.359,6.932715e-06,0
388.51929,4.633529e-04,94.359,4.910555e-06,0
388.54980,4.099742e-04,94.358,4.344886e-06,0
388.58032,4.708034e-04,94.357,4.989585e-06,0
388.61084,4.129118e-04,94.357,4.376080e-06,0
388.64136,4.264299e-04,94.356,4.519378e-06,0
388.67188,4.424877e-04,94.355,4.689595e-06,0
388.70239,5.725476e-04,94.355,6.068046e-06,0
388.73291,4.810436e-04,94.354,5.098293e-06,0
388.76343,5.050660e-04,94.353,5.352930e-06,0
388.79395,5.151514e-04,94.353,5.459859e-06,0
388.82446,5.249886e-04,94.352,5.564159e-06,0
388.85498,5.666170e-04,94.351,6.005404e-06,0
388.88550,5.667717e-04,94.351,6.007087e-06,0
388.91602,5.012718e-04,94.350,5.312906e-06,0
388.94653,4.604025e-04,94.349,4.879773e-06,0
388.97705,6.235945e-04,94.348,6.609480e-06,0
389.00757,5.415094e-04,94.348,5.739501e-06,0
389.03809,4.830266e-04,94.347,5.119673e-06,0
389.06860,6.189221e-04,94.346,6.560098e-06,0
389.09912,5.540495e-04,94.346,5.872539e-06,0
389.12964,4.026262e-04,94.345,4.267588e-06,0
389.16016,5.588759e-04,94.344,5.923780e-06,0
389.19067,6.086781e-04,94.344,6.451702e-06,0
389.22119,4.835852e-04,94.343,5.125812e-06,0
389.25171,4.675480e-04,94.342,4.955859e-06,0
389.28223,4.950863e-04,94.342,5.247794e-06,0
389.31274,6.256606e-04,94.341,6.631897e-06,0
389.34326,5.100928e-04,94.340,5.406936e-06,0
389.37378,3.898042e-04,94.340,4.131917e-06,0
389.40430,4.504102e-04,94.339,4.774374e-06,0
389.43481,4.641171e-04,94.338,4.919702e-06,0
389.46533,5.622804e-04,94.338,5.960289e-06,0
389.49585,4.156838e-04,94.337,4.406366e-06,0
389.52637,4.655828e-04,94.336,4.935345e-06,0
389.55688,6.210802e-04,94.336,6.583719e-06,0
389.58740,4.957859e-04,94.335,5.255582e-06,0
389.61792,4.757466e-04,94.334,5.043192e-06,0
389.64844,5.889998e-04,94.334,6.243786e-06,0
389.67896,4.916954e-04,94.333,5.212332e-06,0
389.70947,4.614189e-04,94.332,4.891414e-06,0
389.73999,5.298570e-04,94.332,5.616953e-06,0
389.77051,6.623943e-04,94.331,7.022015e-06,0
389.80103,5.899252e-04,94.330,6.253817e-06,0
389.83154,4.556827e-04,94.330,4.830743e-06,0
389.86206,4.211059e-04,94.329,4.464221e-06,0
389.89258,3.752907e-04,94.328,3.978555e-06,0
389.92310,4.953826e-04,94.328,5.251718e-06,0
389.95361,5.540527e-04,94.327,5.873741e-06,0
389.98413,5.008642e-04,94.326,5.309904e-06,0
390.01465,6.610167e-04,94.326,7.007809e-06,0
390.04517,4.829181e-04,94.325,5.119722e-06,0
390.07568,5.359051e-04,94.324,5.681512e-06,0
390.10620,5.598609e-04,94.324,5.935526e-06,0
390.13672,4.997022e-04,94.323,5.297773e-06,0
390.16724,5.829846e-04,94.322,6.180766e-06,0
390.19775,6.267501e-04,94.322,6.644812e-06,0
390.22827,5.433426e-04,94.321,5.760566e-06,0
390.25879,6.108101e-04,94.320,6.475908e-06,0
390.28931,6.465547e-04,94.320,6.854926e-06,0
390.31982,4.863698e-04,94.319,5.156645e-06,0
390.35034,4.709028e-04,94.318,4.992694e-06,0
390.38086,5.942171e-04,94.318,6.300164e-06,0
390.41138,5.882109e-04,94.317,6.236528e-06,0
390.44189,5.526699e-04,94.316,5.859745e-06,0
390.47241,3.604488e-04,94.316,3.821726e-06,0
390.50293,6.789846e-04,94.315,7.199113e-06,0
390.53345,7.124142e-04,94.314,7.553612e-06,0
390.56396,6.977622e-04,94.314,7.398312e-06,0
390.59448,6.080604e-04,94.313,6.447257e-06,0
390.62500,5.643008e-04,94.312,5.983317e-06,0
390.65552,5.870686e-04,94.312,6.224769e-06,0
390.68604,5.397450e-04,94.311,5.723031e-06,0
390.71655,4.298613e-04,94.310,4.557943e-06,0
390.74707,3.973700e-04,94.310,4.213458e-06,0
390.77759,5.066479e-04,94.309,5.372209e-06,0
390.80811,5.735537e-04,94.308,6.081684e-06,0
390.83862,6.346430e-04,94.308,6.729493e-06,0
390.86914,5.072023e-04,94.307,5.378202e-06,0
390.89966,4.686965e-04,94.306,4.969935e-06,0
390.93018,3.684538e-04,94.306,3.907015e-06,0
390.96069,4.745122e-04,94.305,5.031674e-06,0
390.99121,5.532457e-04,94.304,5.866597e-06,0
391.02173,6.108056e-04,94.304,6.477006e-06,0
391.05225,5.783566e-04,94.303,6.132959e-06,0
391.08276,4.983250e-04,94.302,5.284332e-06,0
391.11328,4.357429e-04,94.302,4.620732e-06,0
391.14380,3.878141e-04,94.301,4.112512e-06,0
391.17432,5.557114e-04,94.300,5.892993e-06,0
391.20483,6.538906e-04,94.300,6.934174e-06,0
391.23535,6.065323e-04,94.299,6.432009e-06,0
391.26587,6.511492e-04,94.298,6.905201e-06,0
391.29639,6.160235e-04,94.298,6.532752e-06,0
391.32690,5.837703e-04,94.297,6.190760e-06,0
391.35742,4.430507e-04,94.296,4.698491e-06,0
391.38794,4.970161e-04,94.296,5.270825e-06,0
391.41846,5.891321e-04,94.295,6.247753e-06,0
391.44897,5.388040e-04,94.294,5.714063e-06,0
391.47949,5.190869e-04,94.294,5.505000e-06,0
391.51001,3.979436e-04,94.293,4.220286e-06,0
391.54053,5.389873e-04,94.292,5.716128e-06,0
391.57104,4.944055e-04,94.292,5.243361e-06,0
391.60156,4.311516e-04,94.291,4.572561e-06,0
391.63208,4.018538e-04,94.290,4.261875e-06,0
391.66260,5.210885e-04,94.290,5.526462e-06,0
391.69312,6.058259e-04,94.289,6.425198e-06,0
391.72363,6.570950e-04,94.288,6.968992e-06,0
391.75415,6.357988e-04,94.288,6.743177e-06,0
391.78467,4.137197e-04,94.287,4.387874e-06,0
391.81519,3.276113e-04,94.286,3.474640e-06,0
391.84570,3.436043e-04,94.286,3.644288e-06,0
391.87622,5.124358e-04,94.285,5.434963e-06,0
391.90674,5.972719e-04,94.284,6.334791e-06,0
391.93726,3.492461e-04,94.284,3.704203e-06,0
391.96777,3.763038e-04,94.283,3.991213e-06,0
391.99829,3.274265e-04,94.282,3.472828e-06,0
392.02881,4.330850e-04,94.282,4.593520e-06,0
392.05933,4.128803e-04,94.281,4.379249e-06,0
392.08984,3.575434e-04,94.280,3.792340e-06,0
392.12036,4.694490e-04,94.280,4.979320e-06,0
392.15088,5.797301e-04,94.279,6.149086e-06,0
392.18140,6.095337e-04,94.278,6.465252e-06,0
392.21191,5.680769e-04,94.278,6.025567e-06,0
392.24243,4.749739e-04,94.277,5.038063e-06,0
392.27295,5.482102e-04,94.276,5.814924e-06,0
392.30347,4.876235e-04,94.276,5.172310e-06,0
392.33398,3.672421e-04,94.275,3.895431e-06,0
392.36450,4.305828e-04,94.274,4.567334e-06,0
392.39502,5.494490e-04,94.274,5.828228e-06,0
392.42554,5.903677e-04,94.273,6.262314e-06,0
392.45605,4.905863e-04,94.272,5.203921e-06,0
392.48657,5.778164e-04,94.272,6.129263e-06,0
392.51709,5.571395e-04,94.271,5.909971e-06,0
392.54761,5.238609e-04,94.270,5.557001e-06,0
392.57812,4.650185e-04,94.270,4.932848e-06,0
392.60864,5.054475e-04,94.269,5.361750e-06,0
392.63916,6.706819e-04,94.268,7.114595e-06,0
392.66968,5.772904e-04,94.268,6.123941e-06,0
392.70020,5.071596e-04,94.267,5.380027e-06,0
392.73071,7.024079e-04,94.266,7.451302e-06,0
392.76123,6.805961e-04,94.266,7.219968e-06,0
392.79175,4.768586e-04,94.265,5.058696e-06,0
392.82227,4.845987e-04,94.264,5.140841e-06,0
392.85278,4.117308e-04,94.264,4.367857e-06,0
392.88330,5.283837e-04,94.263,5.605411e-06,0
392.91382,5.466289e-04,94.262,5.799008e-06,0
392.94434,4.715210e-04,94.262,5.002248e-06,0
392.97485,4.141092e-04,94.261,4.393211e-06,0
393.00537,3.043138e-04,94.260,3.228434e-06,0
393.03589,5.297316e-04,94.260,5.619908e-06,0
393.06641,5.492031e-04,94.259,5.826522e-06,0
393.09692,5.813211e-04,94.259,6.167306e-06,0
393.12744,5.890385e-04,94.258,6.249226e-06,0
393.15796,4.540000e-04,94.257,4.816609e-06,0
393.18848,5.558458e-04,94.257,5.897161e-06,0
393.21899,6.362868e-04,94.256,6.750634e-06,0
393.24951,5.507001e-04,94.255,5.842650e-06,0
393.28003,5.655309e-04,94.255,6.000040e-06,0
393.31055,7.035319e-04,94.254,7.464223e-06,0
393.34106,4.772020e-04,94.253,5.062979e-06,0
393.37158,5.908568e-04,94.253,6.268869e-06,0
393.40210,6.117381e-04,94.252,6.490460e-06,0
393.43262,5.982187e-04,94.251,6.347066e-06,0
393.46313,5.324007e-04,94.251,5.648781e-06,0
393.49365,5.162798e-04,94.250,5.477776e-06,0
393.52417,4.786679e-04,94.249,5.078746e-06,0
393.55469,5.319577e-04,94.249,5.644200e-06,0
393.58521,4.704919e-04,94.248,4.992068e-06,0
393.61572,4.305424e-04,94.247,4.568223e-06,0
393.64624,4.789287e-04,94.247,5.081655e-06,0
393.67676,4.025291e-04,94.246,4.271051e-06,0
393.70728,4.769975e-04,94.245,5.061236e-06,0
393.73779,4.747322e-04,94.245,5.037235e-06,0
393.76831,5.401571e-04,94.244,5.731479e-06,0
393.79883,5.272430e-04,94.243,5.594490e-06,0
393.82935,5.522107e-04,94.243,5.859459e-06,0
393.85986,6.280164e-04,94.242,6.663873e-06,0
393.89038,5.985650e-04,94.241,6.351409e-06,0
393.92090,6.079930e-04,94.241,6.451496e-06,0
393.95142,6.349062e-04,94.240,6.737122e-06,0
393.98193,6.080055e-04,94.239,6.451718e-06,0
394.01245,5.373361e-04,94.239,5.701866e-06,0
394.04297,5.327752e-04,94.238,5.653509e-06,0
394.07349,6.035475e-04,94.237,6.404548e-06,0
394.10400,5.597518e-04,94.237,5.939852e-06,0
394.13452,5.803578e-04,94.236,6.158557e-06,0
394.16504,5.431968e-04,94.235,5.764258e-06,0
394.19556,5.050215e-04,94.235,5.359189e-06,0
394.22607,4.761302e-04,94.234,5.052636e-06,0
394.25659,4.477391e-04,94.233,4.751387e-06,0
394.28711,4.155042e-04,94.233,4.409342e-06,0
394.31763,4.282927e-04,94.232,4.545086e-06,0
394.34814,5.668882e-04,94.231,6.015918e-06,0
394.37866,5.464338e-04,94.231,5.798893e-06,0
394.40918,5.041220e-04,94.230,5.349907e-06,0
394.43970,5.452045e-04,94.229,5.785929e-06,0
394.47021,5.495469e-04,94.229,5.832053e-06,0
394.50073,4.609481e-04,94.228,4.891834e-06,0
394.53125,5.226850e-04,94.227,5.547059e-06,0
394.56177,3.979694e-04,94.227,4.223529e-06,0
394.59229,5.526007e-04,94.226,5.864625e-06,0
394.62280,6.862819e-04,94.225,7.283404e-06,0
394.65332,5.537286e-04,94.225,5.876678e-06,0
394.68384,4.758990e-04,94.224,5.050713e-06,0
394.71436,5.119358e-04,94.223,5.433210e-06,0
394.74487,5.048626e-04,94.223,5.358179e-06,0
394.77539,5.267995e-04,94.222,5.591038e-06,0
394.80591,5.579271e-04,94.221,5.921443e-06,0
394.83643,4.315191e-04,94.221,4.579870e-06,0
394.86694,4.679911e-04,94.220,4.966996e-06,0
394.89746,5.628735e-04,94.219,5.974066e-06,0
394.92798,4.845185e-04,94.219,5.142480e-06,0
394.95850,4.866789e-04,94.218,5.165446e-06,0
394.98901,5.075059e-04,94.218,5.386534e-06,0
395.01953,5.170780e-04,94.217,5.488168e-06,0
395.05005,4.785749e-04,94.216,5.079539e-06,0
395.08057,5.328136e-04,94.216,5.655262e-06,0
395.11108,6.744046e-04,94.215,7.158154e-06,0
395.14160,8.114078e-04,94.214,8.612371e-06,0
395.17212,6.402133e-04,94.214,6.795342e-06,0
395.20264,4.489859e-04,94.213,4.765652e-06,0
395.23315,5.454771e-04,94.212,5.789875e-06,0
395.26367,6.129350e-04,94.212,6.505941e-06,0
395.29419,5.845065e-04,94.211,6.204233e-06,0
395.32471,6.409299e-04,94.210,6.803186e-06,0
395.35522,7.284544e-04,94.210,7.732273e-06,0
395.38574,6.030396e-04,94.209,6.401086e-06,0
395.41626,4.224949e-04,94.208,4.484689e-06,0
395.44678,4.655818e-04,94.208,4.942081e-06,0
395.47729,5.089655e-04,94.207,5.402630e-06,0
395.50781,5.166900e-04,94.206,5.484664e-06,0
395.53833,4.817017e-04,94.206,5.113299e-06,0
395.56885,3.792632e-04,94.205,4.025935e-06,0
395.59937,4.283156e-04,94.204,4.546665e-06,0
395.62988,3.734662e-04,94.204,3.964454e-06,0
395.66040,4.826494e-04,94.203,5.123502e-06,0
395.69092,4.574029e-04,94.202,4.855535e-06,0
395.72144,5.704440e-04,94.202,6.055559e-06,0
395.75195,6.013789e-04,94.201,6.383994e-06,0
395.78247,5.172753e-04,94.200,5.491222e-06,0
395.81299,4.655800e-04,94.200,4.942477e-06,0
395.84351,3.548990e-04,94.199,3.767542e-06,0
395.87402,4.520667e-04,94.198,4.799090e-06,0
395.90454,4.450565e-04,94.198,4.724703e-06,0
395.93506,3.796617e-04,94.197,4.030503e-06,0
395.96558,5.074573e-04,94.196,5.387223e-06,0
395.99609,6.490315e-04,94.196,6.890239e-06,0
396.02661,5.575528e-04,94.195,5.919126e-06,0
396.05713,4.460063e-04,94.194,4.734952e-06,0
396.08765,5.720776e-04,94.194,6.073409e-06,0
396.11816,6.252403e-04,94.193,6.637852e-06,0
396.14868,4.453386e-04,94.193,4.727962e-06,0
396.17920,4.029062e-04,94.192,4.277507e-06,0
396.20972,3.827730e-04,94.191,4.063788e-06,0
396.24023,3.742979e-04,94.191,3.973838e-06,0
396.27075,4.789521e-04,94.190,5.084963e-06,0
396.30127,6.060379e-04,94.189,6.434260e-06,0
396.33179,6.243350e-04,94.189,6.628565e-06,0
396.36230,5.254792e-04,94.188,5.579052e-06,0
396.39282,4.769733e-04,94.187,5.064096e-06,0
396.42334,4.012715e-04,94.187,4.260388e-06,0
396.45386,4.895097e-04,94.186,5.197269e-06,0
396.48438,5.547407e-04,94.185,5.889887e-06,0
396.51489,5.851516e-04,94.185,6.212815e-06,0
396.54541,6.388218e-04,94.184,6.782702e-06,0
396.57593,5.848064e-04,94.183,6.209236e-06,0
396.60645,6.357542e-04,94.183,6.750226e-06,0
396.63696,7.261640e-04,94.182,7.710221e-06,0
396.66748,7.096163e-04,94.181,7.534574e-06,0
396.69800,6.467601e-04,94.181,6.867227e-06,0
396.72852,4.950885e-04,94.180,5.256831e-06,0
396.75903,5.439080e-04,94.179,5.775235e-06,0
396.78955,5.498699e-04,94.179,5.838580e-06,0
396.82007,5.509419e-04,94.178,5.850003e-06,0
396.85059,6.340127e-04,94.177,6.732111e-06,0
396.88110,5.975405e-04,94.177,6.344884e-06,0
396.91162,5.387571e-04,94.176,5.720741e-06,0
396.94214,5.878695e-04,94.175,6.242280e-06,0
396.97266,4.538773e-04,94.175,4.819521e-06,0
397.00317,4.252116e-04,94.174,4.515163e-06,0
397.03369,5.114629e-04,94.173,5.431072e-06,0
397.06421,6.464377e-04,94.173,6.864377e-06,0
397.09473,6.037459e-04,94.172,6.411087e-06,0
397.12524,5.364676e-04,94.172,5.696709e-06,0
397.15576,4.839691e-04,94.171,5.139266e-06,0
397.18628,5.164047e-04,94.170,5.483739e-06,0
397.21680,4.299483e-04,94.170,4.565684e-06,0
397.24731,4.911365e-04,94.169,5.215486e-06,0
397.27783,5.904697e-04,94.168,6.270371e-06,0
397.30835,6.026453e-04,94.168,6.399712e-06,0
397.33887,5.641971e-04,94.167,5.991458e-06,0
397.36938,4.507895e-04,94.166,4.787166e-06,0
397.39990,3.722463e-04,94.166,3.953102e-06,0
397.43042,4.832814e-04,94.165,5.132285e-06,0
397.46094,4.682029e-04,94.164,4.972192e-06,0
397.49146,5.211352e-04,94.164,5.534357e-06,0
397.52197,5.924302e-04,94.163,6.291540e-06,0
397.55249,5.054066e-04,94.162,5.367397e-06,0
397.58301,4.329092e-04,94.162,4.597509e-06,0
397.61353,4.570504e-04,94.161,4.853924e-06,0
397.64404,5.571937e-04,94.160,5.917497e-06,0
397.67456,5.215219e-04,94.160,5.538695e-06,0
397.70508,5.895943e-04,94.159,6.261684e-06,0
397.73560,5.503026e-04,94.158,5.844434e-06,0
397.76611,4.873434e-04,94.158,5.175818e-06,0
397.79663,5.745155e-04,94.157,6.101670e-06,0
397.82715,5.709836e-04,94.156,6.064201e-06,0
397.85767,4.761579e-04,94.156,5.057128e-06,0
397.88818,4.939935e-04,94.155,5.246591e-06,0
397.91870,6.678750e-04,94.154,7.093396e-06,0
397.94922,6.062891e-04,94.154,6.439346e-06,0
397.97974,5.141737e-04,94.153,5.461034e-06,0
398.01025,5.665726e-04,94.153,6.017604e-06,0
398.04077,5.946231e-04,94.152,6.315574e-06,0
398.07129,4.505131e-04,94.151,4.784995e-06,0
398.10181,3.917781e-04,94.151,4.161188e-06,0
398.13232,4.372954e-04,94.150,4.644672e-06,0
398.16284,4.789126e-04,94.149,5.086739e-06,0
398.19336,5.388182e-04,94.149,5.723062e-06,0
398.22388,6.227225e-04,94.148,6.614297e-06,0
398.25439,6.277216e-04,94.147,6.667443e-06,0
398.28491,4.323478e-04,94.147,4.592281e-06,0
398.31543,5.387563e-04,94.146,5.722563e-06,0
398.34595,4.901108e-04,94.145,5.205896e-06,0
398.37646,5.078836e-04,94.145,5.394715e-06,0
398.40698,4.051790e-04,94.144,4.303820e-06,0
398.43750,4.233535e-04,94.143,4.496902e-06,0
398.46802,5.339443e-04,94.143,5.671647e-06,0
398.49854,5.563009e-04,94.142,5.909164e-06,0
398.52905,4.357660e-04,94.141,4.628845e-06,0
398.55957,5.563879e-04,94.141,5.910170e-06,0
398.59009,6.125033e-04,94.140,6.506295e-06,0
398.62061,4.441144e-04,94.139,4.717623e-06,0
398.65112,4.188489e-04,94.139,4.449270e-06,0
398.68164,3.901694e-04,94.138,4.144647e-06,0
398.71216,4.845562e-04,94.137,5.147324e-06,0
398.74268,4.925247e-04,94.137,5.232008e-06,0
398.77319,4.065239e-04,94.136,4.318466e-06,0
398.80371,4.764695e-04,94.136,5.061527e-06,0
398.83423,4.676306e-04,94.135,4.967665e-06,0
398.86475,4.385761e-04,94.134,4.659050e-06,0
398.89526,5.301482e-04,94.134,5.631871e-06,0
398.92578,5.863706e-04,94.133,6.229176e-06,0
398.95630,4.307220e-04,94.132,4.575710e-06,0
398.98682,5.380225e-04,94.132,5.715641e-06,0
399.01733,6.905210e-04,94.131,7.335747e-06,0
399.04785,6.170576e-04,94.130,6.555355e-06,0
399.07837,5.239626e-04,94.130,5.566392e-06,0
399.10889,5.359737e-04,94.129,5.694033e-06,0
399.13940,6.093481e-04,94.128,6.473587e-06,0
399.16992,6.588053e-04,94.128,6.999058e-06,0
399.20044,5.737700e-04,94.127,6.095697e-06,0
399.23096,6.474474e-04,94.126,6.878489e-06,0
399.26147,6.009088e-04,94.126,6.384106e-06,0
399.29199,4.816295e-04,94.125,5.116908e-06,0
399.32251,5.740837e-04,94.124,6.099198e-06,0
399.35303,6.186126e-04,94.124,6.572329e-06,0
399.38354,5.608757e-04,94.123,5.958956e-06,0
399.41406,5.031954e-04,94.122,5.346176e-06,0
399.44458,6.227765e-04,94.122,6.616705e-06,0
399.47510,5.366365e-04,94.121,5.701548e-06,0
399.50562,4.582165e-04,94.121,4.868400e-06,1
399.53613,5.705504e-04,94.120,6.061953e-06,1
399.56665,6.123160e-04,94.119,6.505748e-06,1
399.59717,6.625429e-04,94.119,7.039447e-06,1
399.62769,6.558192e-04,94.118,6.968058e-06,1
399.65820,6.377598e-04,94.117,6.776224e-06,1
399.68872,6.362460e-04,94.117,6.760186e-06,1
399.71924,5.028186e-04,94.116,5.342542e-06,1
399.74976,7.227205e-04,94.115,7.679094e-06,1
399.78027,7.297251e-04,94.115,7.753573e-06,1
399.81079,7.639863e-04,94.114,8.117666e-06,1
399.84131,6.304686e-04,94.113,6.699033e-06,1
399.87183,7.673178e-04,94.113,8.153178e-06,1
399.90234,7.882792e-04,94.112,8.375961e-06,1
399.93286,4.797116e-04,94.111,5.097273e-06,1
399.96338,8.113881e-04,94.111,8.621627e-06,1
399.99390,1.420725e-03,94.110,1.509640e-05,1
