t_s,vsen_v,vout_v
0.000000,8.000033200e-01,0.801120307
0.000001,8.000033200e-01,0.801120425
0.000002,8.000033200e-01,0.801120448
0.000004,8.000033200e-01,0.801120786
0.000008,8.000033200e-01,0.801120946
0.000016,8.000033200e-01,0.801120709
0.000032,8.000033200e-01,0.801122593
0.000064,8.000033190e-01,0.801122772
0.000128,8.000033190e-01,0.801123405
0.000256,8.000033170e-01,0.801118697
0.000456,8.000033150e-01,0.801123221
0.000656,8.000033120e-01,0.801122063
0.000856,8.000033100e-01,0.801119567
0.000998,8.000033080e-01,0.801121930
0.001018,8.000033090e-01,0.801119821
0.001058,8.000033110e-01,0.801117371
0.001138,8.000033160e-01,0.801114840
0.001298,8.000033250e-01,0.801112076
0.001498,8.000033370e-01,0.801110207
0.001698,8.000033480e-01,0.801104946
0.001898,8.000033600e-01,0.801102288
0.001995,8.000033650e-01,0.801096775
0.002015,8.000033710e-01,0.801094657
0.002055,8.000033830e-01,0.801089772
0.002135,8.000034060e-01,0.801083444
0.002295,8.000034530e-01,0.801067240
0.002495,8.000035120e-01,0.801048159
0.002695,8.000035710e-01,0.801031139
0.002895,8.000036300e-01,0.801009886
0.002993,8.000036590e-01,0.800998940
0.003013,8.000036630e-01,0.800997869
0.003053,8.000036710e-01,0.800992461
0.003133,8.000036870e-01,0.800987253
0.003293,8.000037200e-01,0.800977866
0.003493,8.000037610e-01,0.800961583
0.003693,8.000038020e-01,0.800951186
0.003893,8.000038430e-01,0.800937855
0.003991,8.000038630e-01,0.800928785
0.004011,8.000038700e-01,0.800924218
0.004051,8.000038860e-01,0.800918359
0.004131,8.000039160e-01,0.800908515
0.004291,8.000039770e-01,0.800890020
0.004491,8.000040530e-01,0.800870132
0.004691,8.000041300e-01,0.800842457
0.004891,8.000042060e-01,0.800819370
0.004989,8.000042430e-01,0.800805190
0.005009,8.000042550e-01,0.800799685
0.005049,8.000042790e-01,0.800791230
0.005129,8.000043260e-01,0.800776430
0.005289,8.000044210e-01,0.800748863
0.005489,8.000045400e-01,0.800712966
0.005689,8.000046580e-01,0.800673163
0.005889,8.000047770e-01,0.800638434
0.005986,8.000048340e-01,0.800615303
0.006006,8.000048330e-01,0.800614614
0.006046,8.000048300e-01,0.800612898
0.006126,8.000048250e-01,0.800614686
0.006286,8.000048150e-01,0.800616444
0.006486,8.000048020e-01,0.800621518
0.006686,8.000047900e-01,0.800627807
0.006886,8.000047770e-01,0.800630718
0.006984,8.000047710e-01,0.800630187
0.007004,8.000047870e-01,0.800625464
0.007044,8.000048200e-01,0.800615843
0.007124,8.000048860e-01,0.800593340
0.007284,8.000050180e-01,0.800550937
0.007484,8.000051830e-01,0.800502946
0.007684,8.000053480e-01,0.800451552
0.007884,8.000055120e-01,0.800399797
0.007982,8.000055930e-01,0.800371829
0.008002,8.000055920e-01,0.800367645
0.008042,8.000055900e-01,0.800363769
0.008122,8.000055860e-01,0.800368240
0.008282,8.000055770e-01,0.800372857
0.008482,8.000055670e-01,0.800376578
0.008682,8.000055560e-01,0.800382215
0.008882,8.000055450e-01,0.800384518
0.008980,8.000055400e-01,0.800385457
0.009000,8.000055430e-01,0.800383749
0.009040,8.000055490e-01,0.800380323
0.009120,8.000055610e-01,0.800376604
0.009280,8.000055860e-01,0.800372309
0.009480,8.000056160e-01,0.800364510
0.009680,8.000056470e-01,0.800353424
0.009880,8.000056770e-01,0.800347218
0.009977,8.000056920e-01,0.800339991
0.009997,8.000056680e-01,0.800342522
0.010037,8.000056220e-01,0.800356302
0.010117,8.000055290e-01,0.800389519
0.010277,8.000053420e-01,0.800445294
0.010477,8.000051100e-01,0.800521318
0.010677,8.000048770e-01,0.800596860
0.010877,8.000046440e-01,0.800669318
0.010975,8.000045300e-01,0.800703371
0.010995,8.000045220e-01,0.800706148
0.011035,8.000045060e-01,0.800710059
0.011115,8.000044750e-01,0.800718186
0.011275,8.000044130e-01,0.800741078
0.011475,8.000043360e-01,0.800765422
0.011675,8.000042580e-01,0.800785166
0.011875,8.000041810e-01,0.800810161
0.011973,8.000041430e-01,0.800818993
0.011993,8.000041270e-01,0.800820893
0.012033,8.000040950e-01,0.800830991
0.012113,8.000040310e-01,0.800853121
0.012273,8.000039030e-01,0.800894006
0.012473,8.000037430e-01,0.800949590
0.012673,8.000035830e-01,0.800996917
0.012873,8.000034230e-01,0.801050315
0.012971,8.000033450e-01,0.801072818
0.012991,8.000033440e-01,0.801071746
0.013031,8.000033440e-01,0.801072720
0.013111,8.000033430e-01,0.801073575
0.013271,8.000033400e-01,0.801071678
0.013471,8.000033370e-01,0.801076114
0.013671,8.000033340e-01,0.801073414
0.013871,8.000033310e-01,0.801075714
0.013968,8.000033300e-01,0.801072317
0.013988,8.000033280e-01,0.801070718
0.014028,8.000033260e-01,0.801069200
0.014108,8.000033220e-01,0.801069561
0.014268,8.000033130e-01,0.801076359
0.014468,8.000033020e-01,0.801078760
0.014668,8.000032910e-01,0.801083013
0.014868,8.000032800e-01,0.801084364
0.014966,8.000032750e-01,0.801080876
0.014986,8.000032750e-01,0.801079682
0.015026,8.000032770e-01,0.801078810
0.015106,8.000032800e-01,0.801078674
0.015266,8.000032850e-01,0.801079917
0.015466,8.000032920e-01,0.801081441
0.015666,8.000032990e-01,0.801079864
0.015866,8.000033060e-01,0.801077943
0.015964,8.000033090e-01,0.801073965
0.015984,8.000033070e-01,0.801073662
0.016024,8.000033040e-01,0.801074660
0.016104,8.000032970e-01,0.801075139
0.016264,8.000032830e-01,0.801080695
0.016464,8.000032660e-01,0.801087853
0.016664,8.000032490e-01,0.801093341
0.016864,8.000032320e-01,0.801099627
0.016961,8.000032240e-01,0.801096842
0.016981,8.000032100e-01,0.801098814
0.017021,8.000031830e-01,0.801106385
0.017101,8.000031280e-01,0.801125963
0.017261,8.000030180e-01,0.801161082
0.017461,8.000028810e-01,0.801203721
0.017661,8.000027440e-01,0.801245251
0.017861,8.000026060e-01,0.801289555
0.017959,8.000025390e-01,0.801308961
0.017979,8.000025330e-01,0.801309677
0.018019,8.000025210e-01,0.801311419
0.018099,8.000024960e-01,0.801318199
0.018259,8.000024470e-01,0.801333717
0.018459,8.000023850e-01,0.801353844
0.018659,8.000023230e-01,0.801372862
0.018859,8.000022610e-01,0.801391532
0.018957,8.000022310e-01,0.801400802
0.018977,8.000022370e-01,0.801397666
0.019017,8.000022490e-01,0.801391413
0.019097,8.000022730e-01,0.801385815
0.019257,8.000023210e-01,0.801371551
0.019457,8.000023810e-01,0.801352554
0.019657,8.000024400e-01,0.801335553
0.019857,8.000025000e-01,0.801313205
0.019955,8.000025290e-01,0.801300887
0.019975,8.000025220e-01,0.801300723
0.020015,8.000025070e-01,0.801303638
0.020095,8.000024780e-01,0.801312907
0.020255,8.000024190e-01,0.801332469
0.020455,8.000023450e-01,0.801354037
0.020655,8.000022720e-01,0.801373618
0.020855,8.000021980e-01,0.801399803
0.020952,8.000021620e-01,0.801404599
0.020972,8.000021610e-01,0.801405998
0.021012,8.000021600e-01,0.801404844
0.021092,8.000021560e-01,0.801403920
0.021252,8.000021500e-01,0.801407135
0.021452,8.000021410e-01,0.801409957
0.021652,8.000021330e-01,0.801412943
0.021852,8.000021250e-01,0.801413313
0.021950,8.000021210e-01,0.801413785
0.021970,8.000021360e-01,0.801408895
0.022010,8.000021670e-01,0.801397992
0.022090,8.000022280e-01,0.801378314
0.022250,8.000023520e-01,0.801338203
0.022450,8.000025050e-01,0.801288309
0.022650,8.000026590e-01,0.801240469
0.022850,8.000028130e-01,0.801189725
0.022948,8.000028890e-01,0.801164829
0.022968,8.000029090e-01,0.801156323
0.023008,8.000029500e-01,0.801142056
0.023088,8.000030310e-01,0.801116302
0.023248,8.000031940e-01,0.801063188
0.023448,8.000033980e-01,0.800999321
0.023648,8.000036010e-01,0.800935375
0.023848,8.000038050e-01,0.800871107
0.023946,8.000039050e-01,0.800834529
0.023966,8.000038990e-01,0.800833427
0.024006,8.000038890e-01,0.800833005
0.024086,8.000038680e-01,0.800839457
0.024246,8.000038270e-01,0.800854871
0.024446,8.000037750e-01,0.800870945
0.024646,8.000037230e-01,0.800887600
0.024846,8.000036710e-01,0.800904352
0.024943,8.000036460e-01,0.800910250
0.024963,8.000036610e-01,0.800906363
0.025003,8.000036900e-01,0.800899056
0.025083,8.000037490e-01,0.800882847
0.025243,8.000038660e-01,0.800842600
0.025443,8.000040130e-01,0.800799013
0.025643,8.000041590e-01,0.800751976
0.025843,8.000043060e-01,0.800704265
0.025941,8.000043780e-01,0.800681776
0.025961,8.000043730e-01,0.800679602
0.026001,8.000043620e-01,0.800680813
0.026081,8.000043410e-01,0.800687909
0.026241,8.000043000e-01,0.800699817
0.026441,8.000042480e-01,0.800719810
0.026641,8.000041960e-01,0.800733512
0.026841,8.000041440e-01,0.800752520
0.026939,8.000041190e-01,0.800758534
0.026959,8.000041130e-01,0.800757972
0.026999,8.000041030e-01,0.800759567
0.027079,8.000040820e-01,0.800768194
0.027239,8.000040410e-01,0.800779768
0.027439,8.000039890e-01,0.800798428
0.027639,8.000039370e-01,0.800816089
0.027839,8.000038850e-01,0.800831057
0.027937,8.000038600e-01,0.800837249
0.027957,8.000038650e-01,0.800834376
0.027997,8.000038770e-01,0.800828759
0.028077,8.000039000e-01,0.800822322
0.028237,8.000039450e-01,0.800807086
0.028437,8.000040020e-01,0.800789471
0.028637,8.000040590e-01,0.800771164
0.028837,8.000041160e-01,0.800752436
0.028934,8.000041440e-01,0.800740519
0.028954,8.000041460e-01,0.800737796
0.028994,8.000041510e-01,0.800733713
0.029074,8.000041600e-01,0.800733401
0.029234,8.000041790e-01,0.800727740
0.029434,8.000042030e-01,0.800719029
0.029634,8.000042270e-01,0.800711947
0.029834,8.000042510e-01,0.800701918
0.029932,8.000042630e-01,0.800699508
0.029952,8.000042790e-01,0.800692695
0.029992,8.000043120e-01,0.800683195
0.030072,8.000043790e-01,0.800662209
0.030232,8.000045110e-01,0.800620691
0.030432,8.000046770e-01,0.800571801
0.030632,8.000048430e-01,0.800517009
0.030832,8.000050080e-01,0.800465986
0.030930,8.000050900e-01,0.800437429
0.030950,8.000050900e-01,0.800435627
0.030990,8.000050920e-01,0.800432926
0.031070,8.000050940e-01,0.800430747
0.031230,8.000051000e-01,0.800432166
0.031430,8.000051060e-01,0.800432739
0.031630,8.000051130e-01,0.800429432
0.031830,8.000051200e-01,0.800428002
0.031927,8.000051230e-01,0.800425809
0.031947,8.000051180e-01,0.800424792
0.031987,8.000051070e-01,0.800425052
0.032067,8.000050860e-01,0.800434908
0.032227,8.000050450e-01,0.800448660
0.032427,8.000049930e-01,0.800462510
0.032627,8.000049410e-01,0.800480392
0.032827,8.000048890e-01,0.800495568
0.032925,8.000048630e-01,0.800504950
0.032945,8.000048560e-01,0.800503865
0.032985,8.000048400e-01,0.800506727
0.033065,8.000048100e-01,0.800518131
0.033225,8.000047480e-01,0.800536708
0.033425,8.000046720e-01,0.800564229
0.033625,8.000045950e-01,0.800589751
0.033825,8.000045180e-01,0.800615351
0.033923,8.000044810e-01,0.800625061
0.033943,8.000044660e-01,0.800628093
0.033983,8.000044370e-01,0.800635427
0.034063,8.000043780e-01,0.800654329
0.034223,8.000042610e-01,0.800692117
0.034423,8.000041140e-01,0.800737151
0.034623,8.000039670e-01,0.800786666
0.034823,8.000038210e-01,0.800832055
0.034921,8.000037490e-01,0.800852613
0.034941,8.000037480e-01,0.800852532
0.034981,8.000037470e-01,0.800852961
0.035061,8.000037450e-01,0.800852814
0.035221,8.000037420e-01,0.800856196
0.035421,8.000037370e-01,0.800858430
0.035621,8.000037320e-01,0.800860886
0.035821,8.000037270e-01,0.800863775
0.035918,8.000037240e-01,0.800859313
0.035938,8.000037070e-01,0.800862427
0.035978,8.000036710e-01,0.800873221
0.036058,8.000035990e-01,0.800898874
0.036218,8.000034550e-01,0.800941549
0.036418,8.000032760e-01,0.801000344
0.036618,8.000030970e-01,0.801058033
0.036818,8.000029170e-01,0.801113500
0.036916,8.000028300e-01,0.801139639
0.036936,8.000028140e-01,0.801145498
0.036976,8.000027830e-01,0.801155743
0.037056,8.000027210e-01,0.801171684
0.037216,8.000025970e-01,0.801213695
0.037416,8.000024420e-01,0.801265090
0.037616,8.000022870e-01,0.801309879
0.037816,8.000021330e-01,0.801358723
0.037914,8.000020570e-01,0.801380648
0.037934,8.000020720e-01,0.801376504
0.037974,8.000021030e-01,0.801369164
0.038054,8.000021640e-01,0.801348797
0.038214,8.000022870e-01,0.801308557
0.038414,8.000024410e-01,0.801263339
0.038614,8.000025950e-01,0.801213878
0.038814,8.000027490e-01,0.801165661
0.038912,8.000028240e-01,0.801139075
0.038932,8.000028330e-01,0.801135306
0.038972,8.000028490e-01,0.801126941
0.039052,8.000028820e-01,0.801118514
0.039212,8.000029470e-01,0.801096271
0.039412,8.000030290e-01,0.801070014
0.039612,8.000031110e-01,0.801047421
0.039812,8.000031940e-01,0.801020101
0.039909,8.000032330e-01,0.801005360
0.039929,8.000032360e-01,0.801003846
0.039969,8.000032410e-01,0.800999837
0.040049,8.000032510e-01,0.800994737
0.040209,8.000032720e-01,0.800987997
0.040409,8.000032980e-01,0.800979934
0.040609,8.000033240e-01,0.800970625
0.040809,8.000033500e-01,0.800960484
0.040907,8.000033620e-01,0.800952249
0.040927,8.000033400e-01,0.800954478
0.040967,8.000032950e-01,0.800967992
0.041047,8.000032050e-01,0.800999891
0.041207,8.000030250e-01,0.801050482
0.041407,8.000028010e-01,0.801126108
0.041607,8.000025760e-01,0.801193627
0.041807,8.000023520e-01,0.801266107
0.041905,8.000022420e-01,0.801298129
0.041925,8.000022800e-01,0.801290444
0.041965,8.000023570e-01,0.801268861
0.042045,8.000025120e-01,0.801217120
0.042205,8.000028210e-01,0.801117426
0.042405,8.000032080e-01,0.800996035
0.042605,8.000035940e-01,0.800874266
0.042805,8.000039810e-01,0.800749544
0.042902,8.000041680e-01,0.800684979
0.042922,8.000041480e-01,0.800684329
0.042962,8.000041080e-01,0.800695272
0.043042,8.000040270e-01,0.800722135
0.043202,8.000038670e-01,0.800773914
0.043402,8.000036660e-01,0.800843518
0.043602,8.000034650e-01,0.800903171
0.043802,8.000032640e-01,0.800969965
0.043900,8.000031660e-01,0.800995619
0.043920,8.000031590e-01,0.800999487
0.043960,8.000031450e-01,0.801004835
0.044040,8.000031170e-01,0.801012802
0.044200,8.000030600e-01,0.801031319
0.044400,8.000029900e-01,0.801053026
0.044600,8.000029190e-01,0.801075113
0.044800,8.000028490e-01,0.801097182
0.044898,8.000028140e-01,0.801107203
0.044918,8.000028140e-01,0.801107203
0.044958,8.000028150e-01,0.801105274
0.045038,8.000028150e-01,0.801105195
0.045198,8.000028170e-01,0.801107241
0.045398,8.000028180e-01,0.801102888
0.045598,8.000028200e-01,0.801107960
0.045798,8.000028220e-01,0.801105231
0.045896,8.000028220e-01,0.801103906
0.045916,8.000028120e-01,0.801104062
0.045956,8.000027910e-01,0.801107767
0.046036,8.000027500e-01,0.801122185
0.046196,8.000026670e-01,0.801150197
0.046396,8.000025640e-01,0.801179608
0.046596,8.000024600e-01,0.801213673
0.046796,8.000023560e-01,0.801244932
0.046893,8.000023060e-01,0.801256259
0.046913,8.000023270e-01,0.801253709
0.046953,8.000023700e-01,0.801241369
0.047033,8.000024550e-01,0.801212609
0.047193,8.000026240e-01,0.801159339
0.047393,8.000028360e-01,0.801089285
0.047593,8.000030480e-01,0.801024343
0.047793,8.000032600e-01,0.800956031
0.047891,8.000033640e-01,0.800923749
0.047911,8.000033560e-01,0.800920483
0.047951,8.000033410e-01,0.800922359
0.048031,8.000033100e-01,0.800934782
0.048191,8.000032480e-01,0.800955497
0.048391,8.000031710e-01,0.800982513
0.048591,8.000030940e-01,0.801007300
0.048791,8.000030160e-01,0.801031374
0.048889,8.000029790e-01,0.801038786
0.048909,8.000029800e-01,0.801039839
0.048949,8.000029840e-01,0.801039297
0.049029,8.000029900e-01,0.801036800
0.049189,8.000030040e-01,0.801031372
0.049389,8.000030210e-01,0.801027441
0.049589,8.000030370e-01,0.801024708
0.049789,8.000030540e-01,0.801014456
0.049887,8.000030620e-01,0.801012059
0.049907,8.000030560e-01,0.801010909
0.049947,8.000030440e-01,0.801014250
0.050027,8.000030190e-01,0.801022144
0.050187,8.000029700e-01,0.801034224
0.050387,8.000029080e-01,0.801058371
0.050587,8.000028460e-01,0.801077190
0.050787,8.000027840e-01,0.801096372
0.050884,8.000027540e-01,0.801103471
0.050904,8.000027630e-01,0.801102083
0.050944,8.000027800e-01,0.801095268
0.051024,8.000028150e-01,0.801082560
0.051184,8.000028840e-01,0.801061691
0.051384,8.000029710e-01,0.801036174
0.051584,8.000030570e-01,0.801010419
0.051784,8.000031440e-01,0.800977797
0.051882,8.000031860e-01,0.800961029
0.051902,8.000031540e-01,0.800966678
0.051942,8.000030900e-01,0.800982765
0.052022,8.000029610e-01,0.801024004
0.052182,8.000027040e-01,0.801108780
0.052382,8.000023830e-01,0.801210893
0.052582,8.000020610e-01,0.801312467
0.052782,8.000017400e-01,0.801412633
0.052880,8.000015820e-01,0.801460177
0.052900,8.000015910e-01,0.801460242
0.052940,8.000016080e-01,0.801453609
0.053020,8.000016430e-01,0.801441484
0.053180,8.000017130e-01,0.801422236
0.053380,8.000018010e-01,0.801391818
0.053580,8.000018890e-01,0.801364930
0.053780,8.000019760e-01,0.801333440
0.053878,8.000020190e-01,0.801316977
0.053898,8.000020080e-01,0.801316824
0.053938,8.000019850e-01,0.801320224
0.054018,8.000019400e-01,0.801337548
0.054178,8.000018490e-01,0.801364927
0.054378,8.000017360e-01,0.801398731
0.054578,8.000016230e-01,0.801436889
0.054778,8.000015090e-01,0.801469421
0.054875,8.000014540e-01,0.801483172
0.054895,8.000014380e-01,0.801486984
0.054935,8.000014040e-01,0.801495079
0.055015,8.000013370e-01,0.801517581
0.055175,8.000012040e-01,0.801558250
0.055375,8.000010370e-01,0.801612195
0.055575,8.000008700e-01,0.801665333
0.055775,8.000007030e-01,0.801711140
0.055873,8.000006220e-01,0.801738469
0.055893,8.000006230e-01,0.801737206
0.055933,8.000006260e-01,0.801735457
0.056013,8.000006320e-01,0.801731492
0.056173,8.000006440e-01,0.801726217
0.056373,8.000006580e-01,0.801722478
0.056573,8.000006730e-01,0.801714900
0.056773,8.000006880e-01,0.801708684
0.056871,8.000006950e-01,0.801705352
0.056891,8.000006830e-01,0.801706383
0.056931,8.000006580e-01,0.801711760
0.057011,8.000006090e-01,0.801726041
0.057171,8.000005110e-01,0.801757112
0.057371,8.000003890e-01,0.801798757
0.057571,8.000002660e-01,0.801832426
0.057771,8.000001440e-01,0.801871257
0.057868,8.000000840e-01,0.801885334
0.057888,8.000000900e-01,0.801882978
0.057928,8.000001020e-01,0.801879585
0.058008,8.000001260e-01,0.801873317
0.058168,8.000001730e-01,0.801855404
0.058368,8.000002320e-01,0.801836546
0.058568,8.000002910e-01,0.801814669
0.058768,8.000003510e-01,0.801791851
0.058866,8.000003800e-01,0.801780529
0.058886,8.000003850e-01,0.801777905
0.058926,8.000003950e-01,0.801772255
0.059006,8.000004150e-01,0.801763230
0.059166,8.000004550e-01,0.801752092
0.059366,8.000005060e-01,0.801733360
0.059566,8.000005570e-01,0.801713530
0.059766,8.000006070e-01,0.801696937
0.059864,8.000006320e-01,0.801687194
0.059884,8.000006360e-01,0.801685469
0.059924,8.000006440e-01,0.801681358
0.060004,8.000006600e-01,0.801673082
0.060164,8.000006920e-01,0.801663514
0.060364,8.000007320e-01,0.801650847
0.060564,8.000007720e-01,0.801637755
0.060764,8.000008120e-01,0.801625705
0.060862,8.000008320e-01,0.801618219
0.060882,8.000008570e-01,0.801610324
0.060922,8.000009070e-01,0.801594485
0.061002,8.000010060e-01,0.801563266
0.061162,8.000012050e-01,0.801498891
0.061362,8.000014540e-01,0.801419139
0.061562,8.000017030e-01,0.801339912
0.061762,8.000019520e-01,0.801257984
0.061859,8.000020720e-01,0.801218494
0.061879,8.000020570e-01,0.801216007
0.061919,8.000020260e-01,0.801221486
0.061999,8.000019640e-01,0.801243603
0.062159,8.000018400e-01,0.801280257
0.062359,8.000016850e-01,0.801331462
0.062559,8.000015300e-01,0.801373044
0.062759,8.000013740e-01,0.801421338
0.062857,8.000012990e-01,0.801444009
0.062877,8.000013150e-01,0.801439732
0.062917,8.000013490e-01,0.801429945
0.062997,8.000014170e-01,0.801408528
0.063157,8.000015520e-01,0.801366135
0.063357,8.000017220e-01,0.801311928
0.063557,8.000018910e-01,0.801254294
0.063757,8.000020600e-01,0.801201375
0.063855,8.000021430e-01,0.801174100
0.063875,8.000021470e-01,0.801170255
0.063915,8.000021540e-01,0.801165573
0.063995,8.000021680e-01,0.801158504
0.064155,8.000021960e-01,0.801149189
0.064355,8.000022310e-01,0.801140339
0.064555,8.000022660e-01,0.801123757
0.064755,8.000023010e-01,0.801113117
0.064853,8.000023180e-01,0.801107459
0.064873,8.000023270e-01,0.801102119
0.064913,8.000023440e-01,0.801094866
0.064993,8.000023780e-01,0.801084251
0.065153,8.000024470e-01,0.801062743
0.065353,8.000025320e-01,0.801036002
0.065553,8.000026180e-01,0.801005981
0.065753,8.000027040e-01,0.800977620
0.065850,8.000027450e-01,0.800962276
0.065870,8.000027420e-01,0.800961610
0.065910,8.000027350e-01,0.800961794
0.065990,8.000027210e-01,0.800966443
0.066150,8.000026930e-01,0.800978340
0.066350,8.000026580e-01,0.800990019
0.066550,8.000026230e-01,0.800999262
0.066750,8.000025880e-01,0.801010351
0.066848,8.000025710e-01,0.801015492
0.066868,8.000025850e-01,0.801011535
0.066908,8.000026130e-01,0.801002198
0.066988,8.000026700e-01,0.800983894
0.067148,8.000027840e-01,0.800948586
0.067348,8.000029260e-01,0.800899936
0.067548,8.000030680e-01,0.800854569
0.067748,8.000032100e-01,0.800808257
0.067846,8.000032790e-01,0.800782817
0.067866,8.000032750e-01,0.800782272
0.067906,8.000032680e-01,0.800783034
0.067986,8.000032530e-01,0.800787792
0.068146,8.000032240e-01,0.800798095
0.068346,8.000031870e-01,0.800810431
0.068546,8.000031500e-01,0.800821138
0.068746,8.000031130e-01,0.800832808
0.068844,8.000030950e-01,0.800836378
0.068864,8.000030820e-01,0.800838598
0.068904,8.000030540e-01,0.800845001
0.068984,8.000030000e-01,0.800861151
0.069144,8.000028900e-01,0.800897963
0.069344,8.000027530e-01,0.800942642
0.069544,8.000026160e-01,0.800982842
0.069744,8.000024800e-01,0.801025231
0.069841,8.000024130e-01,0.801044598
0.069861,8.000024310e-01,0.801039921
0.069901,8.000024660e-01,0.801031101
0.069981,8.000025360e-01,0.801010380
0.070141,8.000026770e-01,0.800963869
0.070341,8.000028520e-01,0.800906893
0.070541,8.000030280e-01,0.800852614
0.070741,8.000032030e-01,0.800798122
0.070839,8.000032890e-01,0.800765061
0.070859,8.000032660e-01,0.800767655
0.070899,8.000032200e-01,0.800778341
0.070979,8.000031270e-01,0.800810373
0.071139,8.000029410e-01,0.800871367
0.071339,8.000027090e-01,0.800942453
0.071539,8.000024770e-01,0.801017207
0.071739,8.000022450e-01,0.801092346
0.071837,8.000021320e-01,0.801126584
0.071857,8.000021340e-01,0.801126915
0.071897,8.000021390e-01,0.801122296
0.071977,8.000021500e-01,0.801115819
0.072137,8.000021700e-01,0.801114208
0.072337,8.000021960e-01,0.801106282
0.072537,8.000022220e-01,0.801097841
0.072737,8.000022480e-01,0.801090383
0.072834,8.000022610e-01,0.801083501
0.072854,8.000022560e-01,0.801083812
0.072894,8.000022470e-01,0.801087066
0.072974,8.000022290e-01,0.801089481
0.073134,8.000021940e-01,0.801101710
0.073334,8.000021490e-01,0.801115954
0.073534,8.000021050e-01,0.801127837
0.073734,8.000020600e-01,0.801147927
0.073832,8.000020390e-01,0.801147670
0.073852,8.000020360e-01,0.801149689
0.073892,8.000020320e-01,0.801150226
0.073972,8.000020240e-01,0.801152575
0.074132,8.000020080e-01,0.801156449
0.074332,8.000019870e-01,0.801164713
0.074532,8.000019670e-01,0.801168223
0.074732,8.000019470e-01,0.801169576
0.074830,8.000019370e-01,0.801176636
0.074850,8.000019490e-01,0.801171099
0.074890,8.000019730e-01,0.801162000
0.074970,8.000020220e-01,0.801144579
0.075130,8.000021210e-01,0.801114649
0.075330,8.000022430e-01,0.801075660
0.075530,8.000023660e-01,0.801036771
0.075730,8.000024890e-01,0.800997459
0.075828,8.000025490e-01,0.800973583
0.075848,8.000025320e-01,0.800975083
0.075888,8.000024990e-01,0.800982956
0.075968,8.000024330e-01,0.801004383
0.076128,8.000023000e-01,0.801046685
0.076328,8.000021340e-01,0.801101246
0.076528,8.000019680e-01,0.801151957
0.076728,8.000018020e-01,0.801204993
0.076825,8.000017220e-01,0.801225665
0.076845,8.000017150e-01,0.801227221
0.076885,8.000017030e-01,0.801231027
0.076965,8.000016780e-01,0.801237255
0.077125,8.000016280e-01,0.801252757
0.077325,8.000015660e-01,0.801276120
0.077525,8.000015030e-01,0.801294895
0.077725,8.000014410e-01,0.801312389
0.077823,8.000014100e-01,0.801322360
0.077843,8.000013860e-01,0.801326212
0.077883,8.000013380e-01,0.801340430
0.077963,8.000012410e-01,0.801370052
0.078123,8.000010470e-01,0.801427987
0.078323,8.000008050e-01,0.801506533
0.078523,8.000005630e-01,0.801580896
0.078723,8.000003200e-01,0.801659283
0.078821,8.000002020e-01,0.801694337
0.078841,8.000002060e-01,0.801694701
0.078881,8.000002150e-01,0.801689695
0.078961,8.000002330e-01,0.801682512
0.079121,8.000002690e-01,0.801673034
0.079321,8.000003140e-01,0.801655665
0.079521,8.000003600e-01,0.801641283
0.079721,8.000004050e-01,0.801625596
0.079819,8.000004270e-01,0.801615403
0.079839,8.000004260e-01,0.801612412
0.079879,8.000004250e-01,0.801611882
0.079959,8.000004230e-01,0.801612817
0.080119,8.000004180e-01,0.801611017
0.080319,8.000004110e-01,0.801613638
0.080519,8.000004050e-01,0.801613294
0.080719,8.000003990e-01,0.801613774
0.080816,8.000003960e-01,0.801613119
0.080836,8.000004130e-01,0.801606439
0.080876,8.000004480e-01,0.801596397
0.080956,8.000005170e-01,0.801574279
0.081116,8.000006560e-01,0.801528462
0.081316,8.000008300e-01,0.801476352
0.081516,8.000010040e-01,0.801415593
0.081716,8.000011770e-01,0.801361113
0.081814,8.000012630e-01,0.801333662
0.081834,8.000012630e-01,0.801331205
0.081874,8.000012650e-01,0.801326800
0.081954,8.000012680e-01,0.801324902
0.082114,8.000012740e-01,0.801326032
0.082314,8.000012820e-01,0.801323061
0.082514,8.000012890e-01,0.801318686
0.082714,8.000012970e-01,0.801315789
0.082812,8.000013010e-01,0.801313502
0.082832,8.000013250e-01,0.801307584
0.082872,8.000013730e-01,0.801291055
0.082952,8.000014680e-01,0.801260102
0.083112,8.000016600e-01,0.801201964
0.083312,8.000019000e-01,0.801125486
0.083512,8.000021390e-01,0.801048207
0.083712,8.000023790e-01,0.800968534
0.083810,8.000024960e-01,0.800929952
0.083830,8.000024940e-01,0.800926400
0.083870,8.000024880e-01,0.800925882
0.083950,8.000024770e-01,0.800930153
0.084110,8.000024550e-01,0.800937402
0.084310,8.000024280e-01,0.800946096
0.084510,8.000024010e-01,0.800951074
0.084710,8.000023730e-01,0.800964633
0.084807,8.000023600e-01,0.800964833
0.084827,8.000023390e-01,0.800969240
0.084867,8.000022980e-01,0.800979373
0.084947,8.000022160e-01,0.801005269
0.085107,8.000020500e-01,0.801057495
0.085307,8.000018440e-01,0.801121564
0.085507,8.000016370e-01,0.801185180
0.085707,8.000014310e-01,0.801251158
0.085805,8.000013300e-01,0.801282171
0.085825,8.000013320e-01,0.801280486
0.085865,8.000013370e-01,0.801278928
0.085945,8.000013470e-01,0.801276100
0.086105,8.000013660e-01,0.801269682
0.086305,8.000013900e-01,0.801262820
0.086505,8.000014140e-01,0.801256812
0.086705,8.000014380e-01,0.801245635
0.086803,8.000014500e-01,0.801240420
0.086823,8.000014560e-01,0.801238426
0.086863,8.000014680e-01,0.801232961
0.086943,8.000014920e-01,0.801222609
0.087103,8.000015400e-01,0.801210794
0.087303,8.000016000e-01,0.801193196
0.087503,8.000016600e-01,0.801173208
0.087703,8.000017200e-01,0.801154630
0.087800,8.000017490e-01,0.801141378
0.087820,8.000017460e-01,0.801140337
0.087860,8.000017390e-01,0.801140424
0.087940,8.000017260e-01,0.801144791
0.088100,8.000016990e-01,0.801155505
0.088300,8.000016660e-01,0.801164467
0.088500,8.000016330e-01,0.801173707
0.088700,8.000015990e-01,0.801184701
0.088798,8.000015830e-01,0.801185192
0.088818,8.000016030e-01,0.801179296
0.088858,8.000016410e-01,0.801167607
0.088938,8.000017190e-01,0.801143018
0.089098,8.000018740e-01,0.801093733
0.089298,8.000020690e-01,0.801033194
0.089498,8.000022630e-01,0.800971131
0.089698,8.000024570e-01,0.800907105
0.089796,8.000025520e-01,0.800875349
0.089816,8.000025490e-01,0.800874273
0.089856,8.000025420e-01,0.800872130
0.089936,8.000025280e-01,0.800875399
0.090096,8.000025010e-01,0.800887760
0.090296,8.000024670e-01,0.800900559
0.090496,8.000024330e-01,0.800911034
0.090696,8.000023990e-01,0.800920308
0.090794,8.000023820e-01,0.800925327
0.090814,8.000023800e-01,0.800924002
0.090854,8.000023740e-01,0.800924744
0.090934,8.000023630e-01,0.800929802
0.091094,8.000023410e-01,0.800936149
0.091294,8.000023130e-01,0.800942983
0.091494,8.000022860e-01,0.800950807
0.091694,8.000022580e-01,0.800955919
0.091791,8.000022440e-01,0.800958353
0.091811,8.000022300e-01,0.800960685
0.091851,8.000022020e-01,0.800966626
0.091931,8.000021450e-01,0.800987471
0.092091,8.000020320e-01,0.801022965
0.092291,8.000018910e-01,0.801067164
0.092491,8.000017490e-01,0.801113076
0.092691,8.000016080e-01,0.801154519
0.092789,8.000015380e-01,0.801174879
0.092809,8.000015530e-01,0.801172059
0.092849,8.000015810e-01,0.801162032
0.092929,8.000016390e-01,0.801142599
0.093089,8.000017540e-01,0.801108338
0.093289,8.000018970e-01,0.801065485
0.093489,8.000020410e-01,0.801021930
0.093689,8.000021840e-01,0.800975971
0.093787,8.000022550e-01,0.800954161
0.093807,8.000022560e-01,0.800951633
0.093847,8.000022600e-01,0.800947052
0.093927,8.000022670e-01,0.800944656
0.094087,8.000022810e-01,0.800939112
0.094287,8.000022980e-01,0.800935335
0.094487,8.000023150e-01,0.800928753
0.094687,8.000023320e-01,0.800920912
0.094785,8.000023410e-01,0.800918412
0.094805,8.000023360e-01,0.800917449
0.094845,8.000023270e-01,0.800917349
0.094925,8.000023090e-01,0.800923692
0.095085,8.000022730e-01,0.800936223
0.095285,8.000022280e-01,0.800949981
0.095485,8.000021830e-01,0.800967188
0.095685,8.000021380e-01,0.800979127
0.095782,8.000021160e-01,0.800984378
0.095802,8.000020990e-01,0.800988654
0.095842,8.000020650e-01,0.800996225
0.095922,8.000019980e-01,0.801018225
0.096082,8.000018630e-01,0.801062333
0.096282,8.000016940e-01,0.801113989
0.096482,8.000015260e-01,0.801171367
0.096682,8.000013570e-01,0.801223020
0.096780,8.000012750e-01,0.801245077
0.096800,8.000012920e-01,0.801242286
0.096840,8.000013260e-01,0.801231751
0.096920,8.000013950e-01,0.801208220
0.097080,8.000015320e-01,0.801167027
0.097280,8.000017040e-01,0.801111119
0.097480,8.000018760e-01,0.801058487
0.097680,8.000020470e-01,0.801001030
0.097778,8.000021320e-01,0.800970332
0.097798,8.000021240e-01,0.800969436
0.097838,8.000021070e-01,0.800972486
0.097918,8.000020750e-01,0.800983696
0.098078,8.000020100e-01,0.801004023
0.098278,8.000019280e-01,0.801031375
0.098478,8.000018470e-01,0.801056446
0.098678,8.000017650e-01,0.801082539
0.098776,8.000017260e-01,0.801093882
0.098796,8.000017350e-01,0.801091431
0.098836,8.000017550e-01,0.801083571
0.098916,8.000017940e-01,0.801070610
0.099076,8.000018730e-01,0.801047299
0.099276,8.000019710e-01,0.801016056
0.099476,8.000020690e-01,0.800985295
0.099676,8.000021670e-01,0.800953655
0.099773,8.000022140e-01,0.800936033
0.099793,8.000022150e-01,0.800931923
0.099833,8.000022150e-01,0.800928672
0.099913,8.000022160e-01,0.800929641
0.100073,8.000022180e-01,0.800930130
0.100273,8.000022200e-01,0.800932889
0.100473,8.000022220e-01,0.800928827
0.100673,8.000022240e-01,0.800926680
0.100771,8.000022250e-01,0.800926853
0.100791,8.000022180e-01,0.800927863
0.100831,8.000022050e-01,0.800930537
0.100911,8.000021780e-01,0.800937839
0.101071,8.000021240e-01,0.800954931
0.101271,8.000020570e-01,0.800977043
0.101471,8.000019900e-01,0.800998645
0.101671,8.000019240e-01,0.801017569
0.101769,8.000018910e-01,0.801027839
0.101789,8.000018840e-01,0.801026961
0.101829,8.000018700e-01,0.801030865
0.101909,8.000018420e-01,0.801040322
0.102069,8.000017870e-01,0.801054315
0.102269,8.000017170e-01,0.801076155
0.102469,8.000016480e-01,0.801097214
0.102669,8.000015780e-01,0.801126290
0.102766,8.000015450e-01,0.801132380
0.102786,8.000015450e-01,0.801131968
0.102826,8.000015470e-01,0.801131305
0.102906,8.000015490e-01,0.801128819
0.103066,8.000015540e-01,0.801128766
0.103266,8.000015610e-01,0.801129616
0.103466,8.000015680e-01,0.801129027
0.103666,8.000015740e-01,0.801125904
0.103764,8.000015780e-01,0.801121202
0.103784,8.000015970e-01,0.801115570
0.103824,8.000016350e-01,0.801102373
0.103904,8.000017120e-01,0.801078898
0.104064,8.000018650e-01,0.801031090
0.104264,8.000020570e-01,0.800967504
0.104464,8.000022490e-01,0.800905085
0.104664,8.000024410e-01,0.800840210
0.104762,8.000025350e-01,0.800810491
0.104782,8.000025470e-01,0.800803086
0.104822,8.000025700e-01,0.800795228
0.104902,8.000026170e-01,0.800780583
0.105062,8.000027100e-01,0.800752079
0.105262,8.000028270e-01,0.800718858
0.105462,8.000029440e-01,0.800678747
0.105662,8.000030610e-01,0.800645672
0.105760,8.000031180e-01,0.800622603
0.105780,8.000031030e-01,0.800622952
0.105820,8.000030710e-01,0.800629416
0.105900,8.000030080e-01,0.800651993
0.106060,8.000028830e-01,0.800691481
0.106260,8.000027250e-01,0.800743177
0.106460,8.000025680e-01,0.800792643
0.106660,8.000024110e-01,0.800843045
0.106757,8.000023350e-01,0.800865094
0.106777,8.000023330e-01,0.800865727
0.106817,8.000023290e-01,0.800868234
0.106897,8.000023200e-01,0.800870363
0.107057,8.000023040e-01,0.800874393
0.107257,8.000022830e-01,0.800883627
0.107457,8.000022630e-01,0.800888252
0.107657,8.000022420e-01,0.800894217
0.107755,8.000022320e-01,0.800894676
0.107775,8.000022440e-01,0.800890132
0.107815,8.000022670e-01,0.800882386
0.107895,8.000023140e-01,0.800868907
0.108055,8.000024080e-01,0.800838616
0.108255,8.000025260e-01,0.800803166
0.108455,8.000026430e-01,0.800766634
0.108655,8.000027610e-01,0.800729144
0.108753,8.000028180e-01,0.800708019
0.108773,8.000028100e-01,0.800706475
0.108813,8.000027950e-01,0.800709012
0.108893,8.000027630e-01,0.800720507
0.109053,8.000027010e-01,0.800739952
0.109253,8.000026220e-01,0.800766117
0.109453,8.000025440e-01,0.800792098
0.109653,8.000024650e-01,0.800817828
0.109751,8.000024270e-01,0.800827842
0.109771,8.000024410e-01,0.800823482
0.109811,8.000024700e-01,0.800814994
0.109891,8.000025280e-01,0.800796689
0.110051,8.000026420e-01,0.800760024
0.110251,8.000027860e-01,0.800715726
0.110451,8.000029300e-01,0.800674451
0.110651,8.000030740e-01,0.800628478
0.110748,8.000031430e-01,0.800602443
0.110768,8.000031500e-01,0.800600946
0.110808,8.000031620e-01,0.800596948
0.110888,8.000031880e-01,0.800589345
0.111048,8.000032390e-01,0.800573472
0.111248,8.000033020e-01,0.800551604
0.111448,8.000033660e-01,0.800535455
0.111648,8.000034290e-01,0.800517057
0.111746,8.000034600e-01,0.800501592
0.111766,8.000034470e-01,0.800502282
0.111806,8.000034220e-01,0.800508400
0.111886,8.000033700e-01,0.800529164
0.112046,8.000032670e-01,0.800564912
0.112246,8.000031380e-01,0.800603628
0.112446,8.000030100e-01,0.800648058
0.112646,8.000028810e-01,0.800689091
0.112744,8.000028180e-01,0.800705100
0.112764,8.000028230e-01,0.800703486
0.112804,8.000028350e-01,0.800701355
0.112884,8.000028570e-01,0.800692595
0.113044,8.000029020e-01,0.800677470
0.113244,8.000029580e-01,0.800663002
0.113444,8.000030140e-01,0.800643516
0.113644,8.000030710e-01,0.800626882
0.113741,8.000030980e-01,0.800615230
0.113761,8.000031080e-01,0.800609658
0.113801,8.000031280e-01,0.800604261
0.113881,8.000031690e-01,0.800593932
0.114041,8.000032500e-01,0.800566867
0.114241,8.000033520e-01,0.800534501
0.114441,8.000034530e-01,0.800503973
0.114641,8.000035550e-01,0.800472555
0.114739,8.000036050e-01,0.800453369
0.114759,8.000035860e-01,0.800456789
0.114799,8.000035500e-01,0.800464443
0.114879,8.000034770e-01,0.800488320
0.115039,8.000033310e-01,0.800539364
0.115239,8.000031480e-01,0.800596900
0.115439,8.000029660e-01,0.800656029
0.115639,8.000027840e-01,0.800716236
0.115737,8.000026940e-01,0.800743621
0.115757,8.000027020e-01,0.800741147
0.115797,8.000027170e-01,0.800737299
0.115877,8.000027490e-01,0.800726157
0.116037,8.000028110e-01,0.800705801
0.116237,8.000028890e-01,0.800682592
0.116437,8.000029670e-01,0.800656583
0.116637,8.000030450e-01,0.800635172
0.116735,8.000030830e-01,0.800617495
0.116755,8.000030650e-01,0.800618767
0.116795,8.000030290e-01,0.800627259
0.116875,8.000029570e-01,0.800650489
0.117035,8.000028140e-01,0.800698169
0.117235,8.000026350e-01,0.800757155
0.117435,8.000024550e-01,0.800811479
0.117635,8.000022760e-01,0.800869976
0.117732,8.000021890e-01,0.800894344
0.117752,8.000022030e-01,0.800891273
0.117792,8.000022320e-01,0.800882942
0.117872,8.000022900e-01,0.800865610
0.118032,8.000024050e-01,0.800831763
0.118232,8.000025490e-01,0.800788351
0.118432,8.000026930e-01,0.800739900
0.118632,8.000028370e-01,0.800694308
0.118730,8.000029070e-01,0.800670266
0.118750,8.000029310e-01,0.800661032
0.118790,8.000029790e-01,0.800647222
0.118870,8.000030750e-01,0.800617879
0.119030,8.000032670e-01,0.800554279
0.119230,8.000035070e-01,0.800479641
0.119430,8.000037470e-01,0.800402348
0.119630,8.000039870e-01,0.800329539
0.119728,8.000041040e-01,0.800289884
0.119748,8.000040870e-01,0.800291961
0.119788,8.000040530e-01,0.800299151
0.119868,8.000039850e-01,0.800319782
0.120028,8.000038480e-01,0.800364628
0.120228,8.000036780e-01,0.800422816
0.120428,8.000035070e-01,0.800477088
0.120628,8.000033370e-01,0.800528713
0.120726,8.000032530e-01,0.800551965
0.120746,8.000032610e-01,0.800552194
0.120786,8.000032780e-01,0.800548250
0.120866,8.000033110e-01,0.800535992
0.121026,8.000033780e-01,0.800517300
0.121226,8.000034620e-01,0.800493584
0.121426,8.000035450e-01,0.800468302
0.121626,8.000036290e-01,0.800439539
0.121723,8.000036700e-01,0.800425532
0.121743,8.000036740e-01,0.800423484
0.121783,8.000036820e-01,0.800419619
0.121863,8.000036980e-01,0.800417034
0.122023,8.000037310e-01,0.800407013
0.122223,8.000037730e-01,0.800395366
0.122423,8.000038140e-01,0.800385860
0.122623,8.000038550e-01,0.800373636
0.122721,8.000038750e-01,0.800367751
0.122741,8.000038490e-01,0.800370409
0.122781,8.000037950e-01,0.800385753
0.122861,8.000036890e-01,0.800422374
0.123021,8.000034760e-01,0.800489854
0.123221,8.000032090e-01,0.800576377
0.123421,8.000029430e-01,0.800658458
0.123621,8.000026770e-01,0.800748678
0.123719,8.000025460e-01,0.800785291
0.123739,8.000025520e-01,0.800784388
0.123779,8.000025630e-01,0.800784205
0.123859,8.000025860e-01,0.800776642
0.124019,8.000026320e-01,0.800760667
0.124219,8.000026890e-01,0.800746981
0.124419,8.000027470e-01,0.800728493
0.124619,8.000028040e-01,0.800714602
0.124717,8.000028320e-01,0.800702539
0.124737,8.000028370e-01,0.800697787
0.124777,8.000028470e-01,0.800693801
0.124857,8.000028660e-01,0.800691180
0.125017,8.000029050e-01,0.800679179
0.125217,8.000029540e-01,0.800664444
0.125417,8.000030030e-01,0.800649146
0.125617,8.000030510e-01,0.800632107
0.125714,8.000030750e-01,0.800621970
0.125734,8.000030670e-01,0.800622328
0.125774,8.000030500e-01,0.800623792
0.125854,8.000030170e-01,0.800635359
0.126014,8.000029500e-01,0.800660188
0.126214,8.000028670e-01,0.800689113
0.126414,8.000027830e-01,0.800714619
0.126614,8.000027000e-01,0.800741751
0.126712,8.000026590e-01,0.800752830
0.126732,8.000026670e-01,0.800750981
0.126772,8.000026820e-01,0.800745329
0.126852,8.000027130e-01,0.800735709
0.127012,8.000027740e-01,0.800717645
0.127212,8.000028510e-01,0.800696868
0.127412,8.000029280e-01,0.800673219
0.127612,8.000030050e-01,0.800646694
0.127710,8.000030420e-01,0.800633651
0.127730,8.000030430e-01,0.800630563
0.127770,8.000030440e-01,0.800626657
0.127850,8.000030470e-01,0.800625691
0.128010,8.000030520e-01,0.800625469
0.128210,8.000030590e-01,0.800626543
0.128410,8.000030650e-01,0.800624693
0.128610,8.000030720e-01,0.800623957
0.128707,8.000030750e-01,0.800618968
0.128727,8.000030670e-01,0.800619411
0.128767,8.000030510e-01,0.800623636
0.128847,8.000030190e-01,0.800634588
0.129007,8.000029550e-01,0.800655211
0.129207,8.000028740e-01,0.800681474
0.129407,8.000027940e-01,0.800707709
0.129607,8.000027140e-01,0.800736852
0.129705,8.000026740e-01,0.800748255
0.129725,8.000026590e-01,0.800749675
0.129765,8.000026290e-01,0.800758508
0.129845,8.000025690e-01,0.800777550
0.130005,8.000024490e-01,0.800815082
0.130205,8.000022990e-01,0.800867387
0.130405,8.000021480e-01,0.800912130
0.130605,8.000019980e-01,0.800963603
0.130703,8.000019240e-01,0.800983982
0.130723,8.000019050e-01,0.800987599
0.130763,8.000018660e-01,0.800997368
0.130843,8.000017880e-01,0.801021199
0.131003,8.000016320e-01,0.801070130
0.131203,8.000014370e-01,0.801134436
0.131403,8.000012420e-01,0.801194830
0.131603,8.000010470e-01,0.801253195
0.131701,8.000009520e-01,0.801284103
0.131721,8.000009570e-01,0.801283098
0.131761,8.000009670e-01,0.801281262
0.131841,8.000009880e-01,0.801273592
0.132001,8.000010290e-01,0.801259007
0.132201,8.000010810e-01,0.801241929
0.132401,8.000011330e-01,0.801224666
0.132601,8.000011850e-01,0.801204425
0.132698,8.000012100e-01,0.801193698
0.132718,8.000012130e-01,0.801190598
0.132758,8.000012200e-01,0.801187728
0.132838,8.000012330e-01,0.801187013
0.132998,8.000012590e-01,0.801176306
0.133198,8.000012910e-01,0.801165824
0.133398,8.000013230e-01,0.801153697
0.133598,8.000013560e-01,0.801143322
0.133696,8.000013720e-01,0.801136435
0.133716,8.000013630e-01,0.801137921
0.133756,8.000013460e-01,0.801141898
0.133836,8.000013110e-01,0.801150938
0.133996,8.000012420e-01,0.801175616
0.134196,8.000011560e-01,0.801206443
0.134396,8.000010700e-01,0.801230475
0.134596,8.000009840e-01,0.801257609
0.134694,8.000009420e-01,0.801267141
0.134714,8.000009780e-01,0.801257860
0.134754,8.000010490e-01,0.801239543
0.134834,8.000011930e-01,0.801193496
0.134994,8.000014790e-01,0.801101901
0.135194,8.000018370e-01,0.800987011
0.135394,8.000021940e-01,0.800872002
0.135594,8.000025520e-01,0.800761465
0.135692,8.000027270e-01,0.800701222
0.135712,8.000027410e-01,0.800694217
0.135752,8.000027680e-01,0.800683045
0.135832,8.000028230e-01,0.800664239
0.135992,8.000029330e-01,0.800630723
0.136192,8.000030700e-01,0.800589726
0.136392,8.000032070e-01,0.800545104
0.136592,8.000033440e-01,0.800504512
0.136689,8.000034100e-01,0.800480987
0.136709,8.000033840e-01,0.800483272
0.136749,8.000033300e-01,0.800497996
0.136829,8.000032240e-01,0.800534557
0.136989,8.000030110e-01,0.800600856
0.137189,8.000027450e-01,0.800687729
0.137389,8.000024790e-01,0.800769527
0.137589,8.000022130e-01,0.800856835
0.137687,8.000020830e-01,0.800895250
0.137707,8.000020720e-01,0.800899890
0.137747,8.000020510e-01,0.800905236
0.137827,8.000020090e-01,0.800916741
0.137987,8.000019250e-01,0.800944854
0.138187,8.000018200e-01,0.800977864
0.138387,8.000017160e-01,0.801011633
0.138587,8.000016110e-01,0.801040563
0.138685,8.000015590e-01,0.801056782
0.138705,8.000015720e-01,0.801053890
0.138745,8.000015970e-01,0.801045235
0.138825,8.000016470e-01,0.801026793
0.138985,8.000017460e-01,0.800995130
0.139185,8.000018710e-01,0.800957387
0.139385,8.000019960e-01,0.800918526
0.139585,8.000021200e-01,0.800875882
0.139683,8.000021810e-01,0.800852406
0.139703,8.000021800e-01,0.800849554
0.139743,8.000021770e-01,0.800850173
0.139823,8.000021700e-01,0.800852258
0.139983,8.000021580e-01,0.800856124
0.140183,8.000021420e-01,0.800864293
0.140383,8.000021270e-01,0.800867860
0.140583,8.000021110e-01,0.800871998
0.140680,8.000021040e-01,0.800868359
0.140700,8.000021010e-01,0.800869103
0.140740,8.000020950e-01,0.800870489
0.140820,8.000020830e-01,0.800876729
0.140980,8.000020590e-01,0.800885324
0.141180,8.000020290e-01,0.800896396
0.141380,8.000020000e-01,0.800907294
0.141580,8.000019700e-01,0.800914506
0.141678,8.000019550e-01,0.800917309
0.141698,8.000019670e-01,0.800912428
0.141738,8.000019910e-01,0.800904573
0.141818,8.000020380e-01,0.800888337
0.141978,8.000021320e-01,0.800857899
0.142178,8.000022500e-01,0.800822470
0.142378,8.000023680e-01,0.800785229
0.142578,8.000024860e-01,0.800747752
0.142676,8.000025440e-01,0.800727273
0.142696,8.000025520e-01,0.800722694
0.142736,8.000025680e-01,0.800717039
0.142816,8.000026010e-01,0.800707978
0.142976,8.000026660e-01,0.800687255
0.143176,8.000027470e-01,0.800662366
0.143376,8.000028280e-01,0.800636387
0.143576,8.000029100e-01,0.800612352
0.143673,8.000029490e-01,0.800596581
0.143693,8.000029430e-01,0.800595895
0.143733,8.000029300e-01,0.800599403
0.143813,8.000029040e-01,0.800607747
0.143973,8.000028520e-01,0.800624815
0.144173,8.000027860e-01,0.800649170
0.144373,8.000027210e-01,0.800666514
0.144573,8.000026560e-01,0.800689714
0.144671,8.000026240e-01,0.800697750
0.144691,8.000026160e-01,0.800699773
0.144731,8.000026000e-01,0.800701948
0.144811,8.000025690e-01,0.800711162
0.144971,8.000025050e-01,0.800733740
0.145171,8.000024260e-01,0.800758627
0.145371,8.000023460e-01,0.800785803
0.145571,8.000022670e-01,0.800808779
0.145669,8.000022280e-01,0.800819415
0.145689,8.000022120e-01,0.800821622
0.145729,8.000021800e-01,0.800830814
0.145809,8.000021160e-01,0.800853988
0.145969,8.000019880e-01,0.800892950
0.146169,8.000018280e-01,0.800946485
0.146369,8.000016680e-01,0.800998916
0.146569,8.000015070e-01,0.801043730
0.146667,8.000014290e-01,0.801067485
0.146687,8.000014210e-01,0.801071098
0.146727,8.000014050e-01,0.801075086
0.146807,8.000013730e-01,0.801084065
0.146967,8.000013090e-01,0.801107695
0.147167,8.000012280e-01,0.801130969
0.147367,8.000011480e-01,0.801153980
0.147567,8.000010680e-01,0.801181004
0.147664,8.000010290e-01,0.801190976
0.147684,8.000010360e-01,0.801189648
0.147724,8.000010480e-01,0.801185562
0.147804,8.000010740e-01,0.801175213
0.147964,8.000011250e-01,0.801160416
0.148164,8.000011890e-01,0.801142701
0.148364,8.000012530e-01,0.801122584
0.148564,8.000013180e-01,0.801097800
0.148662,8.000013490e-01,0.801087551
0.148682,8.000013570e-01,0.801082802
0.148722,8.000013740e-01,0.801076483
0.148802,8.000014090e-01,0.801067794
0.148962,8.000014770e-01,0.801042739
0.149162,8.000015620e-01,0.801013967
0.149362,8.000016470e-01,0.800988259
0.149562,8.000017330e-01,0.800959571
0.149660,8.000017740e-01,0.800944940
0.149680,8.000018030e-01,0.800935878
0.149720,8.000018590e-01,0.800918105
0.149800,8.000019710e-01,0.800884028
0.149960,8.000021960e-01,0.800813290
0.150160,8.000024770e-01,0.800723886
0.150360,8.000027580e-01,0.800635818
0.150560,8.000030390e-01,0.800547296
0.150658,8.000031760e-01,0.800500714
0.150678,8.000031780e-01,0.800497295
0.150718,8.000031810e-01,0.800492937
0.150798,8.000031860e-01,0.800490932
0.150958,8.000031980e-01,0.800489522
0.151158,8.000032120e-01,0.800484609
0.151358,8.000032270e-01,0.800478797
0.151558,8.000032410e-01,0.800477451
0.151655,8.000032480e-01,0.800473423
0.151675,8.000032380e-01,0.800473292
0.151715,8.000032160e-01,0.800477277
0.151795,8.000031730e-01,0.800491377
0.151955,8.000030880e-01,0.800521602
0.152155,8.000029800e-01,0.800555240
0.152355,8.000028730e-01,0.800587992
0.152555,8.000027660e-01,0.800621675
0.152653,8.000027140e-01,0.800635535
0.152673,8.000027130e-01,0.800634856
0.152713,8.000027110e-01,0.800635251
0.152793,8.000027070e-01,0.800638496
0.152953,8.000027000e-01,0.800642211
0.153153,8.000026910e-01,0.800648174
0.153353,8.000026820e-01,0.800650870
0.153553,8.000026730e-01,0.800652250
0.153651,8.000026690e-01,0.800651656
0.153671,8.000026770e-01,0.800650404
0.153711,8.000026920e-01,0.800643950
0.153791,8.000027240e-01,0.800632610
0.153951,8.000027870e-01,0.800616289
0.154151,8.000028650e-01,0.800591830
0.154351,8.000029440e-01,0.800570494
0.154551,8.000030230e-01,0.800542998
0.154649,8.000030610e-01,0.800529131
0.154669,8.000030410e-01,0.800532767
0.154709,8.000030010e-01,0.800543232
0.154789,8.000029200e-01,0.800570962
0.154949,8.000027580e-01,0.800622113
0.155149,8.000025560e-01,0.800687417
0.155349,8.000023540e-01,0.800750820
0.155549,8.000021520e-01,0.800814271
0.155646,8.000020540e-01,0.800846010
0.155666,8.000020470e-01,0.800846547
0.155706,8.000020320e-01,0.800851728
0.155786,8.000020030e-01,0.800861432
0.155946,8.000019450e-01,0.800880850
0.156146,8.000018710e-01,0.800906761
0.156346,8.000017980e-01,0.800926848
0.156546,8.000017250e-01,0.800952324
0.156644,8.000016890e-01,0.800962370
0.156664,8.000016980e-01,0.800961074
0.156704,8.000017160e-01,0.800954834
0.156784,8.000017520e-01,0.800942636
0.156944,8.000018230e-01,0.800921249
0.157144,8.000019120e-01,0.800892663
0.157344,8.000020010e-01,0.800864405
0.157544,8.000020900e-01,0.800835254
0.157642,8.000021340e-01,0.800822977
0.157662,8.000021310e-01,0.800820779
0.157702,8.000021250e-01,0.800820147
0.157782,8.000021120e-01,0.800825243
0.157942,8.000020870e-01,0.800834064
0.158142,8.000020560e-01,0.800845867
0.158342,8.000020250e-01,0.800854855
0.158542,8.000019940e-01,0.800865514
0.158639,8.000019790e-01,0.800867570
0.158659,8.000020000e-01,0.800860758
0.158699,8.000020440e-01,0.800846749
0.158779,8.000021310e-01,0.800821071
0.158939,8.000023050e-01,0.800765087
0.159139,8.000025230e-01,0.800698586
0.159339,8.000027410e-01,0.800628726
0.159539,8.000029590e-01,0.800555181
0.159637,8.000030660e-01,0.800522525
0.159657,8.000030470e-01,0.800523524
0.159697,8.000030100e-01,0.800529207
0.159777,8.000029340e-01,0.800555083
0.159937,8.000027840e-01,0.800601841
0.160137,8.000025960e-01,0.800659148
0.160337,8.000024070e-01,0.800721076
0.160537,8.000022190e-01,0.800779806
0.160635,8.000021270e-01,0.800807096
0.160655,8.000021020e-01,0.800811285
0.160695,8.000020520e-01,0.800825339
0.160775,8.000019530e-01,0.800859807
0.160935,8.000017540e-01,0.800920777
0.161135,8.000015060e-01,0.800998505
0.161335,8.000012570e-01,0.801077386
0.161535,8.000010090e-01,0.801153964
0.161633,8.000008870e-01,0.801189650
0.161653,8.000008750e-01,0.801194381
0.161693,8.000008500e-01,0.801202306
0.161773,8.000008000e-01,0.801216153
0.161933,8.000007010e-01,0.801250031
0.162133,8.000005770e-01,0.801291301
0.162333,8.000004540e-01,0.801328872
0.162533,8.000003300e-01,0.801368745
0.162630,8.000002700e-01,0.801382126
0.162650,8.000002490e-01,0.801387427
0.162690,8.000002070e-01,0.801399980
0.162770,8.000001240e-01,0.801424986
0.162930,7.999999590e-01,0.801476668
0.163130,7.999997510e-01,0.801543972
0.163330,7.999995440e-01,0.801608825
0.163530,7.999993360e-01,0.801674036
0.163628,7.999992350e-01,0.801702721
0.163648,7.999992480e-01,0.801700184
0.163688,7.999992730e-01,0.801692354
0.163768,7.999993240e-01,0.801673772
0.163928,7.999994270e-01,0.801640592
0.164128,7.999995550e-01,0.801600965
0.164328,7.999996830e-01,0.801555669
0.164528,7.999998110e-01,0.801514211
0.164626,7.999998730e-01,0.801489788
0.164646,7.999998930e-01,0.801482897
0.164686,7.999999320e-01,0.801469171
0.164766,8.000000100e-01,0.801442468
0.164926,8.000001660e-01,0.801392447
0.165126,8.000003620e-01,0.801331682
0.165326,8.000005570e-01,0.801267867
0.165526,8.000007520e-01,0.801203535
0.165624,8.000008480e-01,0.801174340
0.165644,8.000008580e-01,0.801167171
0.165684,8.000008770e-01,0.801158144
0.165764,8.000009170e-01,0.801147821
0.165924,8.000009950e-01,0.801124405
0.166124,8.000010930e-01,0.801093566
0.166324,8.000011920e-01,0.801062295
0.166524,8.000012900e-01,0.801028803
0.166621,8.000013370e-01,0.801011007
0.166641,8.000013510e-01,0.801005785
0.166681,8.000013790e-01,0.800996414
0.166761,8.000014340e-01,0.800979141
0.166921,8.000015450e-01,0.800945703
0.167121,8.000016840e-01,0.800904017
0.167321,8.000018220e-01,0.800859430
0.167521,8.000019610e-01,0.800816236
0.167619,8.000020280e-01,0.800789914
0.167639,8.000020430e-01,0.800785390
0.167679,8.000020740e-01,0.800775389
0.167759,8.000021340e-01,0.800753373
0.167919,8.000022540e-01,0.800716662
0.168119,8.000024050e-01,0.800669718
0.168319,8.000025550e-01,0.800623274
0.168519,8.000027060e-01,0.800573535
0.168617,8.000027800e-01,0.800545877
0.168637,8.000027880e-01,0.800541943
0.168677,8.000028050e-01,0.800533797
0.168757,8.000028380e-01,0.800524398
0.168917,8.000029060e-01,0.800503936
0.169117,8.000029900e-01,0.800479204
0.169317,8.000030740e-01,0.800455211
0.169517,8.000031580e-01,0.800424439
0.169615,8.000031990e-01,0.800410095
0.169635,8.000032020e-01,0.800408608
0.169675,8.000032080e-01,0.800404008
0.169755,8.000032200e-01,0.800401268
0.169915,8.000032430e-01,0.800397897
0.170115,8.000032720e-01,0.800387537
0.170315,8.000033020e-01,0.800382413
0.170515,8.000033310e-01,0.800372154
0.170612,8.000033450e-01,0.800364794
0.170632,8.000033540e-01,0.800363449
0.170672,8.000033710e-01,0.800356568
0.170752,8.000034060e-01,0.800346700
0.170912,8.000034750e-01,0.800326660
0.171112,8.000035620e-01,0.800300556
0.171312,8.000036480e-01,0.800277549
0.171512,8.000037350e-01,0.800247808
0.171610,8.000037770e-01,0.800234806
0.171630,8.000037810e-01,0.800231559
0.171670,8.000037890e-01,0.800226805
0.171750,8.000038060e-01,0.800221460
0.171910,8.000038380e-01,0.800212353
0.172110,8.000038780e-01,0.800202033
0.172310,8.000039180e-01,0.800188999
0.172510,8.000039580e-01,0.800174672
0.172608,8.000039780e-01,0.800168375
0.172628,8.000039710e-01,0.800168002
0.172668,8.000039570e-01,0.800170498
0.172748,8.000039290e-01,0.800181089
0.172908,8.000038740e-01,0.800199391
0.173108,8.000038040e-01,0.800220283
0.173308,8.000037350e-01,0.800244269
0.173508,8.000036650e-01,0.800267993
0.173605,8.000036310e-01,0.800276900
0.173625,8.000036410e-01,0.800273548
0.173665,8.000036600e-01,0.800269751
0.173745,8.000036990e-01,0.800256667
0.173905,8.000037770e-01,0.800233869
0.174105,8.000038740e-01,0.800208977
0.174305,8.000039710e-01,0.800174018
0.174505,8.000040690e-01,0.800148908
0.174603,8.000041160e-01,0.800130988
0.174623,8.000041300e-01,0.800123961
0.174663,8.000041580e-01,0.800113850
0.174743,8.000042150e-01,0.800098838
0.174903,8.000043270e-01,0.800063567
0.175103,8.000044680e-01,0.800020689
0.175303,8.000046080e-01,0.799978149
0.175503,8.000047490e-01,0.799935418
0.175601,8.000048180e-01,0.799914192
0.175621,8.000048220e-01,0.799909949
0.175661,8.000048300e-01,0.799903372
0.175741,8.000048450e-01,0.799900580
0.175901,8.000048770e-01,0.799893012
0.176101,8.000049160e-01,0.799879727
0.176301,8.000049560e-01,0.799867433
0.176501,8.000049950e-01,0.799856791
0.176599,8.000050140e-01,0.799850567
0.176619,8.000049900e-01,0.799854850
0.176659,8.000049420e-01,0.799865505
0.176739,8.000048450e-01,0.799897826
0.176899,8.000046510e-01,0.799963144
0.177099,8.000044090e-01,0.800040861
0.177299,8.000041670e-01,0.800119886
0.177499,8.000039250e-01,0.800198216
0.177596,8.000038080e-01,0.800234904
0.177616,8.000037890e-01,0.800241669
0.177656,8.000037520e-01,0.800252543
0.177736,8.000036780e-01,0.800273990
0.177896,8.000035290e-01,0.800324494
0.178096,8.000033430e-01,0.800384242
0.178296,8.000031570e-01,0.800444530
0.178496,8.000029710e-01,0.800503509
0.178594,8.000028790e-01,0.800530417
0.178614,8.000028740e-01,0.800530673
0.178654,8.000028640e-01,0.800533414
0.178734,8.000028450e-01,0.800540758
0.178894,8.000028050e-01,0.800556181
0.179094,8.000027550e-01,0.800574290
0.179294,8.000027060e-01,0.800590728
0.179494,8.000026560e-01,0.800607626
0.179592,8.000026320e-01,0.800614774
0.179612,8.000026280e-01,0.800613165
0.179652,8.000026210e-01,0.800612777
0.179732,8.000026070e-01,0.800619692
0.179892,8.000025780e-01,0.800629257
0.180092,8.000025420e-01,0.800639850
0.180292,8.000025060e-01,0.800652175
0.180492,8.000024710e-01,0.800664783
0.180590,8.000024530e-01,0.800670978
0.180610,8.000024380e-01,0.800672961
0.180650,8.000024070e-01,0.800681357
0.180730,8.000023460e-01,0.800701147
0.180890,8.000022250e-01,0.800742137
0.181090,8.000020720e-01,0.800794388
0.181290,8.000019200e-01,0.800840650
0.181490,8.000017680e-01,0.800890756
0.181587,8.000016940e-01,0.800908586
0.181607,8.000016880e-01,0.800912626
0.181647,8.000016760e-01,0.800914936
0.181727,8.000016540e-01,0.800920512
0.181887,8.000016080e-01,0.800939119
0.182087,8.000015500e-01,0.800956226
0.182287,8.000014930e-01,0.800972787
0.182487,8.000014360e-01,0.800988574
0.182585,8.000014080e-01,0.800996507
0.182605,8.000013930e-01,0.800998756
0.182645,8.000013640e-01,0.801006600
0.182725,8.000013050e-01,0.801026140
0.182885,8.000011880e-01,0.801062553
0.183085,8.000010420e-01,0.801109638
0.183285,8.000008960e-01,0.801156345
0.183485,8.000007490e-01,0.801201558
0.183583,8.000006780e-01,0.801223684
0.183603,8.000006770e-01,0.801224929
0.183643,8.000006740e-01,0.801224481
0.183723,8.000006700e-01,0.801224716
0.183883,8.000006600e-01,0.801232158
0.184083,8.000006480e-01,0.801233323
0.184283,8.000006370e-01,0.801237853
0.184483,8.000006250e-01,0.801238651
0.184580,8.000006190e-01,0.801238802
0.184600,8.000006320e-01,0.801235639
0.184640,8.000006590e-01,0.801226601
0.184720,8.000007110e-01,0.801206932
0.184880,8.000008170e-01,0.801173670
0.185080,8.000009480e-01,0.801134227
0.185280,8.000010800e-01,0.801089796
0.185480,8.000012110e-01,0.801047262
0.185578,8.000012750e-01,0.801024559
0.185598,8.000012840e-01,0.801019411
0.185638,8.000013020e-01,0.801011215
0.185718,8.000013380e-01,0.801000175
0.185878,8.000014090e-01,0.800979788
0.186078,8.000014970e-01,0.800952374
0.186278,8.000015860e-01,0.800925304
0.186478,8.000016750e-01,0.800896662
0.186576,8.000017180e-01,0.800882770
0.186596,8.000017450e-01,0.800873394
0.186636,8.000017990e-01,0.800855720
0.186716,8.000019060e-01,0.800822471
0.186876,8.000021200e-01,0.800754982
0.187076,8.000023880e-01,0.800672709
0.187276,8.000026560e-01,0.800590077
0.187476,8.000029240e-01,0.800507479
0.187574,8.000030550e-01,0.800462540
0.187594,8.000030640e-01,0.800458185
0.187634,8.000030810e-01,0.800451103
0.187714,8.000031160e-01,0.800437560
0.187874,8.000031860e-01,0.800418591
0.188074,8.000032730e-01,0.800393846
0.188274,8.000033600e-01,0.800369015
0.188474,8.000034480e-01,0.800341526
0.188571,8.000034900e-01,0.800326143
0.188591,8.000034950e-01,0.800324502
0.188631,8.000035040e-01,0.800321456
0.188711,8.000035220e-01,0.800316289
0.188871,8.000035590e-01,0.800305473
0.189071,8.000036060e-01,0.800292109
0.189271,8.000036520e-01,0.800278026
0.189471,8.000036980e-01,0.800261299
0.189569,8.000037210e-01,0.800253316
0.189589,8.000037290e-01,0.800250828
0.189629,8.000037440e-01,0.800244292
0.189709,8.000037760e-01,0.800234859
0.189869,8.000038400e-01,0.800215745
0.190069,8.000039190e-01,0.800191373
0.190269,8.000039980e-01,0.800168348
0.190469,8.000040770e-01,0.800144415
0.190567,8.000041160e-01,0.800130113
0.190587,8.000041110e-01,0.800130062
0.190627,8.000041000e-01,0.800130388
0.190707,8.000040780e-01,0.800137040
0.190867,8.000040330e-01,0.800152461
0.191067,8.000039780e-01,0.800169928
0.191267,8.000039230e-01,0.800189643
0.191467,8.000038680e-01,0.800204982
0.191565,8.000038410e-01,0.800216067
0.191585,8.000038370e-01,0.800213721
0.191625,8.000038280e-01,0.800214987
0.191705,8.000038100e-01,0.800223193
0.191865,8.000037750e-01,0.800233496
0.192065,8.000037310e-01,0.800250769
0.192265,8.000036860e-01,0.800266188
0.192465,8.000036420e-01,0.800281856
0.192562,8.000036200e-01,0.800285200
0.192582,8.000036120e-01,0.800287403
0.192622,8.000035950e-01,0.800292871
0.192702,8.000035600e-01,0.800303423
0.192862,8.000034920e-01,0.800326446
0.193062,8.000034060e-01,0.800356516
0.193262,8.000033200e-01,0.800384025
0.193462,8.000032350e-01,0.800412252
0.193560,8.000031930e-01,0.800424125
0.193580,8.000031970e-01,0.800421932
0.193620,8.000032050e-01,0.800419283
0.193700,8.000032210e-01,0.800415876
0.193860,8.000032530e-01,0.800403604
0.194060,8.000032930e-01,0.800392797
0.194260,8.000033330e-01,0.800379330
0.194460,8.000033730e-01,0.800369060
0.194558,8.000033920e-01,0.800361994
0.194578,8.000033670e-01,0.800364383
0.194618,8.000033160e-01,0.800375242
0.194698,8.000032150e-01,0.800407112
0.194858,8.000030130e-01,0.800472604
0.195058,8.000027610e-01,0.800556501
0.195258,8.000025080e-01,0.800636576
0.195458,8.000022550e-01,0.800716323
0.195556,8.000021310e-01,0.800756099
0.195576,8.000021460e-01,0.800752486
0.195616,8.000021740e-01,0.800745743
0.195696,8.000022310e-01,0.800727537
0.195856,8.000023450e-01,0.800692104
0.196056,8.000024880e-01,0.800646672
0.196256,8.000026300e-01,0.800596771
0.196456,8.000027730e-01,0.800556730
0.196553,8.000028420e-01,0.800531630
0.196573,8.000028410e-01,0.800530081
0.196613,8.000028390e-01,0.800528951
0.196693,8.000028340e-01,0.800529666
0.196853,8.000028250e-01,0.800531592
0.197053,8.000028140e-01,0.800534083
0.197253,8.000028020e-01,0.800537148
0.197453,8.000027910e-01,0.800542612
0.197551,8.000027860e-01,0.800541595
0.197571,8.000027640e-01,0.800544365
0.197611,8.000027220e-01,0.800556197
0.197691,8.000026370e-01,0.800586206
0.197851,8.000024660e-01,0.800639631
0.198051,8.000022540e-01,0.800709583
0.198251,8.000020410e-01,0.800772434
0.198451,8.000018280e-01,0.800839887
0.198549,8.000017240e-01,0.800871630
0.198569,8.000017210e-01,0.800872316
0.198609,8.000017170e-01,0.800875260
0.198689,8.000017070e-01,0.800877395
0.198849,8.000016880e-01,0.800883870
0.199049,8.000016640e-01,0.800893604
0.199249,8.000016410e-01,0.800896804
0.199449,8.000016170e-01,0.800906307
0.199546,8.000016050e-01,0.800905887
0.199566,8.000016000e-01,0.800906909
0.199606,8.000015900e-01,0.800908672
0.199686,8.000015700e-01,0.800915152
0.199846,8.000015300e-01,0.800926753
0.200046,8.000014790e-01,0.800942658
0.200246,8.000014290e-01,0.800959818
0.200446,8.000013790e-01,0.800978033
0.200544,8.000013540e-01,0.800982597
0.200564,8.000013440e-01,0.800983925
0.200604,8.000013260e-01,0.800989246
0.200684,8.000012880e-01,0.801001578
0.200844,8.000012130e-01,0.801026218
0.201044,8.000011190e-01,0.801053799
0.201244,8.000010250e-01,0.801083384
0.201444,8.000009310e-01,0.801111918
0.201542,8.000008850e-01,0.801123930
0.201562,8.000008910e-01,0.801121739
0.201602,8.000009040e-01,0.801117568
0.201682,8.000009290e-01,0.801108192
0.201842,8.000009790e-01,0.801093497
0.202042,8.000010420e-01,0.801074822
0.202242,8.000011050e-01,0.801054140
0.202442,8.000011670e-01,0.801034971
0.202540,8.000011980e-01,0.801019665
0.202560,8.000011920e-01,0.801020441
0.202600,8.000011790e-01,0.801023152
0.202680,8.000011530e-01,0.801029161
0.202840,8.000011020e-01,0.801045636
0.203040,8.000010380e-01,0.801069481
0.203240,8.000009730e-01,0.801087497
0.203440,8.000009090e-01,0.801106714
0.203537,8.000008780e-01,0.801115696
0.203557,8.000008900e-01,0.801113556
0.203597,8.000009130e-01,0.801106323
0.203677,8.000009600e-01,0.801090153
0.203837,8.000010540e-01,0.801059873
0.204037,8.000011710e-01,0.801021799
0.204237,8.000012880e-01,0.800983815
0.204437,8.000014050e-01,0.800947980
0.204535,8.000014620e-01,0.800926035
0.204555,8.000014590e-01,0.800923926
0.204595,8.000014540e-01,0.800924197
0.204675,8.000014440e-01,0.800926912
0.204835,8.000014230e-01,0.800935055
0.205035,8.000013980e-01,0.800943378
0.205235,8.000013720e-01,0.800949289
0.205435,8.000013460e-01,0.800959047
0.205533,8.000013330e-01,0.800962100
0.205553,8.000013370e-01,0.800959902
0.205593,8.000013450e-01,0.800955686
0.205673,8.000013600e-01,0.800951185
0.205833,8.000013910e-01,0.800943988
0.206033,8.000014300e-01,0.800932436
0.206233,8.000014680e-01,0.800919608
0.206433,8.000015060e-01,0.800905195
0.206531,8.000015250e-01,0.800898218
0.206551,8.000015290e-01,0.800896397
0.206591,8.000015370e-01,0.800892373
0.206671,8.000015520e-01,0.800887344
0.206831,8.000015830e-01,0.800876084
0.207031,8.000016220e-01,0.800866545
0.207231,8.000016610e-01,0.800855092
0.207431,8.000016990e-01,0.800838275
0.207528,8.000017180e-01,0.800827752
0.207548,8.000017380e-01,0.800824270
0.207588,8.000017770e-01,0.800811133
0.207668,8.000018560e-01,0.800782933
0.207828,8.000020140e-01,0.800737478
0.208028,8.000022120e-01,0.800673133
0.208228,8.000024090e-01,0.800613199
0.208428,8.000026060e-01,0.800551459
0.208526,8.000027030e-01,0.800518129
0.208546,8.000027030e-01,0.800515379
0.208586,8.000027040e-01,0.800510987
0.208666,8.000027060e-01,0.800511440
0.208826,8.000027110e-01,0.800513621
0.209026,8.000027160e-01,0.800511645
0.209226,8.000027210e-01,0.800508183
0.209426,8.000027260e-01,0.800504292
0.209524,8.000027280e-01,0.800503963
0.209544,8.000027230e-01,0.800504289
0.209584,8.000027110e-01,0.800507488
0.209664,8.000026890e-01,0.800513784
0.209824,8.000026430e-01,0.800528771
0.210024,8.000025870e-01,0.800549182
0.210224,8.000025300e-01,0.800568206
0.210424,8.000024740e-01,0.800586146
0.210522,8.000024460e-01,0.800592700
0.210542,8.000024540e-01,0.800591425
0.210582,8.000024700e-01,0.800586961
0.210662,8.000025010e-01,0.800576054
0.210822,8.000025650e-01,0.800555976
0.211022,8.000026440e-01,0.800530299
0.211222,8.000027240e-01,0.800506378
0.211422,8.000028030e-01,0.800482798
0.211519,8.000028420e-01,0.800467985
0.211539,8.000028320e-01,0.800469792
0.211579,8.000028130e-01,0.800473291
0.211659,8.000027740e-01,0.800484474
0.211819,8.000026970e-01,0.800510505
0.212019,8.000026010e-01,0.800543140
0.212219,8.000025050e-01,0.800572820
0.212419,8.000024080e-01,0.800605770
0.212517,8.000023610e-01,0.800617851
0.212537,8.000023600e-01,0.800618224
0.212577,8.000023580e-01,0.800617447
0.212657,8.000023540e-01,0.800618574
0.212817,8.000023460e-01,0.800624659
0.213017,8.000023370e-01,0.800629067
0.213217,8.000023270e-01,0.800633169
0.213417,8.000023170e-01,0.800635597
0.213515,8.000023120e-01,0.800632111
0.213535,8.000022900e-01,0.800636077
0.213575,8.000022460e-01,0.800648245
0.213655,8.000021570e-01,0.800678907
0.213815,8.000019810e-01,0.800736419
0.214015,8.000017600e-01,0.800805633
0.214215,8.000015390e-01,0.800873856
0.214415,8.000013190e-01,0.800943967
0.214512,8.000012120e-01,0.800974841
0.214532,8.000012280e-01,0.800972612
0.214572,8.000012610e-01,0.800963261
0.214652,8.000013260e-01,0.800942629
0.214812,8.000014560e-01,0.800902427
0.215012,8.000016190e-01,0.800849119
0.215212,8.000017830e-01,0.800799405
0.215412,8.000019460e-01,0.800743282
0.215510,8.000020260e-01,0.800717852
0.215530,8.000020200e-01,0.800716216
0.215570,8.000020080e-01,0.800715890
0.215650,8.000019840e-01,0.800724594
0.215810,8.000019360e-01,0.800742143
0.216010,8.000018760e-01,0.800764504
0.216210,8.000018170e-01,0.800781805
0.216410,8.000017570e-01,0.800799455
0.216508,8.000017280e-01,0.800807304
0.216528,8.000017350e-01,0.800804891
0.216568,8.000017500e-01,0.800801239
0.216648,8.000017800e-01,0.800790451
0.216808,8.000018390e-01,0.800773740
0.217008,8.000019130e-01,0.800753709
0.217208,8.000019880e-01,0.800728607
0.217408,8.000020620e-01,0.800705729
0.217506,8.000020980e-01,0.800691855
0.217526,8.000020880e-01,0.800692909
0.217566,8.000020670e-01,0.800697398
0.217646,8.000020260e-01,0.800709488
0.217806,8.000019430e-01,0.800734236
0.218006,8.000018400e-01,0.800772512
0.218206,8.000017360e-01,0.800802535
0.218406,8.000016330e-01,0.800833648
0.218503,8.000015830e-01,0.800848152
0.218523,8.000016060e-01,0.800843235
0.218563,8.000016510e-01,0.800831011
0.218643,8.000017430e-01,0.800798364
0.218803,8.000019260e-01,0.800742359
0.219003,8.000021540e-01,0.800672542
0.219203,8.000023830e-01,0.800597081
0.219403,8.000026120e-01,0.800527268
0.219501,8.000027240e-01,0.800485876
0.219521,8.000027040e-01,0.800487306
0.219561,8.000026630e-01,0.800495996
0.219641,8.000025820e-01,0.800522439
0.219801,8.000024200e-01,0.800575630
0.220001,8.000022170e-01,0.800640845
0.220201,8.000020140e-01,0.800706100
0.220401,8.000018110e-01,0.800772604
0.220499,8.000017120e-01,0.800800739
0.220519,8.000017160e-01,0.800803377
0.220559,8.000017250e-01,0.800801894
0.220639,8.000017420e-01,0.800795502
0.220799,8.000017770e-01,0.800788242
0.220999,8.000018200e-01,0.800770725
0.221199,8.000018640e-01,0.800759062
0.221399,8.000019070e-01,0.800745549
0.221497,8.000019280e-01,0.800739297
0.221517,8.000019200e-01,0.800737497
0.221557,8.000019040e-01,0.800739234
0.221637,8.000018730e-01,0.800751558
0.221797,8.000018090e-01,0.800772947
0.221997,8.000017300e-01,0.800797947
0.222197,8.000016500e-01,0.800825532
0.222397,8.000015710e-01,0.800849384
0.222494,8.000015330e-01,0.800855808
0.222514,8.000015380e-01,0.800854409
0.222554,8.000015480e-01,0.800852094
0.222634,8.000015680e-01,0.800846000
0.222794,8.000016070e-01,0.800832240
0.222994,8.000016570e-01,0.800817659
0.223194,8.000017070e-01,0.800798902
0.223394,8.000017570e-01,0.800783292
0.223492,8.000017820e-01,0.800773972
0.223512,8.000017780e-01,0.800772221
0.223552,8.000017690e-01,0.800774658
0.223632,8.000017520e-01,0.800781276
0.223792,8.000017180e-01,0.800787793
0.223992,8.000016760e-01,0.800806621
0.224192,8.000016340e-01,0.800816827
0.224392,8.000015910e-01,0.800827962
0.224490,8.000015710e-01,0.800833215
0.224510,8.000015810e-01,0.800828055
0.224550,8.000016010e-01,0.800823369
0.224630,8.000016420e-01,0.800811547
0.224790,8.000017230e-01,0.800782842
0.224990,8.000018250e-01,0.800754083
0.225190,8.000019270e-01,0.800719820
0.225390,8.000020290e-01,0.800687166
0.225488,8.000020790e-01,0.800667499
0.225508,8.000020800e-01,0.800666090
0.225548,8.000020830e-01,0.800664156
0.225628,8.000020880e-01,0.800663553
0.225788,8.000020990e-01,0.800662147
0.225988,8.000021130e-01,0.800658269
0.226188,8.000021270e-01,0.800654646
0.226388,8.000021400e-01,0.800649720
0.226485,8.000021470e-01,0.800645802
0.226505,8.000021650e-01,0.800640334
0.226545,8.000022000e-01,0.800628460
0.226625,8.000022710e-01,0.800605750
0.226785,8.000024120e-01,0.800562712
0.226985,8.000025890e-01,0.800509322
0.227185,8.000027660e-01,0.800452978
0.227385,8.000029430e-01,0.800398676
0.227483,8.000030300e-01,0.800368265
0.227503,8.000030260e-01,0.800366743
0.227543,8.000030180e-01,0.800364990
0.227623,8.000030030e-01,0.800371318
0.227783,8.000029720e-01,0.800384779
0.227983,8.000029330e-01,0.800401625
0.228183,8.000028940e-01,0.800417197
0.228383,8.000028550e-01,0.800426466
0.228481,8.000028360e-01,0.800432009
0.228501,8.000028180e-01,0.800434989
0.228541,8.000027820e-01,0.800444076
0.228621,8.000027090e-01,0.800467516
0.228781,8.000025640e-01,0.800517536
0.228981,8.000023820e-01,0.800575644
0.229181,8.000022000e-01,0.800635033
0.229381,8.000020180e-01,0.800692333
0.229478,8.000019300e-01,0.800716883
0.229498,8.000019220e-01,0.800719288
0.229538,8.000019070e-01,0.800725886
0.229618,8.000018760e-01,0.800735584
0.229778,8.000018140e-01,0.800754872
0.229978,8.000017360e-01,0.800784428
0.230178,8.000016580e-01,0.800806352
0.230378,8.000015810e-01,0.800831329
0.230476,8.000015430e-01,0.800840362
0.230496,8.000015820e-01,0.800831971
0.230536,8.000016600e-01,0.800809349
0.230616,8.000018160e-01,0.800756224
0.230776,8.000021290e-01,0.800657984
0.230976,8.000025200e-01,0.800532429
0.231176,8.000029110e-01,0.800407112
0.231376,8.000033020e-01,0.800282602
0.231474,8.000034940e-01,0.800219949
0.231494,8.000034720e-01,0.800220702
0.231534,8.000034290e-01,0.800229216
0.231614,8.000033420e-01,0.800256995
0.231774,8.000031700e-01,0.800312641
0.231974,8.000029540e-01,0.800382370
0.232174,8.000027380e-01,0.800451781
0.232374,8.000025220e-01,0.800522294
0.232472,8.000024160e-01,0.800554757
0.232492,8.000024410e-01,0.800551448
0.232532,8.000024920e-01,0.800536506
0.232612,8.000025940e-01,0.800501723
0.232772,8.000027970e-01,0.800438301
0.232972,8.000030510e-01,0.800358175
0.233172,8.000033040e-01,0.800277369
0.233372,8.000035580e-01,0.800195742
0.233469,8.000036810e-01,0.800160540
0.233489,8.000036660e-01,0.800160355
0.233529,8.000036360e-01,0.800165315
0.233609,8.000035760e-01,0.800183948
0.233769,8.000034570e-01,0.800223530
0.233969,8.000033070e-01,0.800274406
0.234169,8.000031570e-01,0.800324582
0.234369,8.000030070e-01,0.800374253
0.234467,8.000029330e-01,0.800395730
0.234487,8.000029240e-01,0.800397986
0.234527,8.000029070e-01,0.800402735
0.234607,8.000028710e-01,0.800413973
0.234767,8.000028000e-01,0.800440283
0.234967,8.000027120e-01,0.800468683
0.235167,8.000026230e-01,0.800495870
0.235367,8.000025340e-01,0.800523907
0.235465,8.000024910e-01,0.800537365
0.235485,8.000024730e-01,0.800541868
0.235525,8.000024370e-01,0.800551404
0.235605,8.000023650e-01,0.800574752
0.235765,8.000022220e-01,0.800622769
0.235965,8.000020420e-01,0.800677223
0.236165,8.000018620e-01,0.800736358
0.236365,8.000016830e-01,0.800793121
0.236463,8.000015950e-01,0.800818446
0.236483,8.000016120e-01,0.800817038
0.236523,8.000016480e-01,0.800806240
0.236603,8.000017190e-01,0.800782553
0.236763,8.000018600e-01,0.800741027
0.236963,8.000020370e-01,0.800685834
0.237163,8.000022140e-01,0.800634662
0.237363,8.000023900e-01,0.800575389
0.237460,8.000024760e-01,0.800546067
0.237480,8.000024760e-01,0.800543253
0.237520,8.000024750e-01,0.800542054
0.237600,8.000024720e-01,0.800546919
0.237760,8.000024680e-01,0.800547699
0.237960,8.000024630e-01,0.800550709
0.238160,8.000024570e-01,0.800555013
0.238360,8.000024520e-01,0.800554654
0.238458,8.000024490e-01,0.800554384
0.238478,8.000024430e-01,0.800552704
0.238518,8.000024300e-01,0.800557173
0.238598,8.000024050e-01,0.800564132
0.238758,8.000023560e-01,0.800577819
0.238958,8.000022930e-01,0.800603734
0.239158,8.000022310e-01,0.800617907
0.239358,8.000021690e-01,0.800642216
0.239456,8.000021390e-01,0.800647056
0.239476,8.000021410e-01,0.800647514
0.239516,8.000021450e-01,0.800644534
0.239596,8.000021540e-01,0.800640539
0.239756,8.000021710e-01,0.800638276
0.239956,8.000021920e-01,0.800629519
0.240156,8.000022130e-01,0.800623707
0.240356,8.000022350e-01,0.800616550
0.240454,8.000022450e-01,0.800612914
0.240474,8.000022530e-01,0.800608494
0.240514,8.000022680e-01,0.800602417
0.240594,8.000022980e-01,0.800595838
0.240754,8.000023590e-01,0.800576130
0.240954,8.000024340e-01,0.800552941
0.241154,8.000025100e-01,0.800530366
0.241354,8.000025850e-01,0.800506896
0.241451,8.000026220e-01,0.800495978
0.241471,8.000026290e-01,0.800492343
0.241511,8.000026430e-01,0.800486015
0.241591,8.000026700e-01,0.800478296
0.241751,8.000027240e-01,0.800462468
0.241951,8.000027920e-01,0.800439697
0.242151,8.000028600e-01,0.800420429
0.242351,8.000029280e-01,0.800397768
0.242449,8.000029610e-01,0.800384666
0.242469,8.000029650e-01,0.800382110
0.242509,8.000029710e-01,0.800379128
0.242589,8.000029840e-01,0.800376319
0.242749,8.000030110e-01,0.800367497
0.242949,8.000030440e-01,0.800357893
0.243149,8.000030770e-01,0.800347610
0.243349,8.000031100e-01,0.800336612
0.243447,8.000031260e-01,0.800331064
0.243467,8.000031310e-01,0.800329676
0.243507,8.000031400e-01,0.800325997
0.243587,8.000031590e-01,0.800319957
0.243747,8.000031960e-01,0.800310659
0.243947,8.000032430e-01,0.800295721
0.244147,8.000032900e-01,0.800285006
0.244347,8.000033370e-01,0.800268765
0.244444,8.000033600e-01,0.800261682
0.244464,8.000033620e-01,0.800259466
0.244504,8.000033640e-01,0.800257915
0.244584,8.000033700e-01,0.800254616
0.244744,8.000033810e-01,0.800252465
0.244944,8.000033950e-01,0.800250139
0.245144,8.000034090e-01,0.800245817
0.245344,8.000034230e-01,0.800248715
0.245442,8.000034300e-01,0.800244203
0.245462,8.000034500e-01,0.800238774
0.245502,8.000034890e-01,0.800226983
0.245582,8.000035680e-01,0.800200840
0.245742,8.000037250e-01,0.800152871
0.245942,8.000039210e-01,0.800094722
0.246142,8.000041170e-01,0.800029722
0.246342,8.000043140e-01,0.799967470
0.246440,8.000044100e-01,0.799937366
0.246460,8.000044010e-01,0.799935677
0.246500,8.000043820e-01,0.799940740
0.246580,8.000043450e-01,0.799956110
0.246740,8.000042710e-01,0.799977191
0.246940,8.000041780e-01,0.800009155
0.247140,8.000040850e-01,0.800037761
0.247340,8.000039920e-01,0.800069295
0.247438,8.000039460e-01,0.800082578
0.247458,8.000039550e-01,0.800078280
0.247498,8.000039740e-01,0.800071564
0.247578,8.000040100e-01,0.800062164
0.247738,8.000040830e-01,0.800040417
0.247938,8.000041740e-01,0.800013886
0.248138,8.000042650e-01,0.799987189
0.248338,8.000043560e-01,0.799959200
0.248435,8.000044000e-01,0.799944226
0.248455,8.000044090e-01,0.799940796
0.248495,8.000044280e-01,0.799934777
0.248575,8.000044650e-01,0.799923463
0.248735,8.000045400e-01,0.799902211
0.248935,8.000046330e-01,0.799873847
0.249135,8.000047270e-01,0.799847801
0.249335,8.000048200e-01,0.799821215
0.249433,8.000048660e-01,0.799803370
0.249453,8.000048750e-01,0.799799459
0.249493,8.000048950e-01,0.799793271
0.249573,8.000049340e-01,0.799780947
0.249733,8.000050130e-01,0.799756868
0.249933,8.000051110e-01,0.799730438
0.250133,8.000052100e-01,0.799699431
0.250333,8.000053080e-01,0.799671033
0.250431,8.000053560e-01,0.799654586
0.250451,8.000053460e-01,0.799654373
0.250491,8.000053250e-01,0.799658070
0.250571,8.000052830e-01,0.799673784
0.250731,8.000052000e-01,0.799703661
0.250931,8.000050960e-01,0.799741290
0.251131,8.000049910e-01,0.799778675
0.251331,8.000048870e-01,0.799812343
0.251429,8.000048360e-01,0.799828503
0.251449,8.000048380e-01,0.799827272
0.251489,8.000048410e-01,0.799823836
0.251569,8.000048490e-01,0.799823691
0.251729,8.000048630e-01,0.799823690
0.251929,8.000048810e-01,0.799817269
0.252129,8.000048980e-01,0.799812587
0.252329,8.000049160e-01,0.799808713
0.252426,8.000049250e-01,0.799804544
0.252446,8.000049180e-01,0.799803046
0.252486,8.000049060e-01,0.799806214
0.252566,8.000048800e-01,0.799814567
0.252726,8.000048290e-01,0.799832624
0.252926,8.000047640e-01,0.799858241
0.253126,8.000047000e-01,0.799877383
0.253326,8.000046360e-01,0.799899812
0.253424,8.000046050e-01,0.799908867
0.253444,8.000046090e-01,0.799905349
0.253484,8.000046160e-01,0.799902221
0.253564,8.000046310e-01,0.799900431
0.253724,8.000046610e-01,0.799891022
0.253924,8.000046990e-01,0.799880586
0.254124,8.000047360e-01,0.799867378
0.254324,8.000047740e-01,0.799858949
0.254422,8.000047920e-01,0.799852582
0.254442,8.000047860e-01,0.799850956
0.254482,8.000047750e-01,0.799852138
0.254562,8.000047510e-01,0.799861226
0.254722,8.000047040e-01,0.799875277
0.254922,8.000046450e-01,0.799897737
0.255122,8.000045870e-01,0.799915321
0.255322,8.000045280e-01,0.799937852
0.255420,8.000044990e-01,0.799946909
0.255440,8.000044940e-01,0.799947022
0.255480,8.000044840e-01,0.799948888
0.255560,8.000044640e-01,0.799956188
0.255720,8.000044240e-01,0.799970356
0.255920,8.000043730e-01,0.799986299
0.256120,8.000043230e-01,0.800005431
0.256320,8.000042730e-01,0.800020319
0.256417,8.000042480e-01,0.800026206
0.256437,8.000042600e-01,0.800022298
0.256477,8.000042830e-01,0.800015492
0.256557,8.000043290e-01,0.800002627
0.256717,8.000044220e-01,0.799974688
0.256917,8.000045380e-01,0.799943728
0.257117,8.000046540e-01,0.799907956
0.257317,8.000047700e-01,0.799871890
0.257415,8.000048270e-01,0.799852085
0.257435,8.000048140e-01,0.799852563
0.257475,8.000047900e-01,0.799857717
0.257555,8.000047420e-01,0.799874336
0.257715,8.000046450e-01,0.799907074
0.257915,8.000045230e-01,0.799947540
0.258115,8.000044020e-01,0.799989846
0.258315,8.000042810e-01,0.800030305
0.258413,8.000042210e-01,0.800045675
0.258433,8.000042170e-01,0.800046343
0.258473,8.000042080e-01,0.800049511
0.258553,8.000041900e-01,0.800055367
0.258713,8.000041540e-01,0.800070301
0.258913,8.000041100e-01,0.800086635
0.259113,8.000040650e-01,0.800098493
0.259313,8.000040200e-01,0.800114797
0.259410,8.000039990e-01,0.800117653
0.259430,8.000040070e-01,0.800116916
0.259470,8.000040230e-01,0.800112844
0.259550,8.000040550e-01,0.800102673
0.259710,8.000041200e-01,0.800084447
0.259910,8.000042010e-01,0.800059103
0.260110,8.000042820e-01,0.800035408
0.260310,8.000043630e-01,0.800009424
0.260408,8.000044020e-01,0.799994425
0.260428,8.000043860e-01,0.799995755
0.260468,8.000043520e-01,0.800003578
0.260548,8.000042860e-01,0.800025980
0.260708,8.000041530e-01,0.800068045
0.260908,8.000039880e-01,0.800124132
0.261108,8.000038220e-01,0.800178731
0.261308,8.000036560e-01,0.800233656
0.261406,8.000035740e-01,0.800260853
0.261426,8.000035660e-01,0.800262702
0.261466,8.000035490e-01,0.800268554
0.261546,8.000035160e-01,0.800278917
0.261706,8.000034490e-01,0.800301801
0.261906,8.000033650e-01,0.800333514
0.262106,8.000032810e-01,0.800356227
0.262306,8.000031970e-01,0.800386940
0.262404,8.000031560e-01,0.800395357
0.262424,8.000031730e-01,0.800393546
0.262464,8.000032070e-01,0.800382309
0.262544,8.000032740e-01,0.800361707
0.262704,8.000034080e-01,0.800322662
0.262904,8.000035760e-01,0.800266567
0.263104,8.000037440e-01,0.800220489
0.263304,8.000039130e-01,0.800164657
0.263401,8.000039940e-01,0.800138449
0.263421,8.000039850e-01,0.800134891
0.263461,8.000039680e-01,0.800140237
0.263541,8.000039320e-01,0.800154690
0.263701,8.000038620e-01,0.800174826
0.263901,8.000037730e-01,0.800210780
0.264101,8.000036850e-01,0.800234436
0.264301,8.000035970e-01,0.800266694
0.264399,8.000035540e-01,0.800278246
0.264419,8.000035550e-01,0.800278116
0.264459,8.000035580e-01,0.800277782
0.264539,8.000035630e-01,0.800274995
0.264699,8.000035740e-01,0.800273578
0.264899,8.000035880e-01,0.800270604
0.265099,8.000036020e-01,0.800264758
0.265299,8.000036160e-01,0.800263923
0.265397,8.000036230e-01,0.800261028
0.265417,8.000036080e-01,0.800263643
0.265457,8.000035780e-01,0.800270677
0.265537,8.000035170e-01,0.800291007
0.265697,8.000033960e-01,0.800331222
0.265897,8.000032450e-01,0.800378968
0.266097,8.000030940e-01,0.800429587
0.266297,8.000029420e-01,0.800476813
0.266395,8.000028680e-01,0.800498873
0.266415,8.000028710e-01,0.800499232
0.266455,8.000028770e-01,0.800498669
0.266535,8.000028880e-01,0.800494580
0.266695,8.000029100e-01,0.800488660
0.266895,8.000029370e-01,0.800479087
0.267095,8.000029650e-01,0.800471342
0.267295,8.000029930e-01,0.800466178
0.267392,8.000030060e-01,0.800457256
0.267412,8.000029930e-01,0.800460528
0.267452,8.000029660e-01,0.800466237
0.267532,8.000029110e-01,0.800485386
0.267692,8.000028030e-01,0.800521730
0.267892,8.000026670e-01,0.800563429
0.268092,8.000025320e-01,0.800609388
0.268292,8.000023960e-01,0.800652944
0.268390,8.000023300e-01,0.800671319
0.268410,8.000023380e-01,0.800669542
0.268450,8.000023550e-01,0.800663795
0.268530,8.000023880e-01,0.800652063
0.268690,8.000024540e-01,0.800632387
0.268890,8.000025370e-01,0.800606481
0.269090,8.000026200e-01,0.800581179
0.269290,8.000027030e-01,0.800554276
0.269388,8.000027440e-01,0.800540921
0.269408,8.000027340e-01,0.800539793
0.269448,8.000027140e-01,0.800545197
0.269528,8.000026740e-01,0.800559091
0.269688,8.000025950e-01,0.800582745
0.269888,8.000024960e-01,0.800615857
0.270088,8.000023970e-01,0.800646033
0.270288,8.000022980e-01,0.800679096
0.270385,8.000022490e-01,0.800690707
0.270405,8.000022550e-01,0.800690479
0.270445,8.000022670e-01,0.800688871
0.270525,8.000022900e-01,0.800679174
0.270685,8.000023370e-01,0.800663948
0.270885,8.000023950e-01,0.800649763
0.271085,8.000024530e-01,0.800628226
0.271285,8.000025110e-01,0.800612638
0.271383,8.000025400e-01,0.800601573
0.271403,8.000025700e-01,0.800592629
0.271443,8.000026320e-01,0.800572792
0.271523,8.000027560e-01,0.800531776
0.271683,8.000030020e-01,0.800454262
0.271883,8.000033110e-01,0.800356295
0.272083,8.000036190e-01,0.800262188
0.272283,8.000039280e-01,0.800167417
0.272381,8.000040790e-01,0.800117495
0.272401,8.000040800e-01,0.800113137
0.272441,8.000040820e-01,0.800108273
0.272521,8.000040850e-01,0.800109937
0.272681,8.000040920e-01,0.800109204
0.272881,8.000041010e-01,0.800106551
0.273081,8.000041100e-01,0.800105747
0.273281,8.000041190e-01,0.800102028
0.273379,8.000041230e-01,0.800101014
0.273399,8.000041250e-01,0.800099971
0.273439,8.000041290e-01,0.800098416
0.273519,8.000041370e-01,0.800097251
0.273679,8.000041530e-01,0.800095033
0.273879,8.000041720e-01,0.800087344
0.274079,8.000041910e-01,0.800084803
0.274279,8.000042110e-01,0.800077117
0.274376,8.000042200e-01,0.800071143
0.274396,8.000042150e-01,0.800072069
0.274436,8.000042050e-01,0.800074052
0.274516,8.000041850e-01,0.800080932
0.274676,8.000041440e-01,0.800097323
0.274876,8.000040930e-01,0.800113254
0.275076,8.000040410e-01,0.800132244
0.275276,8.000039900e-01,0.800150605
0.275374,8.000039650e-01,0.800157821
0.275394,8.000039580e-01,0.800157268
0.275434,8.000039450e-01,0.800159920
0.275514,8.000039180e-01,0.800169167
0.275674,8.000038630e-01,0.800188761
0.275874,8.000037960e-01,0.800212645
0.276074,8.000037280e-01,0.800233745
0.276274,8.000036600e-01,0.800259152
0.276372,8.000036260e-01,0.800269436
0.276392,8.000036240e-01,0.800269703
0.276432,8.000036190e-01,0.800268961
0.276512,8.000036090e-01,0.800271134
0.276672,8.000035890e-01,0.800284344
0.276872,8.000035640e-01,0.800293767
0.277072,8.000035390e-01,0.800304182
0.277272,8.000035140e-01,0.800312366
0.277370,8.000035020e-01,0.800312701
0.277390,8.000035000e-01,0.800313092
0.277430,8.000034960e-01,0.800312097
0.277510,8.000034880e-01,0.800315470
0.277670,8.000034720e-01,0.800323920
0.277870,8.000034520e-01,0.800328984
0.278070,8.000034310e-01,0.800336760
0.278270,8.000034110e-01,0.800342868
0.278367,8.000034020e-01,0.800345139
0.278387,8.000033840e-01,0.800348512
0.278427,8.000033470e-01,0.800357446
0.278507,8.000032750e-01,0.800383832
0.278667,8.000031310e-01,0.800429876
0.278867,8.000029500e-01,0.800488904
0.279067,8.000027700e-01,0.800544931
0.279267,8.000025890e-01,0.800602032
0.279365,8.000025010e-01,0.800630567
0.279385,8.000025010e-01,0.800628572
0.279425,8.000025020e-01,0.800627537
0.279505,8.000025030e-01,0.800629308
0.279665,8.000025060e-01,0.800628157
0.279865,8.000025090e-01,0.800627643
0.280065,8.000025130e-01,0.800627905
0.280265,8.000025160e-01,0.800627163
0.280363,8.000025180e-01,0.800624453
0.280383,8.000025320e-01,0.800620494
0.280423,8.000025590e-01,0.800610977
0.280503,8.000026130e-01,0.800594048
0.280663,8.000027220e-01,0.800560897
0.280863,8.000028590e-01,0.800520185
0.281063,8.000029950e-01,0.800478420
0.281263,8.000031310e-01,0.800434938
0.281361,8.000031980e-01,0.800414053
0.281381,8.000032040e-01,0.800409937
0.281421,8.000032160e-01,0.800402980
0.281501,8.000032420e-01,0.800396072
0.281661,8.000032920e-01,0.800382600
0.281861,8.000033540e-01,0.800361857
0.282061,8.000034170e-01,0.800340950
0.282261,8.000034800e-01,0.800320255
0.282358,8.000035100e-01,0.800308341
0.282378,8.000035110e-01,0.800307518
0.282418,8.000035120e-01,0.800306138
0.282498,8.000035140e-01,0.800306871
0.282658,8.000035180e-01,0.800308219
0.282858,8.000035240e-01,0.800306642
0.283058,8.000035290e-01,0.800303477
0.283258,8.000035350e-01,0.800300845
0.283356,8.000035370e-01,0.800300728
0.283376,8.000035170e-01,0.800304646
0.283416,8.000034770e-01,0.800313659
0.283496,8.000033960e-01,0.800339892
0.283656,8.000032350e-01,0.800394311
0.283856,8.000030340e-01,0.800457712
0.284056,8.000028330e-01,0.800522077
0.284256,8.000026320e-01,0.800588107
0.284354,8.000025330e-01,0.800617075
0.284374,8.000025230e-01,0.800619254
0.284414,8.000025020e-01,0.800624400
0.284494,8.000024610e-01,0.800638730
0.284654,8.000023780e-01,0.800666348
0.284854,8.000022740e-01,0.800698572
0.285054,8.000021710e-01,0.800732689
0.285254,8.000020670e-01,0.800765424
0.285351,8.000020170e-01,0.800776011
0.285371,8.000020180e-01,0.800775465
0.285411,8.000020220e-01,0.800775354
0.285491,8.000020280e-01,0.800774175
0.285651,8.000020410e-01,0.800770977
0.285851,8.000020570e-01,0.800766001
0.286051,8.000020730e-01,0.800762052
0.286251,8.000020890e-01,0.800758147
0.286349,8.000020970e-01,0.800752636
0.286369,8.000020970e-01,0.800751079
0.286409,8.000020950e-01,0.800750489
0.286489,8.000020930e-01,0.800751336
0.286649,8.000020870e-01,0.800752785
0.286849,8.000020810e-01,0.800758445
0.287049,8.000020740e-01,0.800761702
0.287249,8.000020680e-01,0.800763645
0.287347,8.000020650e-01,0.800759877
0.287367,8.000020720e-01,0.800756509
0.287407,8.000020860e-01,0.800752118
0.287487,8.000021150e-01,0.800743471
0.287647,8.000021730e-01,0.800722935
0.287847,8.000022450e-01,0.800701286
0.288047,8.000023170e-01,0.800676741
0.288247,8.000023890e-01,0.800654700
0.288345,8.000024240e-01,0.800640038
0.288365,8.000024310e-01,0.800637999
0.288405,8.000024460e-01,0.800633196
0.288485,8.000024760e-01,0.800621747
0.288645,8.000025360e-01,0.800608393
0.288845,8.000026110e-01,0.800586632
0.289045,8.000026850e-01,0.800562546
0.289245,8.000027600e-01,0.800539688
0.289342,8.000027960e-01,0.800525432
0.289362,8.000027980e-01,0.800524322
0.289402,8.000028010e-01,0.800520296
0.289482,8.000028070e-01,0.800519703
0.289642,8.000028200e-01,0.800516649
0.289842,8.000028350e-01,0.800508046
0.290042,8.000028510e-01,0.800507608
0.290242,8.000028670e-01,0.800504097
0.290340,8.000028750e-01,0.800500845
0.290360,8.000028860e-01,0.800496554
0.290400,8.000029090e-01,0.800488625
0.290480,8.000029560e-01,0.800473534
0.290640,8.000030490e-01,0.800444195
0.290840,8.000031650e-01,0.800410016
0.291040,8.000032820e-01,0.800371861
0.291240,8.000033980e-01,0.800336815
0.291338,8.000034550e-01,0.800317887
0.291358,8.000034800e-01,0.800309042
0.291398,8.000035300e-01,0.800291732
0.291478,8.000036300e-01,0.800263976
0.291638,8.000038290e-01,0.800200895
0.291838,8.000040790e-01,0.800123565
0.292038,8.000043280e-01,0.800043443
0.292238,8.000045780e-01,0.799963795
0.292336,8.000047000e-01,0.799921896
0.292356,8.000046920e-01,0.799920833
0.292396,8.000046740e-01,0.799924162
0.292476,8.000046400e-01,0.799935691
0.292636,8.000045710e-01,0.799958634
0.292836,8.000044840e-01,0.799989014
0.293036,8.000043980e-01,0.800013689
0.293236,8.000043110e-01,0.800040974
0.293333,8.000042690e-01,0.800051697
0.293353,8.000042720e-01,0.800051506
0.293393,8.000042770e-01,0.800050411
0.293473,8.000042860e-01,0.800047903
0.293633,8.000043050e-01,0.800040678
0.293833,8.000043290e-01,0.800037456
0.294033,8.000043530e-01,0.800029672
0.294233,8.000043770e-01,0.800023004
0.294331,8.000043890e-01,0.800018242
0.294351,8.000043650e-01,0.800023512
0.294391,8.000043160e-01,0.800037092
0.294471,8.000042170e-01,0.800068360
0.294631,8.000040210e-01,0.800131680
0.294831,8.000037760e-01,0.800214412
0.295031,8.000035310e-01,0.800291921
0.295231,8.000032850e-01,0.800371422
0.295329,8.000031650e-01,0.800407874
0.295349,8.000031690e-01,0.800407383
0.295389,8.000031780e-01,0.800405963
0.295469,8.000031950e-01,0.800401547
0.295629,8.000032300e-01,0.800393885
0.295829,8.000032730e-01,0.800379295
0.296029,8.000033160e-01,0.800365705
0.296229,8.000033600e-01,0.800354749
0.296327,8.000033810e-01,0.800348379
0.296347,8.000033960e-01,0.800341469
0.296387,8.000034250e-01,0.800330024
0.296467,8.000034850e-01,0.800315199
0.296627,8.000036030e-01,0.800280543
0.296827,8.000037520e-01,0.800232381
0.297027,8.000039000e-01,0.800189861
0.297227,8.000040480e-01,0.800141385
0.297324,8.000041200e-01,0.800117626
0.297344,8.000041290e-01,0.800113501
0.297384,8.000041450e-01,0.800106615
0.297464,8.000041790e-01,0.800097545
0.297624,8.000042450e-01,0.800079211
0.297824,8.000043280e-01,0.800054283
0.298024,8.000044110e-01,0.800027540
0.298224,8.000044940e-01,0.800002271
0.298322,8.000045350e-01,0.799986837
0.298342,8.000045260e-01,0.799985910
0.298382,8.000045080e-01,0.799989564
0.298462,8.000044730e-01,0.800003528
0.298622,8.000044030e-01,0.800025372
0.298822,8.000043150e-01,0.800055080
0.299022,8.000042270e-01,0.800086269
0.299222,8.000041390e-01,0.800118628
0.299320,8.000040960e-01,0.800129923
0.299340,8.000040950e-01,0.800130805
0.299380,8.000040930e-01,0.800131026
0.299460,8.000040900e-01,0.800130965
0.299620,8.000040820e-01,0.800136700
0.299820,8.000040730e-01,0.800139479
0.300020,8.000040640e-01,0.800145404
0.300220,8.000040550e-01,0.800149435
0.300317,8.000040510e-01,0.800148826
0.300337,8.000040390e-01,0.800149316
0.300377,8.000040160e-01,0.800154282
0.300457,8.000039700e-01,0.800171512
0.300617,8.000038770e-01,0.800203078
0.300817,8.000037610e-01,0.800241419
0.301017,8.000036460e-01,0.800278825
0.301217,8.000035300e-01,0.800317432
0.301315,8.000034730e-01,0.800334016
0.301335,8.000034820e-01,0.800330776
0.301375,8.000034990e-01,0.800326067
0.301455,8.000035330e-01,0.800316104
0.301615,8.000036010e-01,0.800296817
0.301815,8.000036870e-01,0.800270004
0.302015,8.000037720e-01,0.800246514
0.302215,8.000038580e-01,0.800222235
0.302313,8.000039000e-01,0.800205732
0.302333,8.000039110e-01,0.800201606
0.302373,8.000039350e-01,0.800193517
0.302453,8.000039820e-01,0.800178164
0.302613,8.000040750e-01,0.800148264
0.302813,8.000041920e-01,0.800113376
0.303013,8.000043090e-01,0.800079781
0.303213,8.000044260e-01,0.800044985
0.303311,8.000044830e-01,0.800025385
0.303331,8.000044860e-01,0.800021920
0.303371,8.000044930e-01,0.800017898
0.303451,8.000045060e-01,0.800014403
0.303611,8.000045320e-01,0.800007092
0.303811,8.000045650e-01,0.799997109
0.304011,8.000045980e-01,0.799988591
0.304211,8.000046310e-01,0.799978827
0.304308,8.000046470e-01,0.799969593
0.304328,8.000046510e-01,0.799967237
0.304368,8.000046590e-01,0.799965474
0.304448,8.000046750e-01,0.799962738
0.304608,8.000047070e-01,0.799952240
0.304808,8.000047470e-01,0.799943382
0.305008,8.000047870e-01,0.799926900
0.305208,8.000048270e-01,0.799915636
0.305306,8.000048470e-01,0.799908092
0.305326,8.000048450e-01,0.799907693
0.305366,8.000048400e-01,0.799906794
0.305446,8.000048310e-01,0.799912738
0.305606,8.000048120e-01,0.799920793
0.305806,8.000047890e-01,0.799927633
0.306006,8.000047660e-01,0.799940852
0.306206,8.000047420e-01,0.799946275
0.306304,8.000047310e-01,0.799950675
0.306324,8.000047340e-01,0.799949429
0.306364,8.000047410e-01,0.799944792
0.306444,8.000047550e-01,0.799942469
0.306604,8.000047830e-01,0.799938676
0.306804,8.000048170e-01,0.799928256
0.307004,8.000048520e-01,0.799919520
0.307204,8.000048870e-01,0.799905641
0.307302,8.000049040e-01,0.799898228
0.307322,8.000049100e-01,0.799896571
0.307362,8.000049240e-01,0.799892345
0.307442,8.000049500e-01,0.799884925
0.307602,8.000050030e-01,0.799871038
0.307802,8.000050690e-01,0.799849465
0.308002,8.000051350e-01,0.799829659
0.308202,8.000052010e-01,0.799808367
0.308299,8.000052330e-01,0.799799175
0.308319,8.000052190e-01,0.799799235
0.308359,8.000051910e-01,0.799806217
0.308439,8.000051360e-01,0.799825051
0.308599,8.000050240e-01,0.799863234
0.308799,8.000048840e-01,0.799908917
0.308999,8.000047450e-01,0.799953916
0.309199,8.000046050e-01,0.800001211
0.309297,8.000045370e-01,0.800019277
0.309317,8.000045350e-01,0.800021305
0.309357,8.000045330e-01,0.800021545
0.309437,8.000045280e-01,0.800023235
0.309597,8.000045180e-01,0.800030841
0.309797,8.000045050e-01,0.800032061
0.309997,8.000044930e-01,0.800035741
0.310197,8.000044800e-01,0.800039362
0.310295,8.000044740e-01,0.800041320
0.310315,8.000044810e-01,0.800037699
0.310355,8.000044940e-01,0.800031429
0.310435,8.000045210e-01,0.800024601
0.310595,8.000045730e-01,0.800013285
0.310795,8.000046390e-01,0.799996589
0.310995,8.000047050e-01,0.799974715
0.311195,8.000047710e-01,0.799957849
0.311293,8.000048040e-01,0.799948124
0.311313,8.000048090e-01,0.799942030
0.311353,8.000048190e-01,0.799937800
0.311433,8.000048390e-01,0.799934774
0.311593,8.000048790e-01,0.799919778
0.311793,8.000049290e-01,0.799908140
0.311993,8.000049790e-01,0.799891388
0.312193,8.000050290e-01,0.799878816
0.312290,8.000050530e-01,0.799868989
0.312310,8.000050680e-01,0.799863177
0.312350,8.000050990e-01,0.799853843
0.312430,8.000051610e-01,0.799832859
0.312590,8.000052850e-01,0.799793035
0.312790,8.000054390e-01,0.799749698
0.312990,8.000055940e-01,0.799699526
0.313190,8.000057480e-01,0.799652406
0.313288,8.000058240e-01,0.799628279
0.313308,8.000058160e-01,0.799628148
0.313348,8.000058010e-01,0.799629814
0.313428,8.000057710e-01,0.799642228
0.313588,8.000057110e-01,0.799664073
0.313788,8.000056350e-01,0.799690519
0.313988,8.000055590e-01,0.799721457
0.314188,8.000054840e-01,0.799745940
0.314286,8.000054470e-01,0.799758735
0.314306,8.000054410e-01,0.799758463
0.314346,8.000054300e-01,0.799760760
0.314426,8.000054080e-01,0.799770115
0.314586,8.000053630e-01,0.799784247
0.314786,8.000053070e-01,0.799802206
0.314986,8.000052520e-01,0.799822416
0.315186,8.000051960e-01,0.799838668
0.315283,8.000051690e-01,0.799846563
0.315303,8.000051540e-01,0.799849582
0.315343,8.000051220e-01,0.799856598
0.315423,8.000050600e-01,0.799876704
0.315583,8.000049360e-01,0.799917014
0.315783,8.000047800e-01,0.799970260
0.315983,8.000046240e-01,0.800022610
0.316183,8.000044690e-01,0.800070285
0.316281,8.000043930e-01,0.800098101
0.316301,8.000043790e-01,0.800100631
0.316341,8.000043510e-01,0.800107139
0.316421,8.000042940e-01,0.800127385
0.316581,8.000041820e-01,0.800166142
0.316781,8.000040420e-01,0.800209833
0.316981,8.000039020e-01,0.800259455
0.317181,8.000037620e-01,0.800304536
0.317279,8.000036930e-01,0.800327851
0.317299,8.000036890e-01,0.800329125
0.317339,8.000036820e-01,0.800330156
0.317419,8.000036680e-01,0.800335088
0.317579,8.000036390e-01,0.800347138
0.317779,8.000036040e-01,0.800358830
0.317979,8.000035680e-01,0.800376221
0.318179,8.000035320e-01,0.800387189
0.318277,8.000035150e-01,0.800390834
0.318297,8.000035120e-01,0.800391744
0.318337,8.000035060e-01,0.800392213
0.318417,8.000034940e-01,0.800395555
0.318577,8.000034700e-01,0.800406776
0.318777,8.000034400e-01,0.800417998
0.318977,8.000034100e-01,0.800430301
0.319177,8.000033800e-01,0.800438368
0.319274,8.000033650e-01,0.800441205
0.319294,8.000033510e-01,0.800442446
0.319334,8.000033220e-01,0.800450438
0.319414,8.000032650e-01,0.800470769
0.319574,8.000031500e-01,0.800508498
0.319774,8.000030060e-01,0.800556161
0.319974,8.000028620e-01,0.800597905
0.320174,8.000027180e-01,0.800646365
0.320272,8.000026470e-01,0.800663990
0.320292,8.000026630e-01,0.800663943
0.320332,8.000026950e-01,0.800654801
0.320412,8.000027570e-01,0.800630788
0.320572,8.000028830e-01,0.800595290
0.320772,8.000030400e-01,0.800542151
0.320972,8.000031970e-01,0.800494229
0.321172,8.000033540e-01,0.800444802
0.321270,8.000034300e-01,0.800418373
0.321290,8.000034340e-01,0.800415142
0.321330,8.000034410e-01,0.800411307
0.321410,8.000034560e-01,0.800408809
0.321570,8.000034850e-01,0.800401286
0.321770,8.000035220e-01,0.800394761
0.321970,8.000035590e-01,0.800382711
0.322170,8.000035960e-01,0.800373833
0.322268,8.000036140e-01,0.800368239
0.322288,8.000036160e-01,0.800364927
0.322328,8.000036210e-01,0.800360784
0.322408,8.000036310e-01,0.800359273
0.322568,8.000036510e-01,0.800355242
0.322768,8.000036760e-01,0.800347448
0.322968,8.000037020e-01,0.800339297
0.323168,8.000037270e-01,0.800330592
0.323265,8.000037390e-01,0.800325080
0.323285,8.000037460e-01,0.800323095
0.323325,8.000037620e-01,0.800318030
0.323405,8.000037920e-01,0.800308825
0.323565,8.000038530e-01,0.800289037
0.323765,8.000039290e-01,0.800268490
0.323965,8.000040050e-01,0.800246962
0.324165,8.000040810e-01,0.800218376
0.324263,8.000041180e-01,0.800207181
0.324283,8.000040930e-01,0.800209585
0.324323,8.000040440e-01,0.800222191
0.324403,8.000039470e-01,0.800255155
0.324563,8.000037510e-01,0.800319954
0.324763,8.000035070e-01,0.800402478
0.324963,8.000032630e-01,0.800479929
0.325163,8.000030180e-01,0.800559838
0.325261,8.000028980e-01,0.800593221
0.325281,8.000028950e-01,0.800596156
0.325321,8.000028880e-01,0.800598807
0.325401,8.000028750e-01,0.800603860
0.325561,8.000028480e-01,0.800616887
0.325761,8.000028150e-01,0.800625031
0.325961,8.000027820e-01,0.800636717
0.326161,8.000027490e-01,0.800648693
0.326259,8.000027320e-01,0.800651599
0.326279,8.000027210e-01,0.800652382
0.326319,8.000026990e-01,0.800656717
0.326399,8.000026540e-01,0.800670650
0.326559,8.000025640e-01,0.800699675
0.326759,8.000024530e-01,0.800735613
0.326959,8.000023410e-01,0.800774182
0.327159,8.000022290e-01,0.800810036
0.327256,8.000021750e-01,0.800821579
0.327276,8.000021860e-01,0.800817618
0.327316,8.000022100e-01,0.800811777
0.327396,8.000022570e-01,0.800800194
0.327556,8.000023510e-01,0.800766831
0.327756,8.000024690e-01,0.800732345
0.327956,8.000025870e-01,0.800698575
0.328156,8.000027050e-01,0.800658113
0.328254,8.000027630e-01,0.800637053
0.328274,8.000027840e-01,0.800629007
0.328314,8.000028270e-01,0.800615253
0.328394,8.000029120e-01,0.800588938
0.328554,8.000030830e-01,0.800537056
0.328754,8.000032960e-01,0.800471847
0.328954,8.000035100e-01,0.800402250
0.329154,8.000037230e-01,0.800336405
0.329252,8.000038280e-01,0.800301311
0.329272,8.000038050e-01,0.800302365
0.329312,8.000037600e-01,0.800312833
0.329392,8.000036690e-01,0.800343231
0.329552,8.000034880e-01,0.800400863
0.329752,8.000032610e-01,0.800477991
0.329952,8.000030340e-01,0.800548247
0.330152,8.000028070e-01,0.800619657
0.330249,8.000026970e-01,0.800651839
0.330269,8.000026700e-01,0.800659193
0.330309,8.000026150e-01,0.800676553
0.330389,8.000025040e-01,0.800711985
0.330549,8.000022830e-01,0.800782443
0.330749,8.000020070e-01,0.800871236
0.330949,8.000017310e-01,0.800959678
0.331149,8.000014550e-01,0.801049946
0.331247,8.000013200e-01,0.801090890
0.331267,8.000013110e-01,0.801093642
0.331307,8.000012930e-01,0.801097797
0.331387,8.000012570e-01,0.801110055
0.331547,8.000011860e-01,0.801134222
0.331747,8.000010970e-01,0.801162702
0.331947,8.000010080e-01,0.801188153
0.332147,8.000009190e-01,0.801213339
0.332245,8.000008750e-01,0.801228594
0.332265,8.000008680e-01,0.801228264
0.332305,8.000008540e-01,0.801230409
0.332385,8.000008270e-01,0.801242217
0.332545,8.000007720e-01,0.801259748
0.332745,8.000007040e-01,0.801280228
0.332945,8.000006350e-01,0.801302781
0.333145,8.000005660e-01,0.801320336
0.333243,8.000005330e-01,0.801330928
0.333263,8.000005110e-01,0.801335787
0.333303,8.000004670e-01,0.801345031
0.333383,8.000003800e-01,0.801375125
0.333543,8.000002050e-01,0.801431488
0.333743,7.999999860e-01,0.801497119
0.333943,7.999997670e-01,0.801571285
0.334143,7.999995490e-01,0.801638528
0.334240,7.999994430e-01,0.801671059
0.334260,7.999994240e-01,0.801675755
0.334300,7.999993880e-01,0.801686574
0.334380,7.999993150e-01,0.801709792
0.334540,7.999991690e-01,0.801753693
0.334740,7.999989870e-01,0.801808887
0.334940,7.999988040e-01,0.801862722
0.335140,7.999986220e-01,0.801919727
0.335238,7.999985320e-01,0.801946400
0.335258,7.999985140e-01,0.801949736
0.335298,7.999984770e-01,0.801960134
0.335378,7.999984030e-01,0.801983720
0.335538,7.999982540e-01,0.802027379
0.335738,7.999980690e-01,0.802084933
0.335938,7.999978840e-01,0.802140059
0.336138,7.999976980e-01,0.802195980
0.336236,7.999976070e-01,0.802224145
0.336256,7.999976040e-01,0.802223062
0.336296,7.999975980e-01,0.802225007
0.336376,7.999975850e-01,0.802226968
0.336536,7.999975590e-01,0.802232362
0.336736,7.999975260e-01,0.802241306
0.336936,7.999974940e-01,0.802246402
0.337136,7.999974620e-01,0.802257938
0.337234,7.999974460e-01,0.802257846
0.337254,7.999974630e-01,0.802253939
0.337294,7.999974980e-01,0.802243338
0.337374,7.999975680e-01,0.802216856
0.337534,7.999977070e-01,0.802172966
0.337734,7.999978820e-01,0.802114465
0.337934,7.999980560e-01,0.802058948
0.338134,7.999982310e-01,0.802002438
0.338231,7.999983150e-01,0.801970170
0.338251,7.999983180e-01,0.801967847
0.338291,7.999983230e-01,0.801964365
0.338371,7.999983320e-01,0.801960866
0.338531,7.999983510e-01,0.801955255
0.338731,7.999983750e-01,0.801946087
0.338931,7.999983990e-01,0.801939500
0.339131,7.999984230e-01,0.801931617
0.339229,7.999984340e-01,0.801922688
0.339249,7.999984310e-01,0.801921000
0.339289,7.999984240e-01,0.801923042
0.339369,7.999984090e-01,0.801926380
0.339529,7.999983800e-01,0.801932501
0.339729,7.999983440e-01,0.801945398
0.339929,7.999983070e-01,0.801955096
0.340129,7.999982710e-01,0.801962926
0.340227,7.999982530e-01,0.801966441
0.340247,7.999982520e-01,0.801963972
0.340287,7.999982500e-01,0.801964155
0.340367,7.999982460e-01,0.801968079
0.340527,7.999982370e-01,0.801964497
0.340727,7.999982270e-01,0.801965748
0.340927,7.999982160e-01,0.801968785
0.341127,7.999982050e-01,0.801968862
0.341224,7.999982000e-01,0.801963043
0.341244,7.999981830e-01,0.801966242
0.341284,7.999981500e-01,0.801973792
0.341364,7.999980830e-01,0.801993227
0.341524,7.999979500e-01,0.802036839
0.341724,7.999977840e-01,0.802088248
0.341924,7.999976170e-01,0.802138769
0.342124,7.999974510e-01,0.802187662
0.342222,7.999973700e-01,0.802207840
0.342242,7.999973820e-01,0.802204769
0.342282,7.999974070e-01,0.802197759
0.342362,7.999974580e-01,0.802181840
0.342522,7.999975590e-01,0.802148799
0.342722,7.999976850e-01,0.802106733
0.342922,7.999978120e-01,0.802064231
0.343122,7.999979380e-01,0.802024264
0.343220,7.999980000e-01,0.802001987
0.343240,7.999980020e-01,0.801997015
0.343280,7.999980060e-01,0.801994460
0.343360,7.999980140e-01,0.801992670
0.343520,7.999980290e-01,0.801986299
0.343720,7.999980490e-01,0.801980137
0.343920,7.999980680e-01,0.801967147
0.344120,7.999980880e-01,0.801962758
0.344218,7.999980970e-01,0.801953553
0.344238,7.999980910e-01,0.801953640
0.344278,7.999980790e-01,0.801956267
0.344358,7.999980550e-01,0.801965234
0.344518,7.999980060e-01,0.801975709
0.344718,7.999979450e-01,0.801992802
0.344918,7.999978850e-01,0.802014212
0.345118,7.999978240e-01,0.802031670
0.345215,7.999977940e-01,0.802035951
0.345235,7.999978010e-01,0.802034310
0.345275,7.999978150e-01,0.802030776
0.345355,7.999978420e-01,0.802019001
0.345515,7.999978960e-01,0.802000993
0.345715,7.999979650e-01,0.801980014
0.345915,7.999980330e-01,0.801955220
0.346115,7.999981010e-01,0.801930693
0.346213,7.999981340e-01,0.801916493
0.346233,7.999981250e-01,0.801915071
0.346273,7.999981060e-01,0.801918098
0.346353,7.999980690e-01,0.801930952
0.346513,7.999979940e-01,0.801953974
0.346713,7.999979010e-01,0.801982931
0.346913,7.999978070e-01,0.802013168
0.347113,7.999977140e-01,0.802041938
0.347211,7.999976680e-01,0.802051488
0.347231,7.999976520e-01,0.802053372
0.347271,7.999976210e-01,0.802062576
0.347351,7.999975580e-01,0.802082456
0.347511,7.999974320e-01,0.802118271
0.347711,7.999972750e-01,0.802167343
0.347911,7.999971180e-01,0.802213349
0.348111,7.999969600e-01,0.802261689
0.348209,7.999968830e-01,0.802281138
0.348229,7.999968790e-01,0.802282786
0.348269,7.999968690e-01,0.802285316
0.348349,7.999968500e-01,0.802288818
0.348509,7.999968130e-01,0.802298093
0.348709,7.999967660e-01,0.802311459
0.348909,7.999967190e-01,0.802322450
0.349109,7.999966720e-01,0.802335109
0.349206,7.999966490e-01,0.802337784
0.349226,7.999966340e-01,0.802340851
0.349266,7.999966050e-01,0.802348198
0.349346,7.999965470e-01,0.802366074
0.349506,7.999964310e-01,0.802401595
0.349706,7.999962850e-01,0.802445086
0.349906,7.999961400e-01,0.802486733
0.350106,7.999959940e-01,0.802527653
0.350204,7.999959230e-01,0.802547182
0.350224,7.999959030e-01,0.802551379
0.350264,7.999958610e-01,0.802563859
0.350344,7.999957790e-01,0.802588152
0.350504,7.999956140e-01,0.802639581
0.350704,7.999954080e-01,0.802704993
0.350904,7.999952020e-01,0.802765179
0.351104,7.999949960e-01,0.802827084
0.351202,7.999948950e-01,0.802849735
0.351222,7.999948930e-01,0.802850111
0.351262,7.999948900e-01,0.802851816
0.351342,7.999948830e-01,0.802851731
0.351502,7.999948680e-01,0.802852395
0.351702,7.999948500e-01,0.802860187
0.351902,7.999948320e-01,0.802858944
0.352102,7.999948140e-01,0.802862667
0.352200,7.999948050e-01,0.802862192
0.352220,7.999948050e-01,0.802859860
0.352260,7.999948050e-01,0.802856480
0.352340,7.999948050e-01,0.802855957
0.352500,7.999948050e-01,0.802854166
0.352700,7.999948040e-01,0.802850080
0.352900,7.999948040e-01,0.802845507
0.353100,7.999948030e-01,0.802842037
0.353197,7.999948030e-01,0.802836319
0.353217,7.999948150e-01,0.802832511
0.353257,7.999948410e-01,0.802824467
0.353337,7.999948910e-01,0.802807676
0.353497,7.999949920e-01,0.802773235
0.353697,7.999951190e-01,0.802729450
0.353897,7.999952450e-01,0.802687419
0.354097,7.999953720e-01,0.802645444
0.354195,7.999954340e-01,0.802620897
0.354215,7.999954220e-01,0.802621006
0.354255,7.999953970e-01,0.802625093
0.354335,7.999953480e-01,0.802641887
0.354495,7.999952500e-01,0.802670299
0.354695,7.999951270e-01,0.802708298
0.354895,7.999950040e-01,0.802742689
0.355095,7.999948810e-01,0.802775026
0.355193,7.999948200e-01,0.802792919
0.355213,7.999948290e-01,0.802789955
0.355253,7.999948450e-01,0.802782481
0.355333,7.999948780e-01,0.802771827
0.355493,7.999949430e-01,0.802751472
0.355693,7.999950240e-01,0.802723507
0.355893,7.999951060e-01,0.802692406
0.356093,7.999951870e-01,0.802663462
0.356190,7.999952270e-01,0.802646888
0.356210,7.999952130e-01,0.802648853
0.356250,7.999951860e-01,0.802654501
0.356330,7.999951330e-01,0.802671851
0.356490,7.999950250e-01,0.802704749
0.356690,7.999948910e-01,0.802742010
0.356890,7.999947570e-01,0.802779437
0.357090,7.999946230e-01,0.802817704
0.357188,7.999945570e-01,0.802834183
0.357208,7.999945650e-01,0.802833154
0.357248,7.999945800e-01,0.802827576
0.357328,7.999946120e-01,0.802813986
0.357488,7.999946740e-01,0.802795084
0.357688,7.999947520e-01,0.802762812
0.357888,7.999948300e-01,0.802735716
0.358088,7.999949080e-01,0.802708277
0.358186,7.999949460e-01,0.802693935
0.358206,7.999949430e-01,0.802691218
0.358246,7.999949360e-01,0.802690064
0.358326,7.999949220e-01,0.802694262
0.358486,7.999948940e-01,0.802698232
0.358686,7.999948600e-01,0.802708350
0.358886,7.999948250e-01,0.802716693
0.359086,7.999947900e-01,0.802723009
0.359184,7.999947730e-01,0.802724032
0.359204,7.999947640e-01,0.802725765
0.359244,7.999947460e-01,0.802729332
0.359324,7.999947100e-01,0.802739385
0.359484,7.999946370e-01,0.802761961
0.359684,7.999945470e-01,0.802783743
0.359884,7.999944560e-01,0.802810166
0.360084,7.999943660e-01,0.802833698
0.360181,7.999943220e-01,0.802843760
0.360201,7.999943370e-01,0.802838485
0.360241,7.999943690e-01,0.802827985
0.360321,7.999944310e-01,0.802806518
0.360481,7.999945560e-01,0.802761087
0.360681,7.999947120e-01,0.802709220
0.360881,7.999948680e-01,0.802656652
0.361081,7.999950240e-01,0.802601308
0.361179,7.999951010e-01,0.802576371
0.361199,7.999951140e-01,0.802570196
0.361239,7.999951400e-01,0.802559953
0.361319,7.999951930e-01,0.802540607
0.361479,7.999952980e-01,0.802504945
0.361679,7.999954300e-01,0.802464641
0.361879,7.999955610e-01,0.802418813
0.362079,7.999956920e-01,0.802375670
0.362177,7.999957570e-01,0.802352790
0.362197,7.999957460e-01,0.802352453
0.362237,7.999957250e-01,0.802353257
0.362317,7.999956820e-01,0.802364918
0.362477,7.999955960e-01,0.802392272
0.362677,7.999954890e-01,0.802427222
0.362877,7.999953810e-01,0.802458167
0.363077,7.999952740e-01,0.802484531
0.363175,7.999952220e-01,0.802502772
0.363195,7.999952300e-01,0.802497568
0.363235,7.999952470e-01,0.802490504
0.363315,7.999952800e-01,0.802480924
0.363475,7.999953470e-01,0.802457468
0.363675,7.999954300e-01,0.802429447
0.363875,7.999955140e-01,0.802401846
0.364075,7.999955970e-01,0.802372637
0.364172,7.999956380e-01,0.802355601
0.364192,7.999956180e-01,0.802356664
0.364232,7.999955790e-01,0.802366494
0.364312,7.999955000e-01,0.802391456
0.364472,7.999953430e-01,0.802436769
0.364672,7.999951460e-01,0.802497723
0.364872,7.999949500e-01,0.802556910
0.365072,7.999947530e-01,0.802617229
0.365170,7.999946570e-01,0.802639079
0.365190,7.999946290e-01,0.802648094
0.365230,7.999945730e-01,0.802665955
0.365310,7.999944610e-01,0.802698169
0.365470,7.999942370e-01,0.802765460
0.365670,7.999939560e-01,0.802850616
0.365870,7.999936760e-01,0.802935677
0.366070,7.999933960e-01,0.803022456
0.366168,7.999932590e-01,0.803064218
0.366188,7.999932540e-01,0.803064428
0.366228,7.999932460e-01,0.803065403
0.366308,7.999932290e-01,0.803070038
0.366468,7.999931950e-01,0.803078069
0.366668,7.999931520e-01,0.803090169
0.366868,7.999931100e-01,0.803102887
0.367068,7.999930670e-01,0.803114308
0.367166,7.999930460e-01,0.803116872
0.367186,7.999930430e-01,0.803117807
0.367226,7.999930370e-01,0.803118285
0.367306,7.999930240e-01,0.803120074
0.367466,7.999929980e-01,0.803125971
0.367666,7.999929660e-01,0.803133844
0.367866,7.999929340e-01,0.803141695
0.368066,7.999929020e-01,0.803146609
0.368163,7.999928860e-01,0.803148802
0.368183,7.999928810e-01,0.803148238
0.368223,7.999928720e-01,0.803149062
0.368303,7.999928520e-01,0.803153540
0.368463,7.999928120e-01,0.803163395
0.368663,7.999927630e-01,0.803175151
0.368863,7.999927130e-01,0.803185806
0.369063,7.999926630e-01,0.803193418
0.369161,7.999926390e-01,0.803196796
0.369181,7.999926220e-01,0.803202558
0.369221,7.999925860e-01,0.803213082
0.369301,7.999925160e-01,0.803231190
0.369461,7.999923750e-01,0.803272917
0.369661,7.999921990e-01,0.803323668
0.369861,7.999920230e-01,0.803372727
0.370061,7.999918470e-01,0.803424801
0.370159,7.999917600e-01,0.803448899
0.370179,7.999917540e-01,0.803448119
0.370219,7.999917420e-01,0.803450778
0.370299,7.999917160e-01,0.803456827
0.370459,7.999916660e-01,0.803468460
0.370659,7.999916030e-01,0.803486056
0.370859,7.999915400e-01,0.803499089
0.371059,7.999914770e-01,0.803514449
0.371156,7.999914460e-01,0.803521514
0.371176,7.999914600e-01,0.803516408
0.371216,7.999914870e-01,0.803506484
0.371296,7.999915430e-01,0.803487365
0.371456,7.999916530e-01,0.803449551
0.371656,7.999917920e-01,0.803401047
0.371856,7.999919300e-01,0.803354761
0.372056,7.999920680e-01,0.803306784
0.372154,7.999921360e-01,0.803282166
0.372174,7.999921300e-01,0.803279235
0.372214,7.999921180e-01,0.803279326
0.372294,7.999920940e-01,0.803286954
0.372454,7.999920460e-01,0.803296681
0.372654,7.999919860e-01,0.803312157
0.372854,7.999919260e-01,0.803324856
0.373054,7.999918660e-01,0.803339862
0.373152,7.999918360e-01,0.803344900
0.373172,7.999918060e-01,0.803347765
0.373212,7.999917450e-01,0.803363293
0.373292,7.999916230e-01,0.803403127
0.373452,7.999913790e-01,0.803473728
0.373652,7.999910740e-01,0.803566943
0.373852,7.999907690e-01,0.803660316
0.374052,7.999904650e-01,0.803753150
0.374150,7.999903150e-01,0.803795169
0.374170,7.999903100e-01,0.803798611
0.374210,7.999903000e-01,0.803802522
0.374290,7.999902810e-01,0.803804725
0.374450,7.999902410e-01,0.803813456
0.374650,7.999901910e-01,0.803825709
0.374850,7.999901420e-01,0.803835806
0.375050,7.999900920e-01,0.803845267
0.375147,7.999900680e-01,0.803845216
0.375167,7.999900670e-01,0.803845730
0.375207,7.999900650e-01,0.803846108
0.375287,7.999900610e-01,0.803845861
0.375447,7.999900520e-01,0.803846850
0.375647,7.999900420e-01,0.803844338
0.375847,7.999900310e-01,0.803840671
0.376047,7.999900210e-01,0.803839854
0.376145,7.999900160e-01,0.803836112
0.376165,7.999900100e-01,0.803836107
0.376205,7.999899980e-01,0.803837284
0.376285,7.999899740e-01,0.803843080
0.376445,7.999899250e-01,0.803857864
0.376645,7.999898650e-01,0.803869893
0.376845,7.999898050e-01,0.803882089
0.377045,7.999897450e-01,0.803897759
0.377143,7.999897150e-01,0.803901020
0.377163,7.999897300e-01,0.803896103
0.377203,7.999897600e-01,0.803885803
0.377283,7.999898210e-01,0.803863109
0.377443,7.999899420e-01,0.803822697
0.377643,7.999900930e-01,0.803769081
0.377843,7.999902440e-01,0.803713205
0.378043,7.999903950e-01,0.803664003
0.378141,7.999904690e-01,0.803635621
0.378161,7.999904980e-01,0.803626153
0.378201,7.999905550e-01,0.803604791
0.378281,7.999906700e-01,0.803566520
0.378441,7.999909000e-01,0.803492473
0.378641,7.999911870e-01,0.803396778
0.378841,7.999914740e-01,0.803300700
0.379041,7.999917610e-01,0.803202703
0.379138,7.999919010e-01,0.803152807
0.379158,7.999919010e-01,0.803146949
0.379198,7.999919020e-01,0.803142784
0.379278,7.999919030e-01,0.803142572
0.379438,7.999919050e-01,0.803139727
0.379638,7.999919080e-01,0.803136444
0.379838,7.999919110e-01,0.803130970
0.380038,7.999919140e-01,0.803127027
0.380136,7.999919160e-01,0.803121641
0.380156,7.999919260e-01,0.803116633
0.380196,7.999919460e-01,0.803107719
0.380276,7.999919860e-01,0.803092821
0.380436,7.999920660e-01,0.803067187
0.380636,7.999921670e-01,0.803034405
0.380836,7.999922670e-01,0.802995570
0.381036,7.999923680e-01,0.802959826
0.381134,7.999924170e-01,0.802942074
0.381154,7.999924380e-01,0.802934717
0.381194,7.999924800e-01,0.802919772
0.381274,7.999925630e-01,0.802892609
0.381434,7.999927310e-01,0.802834444
0.381634,7.999929410e-01,0.802765650
0.381834,7.999931500e-01,0.802696537
0.382034,7.999933590e-01,0.802625490
0.382132,7.999934620e-01,0.802590511
0.382152,7.999934690e-01,0.802586220
0.382192,7.999934840e-01,0.802578789
0.382272,7.999935140e-01,0.802567594
0.382432,7.999935730e-01,0.802549822
0.382632,7.999936470e-01,0.802523145
0.382832,7.999937210e-01,0.802492429
0.383032,7.999937950e-01,0.802467409
0.383129,7.999938310e-01,0.802449584
0.383149,7.999938360e-01,0.802445790
0.383189,7.999938480e-01,0.802441555
0.383269,7.999938700e-01,0.802434343
0.383429,7.999939150e-01,0.802419450
0.383629,7.999939710e-01,0.802401258
0.383829,7.999940270e-01,0.802376955
0.384029,7.999940830e-01,0.802356911
0.384127,7.999941100e-01,0.802345363
0.384147,7.999941240e-01,0.802338290
0.384187,7.999941500e-01,0.802326812
0.384267,7.999942040e-01,0.802309282
0.384427,7.999943100e-01,0.802275181
0.384627,7.999944430e-01,0.802233988
0.384827,7.999945770e-01,0.802186908
0.385027,7.999947100e-01,0.802140284
0.385125,7.999947750e-01,0.802119177
0.385145,7.999947910e-01,0.802110993
0.385185,7.999948220e-01,0.802100834
0.385265,7.999948840e-01,0.802077996
0.385425,7.999950080e-01,0.802035267
0.385625,7.999951640e-01,0.801985978
0.385825,7.999953190e-01,0.801930075
0.386025,7.999954740e-01,0.801881604
0.386122,7.999955500e-01,0.801854319
0.386142,7.999955570e-01,0.801849099
0.386182,7.999955710e-01,0.801841192
0.386262,7.999955990e-01,0.801831854
0.386422,7.999956540e-01,0.801816460
0.386622,7.999957240e-01,0.801793971
0.386822,7.999957940e-01,0.801769037
0.387022,7.999958640e-01,0.801744361
0.387120,7.999958980e-01,0.801731106
0.387140,7.999959030e-01,0.801726073
0.387180,7.999959120e-01,0.801720229
0.387260,7.999959320e-01,0.801714032
0.387420,7.999959710e-01,0.801703815
0.387620,7.999960190e-01,0.801688611
0.387820,7.999960680e-01,0.801669743
0.388020,7.999961170e-01,0.801651779
0.388118,7.999961400e-01,0.801641894
0.388138,7.999961670e-01,0.801635663
0.388178,7.999962210e-01,0.801618292
0.388258,7.999963280e-01,0.801581497
0.388418,7.999965420e-01,0.801516027
0.388618,7.999968100e-01,0.801427806
0.388818,7.999970790e-01,0.801339168
0.389018,7.999973470e-01,0.801253901
0.389116,7.999974780e-01,0.801211661
0.389136,7.999974620e-01,0.801210176
0.389176,7.999974290e-01,0.801215085
0.389256,7.999973640e-01,0.801238296
0.389416,7.999972340e-01,0.801277153
0.389616,7.999970710e-01,0.801331516
0.389816,7.999969080e-01,0.801384399
0.390016,7.999967450e-01,0.801432258
0.390113,7.999966660e-01,0.801454951
0.390133,7.999966550e-01,0.801457135
0.390173,7.999966330e-01,0.801464277
0.390253,7.999965890e-01,0.801477313
0.390413,7.999965010e-01,0.801502800
0.390613,7.999963910e-01,0.801541936
0.390813,7.999962810e-01,0.801575538
0.391013,7.999961710e-01,0.801610657
0.391111,7.999961170e-01,0.801622757
0.391131,7.999961180e-01,0.801623717
0.391171,7.999961210e-01,0.801620333
0.391251,7.999961270e-01,0.801616556
0.391411,7.999961390e-01,0.801616521
0.391611,7.999961540e-01,0.801608669
0.391811,7.999961700e-01,0.801602183
0.392011,7.999961850e-01,0.801597733
0.392109,7.999961920e-01,0.801592785
0.392129,7.999961850e-01,0.801594392
0.392169,7.999961710e-01,0.801597380
0.392249,7.999961430e-01,0.801604757
0.392409,7.999960870e-01,0.801621355
0.392609,7.999960170e-01,0.801642421
0.392809,7.999959480e-01,0.801663445
0.393009,7.999958780e-01,0.801685164
0.393107,7.999958430e-01,0.801693975
0.393127,7.999958500e-01,0.801691029
0.393167,7.999958640e-01,0.801685903
0.393247,7.999958910e-01,0.801675726
0.393407,7.999959440e-01,0.801658509
0.393607,7.999960120e-01,0.801637604
0.393807,7.999960790e-01,0.801613776
0.394007,7.999961470e-01,0.801591578
0.394104,7.999961790e-01,0.801577766
0.394124,7.999961530e-01,0.801581199
0.394164,7.999961010e-01,0.801594966
0.394244,7.999959960e-01,0.801629051
0.394404,7.999957880e-01,0.801695798
0.394604,7.999955260e-01,0.801779852
0.394804,7.999952650e-01,0.801858574
0.395004,7.999950040e-01,0.801937426
0.395102,7.999948760e-01,0.801973360
0.395122,7.999948780e-01,0.801975463
0.395162,7.999948810e-01,0.801973770
0.395242,7.999948860e-01,0.801969125
0.395402,7.999948980e-01,0.801966972
0.395602,7.999949120e-01,0.801956416
0.395802,7.999949270e-01,0.801950440
0.396002,7.999949410e-01,0.801944654
0.396100,7.999949480e-01,0.801940722
0.396120,7.999949320e-01,0.801942245
0.396160,7.999949010e-01,0.801950095
0.396240,7.999948370e-01,0.801969964
0.396400,7.999947110e-01,0.802006437
0.396600,7.999945520e-01,0.802057529
0.396800,7.999943940e-01,0.802105566
0.397000,7.999942360e-01,0.802153785
0.397098,7.999941580e-01,0.802174436
0.397118,7.999941260e-01,0.802180563
0.397158,7.999940610e-01,0.802202398
0.397238,7.999939320e-01,0.802241309
0.397398,7.999936730e-01,0.802317922
0.397598,7.999933500e-01,0.802425221
0.397798,7.999930260e-01,0.802518089
0.397998,7.999927030e-01,0.802618572
0.398095,7.999925460e-01,0.802663299
0.398115,7.999925470e-01,0.802664262
0.398155,7.999925490e-01,0.802665330
0.398235,7.999925530e-01,0.802664538
0.398395,7.999925610e-01,0.802661700
0.398595,7.999925710e-01,0.802653743
0.398795,7.999925810e-01,0.802643350
0.398995,7.999925900e-01,0.802636810
0.399093,7.999925950e-01,0.802631103
0.399113,7.999925820e-01,0.802630498
0.399153,7.999925550e-01,0.802637116
0.399233,7.999925020e-01,0.802654448
0.399393,7.999923950e-01,0.802683456
0.399593,7.999922620e-01,0.802725337
0.399793,7.999921290e-01,0.802761182
0.399993,7.999919950e-01,0.802798722
0.400091,7.999919300e-01,0.802815758
0.400111,7.999919310e-01,0.802816086
0.400151,7.999919330e-01,0.802814901
0.400231,7.999919370e-01,0.802811070
0.400391,7.999919440e-01,0.802807551
0.400591,7.999919540e-01,0.802799642
0.400791,7.999919630e-01,0.802793508
0.400991,7.999919730e-01,0.802784153
0.401088,7.999919780e-01,0.802776745
0.401108,7.999919930e-01,0.802770496
0.401148,7.999920240e-01,0.802762259
0.401228,7.999920870e-01,0.802741069
0.401388,7.999922110e-01,0.802697210
0.401588,7.999923670e-01,0.802646252
0.401788,7.999925220e-01,0.802591810
0.401988,7.999926780e-01,0.802542720
0.402086,7.999927540e-01,0.802512589
0.402106,7.999927690e-01,0.802505148
0.402146,7.999928000e-01,0.802492687
0.402226,7.999928610e-01,0.802475622
0.402386,7.999929820e-01,0.802432801
0.402586,7.999931340e-01,0.802382812
0.402786,7.999932860e-01,0.802330790
0.402986,7.999934380e-01,0.802278819
0.403084,7.999935130e-01,0.802253086
0.403104,7.999935330e-01,0.802247095
0.403144,7.999935740e-01,0.802233177
0.403224,7.999936550e-01,0.802203223
0.403384,7.999938180e-01,0.802150326
0.403584,7.999940220e-01,0.802084349
0.403784,7.999942250e-01,0.802018284
0.403984,7.999944290e-01,0.801951795
0.404082,7.999945290e-01,0.801917346
0.404102,7.999945250e-01,0.801915356
0.404142,7.999945160e-01,0.801913088
0.404222,7.999945000e-01,0.801916555
0.404382,7.999944660e-01,0.801927202
0.404582,7.999944250e-01,0.801939315
0.404782,7.999943830e-01,0.801952388
0.404982,7.999943410e-01,0.801961008
0.405079,7.999943210e-01,0.801962947
0.405099,7.999943240e-01,0.801963196
0.405139,7.999943300e-01,0.801960500
0.405219,7.999943410e-01,0.801954841
0.405379,7.999943640e-01,0.801950209
0.405579,7.999943930e-01,0.801938198
0.405779,7.999944210e-01,0.801926841
0.405979,7.999944500e-01,0.801915052
0.406077,7.999944640e-01,0.801904185
0.406097,7.999944450e-01,0.801907499
0.406137,7.999944070e-01,0.801915254
0.406217,7.999943320e-01,0.801939624
0.406377,7.999941810e-01,0.801988636
0.406577,7.999939930e-01,0.802042642
0.406777,7.999938050e-01,0.802100147
0.406977,7.999936170e-01,0.802157301
0.407075,7.999935240e-01,0.802183083
0.407095,7.999935500e-01,0.802177809
0.407135,7.999936010e-01,0.802164783
0.407215,7.999937040e-01,0.802129949
0.407375,7.999939080e-01,0.802062555
0.407575,7.999941640e-01,0.801982108
0.407775,7.999944200e-01,0.801897130
0.407975,7.999946760e-01,0.801813500
0.408073,7.999948010e-01,0.801772791
0.408093,7.999948230e-01,0.801761840
0.408133,7.999948670e-01,0.801745317
0.408213,7.999949550e-01,0.801717266
0.408373,7.999951300e-01,0.801660177
0.408573,7.999953490e-01,0.801590106
0.408773,7.999955680e-01,0.801518658
0.408973,7.999957870e-01,0.801450050
0.409070,7.999958940e-01,0.801411442
0.409090,7.999959240e-01,0.801402327
0.409130,7.999959840e-01,0.801383339
0.409210,7.999961060e-01,0.801344103
0.409370,7.999963480e-01,0.801265653
0.409570,7.999966510e-01,0.801170784
0.409770,7.999969540e-01,0.801077623
0.409970,7.999972570e-01,0.800978840
0.410068,7.999974060e-01,0.800930428
0.410088,7.999974060e-01,0.800925596
0.410128,7.999974060e-01,0.800920861
0.410208,7.999974070e-01,0.800923491
0.410368,7.999974070e-01,0.800924541
0.410568,7.999974080e-01,0.800924425
0.410768,7.999974090e-01,0.800925469
0.410968,7.999974100e-01,0.800924979
0.411066,7.999974110e-01,0.800922923
0.411086,7.999974220e-01,0.800917229
0.411126,7.999974460e-01,0.800908707
0.411206,7.999974920e-01,0.800897206
0.411366,7.999975840e-01,0.800865854
0.411566,7.999976990e-01,0.800830772
0.411766,7.999978140e-01,0.800794708
0.411966,7.999979290e-01,0.800755846
0.412063,7.999979850e-01,0.800738262
0.412083,7.999979850e-01,0.800734964
0.412123,7.999979870e-01,0.800733648
0.412203,7.999979890e-01,0.800734600
0.412363,7.999979940e-01,0.800729540
0.412563,7.999980000e-01,0.800730520
0.412763,7.999980070e-01,0.800724501
0.412963,7.999980130e-01,0.800722443
0.413061,7.999980160e-01,0.800720262
0.413081,7.999980070e-01,0.800719848
0.413121,7.999979900e-01,0.800723905
0.413201,7.999979540e-01,0.800736471
0.413361,7.999978830e-01,0.800757001
0.413561,7.999977950e-01,0.800786859
0.413761,7.999977060e-01,0.800813199
0.413961,7.999976180e-01,0.800840185
0.414059,7.999975750e-01,0.800850228
0.414079,7.999975590e-01,0.800854335
0.414119,7.999975290e-01,0.800863285
0.414199,7.999974690e-01,0.800881000
0.414359,7.999973470e-01,0.800921206
0.414559,7.999971960e-01,0.800969127
0.414759,7.999970440e-01,0.801017726
0.414959,7.999968930e-01,0.801065142
0.415057,7.999968180e-01,0.801088375
0.415077,7.999968240e-01,0.801087180
0.415117,7.999968360e-01,0.801081608
0.415197,7.999968600e-01,0.801075482
0.415357,7.999969090e-01,0.801060024
0.415557,7.999969690e-01,0.801039729
0.415757,7.999970290e-01,0.801024412
0.415957,7.999970900e-01,0.801005881
0.416054,7.999971190e-01,0.800994478
0.416074,7.999970990e-01,0.800997381
0.416114,7.999970600e-01,0.801007081
0.416194,7.999969810e-01,0.801032166
0.416354,7.999968240e-01,0.801081556
0.416554,7.999966280e-01,0.801145842
0.416754,7.999964320e-01,0.801206203
0.416954,7.999962350e-01,0.801265908
0.417052,7.999961390e-01,0.801293441
0.417072,7.999961360e-01,0.801296467
0.417112,7.999961280e-01,0.801298472
0.417192,7.999961140e-01,0.801301882
0.417352,7.999960860e-01,0.801312353
0.417552,7.999960500e-01,0.801320398
0.417752,7.999960140e-01,0.801332045
0.417952,7.999959780e-01,0.801341745
0.418050,7.999959610e-01,0.801345507
0.418070,7.999959760e-01,0.801341405
0.418110,7.999960080e-01,0.801330210
0.418190,7.999960700e-01,0.801310083
0.418350,7.999961960e-01,0.801271552
0.418550,7.999963520e-01,0.801218430
0.418750,7.999965090e-01,0.801168062
0.418950,7.999966650e-01,0.801117597
0.419048,7.999967420e-01,0.801092612
0.419068,7.999967350e-01,0.801091111
0.419108,7.999967200e-01,0.801091636
0.419188,7.999966920e-01,0.801102811
0.419348,7.999966350e-01,0.801119732
0.419548,7.999965640e-01,0.801140459
0.419748,7.999964930e-01,0.801165459
0.419948,7.999964220e-01,0.801185383
0.420045,7.999963880e-01,0.801193344
0.420065,7.999963800e-01,0.801193267
0.420105,7.999963630e-01,0.801196268
0.420185,7.999963310e-01,0.801206558
0.420345,7.999962670e-01,0.801228602
0.420545,7.999961870e-01,0.801253678
0.420745,7.999961060e-01,0.801276775
0.420945,7.999960260e-01,0.801298813
0.421043,7.999959860e-01,0.801308912
0.421063,7.999959580e-01,0.801314350
0.421103,7.999959030e-01,0.801327618
0.421183,7.999957920e-01,0.801364818
0.421343,7.999955700e-01,0.801434402
0.421543,7.999952930e-01,0.801522976
0.421743,7.999950150e-01,0.801610468
0.421943,7.999947380e-01,0.801693866
0.422041,7.999946020e-01,0.801735469
0.422061,7.999945960e-01,0.801737595
0.422101,7.999945860e-01,0.801742006
0.422181,7.999945640e-01,0.801746571
0.422341,7.999945200e-01,0.801760499
0.422541,7.999944660e-01,0.801776953
0.422741,7.999944120e-01,0.801793258
0.422941,7.999943580e-01,0.801809559
0.423039,7.999943310e-01,0.801811798
0.423059,7.999943440e-01,0.801809387
0.423099,7.999943690e-01,0.801801770
0.423179,7.999944210e-01,0.801785861
0.423339,7.999945230e-01,0.801753282
0.423539,7.999946510e-01,0.801709426
0.423739,7.999947790e-01,0.801670040
0.423939,7.999949070e-01,0.801626801
0.424036,7.999949690e-01,0.801603953
0.424056,7.999949640e-01,0.801600962
0.424096,7.999949530e-01,0.801601124
0.424176,7.999949310e-01,0.801609462
0.424336,7.999948860e-01,0.801620986
0.424536,7.999948310e-01,0.801637610
0.424736,7.999947760e-01,0.801655420
0.424936,7.999947210e-01,0.801672136
0.425034,7.999946940e-01,0.801677228
0.425054,7.999946990e-01,0.801676694
0.425094,7.999947090e-01,0.801670795
0.425174,7.999947300e-01,0.801661339
0.425334,7.999947710e-01,0.801652921
0.425534,7.999948230e-01,0.801631862
0.425734,7.999948750e-01,0.801613267
0.425934,7.999949260e-01,0.801595469
0.426032,7.999949520e-01,0.801585985
0.426052,7.999949450e-01,0.801585270
0.426092,7.999949320e-01,0.801585600
0.426172,7.999949060e-01,0.801595228
0.426332,7.999948540e-01,0.801609604
0.426532,7.999947890e-01,0.801626746
0.426732,7.999947240e-01,0.801649850
0.426932,7.999946590e-01,0.801668959
0.427029,7.999946280e-01,0.801673920
0.427049,7.999946220e-01,0.801674431
0.427089,7.999946090e-01,0.801677358
0.427169,7.999945840e-01,0.801683853
0.427329,7.999945330e-01,0.801700107
0.427529,7.999944690e-01,0.801719640
0.427729,7.999944060e-01,0.801737333
0.427929,7.999943420e-01,0.801754579
0.428027,7.999943110e-01,0.801760918
0.428047,7.999943050e-01,0.801761354
0.428087,7.999942940e-01,0.801761895
0.428167,7.999942710e-01,0.801769020
0.428327,7.999942240e-01,0.801785065
0.428527,7.999941670e-01,0.801802395
0.428727,7.999941090e-01,0.801821411
0.428927,7.999940510e-01,0.801836867
0.429025,7.999940230e-01,0.801842469
0.429045,7.999940220e-01,0.801842242
0.429085,7.999940200e-01,0.801841507
0.429165,7.999940160e-01,0.801842693
0.429325,7.999940080e-01,0.801844949
0.429525,7.999939990e-01,0.801845829
0.429725,7.999939890e-01,0.801846921
0.429925,7.999939790e-01,0.801846670
0.430023,7.999939750e-01,0.801844714
0.430043,7.999939720e-01,0.801845621
0.430083,7.999939650e-01,0.801845466
0.430163,7.999939520e-01,0.801847965
0.430323,7.999939270e-01,0.801855609
0.430523,7.999938950e-01,0.801864740
0.430723,7.999938630e-01,0.801871630
0.430923,7.999938310e-01,0.801878267
0.431020,7.999938160e-01,0.801881617
0.431040,7.999938200e-01,0.801878048
0.431080,7.999938290e-01,0.801874544
0.431160,7.999938460e-01,0.801870272
0.431320,7.999938800e-01,0.801859141
0.431520,7.999939230e-01,0.801843880
0.431720,7.999939660e-01,0.801827018
0.431920,7.999940090e-01,0.801812965
0.432018,7.999940300e-01,0.801800526
0.432038,7.999940320e-01,0.801799424
0.432078,7.999940370e-01,0.801796594
0.432158,7.999940480e-01,0.801793062
0.432318,7.999940680e-01,0.801787525
0.432518,7.999940940e-01,0.801777725
0.432718,7.999941200e-01,0.801767819
0.432918,7.999941450e-01,0.801756938
0.433016,7.999941580e-01,0.801750161
0.433036,7.999941450e-01,0.801751563
0.433076,7.999941180e-01,0.801757066
0.433156,7.999940640e-01,0.801774809
0.433316,7.999939570e-01,0.801810538
0.433516,7.999938220e-01,0.801848641
0.433716,7.999936880e-01,0.801889338
0.433916,7.999935540e-01,0.801930144
0.434014,7.999934880e-01,0.801946005
0.434034,7.999934940e-01,0.801944638
0.434074,7.999935060e-01,0.801941495
0.434154,7.999935290e-01,0.801934678
0.434314,7.999935750e-01,0.801920233
0.434514,7.999936330e-01,0.801899293
0.434714,7.999936920e-01,0.801876814
0.434914,7.999937500e-01,0.801859693
0.435011,7.999937780e-01,0.801847800
0.435031,7.999937810e-01,0.801844418
0.435071,7.999937860e-01,0.801840616
0.435151,7.999937970e-01,0.801837762
0.435311,7.999938200e-01,0.801828224
0.435511,7.999938470e-01,0.801821382
0.435711,7.999938750e-01,0.801810465
0.435911,7.999939030e-01,0.801799142
0.436009,7.999939160e-01,0.801792198
0.436029,7.999939170e-01,0.801789843
0.436069,7.999939190e-01,0.801788614
0.436149,7.999939230e-01,0.801787861
0.436309,7.999939300e-01,0.801784629
0.436509,7.999939390e-01,0.801781130
0.436709,7.999939470e-01,0.801775733
0.436909,7.999939560e-01,0.801770099
0.437007,7.999939610e-01,0.801767214
0.437027,7.999939490e-01,0.801767002
0.437067,7.999939260e-01,0.801772500
0.437147,7.999938810e-01,0.801788923
0.437307,7.999937890e-01,0.801817769
0.437507,7.999936750e-01,0.801851173
0.437707,7.999935600e-01,0.801886146
0.437907,7.999934460e-01,0.801923870
0.438005,7.999933900e-01,0.801937129
0.438025,7.999933800e-01,0.801937661
0.438065,7.999933610e-01,0.801942341
0.438145,7.999933210e-01,0.801953460
0.438305,7.999932430e-01,0.801980155
0.438505,7.999931450e-01,0.802009149
0.438705,7.999930470e-01,0.802038214
0.438905,7.999929500e-01,0.802065603
0.439002,7.999929020e-01,0.802075455
0.439022,7.999928960e-01,0.802077704
0.439062,7.999928830e-01,0.802081743
0.439142,7.999928570e-01,0.802086115
0.439302,7.999928050e-01,0.802100436
0.439502,7.999927410e-01,0.802121985
0.439702,7.999926770e-01,0.802137273
0.439902,7.999926120e-01,0.802156857
0.440000,7.999925810e-01,0.802162561
0.440020,7.999925690e-01,0.802163072
0.440060,7.999925470e-01,0.802168378
0.440140,7.999925020e-01,0.802183630
0.440300,7.999924120e-01,0.802210218
0.440500,7.999923000e-01,0.802246269
0.440700,7.999921880e-01,0.802276071
0.440900,7.999920750e-01,0.802309296
0.440998,7.999920200e-01,0.802323596
0.441018,7.999920080e-01,0.802324681
0.441058,7.999919840e-01,0.802331022
0.441138,7.999919350e-01,0.802345203
0.441298,7.999918380e-01,0.802374098
0.441498,7.999917170e-01,0.802410750
0.441698,7.999915960e-01,0.802443484
0.441898,7.999914740e-01,0.802481396
0.441995,7.999914150e-01,0.802493843
0.442015,7.999913960e-01,0.802500230
0.442055,7.999913570e-01,0.802512799
0.442135,7.999912780e-01,0.802535126
0.442295,7.999911220e-01,0.802583639
0.442495,7.999909270e-01,0.802644411
0.442695,7.999907310e-01,0.802702660
0.442895,7.999905360e-01,0.802760611
0.442993,7.999904400e-01,0.802787222
0.443013,7.999904190e-01,0.802790759
0.443053,7.999903770e-01,0.802802826
0.443133,7.999902920e-01,0.802829625
0.443293,7.999901240e-01,0.802878789
0.443493,7.999899140e-01,0.802943540
0.443693,7.999897030e-01,0.803007435
0.443893,7.999894930e-01,0.803069828
0.443991,7.999893890e-01,0.803100381
0.444011,7.999893880e-01,0.803101069
0.444051,7.999893860e-01,0.803100312
0.444131,7.999893810e-01,0.803099247
0.444291,7.999893720e-01,0.803101153
0.444491,7.999893600e-01,0.803097255
0.444691,7.999893480e-01,0.803096431
0.444891,7.999893370e-01,0.803096096
0.444989,7.999893310e-01,0.803093601
0.445009,7.999893540e-01,0.803087889
0.445049,7.999894010e-01,0.803072868
0.445129,7.999894950e-01,0.803040202
0.445289,7.999896830e-01,0.802979979
0.445489,7.999899180e-01,0.802898926
0.445689,7.999901530e-01,0.802821995
0.445889,7.999903880e-01,0.802744767
0.445986,7.999905020e-01,0.802701634
0.446006,7.999905130e-01,0.802696687
0.446046,7.999905350e-01,0.802687311
0.446126,7.999905780e-01,0.802670014
0.446286,7.999906640e-01,0.802639976
0.446486,7.999907720e-01,0.802607400
0.446686,7.999908800e-01,0.802566735
0.446886,7.999909880e-01,0.802525412
0.446984,7.999910410e-01,0.802505277
0.447004,7.999910540e-01,0.802501410
0.447044,7.999910800e-01,0.802490301
0.447124,7.999911340e-01,0.802472370
0.447284,7.999912400e-01,0.802435971
0.447484,7.999913720e-01,0.802388397
0.447684,7.999915050e-01,0.802347872
0.447884,7.999916370e-01,0.802299926
0.447982,7.999917020e-01,0.802276862
0.448002,7.999916950e-01,0.802276279
0.448042,7.999916800e-01,0.802276238
0.448122,7.999916510e-01,0.802284159
0.448282,7.999915930e-01,0.802305550
0.448482,7.999915200e-01,0.802324976
0.448682,7.999914470e-01,0.802347683
0.448882,7.999913740e-01,0.802366370
0.448980,7.999913380e-01,0.802375055
0.449000,7.999913300e-01,0.802377560
0.449040,7.999913140e-01,0.802382215
0.449120,7.999912810e-01,0.802388905
0.449280,7.999912170e-01,0.802406025
0.449480,7.999911360e-01,0.802429946
0.449680,7.999910550e-01,0.802454228
0.449880,7.999909740e-01,0.802477445
0.449977,7.999909350e-01,0.802486688
0.449997,7.999909410e-01,0.802482160
0.450037,7.999909540e-01,0.802478795
0.450117,7.999909790e-01,0.802470273
0.450277,7.999910300e-01,0.802447864
0.450477,7.999910940e-01,0.802426198
0.450677,7.999911570e-01,0.802400751
0.450877,7.999912210e-01,0.802378622
0.450975,7.999912520e-01,0.802364055
0.450995,7.999912740e-01,0.802357929
0.451035,7.999913160e-01,0.802344254
0.451115,7.999914020e-01,0.802314031
0.451275,7.999915720e-01,0.802261544
0.451475,7.999917860e-01,0.802190615
0.451675,7.999919990e-01,0.802122488
0.451875,7.999922120e-01,0.802054572
0.451973,7.999923170e-01,0.802016358
0.451993,7.999923160e-01,0.802012994
0.452033,7.999923140e-01,0.802011213
0.452113,7.999923100e-01,0.802010631
0.452273,7.999923010e-01,0.802011824
0.452473,7.999922910e-01,0.802016430
0.452673,7.999922800e-01,0.802014190
0.452873,7.999922700e-01,0.802018556
0.452971,7.999922650e-01,0.802014014
0.452991,7.999922900e-01,0.802006527
0.453031,7.999923410e-01,0.801989512
0.453111,7.999924440e-01,0.801956442
0.453271,7.999926480e-01,0.801892274
0.453471,7.999929040e-01,0.801808171
0.453671,7.999931590e-01,0.801725509
0.453871,7.999934150e-01,0.801638402
0.453968,7.999935390e-01,0.801597825
0.453988,7.999935680e-01,0.801587098
0.454028,7.999936250e-01,0.801567371
0.454108,7.999937400e-01,0.801530864
0.454268,7.999939690e-01,0.801456187
0.454468,7.999942560e-01,0.801365037
0.454668,7.999945430e-01,0.801274013
0.454868,7.999948300e-01,0.801179382
0.454966,7.999949700e-01,0.801133362
0.454986,7.999950030e-01,0.801121188
0.455026,7.999950670e-01,0.801100331
0.455106,7.999951970e-01,0.801060840
0.455266,7.999954550e-01,0.800979633
0.455466,7.999957790e-01,0.800875732
0.455666,7.999961030e-01,0.800773458
0.455866,7.999964260e-01,0.800673103
0.455964,7.999965850e-01,0.800619521
0.455984,7.999965940e-01,0.800612780
0.456024,7.999966140e-01,0.800603340
0.456104,7.999966530e-01,0.800592569
0.456264,7.999967320e-01,0.800567116
0.456464,7.999968300e-01,0.800536932
0.456664,7.999969280e-01,0.800508545
0.456864,7.999970260e-01,0.800477171
0.456961,7.999970740e-01,0.800457129
0.456981,7.999970750e-01,0.800456700
0.457021,7.999970760e-01,0.800455705
0.457101,7.999970790e-01,0.800453853
0.457261,7.999970850e-01,0.800452983
0.457461,7.999970920e-01,0.800452081
0.457661,7.999970990e-01,0.800448913
0.457861,7.999971070e-01,0.800445788
0.457959,7.999971100e-01,0.800443727
0.457979,7.999970990e-01,0.800443767
0.458019,7.999970760e-01,0.800448368
0.458099,7.999970300e-01,0.800463842
0.458259,7.999969390e-01,0.800494027
0.458459,7.999968250e-01,0.800530224
0.458659,7.999967110e-01,0.800565504
0.458859,7.999965970e-01,0.800602686
0.458957,7.999965410e-01,0.800620360
0.458977,7.999965260e-01,0.800623143
0.459017,7.999964960e-01,0.800630771
0.459097,7.999964350e-01,0.800650508
0.459257,7.999963130e-01,0.800690318
0.459457,7.999961610e-01,0.800739605
0.459657,7.999960080e-01,0.800789261
0.459857,7.999958560e-01,0.800837933
0.459955,7.999957820e-01,0.800860570
0.459975,7.999957760e-01,0.800861077
0.460015,7.999957660e-01,0.800862075
0.460095,7.999957450e-01,0.800871398
0.460255,7.999957040e-01,0.800881391
0.460455,7.999956520e-01,0.800899370
0.460655,7.999956000e-01,0.800915392
0.460855,7.999955480e-01,0.800930362
0.460952,7.999955230e-01,0.800938116
0.460972,7.999955250e-01,0.800935228
0.461012,7.999955280e-01,0.800934169
0.461092,7.999955340e-01,0.800930693
0.461252,7.999955480e-01,0.800924812
0.461452,7.999955640e-01,0.800922037
0.461652,7.999955810e-01,0.800913592
0.461852,7.999955970e-01,0.800910046
0.461950,7.999956060e-01,0.800903799
0.461970,7.999955970e-01,0.800905490
0.462010,7.999955800e-01,0.800910835
0.462090,7.999955460e-01,0.800920380
0.462250,7.999954780e-01,0.800940206
0.462450,7.999953930e-01,0.800966979
0.462650,7.999953090e-01,0.800993044
0.462850,7.999952240e-01,0.801023642
0.462948,7.999951820e-01,0.801034236
0.462968,7.999951810e-01,0.801031375
0.463008,7.999951790e-01,0.801030368
0.463088,7.999951750e-01,0.801035676
0.463248,7.999951660e-01,0.801037664
0.463448,7.999951560e-01,0.801038985
0.463648,7.999951450e-01,0.801040704
0.463848,7.999951340e-01,0.801041386
0.463946,7.999951290e-01,0.801043459
0.463966,7.999951300e-01,0.801040612
0.464006,7.999951300e-01,0.801039760
0.464086,7.999951320e-01,0.801040451
0.464246,7.999951360e-01,0.801039472
0.464446,7.999951400e-01,0.801041450
0.464646,7.999951450e-01,0.801039560
0.464846,7.999951490e-01,0.801040078
0.464943,7.999951510e-01,0.801033817
0.464963,7.999951350e-01,0.801035448
0.465003,7.999951020e-01,0.801044390
0.465083,7.999950370e-01,0.801065099
0.465243,7.999949060e-01,0.801107015
0.465443,7.999947420e-01,0.801159814
0.465643,7.999945780e-01,0.801209412
0.465843,7.999944140e-01,0.801260862
0.465941,7.999943340e-01,0.801283664
0.465961,7.999943190e-01,0.801286425
0.466001,7.999942890e-01,0.801293219
0.466081,7.999942290e-01,0.801313387
0.466241,7.999941090e-01,0.801352541
0.466441,7.999939580e-01,0.801400153
0.466641,7.999938080e-01,0.801446299
0.466841,7.999936580e-01,0.801488381
0.466939,7.999935840e-01,0.801507709
0.466959,7.999935780e-01,0.801511034
0.466999,7.999935660e-01,0.801515121
0.467079,7.999935410e-01,0.801520489
0.467239,7.999934920e-01,0.801535706
0.467439,7.999934300e-01,0.801555154
0.467639,7.999933690e-01,0.801572274
0.467839,7.999933080e-01,0.801588800
0.467937,7.999932780e-01,0.801597416
0.467957,7.999932590e-01,0.801600994
0.467997,7.999932220e-01,0.801609664
0.468077,7.999931490e-01,0.801632601
0.468237,7.999930010e-01,0.801679409
0.468437,7.999928170e-01,0.801736902
0.468637,7.999926330e-01,0.801793535
0.468837,7.999924480e-01,0.801851747
0.468934,7.999923590e-01,0.801877295
0.468954,7.999923640e-01,0.801876427
0.468994,7.999923730e-01,0.801871637
0.469074,7.999923910e-01,0.801867045
0.469234,7.999924280e-01,0.801854893
0.469434,7.999924740e-01,0.801839740
0.469634,7.999925190e-01,0.801821605
0.469834,7.999925650e-01,0.801803450
0.469932,7.999925880e-01,0.801795985
0.469952,7.999925760e-01,0.801795687
0.469992,7.999925540e-01,0.801798773
0.470072,7.999925100e-01,0.801814877
0.470232,7.999924200e-01,0.801843513
0.470432,7.999923090e-01,0.801874109
0.470632,7.999921980e-01,0.801909746
0.470832,7.999920860e-01,0.801943114
0.470930,7.999920310e-01,0.801959671
0.470950,7.999920280e-01,0.801958751
0.470990,7.999920200e-01,0.801960318
0.471070,7.999920040e-01,0.801964469
0.471230,7.999919730e-01,0.801973583
0.471430,7.999919330e-01,0.801988389
0.471630,7.999918940e-01,0.801995563
0.471830,7.999918550e-01,0.802007779
0.471927,7.999918360e-01,0.802010560
0.471947,7.999918210e-01,0.802012621
0.471987,7.999917900e-01,0.802022012
0.472067,7.999917290e-01,0.802042139
0.472227,7.999916080e-01,0.802076980
0.472427,7.999914560e-01,0.802122756
0.472627,7.999913040e-01,0.802167431
0.472827,7.999911520e-01,0.802211744
0.472925,7.999910780e-01,0.802232905
0.472945,7.999910660e-01,0.802234389
0.472985,7.999910410e-01,0.802239853
0.473065,7.999909920e-01,0.802253601
0.473225,7.999908940e-01,0.802286467
0.473425,7.999907710e-01,0.802322957
0.473625,7.999906490e-01,0.802359831
0.473825,7.999905260e-01,0.802393549
0.473923,7.999904660e-01,0.802410312
0.473943,7.999904780e-01,0.802407727
0.473983,7.999905010e-01,0.802401173
0.474063,7.999905470e-01,0.802384359
0.474223,7.999906400e-01,0.802352405
0.474423,7.999907550e-01,0.802312086
0.474623,7.999908710e-01,0.802270888
0.474823,7.999909860e-01,0.802227556
0.474921,7.999910430e-01,0.802204962
0.474941,7.999910510e-01,0.802201260
0.474981,7.999910660e-01,0.802195042
0.475061,7.999910960e-01,0.802183657
0.475221,7.999911570e-01,0.802164627
0.475421,7.999912330e-01,0.802136792
0.475621,7.999913100e-01,0.802108829
0.475821,7.999913860e-01,0.802082066
0.475918,7.999914230e-01,0.802064264
0.475938,7.999914100e-01,0.802065834
0.475978,7.999913840e-01,0.802071600
0.476058,7.999913330e-01,0.802086541
0.476218,7.999912310e-01,0.802118171
0.476418,7.999911030e-01,0.802158845
0.476618,7.999909750e-01,0.802194593
0.476818,7.999908470e-01,0.802232327
0.476916,7.999907840e-01,0.802250406
0.476936,7.999907860e-01,0.802248579
0.476976,7.999907900e-01,0.802247061
0.477056,7.999907970e-01,0.802242772
0.477216,7.999908110e-01,0.802238120
0.477416,7.999908290e-01,0.802232562
0.477616,7.999908470e-01,0.802220970
0.477816,7.999908660e-01,0.802216605
0.477914,7.999908740e-01,0.802209155
0.477934,7.999908930e-01,0.802202818
0.477974,7.999909290e-01,0.802189144
0.478054,7.999910020e-01,0.802165162
0.478214,7.999911480e-01,0.802121209
0.478414,7.999913310e-01,0.802059533
0.478614,7.999915130e-01,0.802000589
0.478814,7.999916960e-01,0.801939943
0.478912,7.999917850e-01,0.801908969
0.478932,7.999917830e-01,0.801907253
0.478972,7.999917790e-01,0.801904040
0.479052,7.999917710e-01,0.801908108
0.479212,7.999917560e-01,0.801912760
0.479412,7.999917370e-01,0.801917162
0.479612,7.999917180e-01,0.801922855
0.479812,7.999916980e-01,0.801924149
0.479909,7.999916890e-01,0.801924270
0.479929,7.999917130e-01,0.801917882
0.479969,7.999917600e-01,0.801902734
0.480049,7.999918550e-01,0.801870547
0.480209,7.999920450e-01,0.801808554
0.480409,7.999922820e-01,0.801734000
0.480609,7.999925200e-01,0.801656700
0.480809,7.999927570e-01,0.801577957
0.480907,7.999928730e-01,0.801538952
0.480927,7.999928640e-01,0.801535932
0.480967,7.999928460e-01,0.801536634
0.481047,7.999928110e-01,0.801551932
0.481207,7.999927390e-01,0.801573100
0.481407,7.999926500e-01,0.801598538
0.481607,7.999925600e-01,0.801629262
0.481807,7.999924710e-01,0.801655358
0.481905,7.999924270e-01,0.801667964
0.481925,7.999924210e-01,0.801668426
0.481965,7.999924090e-01,0.801668798
0.482045,7.999923850e-01,0.801674994
0.482205,7.999923380e-01,0.801692556
0.482405,7.999922780e-01,0.801710475
0.482605,7.999922180e-01,0.801728412
0.482805,7.999921590e-01,0.801748186
0.482902,7.999921300e-01,0.801752297
0.482922,7.999921530e-01,0.801745134
0.482962,7.999922000e-01,0.801732016
0.483042,7.999922930e-01,0.801700783
0.483202,7.999924800e-01,0.801641028
0.483402,7.999927130e-01,0.801569038
0.483602,7.999929460e-01,0.801490593
0.483802,7.999931790e-01,0.801415220
0.483900,7.999932930e-01,0.801378217
0.483920,7.999933010e-01,0.801372198
0.483960,7.999933170e-01,0.801364238
0.484040,7.999933490e-01,0.801353596
0.484200,7.999934140e-01,0.801331230
0.484400,7.999934940e-01,0.801309145
0.484600,7.999935740e-01,0.801284809
0.484800,7.999936540e-01,0.801255730
0.484898,7.999936930e-01,0.801241996
0.484918,7.999937240e-01,0.801233045
0.484958,7.999937850e-01,0.801212081
0.485038,7.999939060e-01,0.801174555
0.485198,7.999941500e-01,0.801098356
0.485398,7.999944550e-01,0.800999885
0.485598,7.999947600e-01,0.800903596
0.485798,7.999950640e-01,0.800805914
0.485896,7.999952140e-01,0.800758543
0.485916,7.999952050e-01,0.800753292
0.485956,7.999951890e-01,0.800753176
0.486036,7.999951550e-01,0.800769276
0.486196,7.999950890e-01,0.800790086
0.486396,7.999950060e-01,0.800816778
0.486596,7.999949230e-01,0.800843714
0.486796,7.999948400e-01,0.800868788
0.486893,7.999947990e-01,0.800878192
0.486913,7.999948000e-01,0.800878570
0.486953,7.999948020e-01,0.800878815
0.487033,7.999948050e-01,0.800877377
0.487193,7.999948110e-01,0.800875151
0.487393,7.999948190e-01,0.800875719
0.487593,7.999948260e-01,0.800872987
0.487793,7.999948340e-01,0.800868924
0.487891,7.999948380e-01,0.800866976
0.487911,7.999948410e-01,0.800863419
0.487951,7.999948460e-01,0.800858663
0.488031,7.999948580e-01,0.800856503
0.488191,7.999948820e-01,0.800852337
0.488391,7.999949110e-01,0.800843950
0.488591,7.999949400e-01,0.800832756
0.488791,7.999949690e-01,0.800823671
0.488889,7.999949840e-01,0.800817498
0.488909,7.999949970e-01,0.800811680
0.488949,7.999950250e-01,0.800801542
0.489029,7.999950800e-01,0.800784834
0.489189,7.999951900e-01,0.800754231
0.489389,7.999953280e-01,0.800711543
0.489589,7.999954650e-01,0.800668090
0.489789,7.999956030e-01,0.800626585
0.489887,7.999956700e-01,0.800600442
0.489907,7.999956670e-01,0.800598608
0.489947,7.999956600e-01,0.800600046
0.490027,7.999956480e-01,0.800602861
0.490187,7.999956220e-01,0.800610908
0.490387,7.999955890e-01,0.800622657
0.490587,7.999955570e-01,0.800630830
0.490787,7.999955250e-01,0.800641621
0.490884,7.999955090e-01,0.800642754
0.490904,7.999955050e-01,0.800643302
0.490944,7.999954960e-01,0.800645793
0.491024,7.999954770e-01,0.800653758
0.491184,7.999954400e-01,0.800663940
0.491384,7.999953940e-01,0.800679266
0.491584,7.999953480e-01,0.800698054
0.491784,7.999953030e-01,0.800713234
0.491882,7.999952800e-01,0.800721743
0.491902,7.999952660e-01,0.800721850
0.491942,7.999952380e-01,0.800727232
0.492022,7.999951830e-01,0.800746704
0.492182,7.999950720e-01,0.800784032
0.492382,7.999949330e-01,0.800827428
0.492582,7.999947950e-01,0.800869975
0.492782,7.999946560e-01,0.800915924
0.492880,7.999945880e-01,0.800934547
0.492900,7.999945770e-01,0.800938279
0.492940,7.999945550e-01,0.800943958
0.493020,7.999945120e-01,0.800956759
0.493180,7.999944250e-01,0.800986867
0.493380,7.999943170e-01,0.801018334
0.493580,7.999942090e-01,0.801053936
0.493780,7.999941000e-01,0.801085822
0.493878,7.999940470e-01,0.801100442
0.493898,7.999940630e-01,0.801097061
0.493938,7.999940940e-01,0.801088881
0.494018,7.999941560e-01,0.801066621
0.494178,7.999942800e-01,0.801023951
0.494378,7.999944360e-01,0.800975027
0.494578,7.999945910e-01,0.800924694
0.494778,7.999947470e-01,0.800875843
0.494875,7.999948220e-01,0.800849435
0.494895,7.999948140e-01,0.800846673
0.494935,7.999947980e-01,0.800850991
0.495015,7.999947670e-01,0.800863779
0.495175,7.999947030e-01,0.800881217
0.495375,7.999946240e-01,0.800909139
0.495575,7.999945450e-01,0.800931547
0.495775,7.999944660e-01,0.800959728
0.495873,7.999944280e-01,0.800970481
0.495893,7.999944310e-01,0.800967050
0.495933,7.999944380e-01,0.800965739
0.496013,7.999944510e-01,0.800962312
0.496173,7.999944780e-01,0.800950109
0.496373,7.999945110e-01,0.800944170
0.496573,7.999945440e-01,0.800932800
0.496773,7.999945780e-01,0.800921933
0.496871,7.999945940e-01,0.800914504
0.496891,7.999945810e-01,0.800914918
0.496931,7.999945550e-01,0.800920046
0.497011,7.999945020e-01,0.800939424
0.497171,7.999943970e-01,0.800973692
0.497371,7.999942660e-01,0.801011343
0.497571,7.999941350e-01,0.801054677
0.497771,7.999940040e-01,0.801095894
0.497868,7.999939400e-01,0.801111057
0.497888,7.999939290e-01,0.801112481
0.497928,7.999939080e-01,0.801118351
0.498008,7.999938650e-01,0.801135031
0.498168,7.999937800e-01,0.801160906
0.498368,7.999936730e-01,0.801194366
0.498568,7.999935670e-01,0.801228335
0.498768,7.999934600e-01,0.801257762
0.498866,7.999934080e-01,0.801270964
0.498886,7.999933880e-01,0.801274855
0.498926,7.999933470e-01,0.801286520
0.499006,7.999932670e-01,0.801311176
0.499166,7.999931060e-01,0.801361442
0.499366,7.999929040e-01,0.801429208
0.499566,7.999927020e-01,0.801488583
0.499766,7.999925010e-01,0.801552482
0.499864,7.999924020e-01,0.801580609
0.499884,7.999924050e-01,0.801581885
0.499924,7.999924120e-01,0.801579125
0.500004,7.999924240e-01,0.801572647
0.500164,7.999924500e-01,0.801566304
0.500364,7.999924820e-01,0.801555416
0.500564,7.999925150e-01,0.801542781
0.500764,7.999925470e-01,0.801531735
0.500862,7.999925630e-01,0.801524836
0.500882,7.999925550e-01,0.801522220
0.500922,7.999925390e-01,0.801526319
0.501002,7.999925070e-01,0.801538965
0.501162,7.999924430e-01,0.801555874
0.501362,7.999923630e-01,0.801582855
0.501562,7.999922840e-01,0.801604069
0.501762,7.999922040e-01,0.801631702
0.501859,7.999921650e-01,0.801637343
0.501879,7.999921350e-01,0.801643249
0.501919,7.999920740e-01,0.801660030
0.501999,7.999919520e-01,0.801701023
0.502159,7.999917090e-01,0.801779563
0.502359,7.999914040e-01,0.801874400
0.502559,7.999911000e-01,0.801966036
0.502759,7.999907950e-01,0.802063094
0.502857,7.999906460e-01,0.802105437
0.502877,7.999906400e-01,0.802107952
0.502917,7.999906290e-01,0.802110600
0.502997,7.999906070e-01,0.802118264
0.503157,7.999905610e-01,0.802130862
0.503357,7.999905050e-01,0.802149647
0.503557,7.999904480e-01,0.802165060
0.503757,7.999903920e-01,0.802177639
0.503855,7.999903640e-01,0.802185404
0.503875,7.999903780e-01,0.802179663
0.503915,7.999904060e-01,0.802170046
0.503995,7.999904620e-01,0.802153482
0.504155,7.999905730e-01,0.802115001
0.504355,7.999907120e-01,0.802069652
0.504555,7.999908510e-01,0.802024797
0.504755,7.999909900e-01,0.801976620
0.504853,7.999910580e-01,0.801953307
0.504873,7.999910660e-01,0.801947381
0.504913,7.999910820e-01,0.801941254
0.504993,7.999911140e-01,0.801933127
0.505153,7.999911790e-01,0.801910064
0.505353,7.999912600e-01,0.801885542
0.505553,7.999913410e-01,0.801856211
0.505753,7.999914220e-01,0.801829821
0.505850,7.999914620e-01,0.801814023
0.505870,7.999914630e-01,0.801812494
0.505910,7.999914650e-01,0.801809328
0.505990,7.999914700e-01,0.801806154
0.506150,7.999914790e-01,0.801800745
0.506350,7.999914900e-01,0.801797407
0.506550,7.999915010e-01,0.801790130
0.506750,7.999915120e-01,0.801782105
0.506848,7.999915180e-01,0.801781231
0.506868,7.999915340e-01,0.801774064
0.506908,7.999915660e-01,0.801762561
0.506988,7.999916310e-01,0.801740692
0.507148,7.999917600e-01,0.801698833
0.507348,7.999919210e-01,0.801648614
0.507548,7.999920820e-01,0.801594174
0.507748,7.999922440e-01,0.801540259
0.507846,7.999923230e-01,0.801511294
0.507866,7.999923180e-01,0.801508877
0.507906,7.999923070e-01,0.801509553
0.507986,7.999922870e-01,0.801518760
0.508146,7.999922470e-01,0.801529529
0.508346,7.999921960e-01,0.801543959
0.508546,7.999921450e-01,0.801556454
0.508746,7.999920940e-01,0.801570947
0.508844,7.999920700e-01,0.801579767
0.508864,7.999920670e-01,0.801578845
0.508904,7.999920630e-01,0.801578463
0.508984,7.999920540e-01,0.801578836
0.509144,7.999920370e-01,0.801585333
0.509344,7.999920150e-01,0.801593481
0.509544,7.999919940e-01,0.801600169
0.509744,7.999919720e-01,0.801609183
0.509841,7.999919620e-01,0.801608545
0.509861,7.999919850e-01,0.801604319
0.509901,7.999920300e-01,0.801590554
0.509981,7.999921220e-01,0.801559503
0.510141,7.999923050e-01,0.801503998
0.510341,7.999925350e-01,0.801428584
0.510541,7.999927640e-01,0.801355446
0.510741,7.999929930e-01,0.801282634
0.510839,7.999931050e-01,0.801244278
0.510859,7.999931310e-01,0.801234546
0.510899,7.999931830e-01,0.801215900
0.510979,7.999932870e-01,0.801182762
0.511139,7.999934950e-01,0.801121175
0.511339,7.999937550e-01,0.801035607
0.511539,7.999940140e-01,0.800951562
0.511739,7.999942740e-01,0.800866593
0.511837,7.999944010e-01,0.800822173
0.511857,7.999944170e-01,0.800815189
0.511897,7.999944470e-01,0.800803891
0.511977,7.999945090e-01,0.800786505
0.512137,7.999946320e-01,0.800745504
0.512337,7.999947850e-01,0.800699775
0.512537,7.999949380e-01,0.800648927
0.512737,7.999950920e-01,0.800598523
0.512834,7.999951660e-01,0.800575365
0.512854,7.999951600e-01,0.800575241
0.512894,7.999951480e-01,0.800577338
0.512974,7.999951230e-01,0.800582970
0.513134,7.999950730e-01,0.800597779
0.513334,7.999950100e-01,0.800620532
0.513534,7.999949470e-01,0.800638314
0.513734,7.999948850e-01,0.800658869
0.513832,7.999948540e-01,0.800663990
0.513852,7.999948810e-01,0.800658570
0.513892,7.999949350e-01,0.800643555
0.513972,7.999950430e-01,0.800608059
0.514132,7.999952580e-01,0.800541397
0.514332,7.999955270e-01,0.800454399
0.514532,7.999957960e-01,0.800369658
0.514732,7.999960650e-01,0.800285346
0.514830,7.999961970e-01,0.800241227
0.514850,7.999962120e-01,0.800232706
0.514890,7.999962410e-01,0.800221179
0.514970,7.999963000e-01,0.800203247
0.515130,7.999964180e-01,0.800167596
0.515330,7.999965660e-01,0.800124380
0.515530,7.999967140e-01,0.800076923
0.515730,7.999968620e-01,0.800032065
0.515828,7.999969340e-01,0.800007619
0.515848,7.999969380e-01,0.800004306
0.515888,7.999969460e-01,0.800002261
0.515968,7.999969620e-01,0.799996532
0.516128,7.999969940e-01,0.799988033
0.516328,7.999970330e-01,0.799976729
0.516528,7.999970730e-01,0.799963305
0.516728,7.999971120e-01,0.799951088
0.516825,7.999971310e-01,0.799941755
0.516845,7.999971350e-01,0.799940932
0.516885,7.999971420e-01,0.799937764
0.516965,7.999971550e-01,0.799934230
0.517125,7.999971820e-01,0.799928688
0.517325,7.999972160e-01,0.799920407
0.517525,7.999972500e-01,0.799909801
0.517725,7.999972840e-01,0.799898424
0.517823,7.999973010e-01,0.799895376
0.517843,7.999973020e-01,0.799892396
0.517883,7.999973050e-01,0.799890556
0.517963,7.999973100e-01,0.799889450
0.518123,7.999973210e-01,0.799885768
0.518323,7.999973350e-01,0.799885985
0.518523,7.999973490e-01,0.799885423
0.518723,7.999973620e-01,0.799882050
0.518821,7.999973690e-01,0.799875540
0.518841,7.999973410e-01,0.799879837
0.518881,7.999972860e-01,0.799894855
0.518961,7.999971750e-01,0.799931914
0.519121,7.999969530e-01,0.800003643
0.519321,7.999966760e-01,0.800092618
0.519521,7.999963990e-01,0.800183383
0.519721,7.999961220e-01,0.800271905
0.519819,7.999959860e-01,0.800313692
0.519839,7.999959870e-01,0.800315627
0.519879,7.999959870e-01,0.800314993
0.519959,7.999959890e-01,0.800314641
0.520119,7.999959930e-01,0.800316222
0.520319,7.999959980e-01,0.800317081
0.520519,7.999960020e-01,0.800315515
0.520719,7.999960070e-01,0.800313657
0.520816,7.999960090e-01,0.800312020
0.520836,7.999960160e-01,0.800308243
0.520876,7.999960290e-01,0.800301614
0.520956,7.999960550e-01,0.800295569
0.521116,7.999961070e-01,0.800281510
0.521316,7.999961730e-01,0.800262739
0.521516,7.999962380e-01,0.800245422
0.521716,7.999963030e-01,0.800227555
0.521814,7.999963350e-01,0.800217025
0.521834,7.999963150e-01,0.800218175
0.521874,7.999962740e-01,0.800227836
0.521954,7.999961920e-01,0.800256174
0.522114,7.999960290e-01,0.800309170
0.522314,7.999958250e-01,0.800378101
0.522514,7.999956210e-01,0.800443566
0.522714,7.999954170e-01,0.800511203
0.522812,7.999953170e-01,0.800540993
0.522832,7.999952860e-01,0.800548295
0.522872,7.999952230e-01,0.800564109
0.522952,7.999950970e-01,0.800604604
0.523112,7.999948450e-01,0.800686553
0.523312,7.999945310e-01,0.800789215
0.523512,7.999942160e-01,0.800890956
0.523712,7.999939020e-01,0.800988735
0.523810,7.999937480e-01,0.801035388
0.523830,7.999937270e-01,0.801041003
0.523870,7.999936870e-01,0.801054307
0.523950,7.999936060e-01,0.801081889
0.524110,7.999934430e-01,0.801132799
0.524310,7.999932410e-01,0.801197236
0.524510,7.999930380e-01,0.801263481
0.524710,7.999928350e-01,0.801325533
0.524807,7.999927370e-01,0.801353381
0.524827,7.999927300e-01,0.801356200
0.524867,7.999927180e-01,0.801360278
0.524947,7.999926930e-01,0.801366368
0.525107,7.999926440e-01,0.801380185
0.525307,7.999925820e-01,0.801401664
0.525507,7.999925200e-01,0.801415339
0.525707,7.999924580e-01,0.801435796
0.525805,7.999924270e-01,0.801442109
0.525825,7.999924250e-01,0.801441890
0.525865,7.999924200e-01,0.801441898
0.525945,7.999924110e-01,0.801445013
0.526105,7.999923930e-01,0.801450354
0.526305,7.999923700e-01,0.801456028
0.526505,7.999923470e-01,0.801461341
0.526705,7.999923240e-01,0.801469053
0.526803,7.999923130e-01,0.801469412
0.526823,7.999923090e-01,0.801467741
0.526863,7.999923000e-01,0.801468924
0.526943,7.999922840e-01,0.801474074
0.527103,7.999922510e-01,0.801483375
0.527303,7.999922090e-01,0.801495075
0.527503,7.999921680e-01,0.801509589
0.527703,7.999921260e-01,0.801520589
0.527800,7.999921060e-01,0.801524133
0.527820,7.999921080e-01,0.801523784
0.527860,7.999921110e-01,0.801520722
0.527940,7.999921180e-01,0.801518459
0.528100,7.999921310e-01,0.801514721
0.528300,7.999921470e-01,0.801507139
0.528500,7.999921640e-01,0.801501095
0.528700,7.999921810e-01,0.801492386
0.528798,7.999921890e-01,0.801489206
0.528818,7.999921950e-01,0.801486953
0.528858,7.999922070e-01,0.801481654
0.528938,7.999922310e-01,0.801472227
0.529098,7.999922780e-01,0.801459569
0.529298,7.999923380e-01,0.801439046
0.529498,7.999923980e-01,0.801417700
0.529698,7.999924580e-01,0.801396951
0.529796,7.999924870e-01,0.801384828
0.529816,7.999924820e-01,0.801385089
0.529856,7.999924720e-01,0.801385433
0.529936,7.999924520e-01,0.801391679
0.530096,7.999924130e-01,0.801404882
0.530296,7.999923630e-01,0.801419011
0.530496,7.999923140e-01,0.801434523
0.530696,7.999922640e-01,0.801448243
0.530794,7.999922400e-01,0.801452300
0.530814,7.999922370e-01,0.801451054
0.530854,7.999922290e-01,0.801453807
0.530934,7.999922150e-01,0.801458963
0.531094,7.999921860e-01,0.801465000
0.531294,7.999921500e-01,0.801478750
0.531494,7.999921140e-01,0.801485520
0.531694,7.999920770e-01,0.801498218
0.531791,7.999920600e-01,0.801498816
0.531811,7.999920680e-01,0.801496078
0.531851,7.999920850e-01,0.801489346
0.531931,7.999921180e-01,0.801478493
0.532091,7.999921850e-01,0.801459160
0.532291,7.999922690e-01,0.801430624
0.532491,7.999923520e-01,0.801401395
0.532691,7.999924360e-01,0.801374420
0.532789,7.999924770e-01,0.801356608
0.532809,7.999924640e-01,0.801357414
0.532849,7.999924400e-01,0.801362997
0.532929,7.999923910e-01,0.801377545
0.533089,7.999922940e-01,0.801408182
0.533289,7.999921730e-01,0.801450704
0.533489,7.999920510e-01,0.801483856
0.533689,7.999919300e-01,0.801520683
0.533787,7.999918700e-01,0.801540693
0.533807,7.999918870e-01,0.801536135
0.533847,7.999919200e-01,0.801523974
0.533927,7.999919870e-01,0.801500951
0.534087,7.999921210e-01,0.801461218
0.534287,7.999922890e-01,0.801406772
0.534487,7.999924560e-01,0.801351244
0.534687,7.999926230e-01,0.801296628
0.534785,7.999927060e-01,0.801266154
0.534805,7.999927140e-01,0.801261528
0.534845,7.999927310e-01,0.801254295
0.534925,7.999927660e-01,0.801244023
0.535085,7.999928340e-01,0.801221018
0.535285,7.999929200e-01,0.801194070
0.535485,7.999930060e-01,0.801166421
0.535685,7.999930910e-01,0.801138880
0.535782,7.999931330e-01,0.801123986
0.535802,7.999931560e-01,0.801117641
0.535842,7.999932030e-01,0.801102108
0.535922,7.999932960e-01,0.801073528
0.536082,7.999934840e-01,0.801011825
0.536282,7.999937170e-01,0.800938660
0.536482,7.999939510e-01,0.800866862
0.536682,7.999941850e-01,0.800788241
0.536780,7.999942990e-01,0.800751997
0.536800,7.999942950e-01,0.800748356
0.536840,7.999942850e-01,0.800749460
0.536920,7.999942660e-01,0.800756807
0.537080,7.999942290e-01,0.800767514
0.537280,7.999941810e-01,0.800784159
0.537480,7.999941340e-01,0.800794206
0.537680,7.999940870e-01,0.800809674
0.537778,7.999940640e-01,0.800812939
0.537798,7.999940630e-01,0.800814741
0.537838,7.999940600e-01,0.800812931
0.537918,7.999940550e-01,0.800812841
0.538078,7.999940450e-01,0.800817402
0.538278,7.999940320e-01,0.800819936
0.538478,7.999940200e-01,0.800827201
0.538678,7.999940070e-01,0.800829893
0.538776,7.999940010e-01,0.800829000
0.538796,7.999939840e-01,0.800831648
0.538836,7.999939500e-01,0.800841240
0.538916,7.999938810e-01,0.800863083
0.539076,7.999937430e-01,0.800902500
0.539276,7.999935710e-01,0.800958219
0.539476,7.999934000e-01,0.801011899
0.539676,7.999932280e-01,0.801068112
0.539773,7.999931440e-01,0.801092369
0.539793,7.999931490e-01,0.801091871
0.539833,7.999931570e-01,0.801087914
0.539913,7.999931750e-01,0.801081666
0.540073,7.999932100e-01,0.801074444
0.540273,7.999932540e-01,0.801059425
0.540473,7.999932980e-01,0.801043709
0.540673,7.999933410e-01,0.801029380
0.540771,7.999933630e-01,0.801020260
0.540791,7.999933680e-01,0.801018153
0.540831,7.999933790e-01,0.801010543
0.540911,7.999934000e-01,0.801003902
0.541071,7.999934420e-01,0.800991747
0.541271,7.999934950e-01,0.800972768
0.541471,7.999935480e-01,0.800957743
0.541671,7.999936000e-01,0.800940016
0.541769,7.999936260e-01,0.800932287
0.541789,7.999936200e-01,0.800930954
0.541829,7.999936090e-01,0.800931848
0.541909,7.999935860e-01,0.800940713
0.542069,7.999935400e-01,0.800954863
0.542269,7.999934820e-01,0.800974374
0.542469,7.999934240e-01,0.800994254
0.542669,7.999933660e-01,0.801014785
0.542766,7.999933380e-01,0.801019722
0.542786,7.999933540e-01,0.801015546
0.542826,7.999933850e-01,0.801003915
0.542906,7.999934480e-01,0.800983516
0.543066,7.999935730e-01,0.800945988
0.543266,7.999937290e-01,0.800895816
0.543466,7.999938860e-01,0.800846258
0.543666,7.999940420e-01,0.800794189
0.543764,7.999941180e-01,0.800768716
0.543784,7.999941260e-01,0.800763194
0.543824,7.999941410e-01,0.800756792
0.543904,7.999941710e-01,0.800750825
0.544064,7.999942310e-01,0.800728454
0.544264,7.999943050e-01,0.800707502
0.544464,7.999943800e-01,0.800686735
0.544664,7.999944550e-01,0.800663234
0.544762,7.999944910e-01,0.800647689
0.544782,7.999944830e-01,0.800648345
0.544822,7.999944670e-01,0.800651921
0.544902,7.999944360e-01,0.800663961
0.545062,7.999943720e-01,0.800685329
0.545262,7.999942930e-01,0.800710082
0.545462,7.999942130e-01,0.800736367
0.545662,7.999941340e-01,0.800763354
0.545760,7.999940950e-01,0.800771892
0.545780,7.999940970e-01,0.800771674
0.545820,7.999941000e-01,0.800771359
0.545900,7.999941060e-01,0.800768692
0.546060,7.999941190e-01,0.800765095
0.546260,7.999941350e-01,0.800760865
0.546460,7.999941500e-01,0.800757545
0.546660,7.999941660e-01,0.800751528
0.546757,7.999941740e-01,0.800748151
0.546777,7.999941650e-01,0.800746754
0.546817,7.999941470e-01,0.800751724
0.546897,7.999941120e-01,0.800765246
0.547057,7.999940410e-01,0.800784910
0.547257,7.999939520e-01,0.800815461
0.547457,7.999938630e-01,0.800843566
0.547657,7.999937750e-01,0.800874394
0.547755,7.999937310e-01,0.800884214
0.547775,7.999937310e-01,0.800885144
0.547815,7.999937300e-01,0.800885231
0.547895,7.999937290e-01,0.800883515
0.548055,7.999937260e-01,0.800883998
0.548255,7.999937230e-01,0.800885597
0.548455,7.999937200e-01,0.800884075
0.548655,7.999937170e-01,0.800885098
0.548753,7.999937150e-01,0.800882898
0.548773,7.999937160e-01,0.800880021
0.548813,7.999937170e-01,0.800878963
0.548893,7.999937180e-01,0.800878961
0.549053,7.999937210e-01,0.800875261
0.549253,7.999937250e-01,0.800877366
0.549453,7.999937290e-01,0.800875138
0.549653,7.999937330e-01,0.800871447
0.549751,7.999937350e-01,0.800870112
0.549771,7.999937370e-01,0.800868370
0.549811,7.999937420e-01,0.800865359
0.549891,7.999937500e-01,0.800861470
0.550051,7.999937680e-01,0.800859613
0.550251,7.999937900e-01,0.800850679
0.550451,7.999938120e-01,0.800845068
0.550651,7.999938340e-01,0.800838149
0.550748,7.999938440e-01,0.800828892
0.550768,7.999938550e-01,0.800826276
0.550808,7.999938770e-01,0.800821100
0.550888,7.999939220e-01,0.800804434
0.551048,7.999940100e-01,0.800779651
0.551248,7.999941200e-01,0.800746654
0.551448,7.999942310e-01,0.800707898
0.551648,7.999943410e-01,0.800674835
0.551746,7.999943950e-01,0.800654206
0.551766,7.999943890e-01,0.800652630
0.551806,7.999943780e-01,0.800654909
0.551886,7.999943550e-01,0.800665358
0.552046,7.999943080e-01,0.800681729
0.552246,7.999942510e-01,0.800701509
0.552446,7.999941930e-01,0.800717379
0.552646,7.999941350e-01,0.800733608
0.552744,7.999941070e-01,0.800739578
0.552764,7.999940810e-01,0.800745765
0.552804,7.999940310e-01,0.800760169
0.552884,7.999939300e-01,0.800791842
0.553044,7.999937280e-01,0.800856953
0.553244,7.999934750e-01,0.800940414
0.553444,7.999932230e-01,0.801020323
0.553644,7.999929710e-01,0.801098925
0.553741,7.999928480e-01,0.801134845
0.553761,7.999928320e-01,0.801138712
0.553801,7.999928000e-01,0.801149104
0.553881,7.999927350e-01,0.801171729
0.554041,7.999926060e-01,0.801214202
0.554241,7.999924440e-01,0.801266310
0.554441,7.999922820e-01,0.801317269
0.554641,7.999921210e-01,0.801367682
0.554739,7.999920420e-01,0.801388797
0.554759,7.999920320e-01,0.801391291
0.554799,7.999920130e-01,0.801395967
0.554879,7.999919750e-01,0.801408388
0.555039,7.999918990e-01,0.801433449
0.555239,7.999918050e-01,0.801460547
0.555439,7.999917100e-01,0.801490491
0.555639,7.999916150e-01,0.801518033
0.555737,7.999915690e-01,0.801529381
0.555757,7.999915640e-01,0.801531811
0.555797,7.999915560e-01,0.801533343
0.555877,7.999915400e-01,0.801535968
0.556037,7.999915070e-01,0.801547993
0.556237,7.999914660e-01,0.801557960
0.556437,7.999914250e-01,0.801570310
0.556637,7.999913850e-01,0.801583459
0.556735,7.999913640e-01,0.801588232
0.556755,7.999913720e-01,0.801583630
0.556795,7.999913880e-01,0.801579211
0.556875,7.999914200e-01,0.801569330
0.557035,7.999914840e-01,0.801550770
0.557235,7.999915640e-01,0.801527395
0.557435,7.999916440e-01,0.801496463
0.557635,7.999917240e-01,0.801474680
0.557732,7.999917630e-01,0.801457254
0.557752,7.999917800e-01,0.801451775
0.557792,7.999918150e-01,0.801441246
0.557872,7.999918840e-01,0.801416469
0.558032,7.999920230e-01,0.801373233
0.558232,7.999921960e-01,0.801316986
0.558432,7.999923700e-01,0.801259784
0.558632,7.999925430e-01,0.801207295
0.558730,7.999926280e-01,0.801175315
0.558750,7.999926410e-01,0.801169420
0.558790,7.999926650e-01,0.801161342
0.558870,7.999927130e-01,0.801144627
0.559030,7.999928090e-01,0.801116303
0.559230,7.999929300e-01,0.801075882
0.559430,7.999930510e-01,0.801034007
0.559630,7.999931720e-01,0.800997468
0.559728,7.999932310e-01,0.800975287
0.559748,7.999932320e-01,0.800971977
0.559788,7.999932340e-01,0.800971547
0.559868,7.999932370e-01,0.800970048
0.560028,7.999932450e-01,0.800964275
0.560228,7.999932540e-01,0.800962205
0.560428,7.999932630e-01,0.800958443
0.560628,7.999932730e-01,0.800954750
0.560726,7.999932770e-01,0.800948336
0.560746,7.999932600e-01,0.800952034
0.560786,7.999932240e-01,0.800959427
0.560866,7.999931540e-01,0.800981753
0.561026,7.999930120e-01,0.801026658
0.561226,7.999928360e-01,0.801082414
0.561426,7.999926590e-01,0.801135138
0.561626,7.999924830e-01,0.801188391
0.561723,7.999923970e-01,0.801216348
0.561743,7.999923940e-01,0.801217735
0.561783,7.999923870e-01,0.801219983
0.561863,7.999923730e-01,0.801223160
0.562023,7.999923460e-01,0.801231732
0.562223,7.999923130e-01,0.801244039
0.562423,7.999922790e-01,0.801255192
0.562623,7.999922450e-01,0.801264796
0.562721,7.999922280e-01,0.801267320
0.562741,7.999922280e-01,0.801265344
0.562781,7.999922270e-01,0.801263744
0.562861,7.999922250e-01,0.801263870
0.563021,7.999922220e-01,0.801265185
0.563221,7.999922180e-01,0.801266850
0.563421,7.999922140e-01,0.801267198
0.563621,7.999922090e-01,0.801270209
0.563719,7.999922070e-01,0.801266732
0.563739,7.999922030e-01,0.801266431
0.563779,7.999921950e-01,0.801266535
0.563859,7.999921790e-01,0.801272152
0.564019,7.999921470e-01,0.801284056
0.564219,7.999921070e-01,0.801295122
0.564419,7.999920670e-01,0.801306389
0.564619,7.999920270e-01,0.801315049
0.564717,7.999920070e-01,0.801316932
0.564737,7.999920250e-01,0.801311370
0.564777,7.999920610e-01,0.801302324
0.564857,7.999921330e-01,0.801278544
0.565017,7.999922770e-01,0.801232834
0.565217,7.999924570e-01,0.801179040
0.565417,7.999926370e-01,0.801119941
0.565617,7.999928160e-01,0.801060999
0.565714,7.999929030e-01,0.801029753
0.565734,7.999929220e-01,0.801023291
0.565774,7.999929610e-01,0.801010859
0.565854,7.999930370e-01,0.800985722
0.566014,7.999931890e-01,0.800938225
0.566214,7.999933800e-01,0.800877874
0.566414,7.999935700e-01,0.800816674
0.566614,7.999937610e-01,0.800756443
0.566712,7.999938540e-01,0.800722652
0.566732,7.999938880e-01,0.800713714
0.566772,7.999939570e-01,0.800691102
0.566852,7.999940950e-01,0.800648507
0.567012,7.999943710e-01,0.800561019
0.567212,7.999947160e-01,0.800453682
0.567412,7.999950610e-01,0.800343220
0.567612,7.999954060e-01,0.800232330
0.567710,7.999955750e-01,0.800178465
0.567730,7.999955810e-01,0.800172209
0.567770,7.999955920e-01,0.800164440
0.567850,7.999956140e-01,0.800159700
0.568010,7.999956580e-01,0.800149220
0.568210,7.999957140e-01,0.800130048
0.568410,7.999957690e-01,0.800111074
0.568610,7.999958240e-01,0.800098872
0.568707,7.999958510e-01,0.800086365
0.568727,7.999958670e-01,0.800082364
0.568767,7.999958970e-01,0.800073104
0.568847,7.999959590e-01,0.800053120
0.569007,7.999960820e-01,0.800016566
0.569207,7.999962350e-01,0.799970083
0.569407,7.999963890e-01,0.799920718
0.569607,7.999965420e-01,0.799870060
0.569705,7.999966170e-01,0.799845099
0.569725,7.999966170e-01,0.799843700
0.569765,7.999966150e-01,0.799842409
0.569845,7.999966120e-01,0.799845450
0.570005,7.999966060e-01,0.799850116
0.570205,7.999965980e-01,0.799851575
0.570405,7.999965910e-01,0.799858157
0.570605,7.999965830e-01,0.799862778
0.570703,7.999965790e-01,0.799863412
0.570723,7.999965720e-01,0.799864699
0.570763,7.999965560e-01,0.799867531
0.570843,7.999965240e-01,0.799879615
0.571003,7.999964610e-01,0.799901635
0.571203,7.999963820e-01,0.799930744
0.571403,7.999963030e-01,0.799959224
0.571603,7.999962240e-01,0.799983535
0.571701,7.999961860e-01,0.799993784
0.571721,7.999961860e-01,0.799992691
0.571761,7.999961860e-01,0.799992149
0.571841,7.999961870e-01,0.799994415
0.572001,7.999961890e-01,0.799995622
0.572201,7.999961910e-01,0.799998765
0.572401,7.999961930e-01,0.799999307
0.572601,7.999961950e-01,0.800001526
0.572698,7.999961960e-01,0.800001151
0.572718,7.999962170e-01,0.799994530
0.572758,7.999962600e-01,0.799981084
0.572838,7.999963450e-01,0.799956084
0.572998,7.999965150e-01,0.799902966
0.573198,7.999967270e-01,0.799838889
0.573398,7.999969400e-01,0.799773379
0.573598,7.999971520e-01,0.799705433
0.573696,7.999972560e-01,0.799673385
0.573716,7.999972740e-01,0.799667536
0.573756,7.999973100e-01,0.799654919
0.573836,7.999973820e-01,0.799634292
0.573996,7.999975260e-01,0.799590475
0.574196,7.999977060e-01,0.799536715
0.574396,7.999978860e-01,0.799483406
0.574596,7.999980650e-01,0.799423458
0.574694,7.999981540e-01,0.799397509
0.574714,7.999981640e-01,0.799393898
0.574754,7.999981850e-01,0.799386273
0.574834,7.999982270e-01,0.799372614
0.574994,7.999983120e-01,0.799348206
0.575194,7.999984180e-01,0.799317857
0.575394,7.999985230e-01,0.799287006
0.575594,7.999986290e-01,0.799255003
0.575692,7.999986810e-01,0.799238249
0.575712,7.999987010e-01,0.799233717
0.575752,7.999987420e-01,0.799220819
0.575832,7.999988230e-01,0.799194658
0.575992,7.999989860e-01,0.799149021
0.576192,7.999991900e-01,0.799086645
0.576392,7.999993940e-01,0.799022867
0.576592,7.999995970e-01,0.798962373
0.576689,7.999996960e-01,0.798930017
0.576709,7.999997080e-01,0.798925196
0.576749,7.999997310e-01,0.798917955
0.576829,7.999997760e-01,0.798906835
0.576989,7.999998680e-01,0.798882543
0.577189,7.999999820e-01,0.798851035
0.577389,8.000000960e-01,0.798816836
0.577589,8.000002100e-01,0.798786083
0.577687,8.000002660e-01,0.798767745
0.577707,8.000002690e-01,0.798767271
0.577747,8.000002740e-01,0.798763134
0.577827,8.000002850e-01,0.798761531
0.577987,8.000003060e-01,0.798759115
0.578187,8.000003340e-01,0.798752416
0.578387,8.000003610e-01,0.798745268
0.578587,8.000003880e-01,0.798738810
0.578685,8.000004010e-01,0.798736790
0.578705,8.000003980e-01,0.798736216
0.578745,8.000003920e-01,0.798735520
0.578825,8.000003800e-01,0.798741709
0.578985,8.000003570e-01,0.798753136
0.579185,8.000003280e-01,0.798767034
0.579385,8.000002990e-01,0.798780904
0.579585,8.000002690e-01,0.798792892
0.579683,8.000002550e-01,0.798796242
0.579703,8.000002740e-01,0.798792748
0.579743,8.000003110e-01,0.798780162
0.579823,8.000003850e-01,0.798757705
0.579983,8.000005340e-01,0.798716716
0.580183,8.000007210e-01,0.798659773
0.580383,8.000009070e-01,0.798606950
0.580583,8.000010930e-01,0.798550040
0.580680,8.000011830e-01,0.798518807
0.580700,8.000011900e-01,0.798515979
0.580740,8.000012030e-01,0.798510078
0.580820,8.000012290e-01,0.798505598
0.580980,8.000012800e-01,0.798495119
0.581180,8.000013450e-01,0.798476205
0.581380,8.000014090e-01,0.798463841
0.581580,8.000014740e-01,0.798446413
0.581678,8.000015050e-01,0.798438350
0.581698,8.000015030e-01,0.798436245
0.581738,8.000015000e-01,0.798436162
0.581818,8.000014930e-01,0.798441612
0.581978,8.000014790e-01,0.798447955
0.582178,8.000014620e-01,0.798458743
0.582378,8.000014450e-01,0.798467526
0.582578,8.000014270e-01,0.798477646
0.582676,8.000014190e-01,0.798481412
0.582696,8.000014270e-01,0.798479464
0.582736,8.000014430e-01,0.798474468
0.582816,8.000014750e-01,0.798463187
0.582976,8.000015400e-01,0.798449323
0.583176,8.000016210e-01,0.798430384
0.583376,8.000017020e-01,0.798409481
0.583576,8.000017830e-01,0.798390599
0.583673,8.000018220e-01,0.798376847
0.583693,8.000018170e-01,0.798377675
0.583733,8.000018060e-01,0.798377413
0.583813,8.000017860e-01,0.798385910
0.583973,8.000017440e-01,0.798407135
0.584173,8.000016910e-01,0.798426191
0.584373,8.000016390e-01,0.798448033
0.584573,8.000015860e-01,0.798469070
0.584671,8.000015610e-01,0.798477924
0.584691,8.000015660e-01,0.798475584
0.584731,8.000015770e-01,0.798470439
0.584811,8.000015980e-01,0.798467118
0.584971,8.000016410e-01,0.798455635
0.585171,8.000016940e-01,0.798441857
0.585371,8.000017470e-01,0.798431829
0.585571,8.000018000e-01,0.798418009
0.585669,8.000018260e-01,0.798409525
0.585689,8.000018380e-01,0.798404091
0.585729,8.000018620e-01,0.798396302
0.585809,8.000019110e-01,0.798385229
0.585969,8.000020080e-01,0.798356909
0.586169,8.000021290e-01,0.798321997
0.586369,8.000022500e-01,0.798290479
0.586569,8.000023710e-01,0.798254416
0.586667,8.000024310e-01,0.798234188
0.586687,8.000024530e-01,0.798228151
0.586727,8.000024960e-01,0.798215866
0.586807,8.000025840e-01,0.798190854
0.586967,8.000027590e-01,0.798141769
0.587167,8.000029770e-01,0.798078570
0.587367,8.000031960e-01,0.798012000
0.587567,8.000034140e-01,0.797947011
0.587664,8.000035200e-01,0.797914269
0.587684,8.000035260e-01,0.797909509
0.587724,8.000035370e-01,0.797903428
0.587804,8.000035600e-01,0.797897894
0.587964,8.000036050e-01,0.797890801
0.588164,8.000036620e-01,0.797878513
0.588364,8.000037190e-01,0.797863216
0.588564,8.000037760e-01,0.797851551
0.588662,8.000038040e-01,0.797842515
0.588682,8.000037980e-01,0.797842658
0.588722,8.000037870e-01,0.797844345
0.588802,8.000037640e-01,0.797854000
0.588962,8.000037180e-01,0.797874774
0.589162,8.000036610e-01,0.797894085
0.589362,8.000036050e-01,0.797920740
0.589562,8.000035480e-01,0.797944984
0.589660,8.000035200e-01,0.797954203
0.589680,8.000035020e-01,0.797955939
0.589720,8.000034660e-01,0.797966939
0.589800,8.000033950e-01,0.797993257
0.589960,8.000032520e-01,0.798044160
0.590160,8.000030740e-01,0.798105527
0.590360,8.000028950e-01,0.798165243
0.590560,8.000027170e-01,0.798229769
0.590658,8.000026300e-01,0.798257898
0.590678,8.000026210e-01,0.798260579
0.590718,8.000026040e-01,0.798265492
0.590798,8.000025700e-01,0.798278886
0.590958,8.000025010e-01,0.798306859
0.591158,8.000024160e-01,0.798337680
0.591358,8.000023300e-01,0.798373264
0.591558,8.000022450e-01,0.798406514
0.591655,8.000022030e-01,0.798419099
0.591675,8.000022030e-01,0.798419319
0.591715,8.000022010e-01,0.798421328
0.591795,8.000021990e-01,0.798423138
0.591955,8.000021930e-01,0.798430115
0.592155,8.000021870e-01,0.798437461
0.592355,8.000021800e-01,0.798439906
0.592555,8.000021730e-01,0.798451235
0.592653,8.000021700e-01,0.798449554
0.592673,8.000021560e-01,0.798452700
0.592713,8.000021280e-01,0.798460766
0.592793,8.000020720e-01,0.798481037
0.592953,8.000019590e-01,0.798520602
0.593153,8.000018180e-01,0.798570090
0.593353,8.000016780e-01,0.798617329
0.593553,8.000015370e-01,0.798662566
0.593651,8.000014680e-01,0.798688631
0.593671,8.000014660e-01,0.798688688
0.593711,8.000014620e-01,0.798689386
0.593791,8.000014550e-01,0.798692385
0.593951,8.000014410e-01,0.798700245
0.594151,8.000014220e-01,0.798711237
0.594351,8.000014040e-01,0.798721740
0.594551,8.000013860e-01,0.798731128
0.594649,8.000013770e-01,0.798733788
0.594669,8.000013750e-01,0.798732945
0.594709,8.000013700e-01,0.798735439
0.594789,8.000013600e-01,0.798741437
0.594949,8.000013410e-01,0.798749419
0.595149,8.000013180e-01,0.798766502
0.595349,8.000012940e-01,0.798774713
0.595549,8.000012700e-01,0.798781891
0.595646,8.000012580e-01,0.798789085
0.595666,8.000012450e-01,0.798790592
0.595706,8.000012170e-01,0.798800337
0.595786,8.000011620e-01,0.798821069
0.595946,8.000010520e-01,0.798857513
0.596146,8.000009150e-01,0.798905808
0.596346,8.000007780e-01,0.798948527
0.596546,8.000006400e-01,0.798993331
0.596644,8.000005730e-01,0.799015242
0.596664,8.000005730e-01,0.799017555
0.596704,8.000005730e-01,0.799017778
0.596784,8.000005730e-01,0.799016722
0.596944,8.000005730e-01,0.799023215
0.597144,8.000005730e-01,0.799024927
0.597344,8.000005730e-01,0.799031242
0.597544,8.000005730e-01,0.799034676
0.597642,8.000005730e-01,0.799032418
0.597662,8.000005770e-01,0.799033454
0.597702,8.000005850e-01,0.799030239
0.597782,8.000006020e-01,0.799026127
0.597942,8.000006350e-01,0.799019530
0.598142,8.000006760e-01,0.799006612
0.598342,8.000007180e-01,0.798996818
0.598542,8.000007600e-01,0.798985236
0.598639,8.000007800e-01,0.798980433
0.598659,8.000007470e-01,0.798985415
0.598699,8.000006830e-01,0.799002447
0.598779,8.000005530e-01,0.799046458
0.598939,8.000002940e-01,0.799131892
0.599139,7.999999700e-01,0.799239643
0.599339,7.999996460e-01,0.799342751
0.599539,7.999993220e-01,0.799447866
0.599637,7.999991630e-01,0.799496831
0.599657,7.999991630e-01,0.799498464
0.599697,7.999991630e-01,0.799501220
0.599777,7.999991630e-01,0.799500493
0.599937,7.999991630e-01,0.799503650
0.600137,7.999991630e-01,0.799509291
0.600337,7.999991630e-01,0.799508015
0.600537,7.999991630e-01,0.799512685
0.600635,7.999991630e-01,0.799512629
0.600655,7.999991570e-01,0.799512675
0.600695,7.999991450e-01,0.799515509
0.600775,7.999991210e-01,0.799523525
0.600935,7.999990720e-01,0.799540706
0.601135,7.999990120e-01,0.799563773
0.601335,7.999989510e-01,0.799588395
0.601535,7.999988910e-01,0.799609295
0.601633,7.999988610e-01,0.799616237
0.601653,7.999988990e-01,0.799608677
0.601693,7.999989760e-01,0.799587733
0.601773,7.999991290e-01,0.799538563
0.601933,7.999994350e-01,0.799447318
0.602133,7.999998170e-01,0.799325262
0.602333,8.000001990e-01,0.799206629
0.602533,8.000005810e-01,0.799090719
0.602630,8.000007670e-01,0.799026344
0.602650,8.000007840e-01,0.799018968
0.602690,8.000008180e-01,0.799005608
0.602770,8.000008860e-01,0.798985876
0.602930,8.000010220e-01,0.798945459
0.603130,8.000011920e-01,0.798893769
0.603330,8.000013630e-01,0.798847275
0.603530,8.000015330e-01,0.798794177
0.603628,8.000016160e-01,0.798766047
0.603648,8.000016430e-01,0.798758920
0.603688,8.000016970e-01,0.798740915
0.603768,8.000018040e-01,0.798706874
0.603928,8.000020190e-01,0.798646862
0.604128,8.000022880e-01,0.798564268
0.604328,8.000025570e-01,0.798480559
0.604528,8.000028250e-01,0.798394371
0.604626,8.000029570e-01,0.798355956
0.604646,8.000029620e-01,0.798351345
0.604686,8.000029720e-01,0.798346351
0.604766,8.000029930e-01,0.798341434
0.604926,8.000030340e-01,0.798331208
0.605126,8.000030860e-01,0.798324383
0.605326,8.000031380e-01,0.798311435
0.605526,8.000031900e-01,0.798300788
0.605624,8.000032150e-01,0.798295131
0.605644,8.000032000e-01,0.798296441
0.605684,8.000031700e-01,0.798302742
0.605764,8.000031100e-01,0.798322968
0.605924,8.000029910e-01,0.798366566
0.606124,8.000028410e-01,0.798418774
0.606324,8.000026920e-01,0.798473005
0.606524,8.000025420e-01,0.798525534
0.606621,8.000024700e-01,0.798545691
0.606641,8.000024880e-01,0.798542144
0.606681,8.000025250e-01,0.798532677
0.606761,8.000026000e-01,0.798509377
0.606921,8.000027480e-01,0.798466462
0.607121,8.000029330e-01,0.798417023
0.607321,8.000031190e-01,0.798362950
0.607521,8.000033040e-01,0.798304729
0.607619,8.000033950e-01,0.798279496
0.607639,8.000034040e-01,0.798277038
0.607679,8.000034220e-01,0.798271253
0.607759,8.000034570e-01,0.798263067
0.607919,8.000035270e-01,0.798245617
0.608119,8.000036140e-01,0.798219554
0.608319,8.000037020e-01,0.798198489
0.608519,8.000037900e-01,0.798172525
0.608617,8.000038330e-01,0.798161184
0.608637,8.000038410e-01,0.798157599
0.608677,8.000038580e-01,0.798151613
0.608757,8.000038930e-01,0.798142749
0.608917,8.000039610e-01,0.798125970
0.609117,8.000040470e-01,0.798103159
0.609317,8.000041330e-01,0.798082516
0.609517,8.000042180e-01,0.798061488
0.609615,8.000042600e-01,0.798045589
0.609635,8.000042660e-01,0.798045383
0.609675,8.000042780e-01,0.798039956
0.609755,8.000043020e-01,0.798031599
0.609915,8.000043510e-01,0.798024265
0.610115,8.000044110e-01,0.798008862
0.610315,8.000044710e-01,0.797996483
0.610515,8.000045310e-01,0.797982114
0.610612,8.000045600e-01,0.797974380
0.610632,8.000045720e-01,0.797969072
0.610672,8.000045960e-01,0.797961101
0.610752,8.000046440e-01,0.797948263
0.610912,8.000047390e-01,0.797922448
0.611112,8.000048570e-01,0.797888553
0.611312,8.000049760e-01,0.797859670
0.611512,8.000050950e-01,0.797827278
0.611610,8.000051530e-01,0.797809592
0.611630,8.000051590e-01,0.797806656
0.611670,8.000051710e-01,0.797801320
0.611750,8.000051950e-01,0.797795857
0.611910,8.000052420e-01,0.797789137
0.612110,8.000053010e-01,0.797777033
0.612310,8.000053600e-01,0.797762576
0.612510,8.000054190e-01,0.797750144
0.612608,8.000054480e-01,0.797741851
0.612628,8.000054440e-01,0.797742974
0.612668,8.000054370e-01,0.797743625
0.612748,8.000054230e-01,0.797749401
0.612908,8.000053940e-01,0.797766053
0.613108,8.000053570e-01,0.797781942
0.613308,8.000053210e-01,0.797801378
0.613508,8.000052850e-01,0.797813069
0.613605,8.000052670e-01,0.797820986
0.613625,8.000052580e-01,0.797823915
0.613665,8.000052410e-01,0.797830531
0.613745,8.000052060e-01,0.797843019
0.613905,8.000051360e-01,0.797869641
0.614105,8.000050490e-01,0.797903164
0.614305,8.000049620e-01,0.797936167
0.614505,8.000048750e-01,0.797966969
0.614603,8.000048320e-01,0.797984048
0.614623,8.000048020e-01,0.797990364
0.614663,8.000047420e-01,0.798006045
0.614743,8.000046210e-01,0.798049291
0.614903,8.000043810e-01,0.798128153
0.615103,8.000040800e-01,0.798228806
0.615303,8.000037790e-01,0.798329516
0.615503,8.000034780e-01,0.798429907
0.615601,8.000033310e-01,0.798478490
0.615621,8.000033140e-01,0.798482267
0.615661,8.000032810e-01,0.798492642
0.615741,8.000032150e-01,0.798515041
0.615901,8.000030820e-01,0.798561665
0.616101,8.000029150e-01,0.798620108
0.616301,8.000027490e-01,0.798676540
0.616501,8.000025830e-01,0.798734831
0.616599,8.000025010e-01,0.798757627
0.616619,8.000024990e-01,0.798760196
0.616659,8.000024950e-01,0.798762534
0.616739,8.000024870e-01,0.798764178
0.616899,8.000024700e-01,0.798772203
0.617099,8.000024490e-01,0.798785997
0.617299,8.000024280e-01,0.798795346
0.617499,8.000024080e-01,0.798804305
0.617596,8.000023980e-01,0.798811002
0.617616,8.000024190e-01,0.798805699
0.617656,8.000024620e-01,0.798792944
0.617736,8.000025480e-01,0.798765107
0.617896,8.000027210e-01,0.798714016
0.618096,8.000029360e-01,0.798649644
0.618296,8.000031520e-01,0.798584533
0.618496,8.000033680e-01,0.798520582
0.618594,8.000034730e-01,0.798489021
0.618614,8.000034570e-01,0.798489211
0.618654,8.000034230e-01,0.798496735
0.618734,8.000033570e-01,0.798520839
0.618894,8.000032240e-01,0.798568322
0.619094,8.000030580e-01,0.798628996
0.619294,8.000028920e-01,0.798685027
0.619494,8.000027250e-01,0.798740950
0.619592,8.000026440e-01,0.798765291
0.619612,8.000026330e-01,0.798767534
0.619652,8.000026110e-01,0.798774930
0.619732,8.000025660e-01,0.798790703
0.619892,8.000024770e-01,0.798824122
0.620092,8.000023660e-01,0.798863350
0.620292,8.000022550e-01,0.798901850
0.620492,8.000021440e-01,0.798941203
0.620590,8.000020890e-01,0.798957403
0.620610,8.000021060e-01,0.798953739
0.620650,8.000021410e-01,0.798945082
0.620730,8.000022100e-01,0.798924585
0.620890,8.000023480e-01,0.798884463
0.621090,8.000025210e-01,0.798838074
0.621290,8.000026940e-01,0.798781993
0.621490,8.000028670e-01,0.798728545
0.621587,8.000029510e-01,0.798702474
0.621607,8.000029410e-01,0.798704209
0.621647,8.000029220e-01,0.798710438
0.621727,8.000028830e-01,0.798725347
0.621887,8.000028050e-01,0.798751747
0.622087,8.000027070e-01,0.798784517
0.622287,8.000026100e-01,0.798822917
0.622487,8.000025120e-01,0.798855001
0.622585,8.000024640e-01,0.798872102
0.622605,8.000024670e-01,0.798870048
0.622645,8.000024710e-01,0.798867357
0.622725,8.000024790e-01,0.798868609
0.622885,8.000024960e-01,0.798868399
0.623085,8.000025170e-01,0.798863898
0.623285,8.000025390e-01,0.798861078
0.623485,8.000025600e-01,0.798854537
0.623583,8.000025700e-01,0.798851082
0.623603,8.000025610e-01,0.798850053
0.623643,8.000025430e-01,0.798855080
0.623723,8.000025070e-01,0.798870825
0.623883,8.000024340e-01,0.798897021
0.624083,8.000023430e-01,0.798929503
0.624283,8.000022520e-01,0.798963913
0.624483,8.000021610e-01,0.798996725
0.624580,8.000021170e-01,0.799006420
0.624600,8.000021250e-01,0.799005988
0.624640,8.000021400e-01,0.799003092
0.624720,8.000021720e-01,0.798993423
0.624880,8.000022340e-01,0.798977244
0.625080,8.000023130e-01,0.798958289
0.625280,8.000023910e-01,0.798937917
0.625480,8.000024700e-01,0.798917061
0.625578,8.000025080e-01,0.798904118
0.625598,8.000025070e-01,0.798902723
0.625638,8.000025060e-01,0.798902401
0.625718,8.000025030e-01,0.798905302
0.625878,8.000024970e-01,0.798910004
0.626078,8.000024900e-01,0.798916737
0.626278,8.000024830e-01,0.798924626
0.626478,8.000024750e-01,0.798930237
0.626576,8.000024720e-01,0.798931660
0.626596,8.000024910e-01,0.798925323
0.626636,8.000025290e-01,0.798914004
0.626716,8.000026060e-01,0.798890110
0.626876,8.000027600e-01,0.798847047
0.627076,8.000029520e-01,0.798789869
0.627276,8.000031450e-01,0.798725811
0.627476,8.000033370e-01,0.798670337
0.627574,8.000034310e-01,0.798642820
0.627594,8.000034320e-01,0.798640232
0.627634,8.000034350e-01,0.798639164
0.627714,8.000034410e-01,0.798637734
0.627874,8.000034520e-01,0.798639876
0.628074,8.000034670e-01,0.798641183
0.628274,8.000034810e-01,0.798635485
0.628474,8.000034950e-01,0.798634597
0.628571,8.000035020e-01,0.798633472
0.628591,8.000035040e-01,0.798632015
0.628631,8.000035070e-01,0.798630318
0.628711,8.000035150e-01,0.798630022
0.628871,8.000035300e-01,0.798629403
0.629071,8.000035480e-01,0.798628733
0.629271,8.000035660e-01,0.798625807
0.629471,8.000035850e-01,0.798623170
0.629569,8.000035940e-01,0.798618413
0.629589,8.000035980e-01,0.798615944
0.629629,8.000036050e-01,0.798612090
0.629709,8.000036210e-01,0.798609623
0.629869,8.000036510e-01,0.798603049
0.630069,8.000036900e-01,0.798594951
0.630269,8.000037280e-01,0.798588039
0.630469,8.000037660e-01,0.798573413
0.630567,8.000037850e-01,0.798569847
0.630587,8.000038020e-01,0.798564178
0.630627,8.000038340e-01,0.798554748
0.630707,8.000039000e-01,0.798535681
0.630867,8.000040320e-01,0.798498124
0.631067,8.000041970e-01,0.798450579
0.631267,8.000043610e-01,0.798398174
0.631467,8.000045260e-01,0.798353087
0.631565,8.000046060e-01,0.798325870
0.631585,8.000046110e-01,0.798323436
0.631625,8.000046210e-01,0.798319446
0.631705,8.000046410e-01,0.798315796
0.631865,8.000046800e-01,0.798307392
0.632065,8.000047290e-01,0.798298710
0.632265,8.000047780e-01,0.798288940
0.632465,8.000048270e-01,0.798279236
0.632562,8.000048510e-01,0.798269868
0.632582,8.000048510e-01,0.798269034
0.632622,8.000048500e-01,0.798269536
0.632702,8.000048480e-01,0.798271454
0.632862,8.000048440e-01,0.798273899
0.633062,8.000048390e-01,0.798283050
0.633262,8.000048350e-01,0.798289909
0.633462,8.000048300e-01,0.798290061
0.633560,8.000048270e-01,0.798291883
0.633580,8.000048170e-01,0.798293137
0.633620,8.000047950e-01,0.798301364
0.633700,8.000047520e-01,0.798318647
0.633860,8.000046650e-01,0.798346463
0.634060,8.000045570e-01,0.798389000
0.634260,8.000044490e-01,0.798427720
0.634460,8.000043410e-01,0.798468976
0.634558,8.000042880e-01,0.798481988
0.634578,8.000042830e-01,0.798483429
0.634618,8.000042720e-01,0.798488578
0.634698,8.000042500e-01,0.798496094
0.634858,8.000042070e-01,0.798515821
0.635058,8.000041530e-01,0.798537044
0.635258,8.000040990e-01,0.798558225
0.635458,8.000040450e-01,0.798578399
0.635556,8.000040190e-01,0.798586031
0.635576,8.000040320e-01,0.798582976
0.635616,8.000040580e-01,0.798575100
0.635696,8.000041100e-01,0.798560313
0.635856,8.000042140e-01,0.798533065
0.636056,8.000043440e-01,0.798496515
0.636256,8.000044740e-01,0.798454661
0.636456,8.000046040e-01,0.798418708
0.636553,8.000046670e-01,0.798400687
0.636573,8.000046560e-01,0.798399775
0.636613,8.000046330e-01,0.798405424
0.636693,8.000045870e-01,0.798422072
0.636853,8.000044960e-01,0.798455775
0.637053,8.000043820e-01,0.798501392
0.637253,8.000042680e-01,0.798539065
0.637453,8.000041530e-01,0.798581643
0.637551,8.000040970e-01,0.798598330
0.637571,8.000040950e-01,0.798598322
0.637611,8.000040920e-01,0.798600419
0.637691,8.000040840e-01,0.798604137
0.637851,8.000040690e-01,0.798614483
0.638051,8.000040500e-01,0.798627476
0.638251,8.000040320e-01,0.798631617
0.638451,8.000040130e-01,0.798640395
0.638549,8.000040040e-01,0.798644949
0.638569,8.000039850e-01,0.798648738
0.638609,8.000039480e-01,0.798660300
0.638689,8.000038750e-01,0.798683506
0.638849,8.000037270e-01,0.798733582
0.639049,8.000035420e-01,0.798798581
0.639249,8.000033570e-01,0.798856775
0.639449,8.000031720e-01,0.798917344
0.639546,8.000030830e-01,0.798946327
0.639566,8.000030520e-01,0.798956272
0.639606,8.000029900e-01,0.798975693
0.639686,8.000028660e-01,0.799015933
0.639846,8.000026190e-01,0.799097124
0.640046,8.000023100e-01,0.799198422
0.640246,8.000020010e-01,0.799300135
0.640446,8.000016920e-01,0.799401071
0.640544,8.000015410e-01,0.799449413
0.640564,8.000015380e-01,0.799452255
0.640604,8.000015330e-01,0.799454234
0.640684,8.000015220e-01,0.799456756
0.640844,8.000015010e-01,0.799467131
0.641044,8.000014740e-01,0.799476373
0.641244,8.000014470e-01,0.799492078
0.641444,8.000014200e-01,0.799503906
0.641542,8.000014070e-01,0.799505699
0.641562,8.000014240e-01,0.799501330
0.641602,8.000014590e-01,0.799490918
0.641682,8.000015280e-01,0.799468755
0.641842,8.000016660e-01,0.799427804
0.642042,8.000018390e-01,0.799378148
0.642242,8.000020110e-01,0.799325327
0.642442,8.000021840e-01,0.799272427
0.642540,8.000022690e-01,0.799244101
0.642560,8.000022300e-01,0.799249560
0.642600,8.000021520e-01,0.799270604
0.642680,8.000019960e-01,0.799322492
0.642840,8.000016850e-01,0.799426006
0.643040,8.000012950e-01,0.799555083
0.643240,8.000009060e-01,0.799677916
0.643440,8.000005160e-01,0.799804040
0.643537,8.000003270e-01,0.799860492
0.643557,8.000003150e-01,0.799867567
0.643597,8.000002910e-01,0.799877624
0.643677,8.000002430e-01,0.799893664
0.643837,8.000001470e-01,0.799926770
0.644037,8.000000270e-01,0.799965171
0.644237,7.999999070e-01,0.800003220
0.644437,7.999997870e-01,0.800041311
0.644535,7.999997280e-01,0.800059685
0.644555,7.999997260e-01,0.800060269
0.644595,7.999997210e-01,0.800062132
0.644675,7.999997110e-01,0.800064705
0.644835,7.999996920e-01,0.800073688
0.645035,7.999996670e-01,0.800084502
0.645235,7.999996430e-01,0.800091077
0.645435,7.999996180e-01,0.800097016
0.645533,7.999996060e-01,0.800097580
0.645553,7.999996150e-01,0.800095889
0.645593,7.999996320e-01,0.800091585
0.645673,7.999996670e-01,0.800081745
0.645833,7.999997360e-01,0.800057534
0.646033,7.999998220e-01,0.800030534
0.646233,7.999999080e-01,0.800005893
0.646433,7.999999950e-01,0.799979826
0.646531,8.000000370e-01,0.799964781
0.646551,8.000000380e-01,0.799960608
0.646591,8.000000390e-01,0.799958068
0.646671,8.000000420e-01,0.799956865
0.646831,8.000000470e-01,0.799955964
0.647031,8.000000540e-01,0.799960907
0.647231,8.000000600e-01,0.799958486
0.647431,8.000000670e-01,0.799957270
0.647528,8.000000700e-01,0.799953103
0.647548,8.000000830e-01,0.799949525
0.647588,8.000001070e-01,0.799942795
0.647668,8.000001570e-01,0.799926716
0.647828,8.000002560e-01,0.799897431
0.648028,8.000003790e-01,0.799858231
0.648228,8.000005030e-01,0.799817328
0.648428,8.000006270e-01,0.799781483
0.648526,8.000006870e-01,0.799759184
0.648546,8.000006950e-01,0.799754632
0.648586,8.000007110e-01,0.799747876
0.648666,8.000007430e-01,0.799737426
0.648826,8.000008070e-01,0.799721256
0.649026,8.000008870e-01,0.799698748
0.649226,8.000009660e-01,0.799675345
0.649426,8.000010460e-01,0.799650813
0.649524,8.000010850e-01,0.799635633
0.649544,8.000010850e-01,0.799632947
0.649584,8.000010860e-01,0.799630348
0.649664,8.000010860e-01,0.799633500
0.649824,8.000010860e-01,0.799637105
0.650024,8.000010860e-01,0.799635350
0.650224,8.000010870e-01,0.799637218
0.650424,8.000010870e-01,0.799640241
0.650522,8.000010870e-01,0.799639842
0.650542,8.000010950e-01,0.799636575
0.650582,8.000011110e-01,0.799629593
0.650662,8.000011440e-01,0.799620722
0.650822,8.000012080e-01,0.799604421
0.651022,8.000012890e-01,0.799579991
0.651222,8.000013690e-01,0.799559649
0.651422,8.000014500e-01,0.799534117
0.651519,8.000014890e-01,0.799520047
0.651539,8.000014980e-01,0.799516292
0.651579,8.000015180e-01,0.799509264
0.651659,8.000015560e-01,0.799498936
0.651819,8.000016340e-01,0.799479506
0.652019,8.000017300e-01,0.799452445
0.652219,8.000018270e-01,0.799423348
0.652419,8.000019240e-01,0.799397046
0.652517,8.000019710e-01,0.799382438
0.652537,8.000019920e-01,0.799376537
0.652577,8.000020330e-01,0.799363888
0.652657,8.000021150e-01,0.799336212
0.652817,8.000022800e-01,0.799287955
0.653017,8.000024860e-01,0.799223368
0.653217,8.000026920e-01,0.799162072
0.653417,8.000028980e-01,0.799099932
0.653515,8.000029990e-01,0.799067274
0.653535,8.000029920e-01,0.799064384
0.653575,8.000029780e-01,0.799065940
0.653655,8.000029500e-01,0.799078372
0.653815,8.000028940e-01,0.799097416
0.654015,8.000028250e-01,0.799123396
0.654215,8.000027550e-01,0.799147486
0.654415,8.000026850e-01,0.799172407
0.654512,8.000026510e-01,0.799179901
0.654532,8.000026360e-01,0.799182923
0.654572,8.000026040e-01,0.799192481
0.654652,8.000025410e-01,0.799217053
0.654812,8.000024150e-01,0.799258506
0.655012,8.000022570e-01,0.799309993
0.655212,8.000021000e-01,0.799362077
0.655412,8.000019420e-01,0.799413729
0.655510,8.000018650e-01,0.799438170
0.655530,8.000018820e-01,0.799436329
0.655570,8.000019170e-01,0.799426042
0.655650,8.000019860e-01,0.799402462
0.655810,8.000021230e-01,0.799364877
0.656010,8.000022950e-01,0.799315445
0.656210,8.000024680e-01,0.799260995
0.656410,8.000026400e-01,0.799205876
0.656508,8.000027240e-01,0.799178142
0.656528,8.000027270e-01,0.799173881
0.656568,8.000027340e-01,0.799169424
0.656648,8.000027470e-01,0.799167821
0.656808,8.000027730e-01,0.799159857
0.657008,8.000028060e-01,0.799155669
0.657208,8.000028380e-01,0.799148329
0.657408,8.000028710e-01,0.799139647
0.657506,8.000028870e-01,0.799133662
0.657526,8.000029070e-01,0.799128503
0.657566,8.000029480e-01,0.799116679
0.657646,8.000030290e-01,0.799091965
0.657806,8.000031910e-01,0.799042143
0.658006,8.000033940e-01,0.798983489
0.658206,8.000035960e-01,0.798923568
0.658406,8.000037990e-01,0.798861023
0.658503,8.000038980e-01,0.798828249
0.658523,8.000038930e-01,0.798826727
0.658563,8.000038850e-01,0.798829109
0.658643,8.000038680e-01,0.798836963
0.658803,8.000038350e-01,0.798851229
0.659003,8.000037930e-01,0.798867495
0.659203,8.000037500e-01,0.798883788
0.659403,8.000037080e-01,0.798902453
0.659501,8.000036880e-01,0.798910747
0.659521,8.000036960e-01,0.798907206
0.659561,8.000037120e-01,0.798902609
0.659641,8.000037450e-01,0.798892849
0.659801,8.000038110e-01,0.798874058
0.660001,8.000038930e-01,0.798854049
0.660201,8.000039750e-01,0.798830225
0.660401,8.000040570e-01,0.798810050
0.660499,8.000040980e-01,0.798794980
0.660519,8.000040660e-01,0.798798509
0.660559,8.000040020e-01,0.798815154
0.660639,8.000038740e-01,0.798860501
0.660799,8.000036180e-01,0.798942442
0.660999,8.000032980e-01,0.799050718
0.661199,8.000029780e-01,0.799156556
0.661399,8.000026580e-01,0.799259271
0.661497,8.000025010e-01,0.799309954
0.661517,8.000024930e-01,0.799313930
0.661557,8.000024770e-01,0.799319771
0.661637,8.000024450e-01,0.799330541
0.661797,8.000023800e-01,0.799354259
0.661997,8.000023000e-01,0.799386052
0.662197,8.000022190e-01,0.799416415
0.662397,8.000021390e-01,0.799443773
0.662494,8.000021000e-01,0.799454819
0.662514,8.000021000e-01,0.799454359
0.662554,8.000021020e-01,0.799455081
0.662634,8.000021050e-01,0.799457028
0.662794,8.000021110e-01,0.799455275
0.662994,8.000021180e-01,0.799457405
0.663194,8.000021250e-01,0.799457882
0.663394,8.000021330e-01,0.799456372
0.663492,8.000021370e-01,0.799453401
0.663512,8.000021190e-01,0.799454617
0.663552,8.000020830e-01,0.799463707
0.663632,8.000020130e-01,0.799488785
0.663792,8.000018710e-01,0.799534898
0.663992,8.000016940e-01,0.799594407
0.664192,8.000015160e-01,0.799654303
0.664392,8.000013390e-01,0.799714143
0.664490,8.000012520e-01,0.799739601
0.664510,8.000012550e-01,0.799739538
0.664550,8.000012610e-01,0.799736478
0.664630,8.000012720e-01,0.799733765
0.664790,8.000012940e-01,0.799730625
0.664990,8.000013220e-01,0.799723722
0.665190,8.000013500e-01,0.799719575
0.665390,8.000013770e-01,0.799709561
0.665488,8.000013910e-01,0.799706298
0.665508,8.000013860e-01,0.799706305
0.665548,8.000013770e-01,0.799707177
0.665628,8.000013590e-01,0.799712867
0.665788,8.000013220e-01,0.799730397
0.665988,8.000012750e-01,0.799745314
0.666188,8.000012290e-01,0.799761250
0.666388,8.000011830e-01,0.799779493
0.666485,8.000011610e-01,0.799784019
0.666505,8.000011580e-01,0.799783582
0.666545,8.000011540e-01,0.799786980
0.666625,8.000011440e-01,0.799791084
0.666785,8.000011260e-01,0.799798323
0.666985,8.000011030e-01,0.799809245
0.667185,8.000010790e-01,0.799818054
0.667385,8.000010560e-01,0.799827077
0.667483,8.000010450e-01,0.799828109
0.667503,8.000010700e-01,0.799821251
0.667543,8.000011190e-01,0.799808242
0.667623,8.000012190e-01,0.799775714
0.667783,8.000014180e-01,0.799715763
0.667983,8.000016670e-01,0.799641861
0.668183,8.000019160e-01,0.799564594
0.668383,8.000021650e-01,0.799490534
0.668481,8.000022870e-01,0.799448743
0.668501,8.000022910e-01,0.799445190
0.668541,8.000022980e-01,0.799438484
0.668621,8.000023140e-01,0.799434360
0.668781,8.000023440e-01,0.799428480
0.668981,8.000023820e-01,0.799416904
0.669181,8.000024200e-01,0.799406821
0.669381,8.000024580e-01,0.799394654
0.669478,8.000024770e-01,0.799387955
0.669498,8.000024730e-01,0.799387654
0.669538,8.000024650e-01,0.799391079
0.669618,8.000024480e-01,0.799398616
0.669778,8.000024160e-01,0.799410067
0.669978,8.000023750e-01,0.799425832
0.670178,8.000023350e-01,0.799437554
0.670378,8.000022940e-01,0.799455934
0.670476,8.000022740e-01,0.799463331
0.670496,8.000022550e-01,0.799465570
0.670536,8.000022170e-01,0.799474846
0.670616,8.000021410e-01,0.799502684
0.670776,8.000019900e-01,0.799554598
0.670976,8.000018000e-01,0.799618156
0.671176,8.000016100e-01,0.799681067
0.671376,8.000014200e-01,0.799744755
0.671474,8.000013270e-01,0.799770538
0.671494,8.000013150e-01,0.799774593
0.671534,8.000012910e-01,0.799782333
0.671614,8.000012430e-01,0.799796162
0.671774,8.000011470e-01,0.799828987
0.671974,8.000010270e-01,0.799869666
0.672174,8.000009070e-01,0.799907602
0.672374,8.000007870e-01,0.799948680
0.672472,8.000007280e-01,0.799965976
0.672492,8.000007210e-01,0.799967790
0.672532,8.000007080e-01,0.799970098
0.672612,8.000006820e-01,0.799979795
0.672772,8.000006290e-01,0.799999482
0.672972,8.000005630e-01,0.800022993
0.673172,8.000004970e-01,0.800043148
0.673372,8.000004310e-01,0.800063960
0.673469,8.000004000e-01,0.800072190
0.673489,8.000004310e-01,0.800064522
0.673529,8.000004930e-01,0.800046558
0.673609,8.000006190e-01,0.800007740
0.673769,8.000008690e-01,0.799929586
0.673969,8.000011820e-01,0.799830677
0.674169,8.000014950e-01,0.799732484
0.674369,8.000018080e-01,0.799634931
0.674467,8.000019620e-01,0.799585933
0.674487,8.000019660e-01,0.799579809
0.674527,8.000019740e-01,0.799574953
0.674607,8.000019910e-01,0.799571763
0.674767,8.000020240e-01,0.799561950
0.674967,8.000020660e-01,0.799552128
0.675167,8.000021070e-01,0.799540914
0.675367,8.000021490e-01,0.799531824
0.675465,8.000021690e-01,0.799521543
0.675485,8.000021760e-01,0.799518724
0.675525,8.000021890e-01,0.799514366
0.675605,8.000022150e-01,0.799507069
0.675765,8.000022680e-01,0.799493870
0.675965,8.000023340e-01,0.799475085
0.676165,8.000024000e-01,0.799456462
0.676365,8.000024660e-01,0.799437892
0.676463,8.000024980e-01,0.799426182
0.676483,8.000025180e-01,0.799419783
0.676523,8.000025580e-01,0.799407884
0.676603,8.000026360e-01,0.799386042
0.676763,8.000027940e-01,0.799336225
0.676963,8.000029920e-01,0.799277251
0.677163,8.000031890e-01,0.799214371
0.677363,8.000033860e-01,0.799155168
0.677460,8.000034820e-01,0.799121226
0.677480,8.000034750e-01,0.799120790
0.677520,8.000034610e-01,0.799122737
0.677600,8.000034330e-01,0.799134672
0.677760,8.000033770e-01,0.799154635
0.677960,8.000033070e-01,0.799178459
0.678160,8.000032370e-01,0.799207353
0.678360,8.000031670e-01,0.799228986
0.678458,8.000031330e-01,0.799238506
0.678478,8.000031610e-01,0.799231271
0.678518,8.000032180e-01,0.799214810
0.678598,8.000033310e-01,0.799181394
0.678758,8.000035570e-01,0.799116486
0.678958,8.000038390e-01,0.799030691
0.679158,8.000041220e-01,0.798943529
0.679358,8.000044040e-01,0.798857062
0.679456,8.000045430e-01,0.798812061
0.679476,8.000045210e-01,0.798813230
0.679516,8.000044760e-01,0.798823215
0.679596,8.000043880e-01,0.798857715
0.679756,8.000042100e-01,0.798915695
0.679956,8.000039880e-01,0.798989382
0.680156,8.000037660e-01,0.799068198
0.680356,8.000035450e-01,0.799137255
0.680454,8.000034360e-01,0.799170886
0.680474,8.000034200e-01,0.799176129
0.680514,8.000033890e-01,0.799185842
0.680594,8.000033270e-01,0.799208540
0.680754,8.000032020e-01,0.799250712
0.680954,8.000030460e-01,0.799300069
0.681154,8.000028900e-01,0.799351356
0.681354,8.000027340e-01,0.799403733
0.681451,8.000026580e-01,0.799427805
0.681471,8.000026740e-01,0.799423970
0.681511,8.000027050e-01,0.799416130
0.681591,8.000027670e-01,0.799396360
0.681751,8.000028920e-01,0.799358834
0.681951,8.000030480e-01,0.799314908
0.682151,8.000032050e-01,0.799267664
0.682351,8.000033610e-01,0.799221345
0.682449,8.000034370e-01,0.799195551
0.682469,8.000034380e-01,0.799190270
0.682509,8.000034400e-01,0.799188933
0.682589,8.000034430e-01,0.799191454
0.682749,8.000034490e-01,0.799191227
0.682949,8.000034570e-01,0.799194133
0.683149,8.000034650e-01,0.799190318
0.683349,8.000034730e-01,0.799192533
0.683447,8.000034770e-01,0.799188472
0.683467,8.000034910e-01,0.799186569
0.683507,8.000035190e-01,0.799178074
0.683587,8.000035740e-01,0.799159872
0.683747,8.000036850e-01,0.799129689
0.683947,8.000038250e-01,0.799088275
0.684147,8.000039640e-01,0.799048346
0.684347,8.000041030e-01,0.799004313
0.684444,8.000041700e-01,0.798983295
0.684464,8.000041610e-01,0.798985195
0.684504,8.000041410e-01,0.798989627
0.684584,8.000041020e-01,0.799001433
0.684744,8.000040230e-01,0.799028816
0.684944,8.000039240e-01,0.799066785
0.685144,8.000038260e-01,0.799101407
0.685344,8.000037280e-01,0.799134342
0.685442,8.000036790e-01,0.799148960
0.685462,8.000036830e-01,0.799145838
0.685502,8.000036900e-01,0.799142864
0.685582,8.000037050e-01,0.799140915
0.685742,8.000037340e-01,0.799132781
0.685942,8.000037700e-01,0.799125421
0.686142,8.000038060e-01,0.799118809
0.686342,8.000038430e-01,0.799109711
0.686440,8.000038600e-01,0.799101796
0.686460,8.000038360e-01,0.799105842
0.686500,8.000037870e-01,0.799118285
0.686580,8.000036900e-01,0.799152381
0.686740,8.000034950e-01,0.799218189
0.686940,8.000032510e-01,0.799300420
0.687140,8.000030070e-01,0.799378981
0.687340,8.000027630e-01,0.799457917
0.687438,8.000026440e-01,0.799496169
0.687458,8.000026250e-01,0.799501728
0.687498,8.000025870e-01,0.799513618
0.687578,8.000025110e-01,0.799537713
0.687738,8.000023590e-01,0.799591862
0.687938,8.000021700e-01,0.799657145
0.688138,8.000019800e-01,0.799719446
0.688338,8.000017910e-01,0.799784858
0.688435,8.000016990e-01,0.799809302
0.688455,8.000016770e-01,0.799814034
0.688495,8.000016340e-01,0.799828949
0.688575,8.000015460e-01,0.799859370
0.688735,8.000013720e-01,0.799915267
0.688935,8.000011540e-01,0.799987797
0.689135,8.000009360e-01,0.800057721
0.689335,8.000007180e-01,0.800128436
0.689433,8.000006110e-01,0.800158928
0.689453,8.000006220e-01,0.800157821
0.689493,8.000006440e-01,0.800150656
0.689573,8.000006880e-01,0.800136552
0.689733,8.000007760e-01,0.800114154
0.689933,8.000008870e-01,0.800075918
0.690133,8.000009970e-01,0.800042037
0.690333,8.000011070e-01,0.800008190
0.690431,8.000011610e-01,0.799991320
0.690451,8.000011460e-01,0.799990506
0.690491,8.000011160e-01,0.799995792
0.690571,8.000010570e-01,0.800016927
0.690731,8.000009370e-01,0.800056698
0.690931,8.000007880e-01,0.800107838
0.691131,8.000006390e-01,0.800153929
0.691331,8.000004900e-01,0.800201449
0.691429,8.000004170e-01,0.800224826
0.691449,8.000003970e-01,0.800228708
0.691489,8.000003570e-01,0.800238313
0.691569,8.000002760e-01,0.800265463
0.691729,8.000001150e-01,0.800317815
0.691929,7.999999140e-01,0.800385606
0.692129,7.999997130e-01,0.800450360
0.692329,7.999995120e-01,0.800515852
0.692426,7.999994150e-01,0.800545613
0.692446,7.999994150e-01,0.800544662
0.692486,7.999994150e-01,0.800546368
0.692566,7.999994150e-01,0.800548686
0.692726,7.999994150e-01,0.800547410
0.692926,7.999994150e-01,0.800548632
0.693126,7.999994150e-01,0.800549447
0.693326,7.999994150e-01,0.800551580
0.693424,7.999994150e-01,0.800547982
0.693444,7.999994070e-01,0.800548967
0.693484,7.999993930e-01,0.800550924
0.693564,7.999993630e-01,0.800561073
0.693724,7.999993050e-01,0.800583580
0.693924,7.999992310e-01,0.800607558
0.694124,7.999991580e-01,0.800631722
0.694324,7.999990840e-01,0.800654040
0.694422,7.999990480e-01,0.800663058
0.694442,7.999990460e-01,0.800663580
0.694482,7.999990420e-01,0.800663314
0.694562,7.999990330e-01,0.800664055
0.694722,7.999990150e-01,0.800672545
0.694922,7.999989930e-01,0.800682262
0.695122,7.999989710e-01,0.800686466
0.695322,7.999989490e-01,0.800694056
0.695420,7.999989380e-01,0.800695233
0.695440,7.999989120e-01,0.800698701
0.695480,7.999988590e-01,0.800712721
0.695560,7.999987540e-01,0.800746910
0.695720,7.999985450e-01,0.800815603
0.695920,7.999982820e-01,0.800899889
0.696120,7.999980200e-01,0.800983875
0.696320,7.999977580e-01,0.801068235
0.696417,7.999976310e-01,0.801104277
0.696437,7.999976370e-01,0.801106462
0.696477,7.999976480e-01,0.801104313
0.696557,7.999976720e-01,0.801096201
0.696717,7.999977180e-01,0.801080593
0.696917,7.999977760e-01,0.801061590
0.697117,7.999978340e-01,0.801043362
0.697317,7.999978920e-01,0.801023542
0.697415,7.999979210e-01,0.801011986
0.697435,7.999979310e-01,0.801007120
0.697475,7.999979500e-01,0.800998403
0.697555,7.999979900e-01,0.800985909
0.697715,7.999980690e-01,0.800961550
0.697915,7.999981680e-01,0.800930336
0.698115,7.999982670e-01,0.800899060
0.698315,7.999983660e-01,0.800866809
0.698413,7.999984140e-01,0.800848505
0.698433,7.999983930e-01,0.800851771
0.698473,7.999983510e-01,0.800862603
0.698553,7.999982670e-01,0.800890185
0.698713,7.999980990e-01,0.800941517
0.698913,7.999978880e-01,0.801011147
0.699113,7.999976780e-01,0.801080360
0.699313,7.999974680e-01,0.801148165
0.699410,7.999973660e-01,0.801176676
0.699430,7.999973810e-01,0.801173800
0.699470,7.999974100e-01,0.801165611
0.699550,7.999974690e-01,0.801148041
0.699710,7.999975870e-01,0.801112603
0.699910,7.999977340e-01,0.801066313
0.700110,7.999978810e-01,0.801018670
0.700310,7.999980280e-01,0.800967674
0.700408,7.999981010e-01,0.800944216
0.700428,7.999981300e-01,0.800935828
0.700468,7.999981870e-01,0.800916374
0.700548,7.999983030e-01,0.800878412
0.700708,7.999985350e-01,0.800808116
0.700908,7.999988250e-01,0.800714911
0.701108,7.999991140e-01,0.800622429
0.701308,7.999994040e-01,0.800530177
0.701406,7.999995460e-01,0.800483224
0.701426,7.999995570e-01,0.800478276
0.701466,7.999995800e-01,0.800469680
0.701546,7.999996260e-01,0.800455126
0.701706,7.999997180e-01,0.800424639
0.701906,7.999998330e-01,0.800391303
0.702106,7.999999480e-01,0.800358107
0.702306,8.000000630e-01,0.800321990
0.702404,8.000001200e-01,0.800301338
0.702424,8.000001160e-01,0.800300510
0.702464,8.000001080e-01,0.800300511
0.702544,8.000000930e-01,0.800306667
0.702704,8.000000620e-01,0.800319501
0.702904,8.000000240e-01,0.800330964
0.703104,7.999999850e-01,0.800345734
0.703304,7.999999470e-01,0.800357442
0.703401,7.999999280e-01,0.800363574
0.703421,7.999999330e-01,0.800361155
0.703461,7.999999410e-01,0.800359098
0.703541,7.999999580e-01,0.800353690
0.703701,7.999999920e-01,0.800343839
0.703901,8.000000350e-01,0.800333324
0.704101,8.000000770e-01,0.800322267
0.704301,8.000001200e-01,0.800310707
0.704399,8.000001410e-01,0.800301763
0.704419,8.000001530e-01,0.800298068
0.704459,8.000001790e-01,0.800290417
0.704539,8.000002310e-01,0.800274599
0.704699,8.000003330e-01,0.800242081
0.704899,8.000004620e-01,0.800202648
0.705099,8.000005910e-01,0.800163530
0.705299,8.000007190e-01,0.800125735
0.705397,8.000007820e-01,0.800103672
0.705417,8.000007850e-01,0.800101317
0.705457,8.000007890e-01,0.800097192
0.705537,8.000007990e-01,0.800093715
0.705697,8.000008190e-01,0.800091270
0.705897,8.000008430e-01,0.800087542
0.706097,8.000008680e-01,0.800079103
0.706297,8.000008930e-01,0.800071682
0.706395,8.000009050e-01,0.800066458
0.706415,8.000009100e-01,0.800065364
0.706455,8.000009200e-01,0.800060868
0.706535,8.000009400e-01,0.800054395
0.706695,8.000009800e-01,0.800042760
0.706895,8.000010310e-01,0.800029713
0.707095,8.000010820e-01,0.800016004
0.707295,8.000011320e-01,0.800001341
0.707392,8.000011570e-01,0.799991576
0.707412,8.000011680e-01,0.799986683
0.707452,8.000011910e-01,0.799980113
0.707532,8.000012370e-01,0.799967618
0.707692,8.000013300e-01,0.799938296
0.707892,8.000014450e-01,0.799904448
0.708092,8.000015610e-01,0.799870704
0.708292,8.000016760e-01,0.799836963
0.708390,8.000017330e-01,0.799815220
0.708410,8.000017390e-01,0.799811953
0.708450,8.000017520e-01,0.799806554
0.708530,8.000017780e-01,0.799800412
0.708690,8.000018290e-01,0.799786083
0.708890,8.000018940e-01,0.799769805
0.709090,8.000019590e-01,0.799752554
0.709290,8.000020230e-01,0.799734692
0.709388,8.000020550e-01,0.799724296
0.709408,8.000020620e-01,0.799720173
0.709448,8.000020750e-01,0.799713565
0.709528,8.000021030e-01,0.799706336
0.709688,8.000021580e-01,0.799689888
0.709888,8.000022260e-01,0.799672089
0.710088,8.000022950e-01,0.799651889
0.710288,8.000023640e-01,0.799630506
0.710385,8.000023970e-01,0.799619658
0.710405,8.000024280e-01,0.799610292
0.710445,8.000024880e-01,0.799591974
0.710525,8.000026100e-01,0.799555898
0.710685,8.000028520e-01,0.799482199
0.710885,8.000031560e-01,0.799389351
0.711085,8.000034590e-01,0.799293561
0.711285,8.000037620e-01,0.799200003
0.711383,8.000039110e-01,0.799150439
0.711403,8.000039150e-01,0.799145854
0.711443,8.000039230e-01,0.799140103
0.711523,8.000039400e-01,0.799137746
0.711683,8.000039730e-01,0.799130845
0.711883,8.000040140e-01,0.799118057
0.712083,8.000040550e-01,0.799112761
0.712283,8.000040970e-01,0.799101896
0.712381,8.000041170e-01,0.799097435
0.712401,8.000041080e-01,0.799097384
0.712441,8.000040890e-01,0.799102287
0.712521,8.000040520e-01,0.799114566
0.712681,8.000039780e-01,0.799142136
0.712881,8.000038860e-01,0.799178518
0.713081,8.000037930e-01,0.799208141
0.713281,8.000037010e-01,0.799236945
0.713379,8.000036550e-01,0.799251081
0.713399,8.000036650e-01,0.799248331
0.713439,8.000036860e-01,0.799243255
0.713519,8.000037270e-01,0.799231430
0.713679,8.000038090e-01,0.799209512
0.713879,8.000039110e-01,0.799183523
0.714079,8.000040130e-01,0.799150682
0.714279,8.000041160e-01,0.799123171
0.714376,8.000041650e-01,0.799107295
0.714396,8.000041660e-01,0.799104696
0.714436,8.000041670e-01,0.799104436
0.714516,8.000041700e-01,0.799106541
0.714676,8.000041760e-01,0.799104217
0.714876,8.000041840e-01,0.799105638
0.715076,8.000041910e-01,0.799107151
0.715276,8.000041980e-01,0.799110096
0.715374,8.000042020e-01,0.799106607
0.715394,8.000042050e-01,0.799104993
0.715434,8.000042120e-01,0.799099733
0.715514,8.000042240e-01,0.799096560
0.715674,8.000042500e-01,0.799093451
0.715874,8.000042810e-01,0.799085339
0.716074,8.000043130e-01,0.799081626
0.716274,8.000043450e-01,0.799073638
0.716372,8.000043600e-01,0.799067751
0.716392,8.000043540e-01,0.799066736
0.716432,8.000043410e-01,0.799071585
0.716512,8.000043150e-01,0.799081287
0.716672,8.000042640e-01,0.799098336
0.716872,8.000042000e-01,0.799125152
0.717072,8.000041360e-01,0.799143341
0.717272,8.000040720e-01,0.799168944
0.717370,8.000040400e-01,0.799176659
0.717390,8.000040450e-01,0.799176358
0.717430,8.000040540e-01,0.799173332
0.717510,8.000040730e-01,0.799167723
0.717670,8.000041100e-01,0.799162428
0.717870,8.000041560e-01,0.799145790
0.718070,8.000042030e-01,0.799134306
0.718270,8.000042490e-01,0.799125125
0.718367,8.000042710e-01,0.799115842
0.718387,8.000042710e-01,0.799113831
0.718427,8.000042700e-01,0.799113796
0.718507,8.000042680e-01,0.799116423
0.718667,8.000042640e-01,0.799119830
0.718867,8.000042590e-01,0.799127995
0.719067,8.000042540e-01,0.799127341
0.719267,8.000042500e-01,0.799130284
0.719365,8.000042470e-01,0.799128108
0.719385,8.000042400e-01,0.799130033
0.719425,8.000042260e-01,0.799134068
0.719505,8.000041970e-01,0.799143558
0.719665,8.000041390e-01,0.799167493
0.719865,8.000040660e-01,0.799192092
0.720065,8.000039940e-01,0.799217146
0.720265,8.000039220e-01,0.799245169
0.720363,8.000038860e-01,0.799255746
0.720383,8.000039030e-01,0.799253315
0.720423,8.000039350e-01,0.799243445
0.720503,8.000040000e-01,0.799222291
0.720663,8.000041290e-01,0.799187821
0.720863,8.000042900e-01,0.799136813
0.721063,8.000044520e-01,0.799087561
0.721263,8.000046140e-01,0.799040702
0.721361,8.000046930e-01,0.799014563
0.721381,8.000047020e-01,0.799011461
0.721421,8.000047190e-01,0.799003674
0.721501,8.000047550e-01,0.798994031
0.721661,8.000048260e-01,0.798975811
0.721861,8.000049140e-01,0.798948119
0.722061,8.000050030e-01,0.798929524
0.722261,8.000050920e-01,0.798906249
0.722358,8.000051350e-01,0.798891057
0.722378,8.000051050e-01,0.798894924
0.722418,8.000050450e-01,0.798911019
0.722498,8.000049260e-01,0.798950965
0.722658,8.000046880e-01,0.799027354
0.722858,8.000043900e-01,0.799129067
0.723058,8.000040910e-01,0.799225372
0.723258,8.000037930e-01,0.799324398
0.723356,8.000036470e-01,0.799369966
0.723376,8.000036330e-01,0.799374258
0.723416,8.000036050e-01,0.799381709
0.723496,8.000035500e-01,0.799401274
0.723656,8.000034380e-01,0.799440083
0.723856,8.000032990e-01,0.799487527
0.724056,8.000031590e-01,0.799535899
0.724256,8.000030200e-01,0.799584087
0.724354,8.000029520e-01,0.799605517
0.724374,8.000029710e-01,0.799599032
0.724414,8.000030110e-01,0.799587394
0.724494,8.000030900e-01,0.799564300
0.724654,8.000032490e-01,0.799516232
0.724854,8.000034470e-01,0.799456850
0.725054,8.000036450e-01,0.799396799
0.725254,8.000038420e-01,0.799337062
0.725351,8.000039380e-01,0.799304618
0.725371,8.000039130e-01,0.799306925
0.725411,8.000038620e-01,0.799319844
0.725491,8.000037600e-01,0.799355158
0.725651,8.000035560e-01,0.799423383
0.725851,8.000033010e-01,0.799509986
0.726051,8.000030460e-01,0.799594956
0.726251,8.000027910e-01,0.799676435
0.726349,8.000026660e-01,0.799715506
0.726369,8.000026540e-01,0.799719298
0.726409,8.000026310e-01,0.799727039
0.726489,8.000025840e-01,0.799743419
0.726649,8.000024900e-01,0.799775143
0.726849,8.000023720e-01,0.799814615
0.727049,8.000022550e-01,0.799853063
0.727249,8.000021370e-01,0.799889778
0.727347,8.000020800e-01,0.799909460
0.727367,8.000020870e-01,0.799907485
0.727407,8.000021010e-01,0.799903299
0.727487,8.000021290e-01,0.799895782
0.727647,8.000021850e-01,0.799880400
0.727847,8.000022550e-01,0.799860253
0.728047,8.000023260e-01,0.799837372
0.728247,8.000023960e-01,0.799816032
0.728345,8.000024300e-01,0.799803227
0.728365,8.000024150e-01,0.799805472
0.728405,8.000023840e-01,0.799811861
0.728485,8.000023210e-01,0.799831913
0.728645,8.000021970e-01,0.799874781
0.728845,8.000020420e-01,0.799922193
0.729045,8.000018870e-01,0.799975125
0.729245,8.000017310e-01,0.800023764
0.729342,8.000016560e-01,0.800045464
0.729362,8.000016620e-01,0.800045110
0.729402,8.000016740e-01,0.800042392
0.729482,8.000016980e-01,0.800034769
0.729642,8.000017470e-01,0.800021449
0.729842,8.000018080e-01,0.800002126
0.730042,8.000018690e-01,0.799981458
0.730242,8.000019290e-01,0.799963928
0.730340,8.000019590e-01,0.799951969
0.730360,8.000019520e-01,0.799951509
0.730400,8.000019380e-01,0.799953220
0.730480,8.000019100e-01,0.799965013
0.730640,8.000018540e-01,0.799984814
0.730840,8.000017830e-01,0.800006763
0.731040,8.000017130e-01,0.800032225
0.731240,8.000016420e-01,0.800053677
0.731338,8.000016080e-01,0.800064290
0.731358,8.000016140e-01,0.800060402
0.731398,8.000016270e-01,0.800055830
0.731478,8.000016520e-01,0.800051017
0.731638,8.000017030e-01,0.800036533
0.731838,8.000017670e-01,0.800019348
0.732038,8.000018310e-01,0.800000397
0.732238,8.000018950e-01,0.799980052
0.732336,8.000019260e-01,0.799966815
0.732356,8.000019260e-01,0.799967281
0.732396,8.000019240e-01,0.799967070
0.732476,8.000019220e-01,0.799964875
0.732636,8.000019180e-01,0.799971124
0.732836,8.000019130e-01,0.799975253
0.733036,8.000019070e-01,0.799977951
0.733236,8.000019020e-01,0.799979901
0.733333,8.000019000e-01,0.799977621
0.733353,8.000018890e-01,0.799978837
0.733393,8.000018690e-01,0.799983102
0.733473,8.000018270e-01,0.799997051
0.733633,8.000017440e-01,0.800022927
0.733833,8.000016410e-01,0.800056751
0.734033,8.000015370e-01,0.800092079
0.734233,8.000014340e-01,0.800127694
0.734331,8.000013830e-01,0.800143498
0.734351,8.000013830e-01,0.800143470
0.734391,8.000013820e-01,0.800144056
0.734471,8.000013810e-01,0.800144005
0.734631,8.000013770e-01,0.800144805
0.734831,8.000013730e-01,0.800149668
0.735031,8.000013700e-01,0.800153019
0.735231,8.000013660e-01,0.800159522
0.735329,8.000013640e-01,0.800158125
0.735349,8.000013740e-01,0.800153819
0.735389,8.000013940e-01,0.800146376
0.735469,8.000014330e-01,0.800135275
0.735629,8.000015130e-01,0.800113057
0.735829,8.000016120e-01,0.800083287
0.736029,8.000017110e-01,0.800051016
0.736229,8.000018110e-01,0.800021858
0.736327,8.000018590e-01,0.800003666
0.736347,8.000018780e-01,0.799996919
0.736387,8.000019170e-01,0.799984412
0.736467,8.000019930e-01,0.799961466
0.736627,8.000021450e-01,0.799914596
0.736827,8.000023360e-01,0.799856094
0.737027,8.000025260e-01,0.799800577
0.737227,8.000027170e-01,0.799738075
0.737324,8.000028090e-01,0.799706156
0.737344,8.000027990e-01,0.799705653
0.737384,8.000027790e-01,0.799711835
0.737464,8.000027380e-01,0.799726822
0.737624,8.000026560e-01,0.799754726
0.737824,8.000025540e-01,0.799791066
0.738024,8.000024510e-01,0.799822735
0.738224,8.000023490e-01,0.799859489
0.738322,8.000022990e-01,0.799870359
0.738342,8.000023130e-01,0.799868925
0.738382,8.000023390e-01,0.799861318
0.738462,8.000023930e-01,0.799841364
0.738622,8.000025010e-01,0.799812645
0.738822,8.000026350e-01,0.799769939
0.739022,8.000027690e-01,0.799725666
0.739222,8.000029040e-01,0.799688747
0.739320,8.000029700e-01,0.799667960
0.739340,8.000029710e-01,0.799665059
0.739380,8.000029730e-01,0.799664163
0.739460,8.000029780e-01,0.799662007
0.739620,8.000029870e-01,0.799662382
0.739820,8.000029990e-01,0.799665419
0.740020,8.000030110e-01,0.799659593
0.740220,8.000030230e-01,0.799659325
0.740317,8.000030290e-01,0.799654828
0.740337,8.000030260e-01,0.799654329
0.740377,8.000030210e-01,0.799655356
0.740457,8.000030110e-01,0.799662025
0.740617,8.000029910e-01,0.799670704
0.740817,8.000029660e-01,0.799684033
0.741017,8.000029410e-01,0.799694398
0.741217,8.000029160e-01,0.799703284
0.741315,8.000029030e-01,0.799707643
0.741335,8.000029260e-01,0.799701547
0.741375,8.000029720e-01,0.799688833
0.741455,8.000030630e-01,0.799661567
0.741615,8.000032450e-01,0.799608694
0.741815,8.000034730e-01,0.799538602
0.742015,8.000037020e-01,0.799468064
0.742215,8.000039300e-01,0.799401287
0.742313,8.000040410e-01,0.799361380
0.742333,8.000040170e-01,0.799363801
0.742373,8.000039680e-01,0.799375307
0.742453,8.000038700e-01,0.799409056
0.742613,8.000036740e-01,0.799472683
0.742813,8.000034290e-01,0.799559094
0.743013,8.000031830e-01,0.799635635
0.743213,8.000029380e-01,0.799717314
0.743311,8.000028180e-01,0.799754836
0.743331,8.000028220e-01,0.799754844
0.743371,8.000028300e-01,0.799752529
0.743451,8.000028450e-01,0.799749899
0.743611,8.000028750e-01,0.799744564
0.743811,8.000029120e-01,0.799734934
0.744011,8.000029500e-01,0.799725875
0.744211,8.000029870e-01,0.799713250
0.744308,8.000030060e-01,0.799706370
0.744328,8.000030040e-01,0.799705753
0.744368,8.000030020e-01,0.799706710
0.744448,8.000029980e-01,0.799708216
0.744608,8.000029890e-01,0.799711621
0.744808,8.000029770e-01,0.799720083
0.745008,8.000029660e-01,0.799724790
0.745208,8.000029550e-01,0.799731147
0.745306,8.000029490e-01,0.799731941
0.745326,8.000029460e-01,0.799732339
0.745366,8.000029400e-01,0.799734418
0.745446,8.000029280e-01,0.799740498
0.745606,8.000029030e-01,0.799750538
0.745806,8.000028720e-01,0.799761960
0.746006,8.000028410e-01,0.799774741
0.746206,8.000028100e-01,0.799783635
0.746304,8.000027950e-01,0.799787526
0.746324,8.000027840e-01,0.799791190
0.746364,8.000027620e-01,0.799796430
0.746444,8.000027180e-01,0.799810897
0.746604,8.000026290e-01,0.799840180
0.746804,8.000025190e-01,0.799876516
0.747004,8.000024090e-01,0.799915654
0.747204,8.000022990e-01,0.799947169
0.747302,8.000022450e-01,0.799965627
0.747322,8.000022500e-01,0.799964431
0.747362,8.000022590e-01,0.799962613
0.747442,8.000022780e-01,0.799957166
0.747602,8.000023160e-01,0.799945827
0.747802,8.000023630e-01,0.799935349
0.748002,8.000024100e-01,0.799918134
0.748202,8.000024580e-01,0.799907708
0.748299,8.000024810e-01,0.799896543
0.748319,8.000024820e-01,0.799893981
0.748359,8.000024860e-01,0.799893055
0.748439,8.000024920e-01,0.799894439
0.748599,8.000025060e-01,0.799889369
0.748799,8.000025230e-01,0.799889133
0.748999,8.000025400e-01,0.799884690
0.749199,8.000025570e-01,0.799877977
0.749297,8.000025650e-01,0.799876673
0.749317,8.000025740e-01,0.799872149
0.749357,8.000025930e-01,0.799865642
0.749437,8.000026310e-01,0.799854553
0.749597,8.000027060e-01,0.799831680
0.749797,8.000028000e-01,0.799808364
0.749997,8.000028940e-01,0.799779370
0.750197,8.000029880e-01,0.799749528
0.750295,8.000030340e-01,0.799732175
0.750315,8.000030240e-01,0.799734353
0.750355,8.000030030e-01,0.799740133
0.750435,8.000029610e-01,0.799753492
0.750595,8.000028770e-01,0.799781444
0.750795,8.000027710e-01,0.799818108
0.750995,8.000026660e-01,0.799853078
0.751195,8.000025610e-01,0.799888148
0.751293,8.000025090e-01,0.799901667
0.751313,8.000025030e-01,0.799902345
0.751353,8.000024920e-01,0.799905736
0.751433,8.000024700e-01,0.799913951
0.751593,8.000024240e-01,0.799931640
0.751793,8.000023680e-01,0.799953749
0.751993,8.000023110e-01,0.799973146
0.752193,8.000022550e-01,0.799989794
0.752290,8.000022270e-01,0.799996288
0.752310,8.000022180e-01,0.799999940
0.752350,8.000021980e-01,0.800006100
0.752430,8.000021590e-01,0.800016900
0.752590,8.000020820e-01,0.800042487
0.752790,8.000019850e-01,0.800075806
0.752990,8.000018880e-01,0.800106362
0.753190,8.000017910e-01,0.800136652
0.753288,8.000017440e-01,0.800152340
0.753308,8.000017390e-01,0.800152991
0.753348,8.000017290e-01,0.800155522
0.753428,8.000017090e-01,0.800160368
0.753588,8.000016690e-01,0.800174225
0.753788,8.000016190e-01,0.800192823
0.753988,8.000015690e-01,0.800209438
0.754188,8.000015190e-01,0.800228078
0.754286,8.000014940e-01,0.800234421
0.754306,8.000015210e-01,0.800226991
0.754346,8.000015760e-01,0.800208630
0.754426,8.000016860e-01,0.800175762
0.754586,8.000019050e-01,0.800109746
0.754786,8.000021790e-01,0.800022676
0.754986,8.000024530e-01,0.799937063
0.755186,8.000027270e-01,0.799849724
0.755283,8.000028600e-01,0.799808086
0.755303,8.000028640e-01,0.799801245
0.755343,8.000028710e-01,0.799796134
0.755423,8.000028860e-01,0.799794201
0.755583,8.000029160e-01,0.799787730
0.755783,8.000029540e-01,0.799779004
0.755983,8.000029920e-01,0.799765115
0.756183,8.000030290e-01,0.799758838
0.756281,8.000030480e-01,0.799748707
0.756301,8.000030410e-01,0.799749830
0.756341,8.000030280e-01,0.799753465
0.756421,8.000030020e-01,0.799760415
0.756581,8.000029500e-01,0.799777809
0.756781,8.000028840e-01,0.799804748
0.756981,8.000028190e-01,0.799824389
0.757181,8.000027530e-01,0.799846357
0.757279,8.000027210e-01,0.799854341
0.757299,8.000027320e-01,0.799852638
0.757339,8.000027520e-01,0.799847518
0.757419,8.000027920e-01,0.799833405
0.757579,8.000028740e-01,0.799810596
0.757779,8.000029750e-01,0.799780197
0.757979,8.000030770e-01,0.799747225
0.758179,8.000031780e-01,0.799719128
0.758277,8.000032280e-01,0.799700496
0.758297,8.000032300e-01,0.799698175
0.758337,8.000032350e-01,0.799696377
0.758417,8.000032460e-01,0.799692623
0.758577,8.000032660e-01,0.799686746
0.758777,8.000032910e-01,0.799684177
0.758977,8.000033160e-01,0.799676569
0.759177,8.000033410e-01,0.799667843
0.759274,8.000033530e-01,0.799662625
0.759294,8.000033690e-01,0.799657216
0.759334,8.000034000e-01,0.799649957
0.759414,8.000034620e-01,0.799629522
0.759574,8.000035860e-01,0.799591651
0.759774,8.000037410e-01,0.799546577
0.759974,8.000038950e-01,0.799499892
0.760174,8.000040500e-01,0.799459730
0.760272,8.000041260e-01,0.799433019
0.760292,8.000041260e-01,0.799430040
0.760332,8.000041240e-01,0.799428264
0.760412,8.000041210e-01,0.799431170
0.760572,8.000041160e-01,0.799435639
0.760772,8.000041090e-01,0.799442161
0.760972,8.000041020e-01,0.799446999
0.761172,8.000040950e-01,0.799453674
0.761270,8.000040920e-01,0.799455596
0.761290,8.000040760e-01,0.799459165
0.761330,8.000040460e-01,0.799465585
0.761410,8.000039840e-01,0.799485298
0.761570,8.000038610e-01,0.799530782
0.761770,8.000037060e-01,0.799578019
0.761970,8.000035520e-01,0.799631222
0.762170,8.000033980e-01,0.799681346
0.762268,8.000033220e-01,0.799703715
0.762288,8.000033200e-01,0.799705975
0.762328,8.000033140e-01,0.799708206
0.762408,8.000033040e-01,0.799711160
0.762568,8.000032820e-01,0.799719467
0.762768,8.000032560e-01,0.799732941
0.762968,8.000032290e-01,0.799744813
0.763168,8.000032020e-01,0.799751873
0.763265,8.000031890e-01,0.799754959
0.763285,8.000032050e-01,0.799749705
0.763325,8.000032360e-01,0.799741813
0.763405,8.000032970e-01,0.799724510
0.763565,8.000034210e-01,0.799682801
0.763765,8.000035760e-01,0.799639415
0.763965,8.000037310e-01,0.799591656
0.764165,8.000038850e-01,0.799546015
0.764263,8.000039610e-01,0.799521046
0.764283,8.000039520e-01,0.799520281
0.764323,8.000039330e-01,0.799524356
0.764403,8.000038960e-01,0.799537232
0.764563,8.000038220e-01,0.799559515
0.764763,8.000037290e-01,0.799594523
0.764963,8.000036360e-01,0.799625013
0.765163,8.000035430e-01,0.799655329
0.765261,8.000034980e-01,0.799669326
0.765281,8.000034820e-01,0.799673466
0.765321,8.000034500e-01,0.799683629
0.765401,8.000033870e-01,0.799705244
0.765561,8.000032610e-01,0.799743113
0.765761,8.000031030e-01,0.799795917
0.765961,8.000029450e-01,0.799850302
0.766161,8.000027870e-01,0.799901963
0.766259,8.000027100e-01,0.799925719
0.766279,8.000026920e-01,0.799929746
0.766319,8.000026570e-01,0.799938994
0.766399,8.000025880e-01,0.799964378
0.766559,8.000024490e-01,0.800012416
0.766759,8.000022750e-01,0.800067134
0.766959,8.000021010e-01,0.800125621
0.767159,8.000019270e-01,0.800181756
0.767256,8.000018420e-01,0.800204957
0.767276,8.000018430e-01,0.800205365
0.767316,8.000018440e-01,0.800205856
0.767396,8.000018460e-01,0.800206338
0.767556,8.000018510e-01,0.800208681
0.767756,8.000018560e-01,0.800209188
0.767956,8.000018620e-01,0.800213551
0.768156,8.000018680e-01,0.800213234
0.768254,8.000018700e-01,0.800209190
0.768274,8.000018770e-01,0.800208175
0.768314,8.000018900e-01,0.800203239
0.768394,8.000019160e-01,0.800192298
0.768554,8.000019690e-01,0.800178312
0.768754,8.000020350e-01,0.800162516
0.768954,8.000021010e-01,0.800143868
0.769154,8.000021660e-01,0.800120666
0.769252,8.000021990e-01,0.800110088
0.769272,8.000021900e-01,0.800109849
0.769312,8.000021730e-01,0.800112996
0.769392,8.000021380e-01,0.800126672
0.769552,8.000020690e-01,0.800152008
0.769752,8.000019830e-01,0.800181617
0.769952,8.000018960e-01,0.800208239
0.770152,8.000018100e-01,0.800236158
0.770249,8.000017680e-01,0.800247522
0.770269,8.000017530e-01,0.800249782
0.770309,8.000017230e-01,0.800258777
0.770389,8.000016640e-01,0.800279480
0.770549,8.000015450e-01,0.800320915
0.770749,8.000013970e-01,0.800366667
0.770949,8.000012490e-01,0.800412055
0.771149,8.000011000e-01,0.800463038
0.771247,8.000010270e-01,0.800484338
0.771267,8.000010320e-01,0.800483586
0.771307,8.000010410e-01,0.800481770
0.771387,8.000010600e-01,0.800474880
0.771547,8.000010970e-01,0.800466506
0.771747,8.000011440e-01,0.800452383
0.771947,8.000011900e-01,0.800435573
0.772147,8.000012370e-01,0.800422187
0.772245,8.000012600e-01,0.800413272
0.772265,8.000012340e-01,0.800416722
0.772305,8.000011840e-01,0.800431233
0.772385,8.000010830e-01,0.800464289
0.772545,8.000008800e-01,0.800528846
0.772745,8.000006270e-01,0.800609829
0.772945,8.000003740e-01,0.800688448
0.773145,8.000001200e-01,0.800771286
0.773243,7.999999960e-01,0.800805565
0.773263,8.000000070e-01,0.800804943
0.773303,8.000000270e-01,0.800801254
0.773383,8.000000690e-01,0.800785270
0.773543,8.000001520e-01,0.800760714
0.773743,8.000002550e-01,0.800731160
0.773943,8.000003590e-01,0.800695761
0.774143,8.000004620e-01,0.800665699
0.774240,8.000005120e-01,0.800643014
0.774260,8.000005180e-01,0.800638894
0.774300,8.000005310e-01,0.800635752
0.774380,8.000005550e-01,0.800628592
0.774540,8.000006040e-01,0.800614187
0.774740,8.000006650e-01,0.800597195
0.774940,8.000007250e-01,0.800575224
0.775140,8.000007860e-01,0.800558957
0.775238,8.000008160e-01,0.800544475
0.775258,8.000008110e-01,0.800546339
0.775298,8.000008010e-01,0.800547201
0.775378,8.000007810e-01,0.800551516
0.775538,8.000007420e-01,0.800568451
0.775738,8.000006920e-01,0.800582313
0.775938,8.000006420e-01,0.800602204
0.776138,8.000005930e-01,0.800617097
0.776236,8.000005690e-01,0.800621903
0.776256,8.000005710e-01,0.800620249
0.776296,8.000005760e-01,0.800617022
0.776376,8.000005860e-01,0.800614812
0.776536,8.000006060e-01,0.800612706
0.776736,8.000006310e-01,0.800603264
0.776936,8.000006560e-01,0.800593463
0.777136,8.000006810e-01,0.800588707
0.777234,8.000006930e-01,0.800583488
0.777254,8.000007070e-01,0.800576650
0.777294,8.000007360e-01,0.800566382
0.777374,8.000007930e-01,0.800550015
0.777534,8.000009070e-01,0.800514418
0.777734,8.000010500e-01,0.800468220
0.777934,8.000011930e-01,0.800423764
0.778134,8.000013360e-01,0.800378252
0.778231,8.000014050e-01,0.800353583
0.778251,8.000014130e-01,0.800347312
0.778291,8.000014290e-01,0.800342140
0.778371,8.000014610e-01,0.800333561
0.778531,8.000015260e-01,0.800314169
0.778731,8.000016070e-01,0.800293241
0.778931,8.000016880e-01,0.800263279
0.779131,8.000017690e-01,0.800242250
0.779229,8.000018080e-01,0.800226764
0.779249,8.000018030e-01,0.800225486
0.779289,8.000017930e-01,0.800227116
0.779369,8.000017710e-01,0.800234514
0.779529,8.000017290e-01,0.800250654
0.779729,8.000016770e-01,0.800270409
0.779929,8.000016240e-01,0.800288751
0.780129,8.000015720e-01,0.800306217
0.780227,8.000015460e-01,0.800310439
0.780247,8.000015280e-01,0.800314004
0.780287,8.000014930e-01,0.800323509
0.780367,8.000014220e-01,0.800347785
0.780527,8.000012790e-01,0.800397107
0.780727,8.000011020e-01,0.800454442
0.780927,8.000009240e-01,0.800512750
0.781127,8.000007460e-01,0.800566747
0.781224,8.000006600e-01,0.800593478
0.781244,8.000006410e-01,0.800598069
0.781284,8.000006030e-01,0.800607801
0.781364,8.000005280e-01,0.800632193
0.781524,8.000003760e-01,0.800684803
0.781724,8.000001870e-01,0.800740419
0.781924,7.999999980e-01,0.800800020
0.782124,7.999998080e-01,0.800864432
0.782222,7.999997160e-01,0.800890069
0.782242,7.999997360e-01,0.800885951
0.782282,7.999997780e-01,0.800872929
0.782362,7.999998620e-01,0.800846349
0.782522,8.000000280e-01,0.800794615
0.782722,8.000002370e-01,0.800729143
0.782922,8.000004460e-01,0.800663147
0.783122,8.000006540e-01,0.800593009
0.783220,8.000007570e-01,0.800558969
0.783240,8.000007330e-01,0.800562034
0.783280,8.000006860e-01,0.800574215
0.783360,8.000005910e-01,0.800606293
0.783520,8.000004020e-01,0.800666792
0.783720,8.000001650e-01,0.800739644
0.783920,7.999999280e-01,0.800812247
0.784120,7.999996910e-01,0.800887762
0.784218,7.999995750e-01,0.800924011
0.784238,7.999995900e-01,0.800919579
0.784278,7.999996200e-01,0.800911154
0.784358,7.999996800e-01,0.800890498
0.784518,7.999998010e-01,0.800853743
0.784718,7.999999510e-01,0.800807130
0.784918,8.000001010e-01,0.800758937
0.785118,8.000002510e-01,0.800712881
0.785215,8.000003240e-01,0.800684308
0.785235,8.000003390e-01,0.800679794
0.785275,8.000003690e-01,0.800669812
0.785355,8.000004300e-01,0.800650992
0.785515,8.000005510e-01,0.800616785
0.785715,8.000007020e-01,0.800572067
0.785915,8.000008540e-01,0.800523123
0.786115,8.000010050e-01,0.800476780
0.786213,8.000010790e-01,0.800453147
0.786233,8.000010550e-01,0.800454301
0.786273,8.000010060e-01,0.800462776
0.786353,8.000009080e-01,0.800494857
0.786513,8.000007130e-01,0.800558791
0.786713,8.000004690e-01,0.800635775
0.786913,8.000002240e-01,0.800717120
0.787113,7.999999800e-01,0.800794456
0.787211,7.999998600e-01,0.800828390
0.787231,7.999998820e-01,0.800825496
0.787271,7.999999270e-01,0.800812128
0.787351,8.000000150e-01,0.800783596
0.787511,8.000001920e-01,0.800730227
0.787711,8.000004140e-01,0.800657159
0.787911,8.000006350e-01,0.800591199
0.788111,8.000008560e-01,0.800521821
0.788209,8.000009650e-01,0.800482933
0.788229,8.000009760e-01,0.800477384
0.788269,8.000009990e-01,0.800469307
0.788349,8.000010440e-01,0.800455730
0.788509,8.000011350e-01,0.800425069
0.788709,8.000012490e-01,0.800389734
0.788909,8.000013630e-01,0.800353732
0.789109,8.000014760e-01,0.800319419
0.789206,8.000015310e-01,0.800298896
0.789226,8.000015450e-01,0.800294136
0.789266,8.000015720e-01,0.800284793
0.789346,8.000016250e-01,0.800267312
0.789506,8.000017330e-01,0.800237965
0.789706,8.000018670e-01,0.800194773
0.789906,8.000020010e-01,0.800152499
0.790106,8.000021350e-01,0.800109271
0.790204,8.000022010e-01,0.800085921
0.790224,8.000022010e-01,0.800085001
0.790264,8.000022020e-01,0.800082215
0.790344,8.000022020e-01,0.800081039
0.790504,8.000022030e-01,0.800085919
0.790704,8.000022050e-01,0.800086128
0.790904,8.000022060e-01,0.800086934
0.791104,8.000022070e-01,0.800088531
0.791202,8.000022080e-01,0.800087708
0.791222,8.000021880e-01,0.800089348
0.791262,8.000021480e-01,0.800099850
0.791342,8.000020680e-01,0.800127226
0.791502,8.000019090e-01,0.800179509
0.791702,8.000017100e-01,0.800246109
0.791902,8.000015100e-01,0.800311177
0.792102,8.000013110e-01,0.800374817
0.792200,8.000012140e-01,0.800402283
0.792220,8.000012190e-01,0.800401702
0.792260,8.000012310e-01,0.800398910
0.792340,8.000012540e-01,0.800392652
0.792500,8.000013000e-01,0.800379448
0.792700,8.000013570e-01,0.800364265
0.792900,8.000014150e-01,0.800346128
0.793100,8.000014730e-01,0.800330914
0.793197,8.000015010e-01,0.800320089
0.793217,8.000014960e-01,0.800319144
0.793257,8.000014880e-01,0.800321373
0.793337,8.000014710e-01,0.800327465
0.793497,8.000014370e-01,0.800340443
0.793697,8.000013950e-01,0.800355975
0.793897,8.000013530e-01,0.800368177
0.794097,8.000013110e-01,0.800388545
0.794195,8.000012910e-01,0.800394476
0.794215,8.000013020e-01,0.800391330
0.794255,8.000013240e-01,0.800384697
0.794335,8.000013680e-01,0.800370276
0.794495,8.000014570e-01,0.800345048
0.794695,8.000015680e-01,0.800310478
0.794895,8.000016790e-01,0.800276543
0.795095,8.000017900e-01,0.800240257
0.795193,8.000018450e-01,0.800220550
0.795213,8.000018480e-01,0.800217187
0.795253,8.000018560e-01,0.800213712
0.795333,8.000018720e-01,0.800208784
0.795493,8.000019020e-01,0.800202816
0.795693,8.000019410e-01,0.800192081
0.795893,8.000019790e-01,0.800178533
0.796093,8.000020180e-01,0.800168456
0.796190,8.000020360e-01,0.800155797
0.796210,8.000020420e-01,0.800154677
0.796250,8.000020530e-01,0.800151229
0.796330,8.000020750e-01,0.800145805
0.796490,8.000021190e-01,0.800133936
0.796690,8.000021740e-01,0.800118273
0.796890,8.000022290e-01,0.800098729
0.797090,8.000022840e-01,0.800081660
0.797188,8.000023110e-01,0.800070537
0.797208,8.000023120e-01,0.800068123
0.797248,8.000023120e-01,0.800066628
0.797328,8.000023140e-01,0.800067488
0.797488,8.000023170e-01,0.800066778
0.797688,8.000023200e-01,0.800070099
0.797888,8.000023240e-01,0.800065716
0.798088,8.000023270e-01,0.800067358
0.798186,8.000023290e-01,0.800065413
0.798206,8.000023180e-01,0.800065681
0.798246,8.000022970e-01,0.800070429
0.798326,8.000022550e-01,0.800085421
0.798486,8.000021700e-01,0.800115126
0.798686,8.000020640e-01,0.800150276
0.798886,8.000019580e-01,0.800183212
0.799086,8.000018520e-01,0.800218699
0.799184,8.000018000e-01,0.800235796
0.799204,8.000018000e-01,0.800233545
0.799244,8.000018000e-01,0.800233483
0.799324,8.000018000e-01,0.800235927
0.799484,8.000018000e-01,0.800234469
0.799684,8.000018000e-01,0.800238509
0.799884,8.000018000e-01,0.800241803
0.800000,8.000018000e-01,0.800240726
