t_s,vsen_v,vout_v
0.000000,0.800572444,0.801120307
0.000001,0.800572442,0.801120481
0.000002,0.800572440,0.801120726
0.000004,0.800572436,0.801120938
0.000008,0.800572427,0.801121127
0.000016,0.800572410,0.801124573
0.000032,0.800572376,0.801135228
0.000064,0.800572308,0.801156647
0.000128,0.800572173,0.801199867
0.000256,0.800571901,0.801285622
0.000456,0.800571476,0.801419533
0.000656,0.800571052,0.801552726
0.000856,0.800570627,0.801686252
0.000998,0.800570326,0.801777256
0.001018,0.800570525,0.801738057
0.001058,0.800570922,0.801624960
0.001138,0.800571718,0.801365269
0.001298,0.800573308,0.800867764
0.001498,0.800575296,0.800230330
0.001698,0.800577285,0.799603374
0.001898,0.800579273,0.798972541
0.001995,0.800580237,0.798667263
0.002015,0.800581256,0.798427935
0.002055,0.800583293,0.797835772
0.002135,0.800587367,0.796520366
0.002295,0.800595515,0.793950417
0.002495,0.800605701,0.790717138
0.002695,0.800615886,0.787512510
0.002895,0.800626072,0.784291316
0.002993,0.800631063,0.782727193
0.003013,0.800631770,0.782471698
0.003053,0.800633184,0.782003624
0.003133,0.800636014,0.781124779
0.003293,0.800641672,0.779353750
0.003493,0.800648745,0.777149637
0.003693,0.800655817,0.774939598
0.003893,0.800662890,0.772743156
0.003991,0.800666356,0.771666317
0.004011,0.800667677,0.771315336
0.004051,0.800670318,0.770523933
0.004131,0.800675601,0.768847744
0.004291,0.800686166,0.765551723
0.004491,0.800699373,0.761406868
0.004691,0.800712580,0.757297588
0.004891,0.800725787,0.753172709
0.004989,0.800732258,0.751160769
0.005009,0.800734310,0.750588561
0.005049,0.800738415,0.749344969
0.005129,0.800746624,0.746755601
0.005289,0.800763042,0.741631647
0.005489,0.800783565,0.735209616
0.005689,0.800804088,0.728817667
0.005889,0.800824611,0.722423614
0.005986,0.800834565,0.719337965
0.006006,0.800834345,0.719184735
0.006046,0.800833906,0.719200586
0.006126,0.800833027,0.719601879
0.006286,0.800831270,0.720236289
0.006486,0.800829073,0.721121366
0.006686,0.800826876,0.721936118
0.006886,0.800824680,0.722804044
0.006984,0.800823603,0.723200757
0.007004,0.800826456,0.722631376
0.007044,0.800832160,0.721052364
0.007124,0.800843570,0.717391576
0.007284,0.800866388,0.710327376
0.007484,0.800894911,0.701388760
0.007684,0.800923434,0.692552281
0.007884,0.800951957,0.683658745
0.007982,0.800965934,0.679348491
0.008002,0.800965751,0.679109009
0.008042,0.800965384,0.679065691
0.008122,0.800964652,0.679476687
0.008282,0.800963188,0.680065416
0.008482,0.800961357,0.680923715
0.008682,0.800959526,0.681692063
0.008882,0.800957695,0.682531132
0.008980,0.800956798,0.682902878
0.009000,0.800957324,0.682837442
0.009040,0.800958376,0.682598757
0.009120,0.800960481,0.681993120
0.009280,0.800964689,0.680848086
0.009480,0.800969949,0.679391464
0.009680,0.800975209,0.677954633
0.009880,0.800980469,0.676508804
0.009977,0.800983021,0.675823375
0.009997,0.800978989,0.676655977
0.010037,0.800970926,0.678963924
0.010117,0.800954800,0.684313711
0.010277,0.800922547,0.694655261
0.010477,0.800882232,0.707726319
0.010677,0.800841916,0.720655176
0.010877,0.800801600,0.733662074
0.010975,0.800781846,0.739961286
0.010995,0.800780504,0.740684536
0.011035,0.800777820,0.741744193
0.011115,0.800772452,0.743415992
0.011275,0.800761716,0.746967492
0.011475,0.800748295,0.751281330
0.011675,0.800734875,0.755672790
0.011875,0.800721455,0.759990938
0.011973,0.800714879,0.762138051
0.011993,0.800712110,0.762874492
0.012033,0.800706572,0.764549887
0.012113,0.800695496,0.768138626
0.012273,0.800673343,0.775199013
0.012473,0.800645652,0.784061774
0.012673,0.800617960,0.792874829
0.012873,0.800590269,0.801699301
0.012971,0.800576701,0.805994560
0.012991,0.800576647,0.806295699
0.013031,0.800576541,0.806507826
0.013111,0.800576329,0.806490723
0.013271,0.800575905,0.806676886
0.013471,0.800575374,0.806788056
0.013671,0.800574843,0.806981006
0.013871,0.800574312,0.807112278
0.013968,0.800574055,0.807210456
0.013988,0.800573865,0.807244314
0.014028,0.800573485,0.807347550
0.014108,0.800572725,0.807591291
0.014268,0.800571205,0.808059870
0.014468,0.800569305,0.808653750
0.014668,0.800567404,0.809237957
0.014868,0.800565504,0.809829653
0.014966,0.800564573,0.810113451
0.014986,0.800564692,0.810109293
0.015026,0.800564930,0.810049115
0.015106,0.800565406,0.809880051
0.015266,0.800566358,0.809574269
0.015466,0.800567548,0.809169258
0.015666,0.800568738,0.808782445
0.015866,0.800569929,0.808385037
0.015964,0.800570512,0.808191081
0.015984,0.800570216,0.808237517
0.016024,0.800569626,0.808396806
0.016104,0.800568445,0.808783185
0.016264,0.800566083,0.809509790
0.016464,0.800563131,0.810439990
0.016664,0.800560178,0.811352369
0.016864,0.800557226,0.812277729
0.016961,0.800555794,0.812718518
0.016981,0.800553418,0.813259210
0.017021,0.800548666,0.814630701
0.017101,0.800539161,0.817699374
0.017261,0.800520152,0.823672114
0.017461,0.800496391,0.831210561
0.017661,0.800472630,0.838678205
0.017861,0.800448869,0.846176155
0.017959,0.800437226,0.849816564
0.017979,0.800436157,0.850289537
0.018019,0.800434019,0.851040031
0.018099,0.800429744,0.852318689
0.018259,0.800421192,0.854991673
0.018459,0.800410504,0.858267725
0.018659,0.800399815,0.861572435
0.018859,0.800389126,0.864842323
0.018957,0.800383888,0.866457016
0.018977,0.800384923,0.866332360
0.019017,0.800386994,0.865783036
0.019097,0.800391134,0.864355881
0.019257,0.800399416,0.861675029
0.019457,0.800409767,0.858233155
0.019657,0.800420119,0.854872202
0.019857,0.800430471,0.851463958
0.019955,0.800435543,0.849821449
0.019975,0.800434267,0.849974108
0.020015,0.800431715,0.850610717
0.020095,0.800426611,0.852262563
0.020255,0.800416404,0.855388075
0.020455,0.800403645,0.859379075
0.020655,0.800390885,0.863290598
0.020855,0.800378126,0.867248248
0.020952,0.800371937,0.869137685
0.020972,0.800371794,0.869293043
0.021012,0.800371506,0.869437647
0.021092,0.800370930,0.869531821
0.021252,0.800369778,0.869821333
0.021452,0.800368339,0.870137197
0.021652,0.800366899,0.870479527
0.021852,0.800365459,0.870794267
0.021950,0.800364754,0.870960699
0.021970,0.800367419,0.870386934
0.022010,0.800372749,0.868853117
0.022090,0.800383410,0.865329585
0.022250,0.800404731,0.858507706
0.022450,0.800431382,0.849898893
0.022650,0.800458033,0.841370609
0.022850,0.800484685,0.832800041
0.022948,0.800497744,0.828639920
0.022968,0.800501269,0.827598703
0.023008,0.800508318,0.825401454
0.023088,0.800522417,0.820871415
0.023248,0.800550614,0.811900155
0.023448,0.800585861,0.800670965
0.023648,0.800621107,0.789484287
0.023848,0.800656354,0.778298471
0.023946,0.800673625,0.772832922
0.023966,0.800672727,0.772665387
0.024006,0.800670932,0.772949985
0.024086,0.800667341,0.774239632
0.024246,0.800660159,0.776476349
0.024446,0.800651182,0.779440006
0.024646,0.800642204,0.782273999
0.024846,0.800633227,0.785208750
0.024943,0.800628873,0.786570552
0.024963,0.800631411,0.786128265
0.025003,0.800636488,0.784751277
0.025083,0.800646641,0.781434633
0.025243,0.800666947,0.775078150
0.025443,0.800692330,0.767008829
0.025643,0.800717713,0.759049880
0.025843,0.800743096,0.751028400
0.025941,0.800755534,0.747146367
0.025961,0.800754635,0.747078887
0.026001,0.800752837,0.747440750
0.026081,0.800749241,0.748721626
0.026241,0.800742049,0.751008740
0.026441,0.800733059,0.754018630
0.026641,0.800724069,0.756910947
0.026841,0.800715080,0.759886262
0.026939,0.800710675,0.761292734
0.026959,0.800709776,0.761592053
0.026999,0.800707979,0.762181506
0.027079,0.800704385,0.763349221
0.027239,0.800697196,0.765692664
0.027439,0.800688211,0.768609286
0.027639,0.800679225,0.771524664
0.027839,0.800670240,0.774432029
0.027937,0.800665837,0.775854038
0.027957,0.800666823,0.775741537
0.027997,0.800668796,0.775246412
0.028077,0.800672742,0.773953642
0.028237,0.800680634,0.771523460
0.028437,0.800690498,0.768413223
0.028637,0.800700362,0.765363030
0.028837,0.800710227,0.762272056
0.028934,0.800715011,0.760806567
0.028954,0.800715424,0.760620222
0.028994,0.800716251,0.760329239
0.029074,0.800717903,0.759847941
0.029234,0.800721208,0.758847142
0.029434,0.800725339,0.757620788
0.029634,0.800729471,0.756381599
0.029834,0.800733602,0.755156135
0.029932,0.800735627,0.754549937
0.029952,0.800738495,0.753902089
0.029992,0.800744233,0.752259273
0.030072,0.800755709,0.748571309
0.030232,0.800778661,0.741402744
0.030432,0.800807351,0.732362746
0.030632,0.800836041,0.723400875
0.030832,0.800864730,0.714404909
0.030930,0.800878788,0.710036880
0.030950,0.800878903,0.709727311
0.030990,0.800879134,0.709498888
0.031070,0.800879594,0.709495571
0.031230,0.800880515,0.709289367
0.031430,0.800881666,0.709138735
0.031630,0.800882817,0.708904778
0.031830,0.800883968,0.708739688
0.031927,0.800884526,0.708623854
0.031947,0.800883626,0.708828196
0.031987,0.800881825,0.709371498
0.032067,0.800878223,0.710612433
0.032227,0.800871019,0.713013419
0.032427,0.800862015,0.716052053
0.032627,0.800853010,0.719057866
0.032827,0.800844006,0.722083183
0.032925,0.800839594,0.723546763
0.032945,0.800838266,0.723941689
0.032985,0.800835612,0.724786258
0.033065,0.800830302,0.726541723
0.033225,0.800819684,0.730020799
0.033425,0.800806411,0.734376274
0.033625,0.800793138,0.738709602
0.033825,0.800779865,0.743045697
0.033923,0.800773361,0.745165603
0.033943,0.800770822,0.745857027
0.033983,0.800765744,0.747412225
0.034063,0.800755588,0.750713497
0.034223,0.800735276,0.757218417
0.034423,0.800709885,0.765388168
0.034623,0.800684495,0.773506589
0.034823,0.800659105,0.781632107
0.034921,0.800646664,0.785591893
0.034941,0.800646579,0.785878883
0.034981,0.800646409,0.786102583
0.035061,0.800646069,0.786146391
0.035221,0.800645389,0.786432017
0.035421,0.800644540,0.786688119
0.035621,0.800643690,0.787012924
0.035821,0.800642840,0.787283111
0.035918,0.800642428,0.787446081
0.035938,0.800639323,0.788116759
0.035978,0.800633113,0.789891962
0.036058,0.800620693,0.793938394
0.036218,0.800595853,0.801780900
0.036418,0.800564803,0.811692400
0.036618,0.800533753,0.821496732
0.036818,0.800502703,0.831353861
0.036916,0.800487488,0.836135448
0.036936,0.800484807,0.837032413
0.036976,0.800479444,0.838755721
0.037056,0.800468719,0.842121200
0.037216,0.800447268,0.848888017
0.037416,0.800420454,0.857311105
0.037616,0.800393641,0.865729467
0.037816,0.800366827,0.874123204
0.037914,0.800353689,0.878236249
0.037934,0.800356352,0.877924917
0.037974,0.800361680,0.876552083
0.038054,0.800372335,0.872957031
0.038214,0.800393644,0.866185042
0.038414,0.800420282,0.857517241
0.038614,0.800446919,0.849019925
0.038814,0.800473556,0.840406226
0.038912,0.800486608,0.836267811
0.038932,0.800488028,0.835671055
0.038972,0.800490868,0.834664678
0.039052,0.800496548,0.832870458
0.039212,0.800507908,0.829192127
0.039412,0.800522108,0.824646108
0.039612,0.800536308,0.820073814
0.039812,0.800550508,0.815540017
0.039909,0.800557395,0.813328263
0.039929,0.800557843,0.813086071
0.039969,0.800558738,0.812735230
0.040049,0.800560529,0.812183460
0.040209,0.800564109,0.811006385
0.040409,0.800568585,0.809581872
0.040609,0.800573061,0.808131186
0.040809,0.800577537,0.806707223
0.040907,0.800579731,0.805992993
0.040927,0.800575842,0.806781387
0.040967,0.800568065,0.808966826
0.041047,0.800552511,0.814025835
0.041207,0.800521403,0.823809668
0.041407,0.800482517,0.836188836
0.041607,0.800443632,0.848427148
0.041807,0.800404747,0.860744018
0.041905,0.800385693,0.866705068
0.041925,0.800392383,0.865669487
0.041965,0.800405765,0.862092917
0.042045,0.800432528,0.853234977
0.042205,0.800486054,0.836357098
0.042405,0.800552961,0.814865022
0.042605,0.800619868,0.793725906
0.042805,0.800686775,0.772365214
0.042902,0.800719226,0.762164495
0.042922,0.800715749,0.762204780
0.042962,0.800708795,0.763745059
0.043042,0.800694889,0.768485537
0.043202,0.800667075,0.777171336
0.043402,0.800632309,0.788417381
0.043602,0.800597542,0.799354678
0.043802,0.800562775,0.810515320
0.043900,0.800545740,0.815834166
0.043920,0.800544519,0.816480250
0.043960,0.800542079,0.817414536
0.044040,0.800537198,0.818880671
0.044200,0.800527435,0.822005136
0.044400,0.800515232,0.825802921
0.044600,0.800503029,0.829671553
0.044800,0.800490826,0.833466577
0.044898,0.800484847,0.835357793
0.044918,0.800484875,0.835465190
0.044958,0.800484932,0.835514525
0.045038,0.800485046,0.835415176
0.045198,0.800485275,0.835312721
0.045398,0.800485560,0.835144450
0.045598,0.800485846,0.835003495
0.045798,0.800486132,0.834835839
0.045896,0.800486272,0.834767728
0.045916,0.800484479,0.835138805
0.045956,0.800480893,0.836146030
0.046036,0.800473721,0.838455418
0.046196,0.800459378,0.842921644
0.046396,0.800441449,0.848566182
0.046596,0.800423520,0.854147169
0.046796,0.800405591,0.859762707
0.046893,0.800396895,0.862458439
0.046913,0.800400564,0.861848412
0.046953,0.800407903,0.859850026
0.047033,0.800422580,0.854985386
0.047193,0.800451934,0.845689793
0.047393,0.800488626,0.833865087
0.047593,0.800525318,0.822216869
0.047793,0.800562010,0.810460231
0.047891,0.800579990,0.804782156
0.047911,0.800578653,0.804676069
0.047951,0.800575980,0.805185178
0.048031,0.800570635,0.807030530
0.048191,0.800559943,0.810321447
0.048391,0.800546579,0.814627997
0.048591,0.800533215,0.818775120
0.048791,0.800519851,0.823041373
0.048889,0.800513303,0.825064463
0.048909,0.800513593,0.825148348
0.048949,0.800514175,0.825068439
0.049029,0.800515339,0.824629117
0.049189,0.800517666,0.823887871
0.049389,0.800520576,0.822893463
0.049589,0.800523485,0.821949100
0.049789,0.800526394,0.820966504
0.049887,0.800527820,0.820509289
0.049907,0.800526749,0.820700660
0.049947,0.800524609,0.821281567
0.050027,0.800520328,0.822665120
0.050187,0.800511767,0.825325087
0.050387,0.800501065,0.828702281
0.050587,0.800490364,0.832031127
0.050787,0.800479662,0.835387165
0.050884,0.800474472,0.836994409
0.050904,0.800475971,0.836777365
0.050944,0.800478968,0.835981024
0.051024,0.800484964,0.833970477
0.051184,0.800496954,0.830166090
0.051384,0.800511943,0.825309773
0.051584,0.800526932,0.820535359
0.051784,0.800541920,0.815712808
0.051882,0.800549264,0.813381059
0.051902,0.800543698,0.814414574
0.051942,0.800532566,0.817480767
0.052022,0.800510301,0.824747774
0.052182,0.800465772,0.838720732
0.052382,0.800410110,0.856447238
0.052582,0.800354449,0.873931488
0.052782,0.800298787,0.891555366
0.052880,0.800271513,0.900083287
0.052900,0.800273029,0.900330766
0.052940,0.800276060,0.899805100
0.053020,0.800282124,0.897600836
0.053180,0.800294252,0.893737745
0.053380,0.800309411,0.888634921
0.053580,0.800324571,0.883751427
0.053780,0.800339730,0.878700084
0.053878,0.800347159,0.876328122
0.053898,0.800345197,0.876562399
0.053938,0.800341275,0.877536960
0.054018,0.800333430,0.880076667
0.054178,0.800317740,0.884877173
0.054378,0.800298128,0.891004453
0.054578,0.800278516,0.897019207
0.054778,0.800258904,0.903108438
0.054875,0.800249392,0.906006936
0.054895,0.800246503,0.906818240
0.054935,0.800240725,0.908561482
0.055015,0.800229169,0.912179537
0.055175,0.800206056,0.919338119
0.055375,0.800177166,0.928307958
0.055575,0.800148276,0.937233860
0.055775,0.800119385,0.946160161
0.055873,0.800105229,0.950514330
0.055893,0.800105484,0.950732652
0.055933,0.800105994,0.950720544
0.056013,0.800107015,0.950187016
0.056173,0.800109055,0.949373738
0.056373,0.800111606,0.948227733
0.056573,0.800114157,0.947177977
0.056773,0.800116708,0.946048493
0.056871,0.800117958,0.945538913
0.056891,0.800115836,0.945931542
0.056931,0.800111593,0.947062830
0.057011,0.800103106,0.949717674
0.057171,0.800086133,0.954833143
0.057371,0.800064916,0.961317175
0.057571,0.800043700,0.967714666
0.057771,0.800022483,0.974158142
0.057868,0.800012193,0.977244435
0.057888,0.800013217,0.977214472
0.057928,0.800015267,0.976702914
0.058008,0.800019365,0.975171824
0.058168,0.800027561,0.972359709
0.058368,0.800037807,0.968713589
0.058568,0.800048053,0.965173756
0.058768,0.800058299,0.961561055
0.058866,0.800063319,0.959837012
0.058886,0.800064195,0.959506330
0.058926,0.800065947,0.958875695
0.059006,0.800069451,0.957640902
0.059166,0.800076458,0.955168099
0.059366,0.800085218,0.952088135
0.059566,0.800093977,0.949007344
0.059766,0.800102737,0.945942287
0.059864,0.800107029,0.944435178
0.059884,0.800107722,0.944170428
0.059924,0.800109109,0.943661525
0.060004,0.800111883,0.942673480
0.060164,0.800117431,0.940692272
0.060364,0.800124366,0.938222317
0.060564,0.800131301,0.935753773
0.060764,0.800138236,0.933294390
0.060862,0.800141634,0.932090074
0.060882,0.800145942,0.931069500
0.060922,0.800154557,0.928515574
0.061002,0.800171788,0.922834646
0.061162,0.800206250,0.911769487
0.061362,0.800249328,0.897815962
0.061562,0.800292406,0.883991078
0.061762,0.800335483,0.870106790
0.061859,0.800356376,0.863431464
0.061879,0.800353692,0.863544400
0.061919,0.800348323,0.864764759
0.061999,0.800337585,0.868330645
0.062159,0.800316109,0.874915407
0.062359,0.800289264,0.883422494
0.062559,0.800262419,0.891702836
0.062759,0.800235575,0.900140167
0.062857,0.800222421,0.904169158
0.062877,0.800225352,0.903813223
0.062917,0.800231215,0.902287162
0.062997,0.800242941,0.898320885
0.063157,0.800266393,0.890836621
0.063357,0.800295707,0.881257084
0.063557,0.800325022,0.871871880
0.063757,0.800354337,0.862359638
0.063855,0.800368701,0.857782012
0.063875,0.800369307,0.857323810
0.063915,0.800370519,0.856756146
0.063995,0.800372943,0.856012819
0.064155,0.800377792,0.854346675
0.064355,0.800383853,0.852359593
0.064555,0.800389914,0.850302563
0.064755,0.800395975,0.848315447
0.064853,0.800398945,0.847304535
0.064873,0.800400428,0.846920109
0.064913,0.800403395,0.846021916
0.064993,0.800409330,0.844075616
0.065153,0.800421199,0.840256131
0.065353,0.800436035,0.835454513
0.065553,0.800450871,0.830686158
0.065753,0.800465707,0.825911247
0.065850,0.800472902,0.823602860
0.065870,0.800472297,0.823574608
0.065910,0.800471086,0.823810501
0.065990,0.800468664,0.824623435
0.066150,0.800463819,0.826088456
0.066350,0.800457764,0.827996415
0.066550,0.800451708,0.829846087
0.066750,0.800445652,0.831737304
0.066848,0.800442685,0.832634355
0.066868,0.800445143,0.832166752
0.066908,0.800450059,0.830794465
0.066988,0.800459890,0.827557317
0.067148,0.800479552,0.821330371
0.067348,0.800504130,0.813436742
0.067548,0.800528708,0.805647477
0.067748,0.800553286,0.797790889
0.067846,0.800565329,0.793994442
0.067866,0.800564691,0.793871833
0.067906,0.800563415,0.794070711
0.067986,0.800560864,0.794979180
0.068146,0.800555762,0.796544118
0.068346,0.800549384,0.798625914
0.068546,0.800543006,0.800618227
0.068746,0.800536628,0.802672315
0.068844,0.800533503,0.803640298
0.068864,0.800531134,0.804222308
0.068904,0.800526396,0.805618847
0.068984,0.800516921,0.808670524
0.069144,0.800497971,0.814648582
0.069344,0.800474283,0.822175340
0.069544,0.800450595,0.829638086
0.069744,0.800426907,0.837130884
0.069841,0.800415419,0.840737375
0.069861,0.800418458,0.840324600
0.069901,0.800424538,0.838730259
0.069981,0.800436697,0.834684660
0.070141,0.800461015,0.827011978
0.070341,0.800491413,0.817216497
0.070541,0.800521811,0.807604619
0.070741,0.800552208,0.797873073
0.070839,0.800567103,0.793187912
0.070859,0.800563086,0.793721825
0.070899,0.800555052,0.795806612
0.070979,0.800538984,0.801121823
0.071139,0.800506848,0.811191405
0.071339,0.800466678,0.824048608
0.071539,0.800426508,0.836675969
0.071739,0.800386338,0.849444644
0.071837,0.800366654,0.855601748
0.071857,0.800367102,0.855929129
0.071897,0.800367998,0.855930035
0.071977,0.800369789,0.855184394
0.072137,0.800373372,0.854053958
0.072337,0.800377851,0.852454389
0.072537,0.800382329,0.850997069
0.072737,0.800386808,0.849435100
0.072834,0.800388980,0.848738985
0.072854,0.800388210,0.848835088
0.072894,0.800386669,0.849220292
0.072974,0.800383587,0.850201644
0.073134,0.800377424,0.852061470
0.073334,0.800369721,0.854445334
0.073534,0.800362017,0.856774122
0.073734,0.800354314,0.859129448
0.073832,0.800350539,0.860263754
0.073852,0.800350185,0.860409559
0.073892,0.800349478,0.860640464
0.073972,0.800348064,0.861034007
0.074132,0.800345235,0.861851166
0.074332,0.800341699,0.862854650
0.074532,0.800338163,0.863869634
0.074732,0.800334627,0.864869978
0.074830,0.800332894,0.865364033
0.074850,0.800335018,0.864928680
0.074890,0.800339267,0.863718964
0.074970,0.800347765,0.860901398
0.075130,0.800364760,0.855456665
0.075330,0.800386004,0.848570705
0.075530,0.800407249,0.841764126
0.075730,0.800428493,0.834915460
0.075828,0.800438902,0.831593465
0.075848,0.800436029,0.831979116
0.075888,0.800430284,0.833460764
0.075968,0.800418792,0.837232338
0.076128,0.800395808,0.844381895
0.076328,0.800367079,0.853510371
0.076528,0.800338350,0.862472011
0.076728,0.800309621,0.871541079
0.076825,0.800295687,0.875866105
0.076845,0.800294607,0.876391459
0.076885,0.800292448,0.877173760
0.076965,0.800288129,0.878434763
0.077125,0.800279491,0.881098566
0.077325,0.800268693,0.884349448
0.077525,0.800257896,0.887652893
0.077725,0.800247098,0.890897409
0.077823,0.800241807,0.892508350
0.077843,0.800237613,0.893502642
0.077883,0.800229224,0.895928747
0.077963,0.800212445,0.901277162
0.078123,0.800178889,0.911729320
0.078323,0.800136944,0.924889567
0.078523,0.800094998,0.937938845
0.078723,0.800053053,0.951037274
0.078821,0.800032500,0.957400710
0.078841,0.800033282,0.957643437
0.078881,0.800034845,0.957421818
0.078961,0.800037973,0.956164634
0.079121,0.800044228,0.954028104
0.079321,0.800052047,0.951167685
0.079521,0.800059866,0.948462092
0.079721,0.800067685,0.945640307
0.079819,0.800071516,0.944327665
0.079839,0.800071409,0.944230711
0.079879,0.800071193,0.944175525
0.079959,0.800070762,0.944228255
0.080119,0.800069900,0.944267135
0.080319,0.800068822,0.944348901
0.080519,0.800067744,0.944401569
0.080719,0.800066666,0.944480558
0.080816,0.800066144,0.944498907
0.080836,0.800069151,0.943840144
0.080876,0.800075164,0.942082300
0.080956,0.800087192,0.938059024
0.081116,0.800111247,0.930261567
0.081316,0.800141317,0.920411318
0.081516,0.800171386,0.910675055
0.081716,0.800201455,0.900877720
0.081814,0.800216189,0.896121598
0.081834,0.800216322,0.895759224
0.081874,0.800216587,0.895446959
0.081954,0.800217117,0.895291008
0.082114,0.800218178,0.894753004
0.082314,0.800219504,0.894205584
0.082514,0.800220830,0.893570789
0.082714,0.800222156,0.893008316
0.082812,0.800222806,0.892690146
0.082832,0.800226954,0.891777222
0.082872,0.800235252,0.889371329
0.082952,0.800251846,0.883912922
0.083112,0.800285036,0.873323967
0.083312,0.800326523,0.859940660
0.083512,0.800368009,0.846702889
0.083712,0.800409496,0.833389795
0.083810,0.800429825,0.826937061
0.083830,0.800429351,0.826595755
0.083870,0.800428404,0.826574293
0.083950,0.800426510,0.827288739
0.084110,0.800422721,0.828367789
0.084310,0.800417986,0.829897209
0.084510,0.800413250,0.831280821
0.084710,0.800408514,0.832781424
0.084807,0.800406217,0.833440814
0.084827,0.800402642,0.834263849
0.084867,0.800395492,0.836325255
0.084947,0.800381192,0.840929387
0.085107,0.800352592,0.849899321
0.085307,0.800316842,0.861213152
0.085507,0.800281092,0.872424223
0.085707,0.800245342,0.883680250
0.085805,0.800227825,0.889148065
0.085825,0.800228243,0.889419623
0.085865,0.800229079,0.889386323
0.085945,0.800230752,0.888667619
0.086105,0.800234098,0.887553948
0.086305,0.800238280,0.885995925
0.086505,0.800242462,0.884562623
0.086705,0.800246644,0.883034157
0.086803,0.800248693,0.882337742
0.086823,0.800249731,0.882047184
0.086863,0.800251807,0.881392858
0.086943,0.800255960,0.879994983
0.087103,0.800264266,0.877245589
0.087303,0.800274648,0.873797204
0.087503,0.800285031,0.870365893
0.087703,0.800295413,0.866932359
0.087800,0.800300449,0.865274568
0.087820,0.800299872,0.865278317
0.087860,0.800298720,0.865513780
0.087940,0.800296416,0.866242627
0.088100,0.800291808,0.867580792
0.088300,0.800286048,0.869312143
0.088500,0.800280287,0.870991130
0.088700,0.800274527,0.872706636
0.088798,0.800271705,0.873520078
0.088818,0.800275067,0.872849051
0.088858,0.800281791,0.870946762
0.088938,0.800295240,0.866501351
0.089098,0.800322138,0.857934029
0.089298,0.800355761,0.847086611
0.089498,0.800389383,0.836370605
0.089698,0.800423006,0.825587185
0.089796,0.800439481,0.820356157
0.089816,0.800438892,0.820122289
0.089856,0.800437713,0.820222826
0.089936,0.800435356,0.821075637
0.090096,0.800430641,0.822467921
0.090296,0.800424748,0.824359768
0.090496,0.800418854,0.826133676
0.090696,0.800412961,0.828005754
0.090794,0.800410073,0.828864197
0.090814,0.800409594,0.829028745
0.090854,0.800408636,0.829334719
0.090934,0.800406720,0.829917886
0.091094,0.800402888,0.831096688
0.091294,0.800398098,0.832563050
0.091494,0.800393307,0.834027122
0.091694,0.800388517,0.835486105
0.091791,0.800386194,0.836195957
0.091811,0.800383744,0.836761520
0.091851,0.800378844,0.838173075
0.091931,0.800369045,0.841316386
0.092091,0.800349446,0.847443521
0.092291,0.800324947,0.855176899
0.092491,0.800300449,0.862827747
0.092691,0.800275950,0.870518635
0.092789,0.800263946,0.874256120
0.092809,0.800266432,0.873967304
0.092849,0.800271403,0.872683599
0.092929,0.800281346,0.869326335
0.093089,0.800301231,0.863006006
0.093289,0.800326087,0.854907569
0.093489,0.800350944,0.846979190
0.093689,0.800375800,0.838943171
0.093787,0.800387980,0.835080810
0.093807,0.800388279,0.834741775
0.093847,0.800388876,0.834387614
0.093927,0.800390072,0.834044472
0.094087,0.800392462,0.833193802
0.094287,0.800395451,0.832224762
0.094487,0.800398439,0.831183583
0.094687,0.800401428,0.830206383
0.094785,0.800402892,0.829692165
0.094805,0.800402110,0.829829469
0.094845,0.800400545,0.830247450
0.094925,0.800397415,0.831249486
0.095085,0.800391156,0.833177150
0.095285,0.800383331,0.835619177
0.095485,0.800375507,0.838024965
0.095685,0.800367683,0.840451024
0.095782,0.800363888,0.841614302
0.095802,0.800360970,0.842315183
0.095842,0.800355133,0.844013272
0.095922,0.800343460,0.847750465
0.096082,0.800320114,0.855056062
0.096282,0.800290932,0.864263718
0.096482,0.800261749,0.873391420
0.096682,0.800232567,0.882546080
0.096780,0.800218267,0.887000150
0.096800,0.800221241,0.886651727
0.096840,0.800227189,0.885116935
0.096920,0.800239085,0.881106510
0.097080,0.800262876,0.873540801
0.097280,0.800292614,0.863857175
0.097480,0.800322353,0.854374844
0.097680,0.800352092,0.844760592
0.097778,0.800366664,0.840142653
0.097798,0.800365255,0.840116382
0.097838,0.800362437,0.840696246
0.097918,0.800356801,0.842586630
0.098078,0.800345529,0.846024795
0.098278,0.800331439,0.850484759
0.098478,0.800317349,0.854814989
0.098678,0.800303258,0.859236683
0.098776,0.800296354,0.861343653
0.098796,0.800298052,0.861122849
0.098836,0.800301448,0.860233867
0.098916,0.800308239,0.857939243
0.099076,0.800321822,0.853595911
0.099276,0.800338801,0.848057671
0.099476,0.800355780,0.842614174
0.099676,0.800372758,0.837115654
0.099773,0.800380993,0.834493967
0.099793,0.800381029,0.834293643
0.099833,0.800381101,0.834140295
0.099913,0.800381245,0.834120884
0.100073,0.800381534,0.833944576
0.100273,0.800381894,0.833798984
0.100473,0.800382254,0.833600116
0.100673,0.800382615,0.833444884
0.100771,0.800382791,0.833346040
0.100791,0.800381632,0.833587048
0.100831,0.800379314,0.834233087
0.100911,0.800374677,0.835715819
0.101071,0.800365404,0.838591370
0.101271,0.800353812,0.842220085
0.101471,0.800342220,0.845814745
0.101671,0.800330628,0.849427012
0.101769,0.800324948,0.851177740
0.101789,0.800323746,0.851548570
0.101829,0.800321342,0.852291515
0.101909,0.800316533,0.853778058
0.102069,0.800306915,0.856756983
0.102269,0.800294892,0.860476489
0.102469,0.800282870,0.864183783
0.102669,0.800270847,0.867887995
0.102766,0.800265016,0.869678151
0.102786,0.800265131,0.869765674
0.102826,0.800265360,0.869753138
0.102906,0.800265818,0.869514767
0.103066,0.800266734,0.869150176
0.103266,0.800267879,0.868637896
0.103466,0.800269024,0.868168042
0.103666,0.800270169,0.867662336
0.103764,0.800270730,0.867434473
0.103784,0.800274053,0.866690932
0.103824,0.800280697,0.864763564
0.103904,0.800293985,0.860400673
0.104064,0.800320562,0.851924430
0.104264,0.800353784,0.841229318
0.104464,0.800387005,0.830637480
0.104664,0.800420227,0.819994132
0.104762,0.800436505,0.814829619
0.104782,0.800438529,0.814040411
0.104822,0.800442576,0.812658223
0.104902,0.800450671,0.810118314
0.105062,0.800466860,0.804932238
0.105262,0.800487097,0.798521234
0.105462,0.800507334,0.792074915
0.105662,0.800527571,0.785678583
0.105760,0.800537487,0.782527033
0.105780,0.800534766,0.782910396
0.105820,0.800529325,0.784334787
0.105900,0.800518442,0.787940163
0.106060,0.800496676,0.794784376
0.106260,0.800469468,0.803508043
0.106460,0.800442261,0.812086391
0.106660,0.800415054,0.820759810
0.106757,0.800401858,0.824893516
0.106777,0.800401501,0.825256172
0.106817,0.800400786,0.825637335
0.106897,0.800399357,0.826003946
0.107057,0.800396498,0.826919728
0.107257,0.800392925,0.827969138
0.107457,0.800389352,0.829086286
0.107657,0.800385778,0.830141250
0.107755,0.800384028,0.830691090
0.107775,0.800386061,0.830278373
0.107815,0.800390129,0.829128412
0.107895,0.800398264,0.826456585
0.108055,0.800414533,0.821289416
0.108255,0.800434871,0.814757513
0.108455,0.800455208,0.808300818
0.108655,0.800475545,0.801799211
0.108753,0.800485510,0.798649729
0.108773,0.800484153,0.798725744
0.108813,0.800481439,0.799360923
0.108893,0.800476010,0.801187250
0.109053,0.800465152,0.804566860
0.109253,0.800451580,0.808923787
0.109453,0.800438008,0.813174474
0.109653,0.800424436,0.817501882
0.109751,0.800417786,0.819573915
0.109771,0.800420274,0.819180682
0.109811,0.800425250,0.817850506
0.109891,0.800435203,0.814564678
0.110051,0.800455108,0.808289435
0.110251,0.800479990,0.800312406
0.110451,0.800504872,0.792455277
0.110651,0.800529754,0.784526628
0.110748,0.800541822,0.780735978
0.110768,0.800542921,0.780237222
0.110808,0.800545120,0.779447318
0.110888,0.800549518,0.778106527
0.111048,0.800558313,0.775316496
0.111248,0.800569308,0.771887061
0.111448,0.800580302,0.768427869
0.111648,0.800591297,0.765015227
0.111746,0.800596684,0.763323753
0.111766,0.800594454,0.763698631
0.111806,0.800589996,0.764908904
0.111886,0.800581078,0.767866061
0.112046,0.800563242,0.773521157
0.112246,0.800540948,0.780700853
0.112446,0.800518653,0.787781946
0.112646,0.800496358,0.794922814
0.112744,0.800485434,0.798372201
0.112764,0.800486408,0.798397363
0.112804,0.800488355,0.797994401
0.112884,0.800492249,0.796665605
0.113044,0.800500038,0.794258364
0.113244,0.800509774,0.791130232
0.113444,0.800519511,0.788093146
0.113644,0.800529247,0.784989408
0.113741,0.800533969,0.783529374
0.113761,0.800535726,0.783048121
0.113801,0.800539241,0.781981165
0.113881,0.800546272,0.779737974
0.114041,0.800560332,0.775318356
0.114241,0.800577908,0.769770585
0.114441,0.800595484,0.764253752
0.114641,0.800613060,0.758727571
0.114739,0.800621672,0.756034967
0.114759,0.800618513,0.756537730
0.114799,0.800612195,0.758236890
0.114879,0.800599560,0.762428829
0.115039,0.800574289,0.770419001
0.115239,0.800542700,0.780583133
0.115439,0.800511111,0.790593670
0.115639,0.800479523,0.800694855
0.115737,0.800464044,0.805573246
0.115757,0.800465393,0.805621255
0.115797,0.800468089,0.805066239
0.115877,0.800473482,0.803211456
0.116037,0.800484268,0.799873640
0.116237,0.800497750,0.795524291
0.116437,0.800511233,0.791305151
0.116637,0.800524715,0.786990850
0.116735,0.800531322,0.784940440
0.116755,0.800528218,0.785460974
0.116795,0.800522010,0.787140703
0.116875,0.800509595,0.791227576
0.117035,0.800484764,0.799040895
0.117235,0.800453726,0.808978079
0.117435,0.800422688,0.818761474
0.117635,0.800391649,0.828639945
0.117732,0.800376596,0.833366097
0.117752,0.800379087,0.833152031
0.117792,0.800384070,0.831926303
0.117872,0.800394036,0.828577327
0.118032,0.800413967,0.822314286
0.118232,0.800438881,0.814269549
0.118432,0.800463795,0.806404800
0.118632,0.800488710,0.798413551
0.118730,0.800500918,0.794586283
0.118750,0.800505071,0.793423047
0.118790,0.800513379,0.790886870
0.118870,0.800529993,0.785568964
0.119030,0.800563223,0.775064232
0.119230,0.800604760,0.761893196
0.119430,0.800646296,0.748780351
0.119630,0.800687833,0.735669116
0.119728,0.800708186,0.729265663
0.119748,0.800705233,0.729484333
0.119788,0.800699326,0.730919174
0.119868,0.800687512,0.734924910
0.120028,0.800663884,0.742391898
0.120228,0.800634350,0.751996956
0.120428,0.800604816,0.761379757
0.120628,0.800575281,0.770914233
0.120726,0.800560809,0.775478259
0.120746,0.800562256,0.775492132
0.120786,0.800565149,0.774884104
0.120866,0.800570935,0.772932084
0.121026,0.800582507,0.769381473
0.121226,0.800596972,0.764774843
0.121426,0.800611437,0.760302971
0.121626,0.800625903,0.755734779
0.121723,0.800632918,0.753579351
0.121743,0.800633633,0.753276623
0.121783,0.800635061,0.752785863
0.121863,0.800637919,0.751932447
0.122023,0.800643634,0.750171149
0.122223,0.800650779,0.748011097
0.122423,0.800657923,0.745825874
0.122623,0.800665067,0.743667323
0.122721,0.800668567,0.742601811
0.122741,0.800663955,0.743529702
0.122781,0.800654731,0.746133507
0.122861,0.800636282,0.752183947
0.123021,0.800599384,0.763878503
0.123221,0.800553262,0.778685243
0.123421,0.800507140,0.793308243
0.123621,0.800461017,0.808022628
0.123719,0.800438417,0.815157038
0.123739,0.800439410,0.815428833
0.123779,0.800441397,0.815166719
0.123859,0.800445369,0.813729597
0.124019,0.800453314,0.811301049
0.124219,0.800463245,0.808038282
0.124419,0.800473176,0.804944901
0.124619,0.800483107,0.801718258
0.124717,0.800487973,0.800215481
0.124737,0.800488815,0.799920559
0.124777,0.800490501,0.799364648
0.124857,0.800493871,0.798304376
0.125017,0.800500612,0.796159278
0.125217,0.800509038,0.793489920
0.125417,0.800517464,0.790825667
0.125617,0.800525890,0.788164131
0.125714,0.800529977,0.786879640
0.125734,0.800528533,0.787104090
0.125774,0.800525647,0.787878305
0.125854,0.800519874,0.789789629
0.126014,0.800508327,0.793426490
0.126214,0.800493895,0.798062811
0.126414,0.800479462,0.802622133
0.126614,0.800465029,0.807232396
0.126712,0.800457957,0.809453473
0.126732,0.800459287,0.809320347
0.126772,0.800461947,0.808658066
0.126852,0.800467267,0.806877196
0.127012,0.800477907,0.803544354
0.127212,0.800491207,0.799274885
0.127412,0.800504507,0.795079189
0.127612,0.800517806,0.790835683
0.127710,0.800524323,0.788796477
0.127730,0.800524437,0.788631300
0.127770,0.800524665,0.788479892
0.127850,0.800525120,0.788379563
0.128010,0.800526029,0.788080852
0.128210,0.800527167,0.787762262
0.128410,0.800528304,0.787408515
0.128610,0.800529442,0.787082775
0.128707,0.800529993,0.786910855
0.128727,0.800528603,0.787204385
0.128767,0.800525823,0.787995884
0.128847,0.800520263,0.789813295
0.129007,0.800509142,0.793334917
0.129207,0.800495241,0.797784088
0.129407,0.800481340,0.802190041
0.129607,0.800467439,0.806623194
0.129705,0.800460627,0.808768214
0.129725,0.800458025,0.809470313
0.129765,0.800452821,0.811042980
0.129845,0.800442412,0.814377481
0.130005,0.800421594,0.820945581
0.130205,0.800395571,0.829195292
0.130405,0.800369549,0.837395652
0.130605,0.800343526,0.845604408
0.130703,0.800330775,0.849603509
0.130723,0.800327401,0.850591328
0.130763,0.800320653,0.852673746
0.130843,0.800307155,0.856948357
0.131003,0.800280161,0.865421468
0.131203,0.800246418,0.876037595
0.131403,0.800212675,0.886609114
0.131603,0.800178932,0.897175066
0.131701,0.800162398,0.902331823
0.131721,0.800163294,0.902473128
0.131761,0.800165087,0.902150445
0.131841,0.800168672,0.900806657
0.132001,0.800175843,0.898459653
0.132201,0.800184806,0.895362781
0.132401,0.800193770,0.892392273
0.132601,0.800202733,0.889326170
0.132698,0.800207080,0.887899888
0.132718,0.800207641,0.887659589
0.132758,0.800208763,0.887242183
0.132838,0.800211008,0.886477385
0.132998,0.800215496,0.884915965
0.133198,0.800221106,0.882986047
0.133398,0.800226717,0.881041214
0.133598,0.800232327,0.879112664
0.133696,0.800235076,0.878162891
0.133716,0.800233586,0.878410809
0.133756,0.800230605,0.879195498
0.133836,0.800224644,0.881092486
0.133996,0.800212721,0.884722775
0.134196,0.800197818,0.889328035
0.134396,0.800182915,0.893868706
0.134596,0.800168012,0.898447328
0.134694,0.800160709,0.900660714
0.134714,0.800166903,0.899473450
0.134754,0.800179292,0.896003839
0.134834,0.800204069,0.887834268
0.134994,0.800253624,0.872112855
0.135194,0.800315567,0.852173456
0.135394,0.800377511,0.832505719
0.135594,0.800439454,0.812678938
0.135692,0.800469806,0.803087063
0.135712,0.800472178,0.801918559
0.135752,0.800476921,0.800145204
0.135832,0.800486408,0.797245642
0.135992,0.800505381,0.791141355
0.136192,0.800529098,0.783685593
0.136392,0.800552815,0.776131974
0.136592,0.800576531,0.768688583
0.136689,0.800588034,0.765027282
0.136709,0.800583427,0.765785298
0.136749,0.800574214,0.768272799
0.136829,0.800555787,0.774347691
0.136989,0.800518933,0.785965704
0.137189,0.800472865,0.800734932
0.137389,0.800426798,0.815285587
0.137589,0.800380730,0.829965478
0.137687,0.800358157,0.837058041
0.137707,0.800356342,0.837929968
0.137747,0.800352711,0.839264111
0.137827,0.800345450,0.841459647
0.137987,0.800330928,0.846071580
0.138187,0.800312776,0.851711834
0.138387,0.800294623,0.857419069
0.138587,0.800276470,0.863054840
0.138685,0.800267576,0.865849690
0.138705,0.800269734,0.865554675
0.138745,0.800274050,0.864414860
0.138825,0.800282683,0.861508228
0.138985,0.800299949,0.856006805
0.139185,0.800321531,0.848990072
0.139385,0.800343114,0.842090718
0.139585,0.800364696,0.835118982
0.139683,0.800375271,0.831762710
0.139703,0.800375002,0.831581020
0.139743,0.800374463,0.831575682
0.139823,0.800373386,0.831964508
0.139983,0.800371232,0.832549778
0.140183,0.800368539,0.833393328
0.140383,0.800365846,0.834155749
0.140583,0.800363153,0.834977866
0.140680,0.800361847,0.835337574
0.140700,0.800361331,0.835475593
0.140740,0.800360299,0.835778650
0.140820,0.800358236,0.836417670
0.140980,0.800354110,0.837671846
0.141180,0.800348952,0.839243969
0.141380,0.800343794,0.840807140
0.141580,0.800338637,0.842374644
0.141678,0.800336109,0.843136790
0.141698,0.800338151,0.842744506
0.141738,0.800342234,0.841601187
0.141818,0.800350401,0.838896067
0.141978,0.800366734,0.833700476
0.142178,0.800387151,0.827115832
0.142378,0.800407568,0.820610283
0.142578,0.800427984,0.814065611
0.142676,0.800437989,0.810890119
0.142696,0.800439398,0.810371651
0.142736,0.800442216,0.809425863
0.142816,0.800447852,0.807647982
0.142976,0.800459125,0.804041430
0.143176,0.800473215,0.799566741
0.143376,0.800487306,0.795087754
0.143576,0.800501396,0.790623664
0.143673,0.800508230,0.788456436
0.143693,0.800507102,0.788556570
0.143733,0.800504844,0.789112124
0.143813,0.800500330,0.790626242
0.143973,0.800491302,0.793459508
0.144173,0.800480016,0.797095749
0.144373,0.800468730,0.800655987
0.144573,0.800457445,0.804268616
0.144671,0.800451915,0.805999601
0.144691,0.800450541,0.806415975
0.144731,0.800447793,0.807271302
0.144811,0.800442298,0.809020337
0.144971,0.800431308,0.812500792
0.145171,0.800417570,0.816841860
0.145371,0.800403832,0.821177166
0.145571,0.800390094,0.825499326
0.145669,0.800383362,0.827610517
0.145689,0.800380589,0.828346735
0.145729,0.800375043,0.830008932
0.145809,0.800363951,0.833553256
0.145969,0.800341768,0.840524933
0.146169,0.800314038,0.849278712
0.146369,0.800286308,0.857987374
0.146569,0.800258578,0.866703954
0.146667,0.800244991,0.870951253
0.146687,0.800243603,0.871526911
0.146727,0.800240827,0.872473977
0.146807,0.800235275,0.874143702
0.146967,0.800224171,0.877593097
0.147167,0.800210292,0.881836563
0.147367,0.800196412,0.886115339
0.147567,0.800182533,0.890351481
0.147664,0.800175801,0.892417169
0.147684,0.800176911,0.892303220
0.147724,0.800179129,0.891724088
0.147804,0.800183565,0.890172788
0.147964,0.800192438,0.887269417
0.148164,0.800203529,0.883543858
0.148364,0.800214620,0.879899055
0.148564,0.800225712,0.876198664
0.148662,0.800231146,0.874421874
0.148682,0.800232623,0.873970885
0.148722,0.800235575,0.873026684
0.148802,0.800241481,0.871087898
0.148962,0.800253292,0.867232350
0.149162,0.800268056,0.862410965
0.149362,0.800282820,0.857611594
0.149562,0.800297584,0.852809428
0.149660,0.800304818,0.850470930
0.149680,0.800309682,0.849265301
0.149720,0.800319410,0.846374987
0.149800,0.800338865,0.840057960
0.149960,0.800377777,0.827702009
0.150160,0.800426416,0.812147630
0.150360,0.800475055,0.796724655
0.150560,0.800523694,0.781244963
0.150658,0.800547527,0.773716345
0.150678,0.800547777,0.773156584
0.150718,0.800548277,0.772699906
0.150798,0.800549277,0.772532346
0.150958,0.800551278,0.771842155
0.151158,0.800553779,0.771178312
0.151358,0.800556280,0.770374002
0.151558,0.800558780,0.769687247
0.151655,0.800559993,0.769289559
0.151675,0.800558138,0.769677285
0.151715,0.800554428,0.770737668
0.151795,0.800547007,0.773177212
0.151955,0.800532166,0.777895321
0.152155,0.800513615,0.783862115
0.152355,0.800495064,0.789757146
0.152555,0.800476513,0.795693285
0.152653,0.800467423,0.798570975
0.152673,0.800467267,0.798800239
0.152713,0.800466956,0.799015408
0.152793,0.800466334,0.799161864
0.152953,0.800465091,0.799594249
0.153153,0.800463536,0.800064533
0.153353,0.800461981,0.800579043
0.153553,0.800460427,0.801057585
0.153651,0.800459665,0.801309079
0.153671,0.800461026,0.801027713
0.153711,0.800463749,0.800259125
0.153791,0.800469195,0.798487721
0.153951,0.800480087,0.795057185
0.154151,0.800493702,0.790720310
0.154351,0.800507317,0.786429622
0.154551,0.800520932,0.782117458
0.154649,0.800527604,0.780024363
0.154669,0.800524107,0.780635490
0.154709,0.800517114,0.782543274
0.154789,0.800503127,0.787135379
0.154949,0.800475154,0.795950728
0.155149,0.800440188,0.807144107
0.155349,0.800405222,0.818173214
0.155549,0.800370255,0.829309838
0.155646,0.800353297,0.834631372
0.155666,0.800352029,0.835269067
0.155706,0.800349494,0.836215404
0.155786,0.800344424,0.837735638
0.155946,0.800334284,0.840946904
0.156146,0.800321609,0.844862099
0.156346,0.800308935,0.848843597
0.156546,0.800296260,0.852758076
0.156644,0.800290049,0.854695569
0.156664,0.800291593,0.854482518
0.156704,0.800294681,0.853663165
0.156784,0.800300858,0.851576639
0.156944,0.800313211,0.847630903
0.157144,0.800328652,0.842597686
0.157344,0.800344093,0.837647157
0.157544,0.800359534,0.832648262
0.157642,0.800367100,0.830235536
0.157662,0.800366560,0.830180411
0.157702,0.800365478,0.830372771
0.157782,0.800363316,0.831096844
0.157942,0.800358992,0.832383274
0.158142,0.800353587,0.834077911
0.158342,0.800348182,0.835706668
0.158542,0.800342776,0.837384983
0.158639,0.800340155,0.838167310
0.158659,0.800343928,0.837409167
0.158699,0.800351475,0.835279420
0.158779,0.800366570,0.830334702
0.158939,0.800396758,0.820783818
0.159139,0.800434494,0.808693350
0.159339,0.800472230,0.796744388
0.159539,0.800509966,0.784716489
0.159637,0.800528457,0.778891266
0.159657,0.800525198,0.779196509
0.159697,0.800518682,0.780808522
0.159777,0.800505648,0.785162184
0.159937,0.800479582,0.793328630
0.160137,0.800446998,0.803810928
0.160337,0.800414415,0.814062297
0.160537,0.800381832,0.824466741
0.160635,0.800365866,0.829455575
0.160655,0.800361563,0.830729406
0.160695,0.800352958,0.833393959
0.160775,0.800335748,0.838861171
0.160935,0.800301327,0.849729401
0.161135,0.800258301,0.863319813
0.161335,0.800215275,0.876862295
0.161535,0.800172248,0.890400287
0.161633,0.800151166,0.897010750
0.161653,0.800149022,0.897899049
0.161693,0.800144734,0.899370853
0.161773,0.800136158,0.901962893
0.161933,0.800119006,0.907302548
0.162133,0.800097567,0.913881583
0.162333,0.800076127,0.920507500
0.162533,0.800054688,0.927067808
0.162630,0.800044290,0.930270937
0.162650,0.800040700,0.931234985
0.162690,0.800033519,0.933367504
0.162770,0.800019158,0.937876041
0.162930,0.799990437,0.946769214
0.163130,0.799954535,0.957915480
0.163330,0.799918633,0.969004445
0.163530,0.799882731,0.980087999
0.163628,0.799865139,0.985497416
0.163648,0.799867355,0.985359950
0.163688,0.799871787,0.984264131
0.163768,0.799880650,0.981132489
0.163928,0.799898376,0.975329199
0.164128,0.799920533,0.967859946
0.164328,0.799942690,0.960563984
0.164528,0.799964848,0.953154105
0.164626,0.799975705,0.949603867
0.164646,0.799979086,0.948608403
0.164686,0.799985848,0.946466798
0.164766,0.799999373,0.942021627
0.164926,0.800026423,0.933234286
0.165126,0.800060235,0.922219469
0.165326,0.800094047,0.911260718
0.165526,0.800127858,0.900296253
0.165624,0.800144426,0.894947440
0.165644,0.800146125,0.894210011
0.165684,0.800149524,0.892982732
0.165764,0.800156320,0.890803475
0.165924,0.800169913,0.886313661
0.166124,0.800186904,0.880779376
0.166324,0.800203895,0.875210815
0.166524,0.800220887,0.869688236
0.166621,0.800229127,0.866988317
0.166641,0.800231526,0.866292407
0.166681,0.800236322,0.864791492
0.166761,0.800245914,0.861669098
0.166921,0.800265099,0.855497815
0.167121,0.800289080,0.847767141
0.167321,0.800313062,0.840071153
0.167521,0.800337043,0.832367011
0.167619,0.800348794,0.828611484
0.167639,0.800351400,0.827796885
0.167679,0.800356612,0.826142372
0.167759,0.800367038,0.822801698
0.167919,0.800387888,0.816147438
0.168119,0.800413951,0.807836961
0.168319,0.800440014,0.799542146
0.168519,0.800466077,0.791266493
0.168617,0.800478848,0.787214644
0.168637,0.800480303,0.786636787
0.168677,0.800483214,0.785642146
0.168757,0.800489036,0.783832155
0.168917,0.800500679,0.780132749
0.169117,0.800515234,0.775562458
0.169317,0.800529788,0.770974942
0.169517,0.800544343,0.766418573
0.169615,0.800551475,0.764172171
0.169635,0.800551982,0.763922141
0.169675,0.800552998,0.763549566
0.169755,0.800555028,0.762958892
0.169915,0.800559090,0.761704358
0.170115,0.800564167,0.760176198
0.170315,0.800569243,0.758628970
0.170515,0.800574320,0.757103649
0.170612,0.800576782,0.756357781
0.170632,0.800578282,0.755992109
0.170672,0.800581280,0.755117545
0.170752,0.800587277,0.753214795
0.170912,0.800599272,0.749491405
0.171112,0.800614265,0.744806219
0.171312,0.800629258,0.740160976
0.171512,0.800644251,0.735498322
0.171610,0.800651597,0.733230275
0.171630,0.800652293,0.732933620
0.171670,0.800653685,0.732459854
0.171750,0.800656468,0.731651347
0.171910,0.800662035,0.729968482
0.172110,0.800668993,0.727895357
0.172310,0.800675951,0.725810149
0.172510,0.800682909,0.723750726
0.172608,0.800686319,0.722729076
0.172628,0.800685115,0.722932071
0.172668,0.800682707,0.723603088
0.172748,0.800677890,0.725242391
0.172908,0.800668258,0.728381553
0.173108,0.800656217,0.732369775
0.173308,0.800644176,0.736297169
0.173508,0.800632136,0.740264560
0.173605,0.800626296,0.742155809
0.173625,0.800627979,0.741932288
0.173665,0.800631344,0.741077972
0.173745,0.800638075,0.738896977
0.173905,0.800651537,0.734764875
0.174105,0.800668365,0.729493593
0.174305,0.800685192,0.724317202
0.174505,0.800702020,0.719083678
0.174603,0.800710266,0.716556357
0.174623,0.800712700,0.715870529
0.174663,0.800717568,0.714401367
0.174743,0.800727305,0.711344522
0.174903,0.800746778,0.705303330
0.175103,0.800771120,0.697743523
0.175303,0.800795462,0.690209003
0.175503,0.800819804,0.682679805
0.175601,0.800831731,0.679003602
0.175621,0.800832413,0.678625843
0.175661,0.800833775,0.678120547
0.175741,0.800836500,0.677395210
0.175901,0.800841951,0.675816337
0.176101,0.800848764,0.673912240
0.176301,0.800855577,0.671968964
0.176501,0.800862389,0.670067052
0.176599,0.800865728,0.669110341
0.176619,0.800861539,0.669969646
0.176659,0.800853161,0.672365504
0.176739,0.800836405,0.677926912
0.176899,0.800802893,0.688673687
0.177099,0.800761004,0.702267193
0.177299,0.800719114,0.715700017
0.177499,0.800677225,0.729226682
0.177596,0.800656908,0.735706059
0.177616,0.800653686,0.736850740
0.177656,0.800647241,0.738993959
0.177736,0.800634352,0.743105888
0.177896,0.800608574,0.751404788
0.178096,0.800576351,0.761718627
0.178296,0.800544129,0.772038333
0.178496,0.800511906,0.782323528
0.178594,0.800496117,0.787364378
0.178614,0.800495258,0.787878683
0.178654,0.800493541,0.788583133
0.178734,0.800490106,0.789618115
0.178894,0.800483236,0.791862315
0.179094,0.800474649,0.794571801
0.179294,0.800466061,0.797341728
0.179494,0.800457474,0.800052082
0.179592,0.800453266,0.801408118
0.179612,0.800452646,0.801625494
0.179652,0.800451406,0.802030800
0.179732,0.800448925,0.802810564
0.179892,0.800443963,0.804386816
0.180092,0.800437761,0.806348829
0.180292,0.800431559,0.808312589
0.180492,0.800425357,0.810266958
0.180590,0.800422318,0.811223145
0.180610,0.800419681,0.811854090
0.180650,0.800414405,0.813397159
0.180730,0.800403855,0.816797378
0.180890,0.800382753,0.823439317
0.181090,0.800356376,0.831805967
0.181290,0.800329999,0.840097825
0.181490,0.800303622,0.848427882
0.181587,0.800290829,0.852436689
0.181607,0.800289837,0.852915783
0.181647,0.800287853,0.853634948
0.181727,0.800283884,0.854810612
0.181887,0.800275948,0.857290146
0.182087,0.800266027,0.860307963
0.182287,0.800256106,0.863376977
0.182487,0.800246185,0.866392985
0.182585,0.800241324,0.867891448
0.182605,0.800238792,0.868522224
0.182645,0.800233727,0.870004297
0.182725,0.800223597,0.873216026
0.182885,0.800203337,0.879510600
0.183085,0.800178012,0.887435178
0.183285,0.800152688,0.895298416
0.183485,0.800127363,0.903184347
0.183583,0.800114954,0.907019045
0.183603,0.800114751,0.907307217
0.183643,0.800114345,0.907550624
0.183723,0.800113533,0.907661663
0.183883,0.800111910,0.908062265
0.184083,0.800109880,0.908467798
0.184283,0.800107850,0.908940864
0.184483,0.800105821,0.909358058
0.184580,0.800104836,0.909587388
0.184600,0.800107113,0.909090458
0.184640,0.800111665,0.907762802
0.184720,0.800120770,0.904717032
0.184880,0.800138981,0.898817491
0.185080,0.800161743,0.891365931
0.185280,0.800184506,0.883994560
0.185480,0.800207269,0.876584856
0.185578,0.800218423,0.872986869
0.185598,0.800219960,0.872401677
0.185638,0.800223033,0.871345897
0.185718,0.800229180,0.869361851
0.185878,0.800241474,0.865332826
0.186078,0.800256842,0.860346139
0.186278,0.800272210,0.855344281
0.186478,0.800287577,0.850365213
0.186576,0.800295107,0.847923105
0.186596,0.800299745,0.846762686
0.186636,0.800309021,0.844000090
0.186716,0.800327573,0.837983224
0.186876,0.800364677,0.826198957
0.187076,0.800411057,0.811371079
0.187276,0.800457438,0.796657017
0.187476,0.800503818,0.781895314
0.187574,0.800526544,0.774715030
0.187594,0.800528054,0.773910886
0.187634,0.800531074,0.772746080
0.187714,0.800537114,0.770936011
0.187874,0.800549195,0.767081542
0.188074,0.800564295,0.762387034
0.188274,0.800579396,0.757623138
0.188474,0.800594497,0.752935830
0.188571,0.800601820,0.750626357
0.188591,0.800602621,0.750315139
0.188631,0.800604222,0.749784925
0.188711,0.800607425,0.748818692
0.188871,0.800613831,0.746848464
0.189071,0.800621838,0.744416132
0.189271,0.800629844,0.741962366
0.189471,0.800637851,0.739536402
0.189569,0.800641775,0.738335844
0.189589,0.800643146,0.737976303
0.189629,0.800645890,0.737166009
0.189709,0.800651377,0.735448490
0.189869,0.800662352,0.732071680
0.190069,0.800676070,0.727832625
0.190269,0.800689788,0.723618522
0.190469,0.800703506,0.719395643
0.190567,0.800710228,0.717339750
0.190587,0.800709275,0.717416766
0.190627,0.800707369,0.717896114
0.190707,0.800703557,0.719235814
0.190867,0.800695932,0.721733979
0.191067,0.800686402,0.724947151
0.191267,0.800676871,0.728091608
0.191467,0.800667340,0.731275356
0.191565,0.800662670,0.732801439
0.191585,0.800661903,0.733084124
0.191625,0.800660367,0.733611202
0.191705,0.800657297,0.734628199
0.191865,0.800651156,0.736685123
0.192065,0.800643480,0.739238863
0.192265,0.800635805,0.741794576
0.192465,0.800628129,0.744338706
0.192562,0.800624406,0.745576334
0.192582,0.800622922,0.745982653
0.192622,0.800619956,0.746898361
0.192702,0.800614023,0.748843317
0.192862,0.800602156,0.752678235
0.193062,0.800587324,0.757491763
0.193262,0.800572491,0.762271765
0.193462,0.800557658,0.767061913
0.193560,0.800550390,0.769397086
0.193580,0.800551081,0.769407709
0.193620,0.800552465,0.769120564
0.193700,0.800555232,0.768202085
0.193860,0.800560765,0.766534847
0.194060,0.800567682,0.764362635
0.194260,0.800574599,0.762259625
0.194460,0.800581516,0.760106886
0.194558,0.800584905,0.759085529
0.194578,0.800580530,0.759954615
0.194618,0.800571781,0.762416178
0.194698,0.800554283,0.768150809
0.194858,0.800519286,0.779218569
0.195058,0.800475540,0.793235676
0.195258,0.800431793,0.807078523
0.195458,0.800388047,0.821020984
0.195556,0.800366612,0.827775562
0.195576,0.800369080,0.827704613
0.195616,0.800374016,0.826582232
0.195696,0.800383889,0.823226436
0.195856,0.800403635,0.817058199
0.196056,0.800428317,0.809073269
0.196256,0.800452999,0.801307909
0.196456,0.800477681,0.793390262
0.196553,0.800489652,0.789645997
0.196573,0.800489457,0.789418981
0.196613,0.800489066,0.789359582
0.196693,0.800488283,0.789695932
0.196853,0.800486719,0.790151790
0.197053,0.800484764,0.790842648
0.197253,0.800482809,0.791445192
0.197453,0.800480853,0.792111064
0.197551,0.800479895,0.792402521
0.197571,0.800476211,0.793218704
0.197611,0.800468841,0.795337214
0.197691,0.800454102,0.800123137
0.197851,0.800424625,0.809421521
0.198051,0.800387777,0.821168263
0.198251,0.800350930,0.832790676
0.198451,0.800314083,0.844478755
0.198549,0.800296028,0.850150159
0.198569,0.800295617,0.850617052
0.198609,0.800294795,0.851077289
0.198689,0.800293150,0.851464453
0.198849,0.800289861,0.852498608
0.199049,0.800285750,0.853659121
0.199249,0.800281638,0.854913719
0.199449,0.800277527,0.856080989
0.199546,0.800275533,0.856692391
0.199566,0.800274661,0.856902899
0.199606,0.800272916,0.857404919
0.199686,0.800269426,0.858485858
0.199846,0.800262446,0.860604135
0.200046,0.800253722,0.863281821
0.200246,0.800244998,0.865924426
0.200446,0.800236273,0.868582016
0.200544,0.800231998,0.869871758
0.200564,0.800230371,0.870300623
0.200604,0.800227117,0.871259373
0.200684,0.800220610,0.873293310
0.200844,0.800207595,0.877310774
0.201044,0.800191326,0.882346218
0.201244,0.800175057,0.887350481
0.201444,0.800158788,0.892367155
0.201542,0.800150816,0.894809773
0.201562,0.800151902,0.894729372
0.201602,0.800154075,0.894180132
0.201682,0.800158421,0.892648780
0.201842,0.800167113,0.889805511
0.202042,0.800177978,0.886140988
0.202242,0.800188843,0.882570243
0.202442,0.800199708,0.878928849
0.202540,0.800205032,0.877188554
0.202560,0.800203920,0.877294204
0.202600,0.800201698,0.877823779
0.202680,0.800197253,0.879245937
0.202840,0.800188363,0.881906610
0.203040,0.800177250,0.885322037
0.203240,0.800166137,0.888662622
0.203440,0.800155025,0.892050363
0.203537,0.800149635,0.893662562
0.203557,0.800151661,0.893329736
0.203597,0.800155713,0.892218885
0.203677,0.800163816,0.889478512
0.203837,0.800180024,0.884258031
0.204037,0.800200283,0.877624702
0.204237,0.800220542,0.871077244
0.204437,0.800240801,0.864480727
0.204535,0.800250728,0.861295685
0.204555,0.800250282,0.861163417
0.204595,0.800249390,0.861255089
0.204675,0.800247606,0.861847988
0.204835,0.800244037,0.862839867
0.205035,0.800239576,0.864182607
0.205235,0.800235115,0.865452752
0.205435,0.800230654,0.866777546
0.205533,0.800228468,0.867391303
0.205553,0.800229134,0.867288209
0.205593,0.800230465,0.866916112
0.205673,0.800233127,0.865985022
0.205833,0.800238451,0.864217642
0.206033,0.800245107,0.861965045
0.206233,0.800251762,0.859751930
0.206433,0.800258417,0.857517709
0.206531,0.800261678,0.856440781
0.206551,0.800262348,0.856214423
0.206591,0.800263688,0.855765458
0.206671,0.800266368,0.854869766
0.206831,0.800271727,0.853088489
0.207031,0.800278427,0.850865698
0.207231,0.800285126,0.848641021
0.207431,0.800291826,0.846427620
0.207528,0.800295075,0.845353054
0.207548,0.800298492,0.844539470
0.207588,0.800305325,0.842529887
0.207668,0.800318993,0.838074773
0.207828,0.800346327,0.829390636
0.208028,0.800380495,0.818437458
0.208228,0.800414663,0.807580359
0.208428,0.800448832,0.796690210
0.208526,0.800465574,0.791389771
0.208546,0.800465662,0.791016050
0.208586,0.800465837,0.790738678
0.208666,0.800466187,0.790728363
0.208826,0.800466887,0.790457200
0.209026,0.800467763,0.790247970
0.209226,0.800468638,0.789942199
0.209426,0.800469514,0.789721743
0.209524,0.800469943,0.789566405
0.209544,0.800468963,0.789778695
0.209584,0.800467003,0.790338895
0.209664,0.800463084,0.791619166
0.209824,0.800455246,0.794107236
0.210024,0.800445448,0.797249131
0.210224,0.800435650,0.800354238
0.210424,0.800425852,0.803477966
0.210522,0.800421051,0.804992493
0.210542,0.800422426,0.804799371
0.210582,0.800425176,0.804080343
0.210662,0.800430677,0.802256608
0.210822,0.800441678,0.798807274
0.211022,0.800455429,0.794410747
0.211222,0.800469181,0.790077272
0.211422,0.800482933,0.785703773
0.211519,0.800489602,0.783612436
0.211539,0.800487935,0.783826609
0.211579,0.800484602,0.784691372
0.211659,0.800477934,0.786911034
0.211819,0.800464599,0.791106147
0.212019,0.800447931,0.796467555
0.212219,0.800431262,0.801723741
0.212419,0.800414593,0.807056258
0.212517,0.800406426,0.809618765
0.212537,0.800406254,0.809829112
0.212577,0.800405911,0.810037111
0.212657,0.800405226,0.810209562
0.212817,0.800403854,0.810659425
0.213017,0.800402139,0.811158835
0.213217,0.800400425,0.811705914
0.213417,0.800398710,0.812212148
0.213515,0.800397870,0.812480414
0.213535,0.800394049,0.813314350
0.213575,0.800386407,0.815495747
0.213655,0.800371122,0.820449440
0.213815,0.800340553,0.830064440
0.214015,0.800302341,0.842205806
0.214215,0.800264129,0.854225041
0.214415,0.800225917,0.866302800
0.214512,0.800207384,0.872104404
0.214532,0.800210208,0.871885993
0.214572,0.800215856,0.870507082
0.214652,0.800227153,0.866672389
0.214812,0.800249745,0.859525761
0.215012,0.800277986,0.850337664
0.215212,0.800306227,0.841361278
0.215412,0.800334468,0.832240494
0.215510,0.800348306,0.827866248
0.215530,0.800347272,0.827779322
0.215570,0.800345205,0.828159474
0.215650,0.800341071,0.829565756
0.215810,0.800332802,0.832078442
0.216010,0.800322467,0.835366197
0.216210,0.800312131,0.838533532
0.216410,0.800301795,0.841787443
0.216508,0.800296731,0.843329636
0.216528,0.800298016,0.843160577
0.216568,0.800300588,0.842483784
0.216648,0.800305730,0.840748666
0.216808,0.800316014,0.837472107
0.217008,0.800328870,0.833285132
0.217208,0.800341726,0.829165491
0.217408,0.800354581,0.825000920
0.217506,0.800360881,0.822998316
0.217526,0.800359090,0.823242374
0.217566,0.800355509,0.824163424
0.217646,0.800348346,0.826510763
0.217806,0.800334021,0.830967094
0.218006,0.800316115,0.836649055
0.218206,0.800298208,0.842233180
0.218406,0.800280302,0.847875341
0.218503,0.800271617,0.850567287
0.218523,0.800275577,0.849901242
0.218563,0.800283495,0.847747862
0.218643,0.800299332,0.842510580
0.218803,0.800331007,0.832502341
0.219003,0.800370599,0.819774886
0.219203,0.800410192,0.807228349
0.219403,0.800449785,0.794579534
0.219501,0.800469186,0.788469151
0.219521,0.800465674,0.788800845
0.219561,0.800458651,0.790533252
0.219641,0.800444605,0.795221461
0.219801,0.800416512,0.804009508
0.220001,0.800381396,0.815278872
0.220201,0.800346281,0.826307715
0.220401,0.800311165,0.837500017
0.220499,0.800293958,0.842873613
0.220519,0.800294710,0.843084226
0.220559,0.800296212,0.842884117
0.220639,0.800299217,0.841771903
0.220799,0.800305228,0.839885052
0.220999,0.800312741,0.837357091
0.221199,0.800320255,0.834956437
0.221399,0.800327768,0.832453138
0.221497,0.800331449,0.831289161
0.221517,0.800330075,0.831493285
0.221557,0.800327326,0.832210676
0.221637,0.800321830,0.833996591
0.221797,0.800310836,0.837396503
0.221997,0.800297093,0.841730727
0.222197,0.800283351,0.845990423
0.222397,0.800269608,0.850293773
0.222494,0.800262943,0.852351316
0.222514,0.800263808,0.852301555
0.222554,0.800265538,0.851881856
0.222634,0.800268997,0.850681783
0.222794,0.800275916,0.848454590
0.222994,0.800284564,0.845576471
0.223194,0.800293213,0.842780227
0.223394,0.800301861,0.839924810
0.223492,0.800306099,0.838561300
0.223512,0.800305366,0.838618417
0.223552,0.800303900,0.838962831
0.223632,0.800300968,0.839910788
0.223792,0.800295104,0.841685439
0.223992,0.800287775,0.843963270
0.224192,0.800280445,0.846188940
0.224392,0.800273116,0.848452391
0.224490,0.800269524,0.849536740
0.224510,0.800271287,0.849226749
0.224550,0.800274814,0.848254414
0.224630,0.800281866,0.845902199
0.224790,0.800295972,0.841405541
0.224990,0.800313604,0.835694092
0.225190,0.800331235,0.830055246
0.225390,0.800348867,0.824374880
0.225488,0.800357507,0.821628419
0.225508,0.800357744,0.821383244
0.225548,0.800358217,0.821117926
0.225628,0.800359164,0.820848504
0.225788,0.800361058,0.820184496
0.225988,0.800363425,0.819418629
0.226188,0.800365793,0.818613226
0.226388,0.800368160,0.817847633
0.226485,0.800369309,0.817451993
0.226505,0.800372373,0.816768662
0.226545,0.800378501,0.815003981
0.226625,0.800390759,0.811014733
0.226785,0.800415273,0.803266281
0.226985,0.800445916,0.793489316
0.227185,0.800476558,0.783798606
0.227385,0.800507201,0.774065151
0.227483,0.800522216,0.769337358
0.227503,0.800521543,0.769165508
0.227543,0.800520198,0.769355931
0.227623,0.800517508,0.770342257
0.227783,0.800512127,0.772020303
0.227983,0.800505401,0.774274386
0.228183,0.800498675,0.776406863
0.228383,0.800491950,0.778626963
0.228481,0.800488654,0.779663255
0.228501,0.800485507,0.780420234
0.228541,0.800479212,0.782267961
0.228621,0.800466623,0.786352852
0.228781,0.800441444,0.794332719
0.228981,0.800409971,0.804380856
0.229181,0.800378497,0.814338282
0.229381,0.800347024,0.824338133
0.229478,0.800331759,0.829151121
0.229498,0.800330416,0.829764882
0.229538,0.800327729,0.830728051
0.229618,0.800322355,0.832359376
0.229778,0.800311608,0.835763910
0.229978,0.800298174,0.839935303
0.230178,0.800284740,0.844160178
0.230378,0.800271305,0.848326738
0.230476,0.800264723,0.850387365
0.230496,0.800271491,0.849059107
0.230536,0.800285028,0.845268481
0.230616,0.800312102,0.836400314
0.230776,0.800366250,0.819296779
0.230976,0.800433936,0.797634302
0.231176,0.800501621,0.776244379
0.231376,0.800569306,0.754698836
0.231474,0.800602472,0.744265000
0.231494,0.800598733,0.744359700
0.231534,0.800591255,0.746052815
0.231614,0.800576301,0.751149628
0.231774,0.800546391,0.760522910
0.231974,0.800509003,0.772642684
0.232174,0.800471616,0.784434087
0.232374,0.800434229,0.796457466
0.232472,0.800415909,0.802192401
0.232492,0.800420304,0.801660560
0.232532,0.800429093,0.799415346
0.232612,0.800446672,0.793591421
0.232772,0.800481829,0.782594284
0.232972,0.800525776,0.768537344
0.233172,0.800569723,0.754745452
0.233372,0.800613670,0.740773928
0.233469,0.800634984,0.734120019
0.233489,0.800632388,0.734220637
0.233529,0.800627196,0.735423718
0.233609,0.800616812,0.738968790
0.233769,0.800596043,0.745520208
0.233969,0.800570083,0.753984656
0.234169,0.800544123,0.762226663
0.234369,0.800518163,0.770620242
0.234467,0.800505442,0.774631182
0.234487,0.800503908,0.775248562
0.234527,0.800500839,0.776314981
0.234607,0.800494700,0.778249176
0.234767,0.800482424,0.782207875
0.234967,0.800467078,0.787099908
0.235167,0.800451732,0.792013817
0.235367,0.800436386,0.796894821
0.235465,0.800428866,0.799297022
0.235485,0.800425757,0.800119279
0.235525,0.800419538,0.801988361
0.235605,0.800407101,0.805986114
0.235765,0.800382227,0.813852213
0.235965,0.800351135,0.823729671
0.236165,0.800320043,0.833545850
0.236365,0.800288950,0.843379601
0.236463,0.800273715,0.848172236
0.236483,0.800276776,0.847829429
0.236523,0.800282898,0.846272205
0.236603,0.800295143,0.842172493
0.236763,0.800319632,0.834447274
0.236963,0.800350243,0.824560251
0.237163,0.800380854,0.814879265
0.237363,0.800411466,0.805058671
0.237460,0.800426312,0.800386954
0.237480,0.800426217,0.800075898
0.237520,0.800426028,0.799918226
0.237600,0.800425650,0.800133269
0.237760,0.800424893,0.800304729
0.237960,0.800423947,0.800661840
0.238160,0.800423001,0.800923770
0.238360,0.800422055,0.801258475
0.238458,0.800421591,0.801376013
0.238478,0.800420514,0.801622755
0.238518,0.800418361,0.802247114
0.238598,0.800414055,0.803640932
0.238758,0.800405444,0.806353832
0.238958,0.800394679,0.809785371
0.239158,0.800383914,0.813172171
0.239358,0.800373149,0.816580857
0.239456,0.800367874,0.818233943
0.239476,0.800368243,0.818262766
0.239516,0.800368982,0.818115527
0.239596,0.800370459,0.817591752
0.239756,0.800373414,0.816653032
0.239956,0.800377108,0.815425822
0.240156,0.800380801,0.814246981
0.240356,0.800384495,0.813033239
0.240454,0.800386304,0.812457796
0.240474,0.800387614,0.812130588
0.240514,0.800390233,0.811352723
0.240594,0.800395470,0.809656718
0.240754,0.800405946,0.806332061
0.240954,0.800419040,0.802149839
0.241154,0.800432135,0.797996280
0.241354,0.800445229,0.793837073
0.241451,0.800451580,0.791830489
0.241471,0.800452757,0.791439943
0.241511,0.800455112,0.790685836
0.241591,0.800459820,0.789199714
0.241751,0.800469237,0.786221705
0.241951,0.800481008,0.782508072
0.242151,0.800492779,0.778795667
0.242351,0.800504550,0.775096551
0.242449,0.800510318,0.773283075
0.242469,0.800510889,0.773048203
0.242509,0.800512031,0.772655278
0.242589,0.800514316,0.771963724
0.242749,0.800518885,0.770545065
0.242949,0.800524597,0.768793007
0.243149,0.800530308,0.767030253
0.243349,0.800536020,0.765281056
0.243447,0.800538818,0.764418940
0.243467,0.800539632,0.764195225
0.243507,0.800541258,0.763710597
0.243587,0.800544511,0.762692812
0.243747,0.800551016,0.760684286
0.243947,0.800559148,0.758173635
0.244147,0.800567280,0.755671068
0.244347,0.800575412,0.753169956
0.244444,0.800579356,0.751961674
0.244464,0.800579599,0.751836298
0.244504,0.800580084,0.751660205
0.244584,0.800581053,0.751401835
0.244744,0.800582993,0.750847797
0.244944,0.800585417,0.750174867
0.245144,0.800587841,0.749495602
0.245344,0.800590265,0.748824353
0.245442,0.800591453,0.748494406
0.245462,0.800594854,0.747748217
0.245502,0.800601655,0.745810176
0.245582,0.800615258,0.741436554
0.245742,0.800642463,0.732946022
0.245942,0.800676470,0.722211681
0.246142,0.800710477,0.711596141
0.246342,0.800744484,0.700924367
0.246440,0.800761147,0.695743992
0.246460,0.800759537,0.695750208
0.246500,0.800756318,0.696474417
0.246580,0.800749880,0.698746348
0.246740,0.800737003,0.702892369
0.246940,0.800720907,0.708268213
0.247140,0.800704811,0.713486773
0.247340,0.800688716,0.718816435
0.247438,0.800680829,0.721360014
0.247458,0.800682405,0.721210125
0.247498,0.800685556,0.720453569
0.247578,0.800691860,0.718415113
0.247738,0.800704466,0.714595477
0.247938,0.800720225,0.709703525
0.248138,0.800735983,0.704905765
0.248338,0.800751741,0.700039677
0.248435,0.800759384,0.697728808
0.248455,0.800761000,0.697229693
0.248495,0.800764231,0.696238967
0.248575,0.800770693,0.694266755
0.248735,0.800783617,0.690319188
0.248935,0.800799773,0.685390720
0.249135,0.800815928,0.680475306
0.249335,0.800832083,0.675571027
0.249433,0.800840000,0.673165644
0.249453,0.800841702,0.672655572
0.249493,0.800845106,0.671628483
0.249573,0.800851913,0.669559713
0.249733,0.800865529,0.665432612
0.249933,0.800882549,0.660284629
0.250133,0.800899569,0.655145004
0.250333,0.800916588,0.650019987
0.250431,0.800924928,0.647511641
0.250451,0.800923124,0.647750763
0.250491,0.800919516,0.648722833
0.250571,0.800912299,0.651234500
0.250731,0.800897867,0.655981714
0.250931,0.800879826,0.662048701
0.251131,0.800861785,0.668001050
0.251331,0.800843744,0.674022007
0.251429,0.800834903,0.676922082
0.251449,0.800835211,0.677073198
0.251489,0.800835827,0.677070062
0.251569,0.800837058,0.676704957
0.251729,0.800839521,0.676154205
0.251929,0.800842599,0.675379933
0.252129,0.800845677,0.674665079
0.252329,0.800848755,0.673905332
0.252426,0.800850248,0.673565909
0.252446,0.800849138,0.673792859
0.252486,0.800846917,0.674448228
0.252566,0.800842475,0.675994424
0.252726,0.800833591,0.678981857
0.252926,0.800822487,0.682765933
0.253126,0.800811383,0.686496162
0.253326,0.800800279,0.690258464
0.253424,0.800794837,0.692080204
0.253444,0.800795487,0.692076934
0.253484,0.800796788,0.691823722
0.253564,0.800799388,0.691025301
0.253724,0.800804589,0.689569554
0.253924,0.800811090,0.687688378
0.254124,0.800817591,0.685856510
0.254324,0.800824091,0.683991612
0.254422,0.800827277,0.683101776
0.254442,0.800826261,0.683272591
0.254482,0.800824229,0.683849010
0.254562,0.800820166,0.685271727
0.254722,0.800812039,0.687999662
0.254922,0.800801881,0.691466441
0.255122,0.800791723,0.694877728
0.255322,0.800781564,0.698322068
0.255420,0.800776587,0.699984595
0.255440,0.800775715,0.700296729
0.255480,0.800773971,0.700900021
0.255560,0.800770483,0.702079497
0.255720,0.800763507,0.704446511
0.255920,0.800754787,0.707394896
0.256120,0.800746067,0.710342769
0.256320,0.800737347,0.713281428
0.256417,0.800733118,0.714704250
0.256437,0.800735124,0.714379019
0.256477,0.800739137,0.713327319
0.256557,0.800747162,0.710758263
0.256717,0.800763212,0.705842543
0.256917,0.800783275,0.699604038
0.257117,0.800803338,0.693453384
0.257317,0.800823401,0.687251162
0.257415,0.800833232,0.684250893
0.257435,0.800831132,0.684510037
0.257475,0.800826933,0.685610644
0.257555,0.800818534,0.688486541
0.257715,0.800801737,0.693919266
0.257915,0.800780740,0.700854590
0.258115,0.800759744,0.707661420
0.258315,0.800738747,0.714552423
0.258413,0.800728459,0.717866897
0.258433,0.800727686,0.718272490
0.258473,0.800726139,0.718886321
0.258553,0.800723045,0.719890157
0.258713,0.800716857,0.722007666
0.258913,0.800709122,0.724588540
0.259113,0.800701387,0.727205724
0.259313,0.800693652,0.729786220
0.259410,0.800689901,0.731054621
0.259430,0.800691301,0.730839144
0.259470,0.800694102,0.730114868
0.259550,0.800699703,0.728326607
0.259710,0.800710905,0.724910628
0.259910,0.800724908,0.720573232
0.260110,0.800738911,0.716297935
0.260310,0.800752914,0.711983786
0.260408,0.800759775,0.709897763
0.260428,0.800756903,0.710384039
0.260468,0.800751159,0.711957805
0.260548,0.800739672,0.715800195
0.260708,0.800716696,0.723146276
0.260908,0.800687976,0.732480402
0.261108,0.800659257,0.741680947
0.261308,0.800630537,0.750961042
0.261406,0.800616465,0.755443048
0.261426,0.800615014,0.756066278
0.261466,0.800612113,0.757103159
0.261546,0.800606310,0.758936727
0.261706,0.800594705,0.762719762
0.261906,0.800580199,0.767372843
0.262106,0.800565692,0.772064929
0.262306,0.800551186,0.776714298
0.262404,0.800544078,0.779003607
0.262424,0.800546987,0.778528668
0.262464,0.800552805,0.776969651
0.262544,0.800564442,0.773165361
0.262704,0.800587715,0.765890175
0.262904,0.800616807,0.756641549
0.263104,0.800645899,0.747541282
0.263304,0.800674990,0.738348556
0.263401,0.800689100,0.733954955
0.263421,0.800687572,0.733988512
0.263461,0.800684516,0.734682053
0.263541,0.800678403,0.736802474
0.263701,0.800666178,0.740696232
0.263901,0.800650897,0.745734457
0.264101,0.800635615,0.750637773
0.264301,0.800620334,0.755627751
0.264399,0.800612846,0.758014800
0.264419,0.800613087,0.758137079
0.264459,0.800613570,0.758119843
0.264539,0.800614536,0.757792096
0.264699,0.800616468,0.757276928
0.264899,0.800618883,0.756560565
0.265099,0.800621298,0.755899036
0.265299,0.800623712,0.755193078
0.265397,0.800624896,0.754875039
0.265417,0.800622276,0.755418324
0.265457,0.800617038,0.756905901
0.265537,0.800606560,0.760352396
0.265697,0.800585606,0.767018989
0.265897,0.800559413,0.775440918
0.266097,0.800533220,0.783776960
0.266297,0.800507027,0.792157544
0.266395,0.800494192,0.796218995
0.266415,0.800494672,0.796392007
0.266455,0.800495630,0.796295798
0.266535,0.800497547,0.795597384
0.266695,0.800501381,0.794450011
0.266895,0.800506173,0.792889778
0.267095,0.800510966,0.791417852
0.267295,0.800515758,0.789882531
0.267392,0.800518082,0.789177977
0.267412,0.800515736,0.789630400
0.267452,0.800511043,0.790929836
0.267532,0.800501658,0.794000644
0.267692,0.800482887,0.799929855
0.267892,0.800459424,0.807421336
0.268092,0.800435961,0.814831703
0.268292,0.800412498,0.822283158
0.268390,0.800401001,0.825897406
0.268410,0.800402436,0.825832338
0.268450,0.800405307,0.825162899
0.268530,0.800411050,0.823210568
0.268690,0.800422534,0.819604946
0.268890,0.800436890,0.814949083
0.269090,0.800451245,0.810407310
0.269290,0.800465601,0.805788973
0.269388,0.800472635,0.803577841
0.269408,0.800470918,0.803789851
0.269448,0.800467485,0.804664975
0.269528,0.800460618,0.806935999
0.269688,0.800446883,0.811229337
0.269888,0.800429716,0.816710832
0.270088,0.800412548,0.822094605
0.270288,0.800395380,0.827538736
0.270385,0.800387054,0.830134591
0.270405,0.800388060,0.830098640
0.270445,0.800390073,0.829629525
0.270525,0.800394100,0.828248271
0.270685,0.800402153,0.825707244
0.270885,0.800412219,0.822417530
0.271085,0.800422285,0.819218226
0.271285,0.800432351,0.815954075
0.271383,0.800437284,0.814397556
0.271403,0.800442626,0.813138979
0.271443,0.800453310,0.810020491
0.271523,0.800474678,0.803099679
0.271683,0.800517414,0.789594115
0.271883,0.800570835,0.772578678
0.272083,0.800624255,0.755718682
0.272283,0.800677675,0.738779678
0.272381,0.800703851,0.730552001
0.272401,0.800704004,0.729968502
0.272441,0.800704310,0.729549158
0.272521,0.800704922,0.729559026
0.272681,0.800706147,0.729170016
0.272881,0.800707677,0.728900273
0.273081,0.800709208,0.728475744
0.273281,0.800710739,0.728183143
0.273379,0.800711488,0.727967522
0.273399,0.800711826,0.727905598
0.273439,0.800712500,0.727735224
0.273519,0.800713849,0.727351082
0.273679,0.800716546,0.726609907
0.273879,0.800719917,0.725670187
0.274079,0.800723289,0.724743660
0.274279,0.800726660,0.723810667
0.274376,0.800728295,0.723364647
0.274396,0.800727410,0.723534012
0.274436,0.800725639,0.724045359
0.274516,0.800722098,0.725259595
0.274676,0.800715016,0.727595331
0.274876,0.800706163,0.730566418
0.275076,0.800697310,0.733492123
0.275276,0.800688457,0.736444855
0.275374,0.800684119,0.737869227
0.275394,0.800682943,0.738228622
0.275434,0.800680593,0.738981963
0.275514,0.800675891,0.740529192
0.275674,0.800666488,0.743603275
0.275874,0.800654735,0.747445213
0.276074,0.800642981,0.751274123
0.276274,0.800631227,0.755104194
0.276372,0.800625468,0.756969353
0.276392,0.800625035,0.757191670
0.276432,0.800624170,0.757531769
0.276512,0.800622439,0.758087434
0.276672,0.800618978,0.759266892
0.276872,0.800614652,0.760712282
0.277072,0.800610326,0.762167476
0.277272,0.800605999,0.763604305
0.277370,0.800603880,0.764314866
0.277390,0.800603532,0.764439144
0.277430,0.800602836,0.764676229
0.277510,0.800601445,0.765141650
0.277670,0.800598662,0.766081614
0.277870,0.800595183,0.767254422
0.278070,0.800591705,0.768421764
0.278270,0.800588226,0.769584309
0.278367,0.800586539,0.770148044
0.278387,0.800583413,0.770857828
0.278427,0.800577161,0.772671049
0.278507,0.800564656,0.776749334
0.278667,0.800539646,0.784678679
0.278867,0.800508384,0.794680860
0.279067,0.800477122,0.804584074
0.279267,0.800445860,0.814539759
0.279365,0.800430541,0.819374591
0.279385,0.800430602,0.819684568
0.279425,0.800430723,0.819850734
0.279505,0.800430965,0.819665967
0.279665,0.800431450,0.819548693
0.279865,0.800432057,0.819271136
0.280065,0.800432663,0.819087385
0.280265,0.800433269,0.818824992
0.280363,0.800433566,0.818739399
0.280383,0.800435924,0.818217214
0.280423,0.800440640,0.816859671
0.280503,0.800450072,0.813779935
0.280663,0.800468936,0.807810930
0.280863,0.800492516,0.800276092
0.281063,0.800516096,0.792810097
0.281263,0.800539676,0.785315659
0.281361,0.800551230,0.781673358
0.281381,0.800552316,0.781192863
0.281421,0.800554487,0.780424616
0.281501,0.800558830,0.779094783
0.281661,0.800567516,0.776339233
0.281861,0.800578373,0.772960273
0.282061,0.800589231,0.769536129
0.282261,0.800600088,0.766161043
0.282358,0.800605354,0.764509872
0.282378,0.800605447,0.764385586
0.282418,0.800605635,0.764273123
0.282498,0.800606009,0.764210797
0.282658,0.800606759,0.764003343
0.282858,0.800607696,0.763789406
0.283058,0.800608632,0.763543867
0.283258,0.800609569,0.763323633
0.283356,0.800610028,0.763207119
0.283376,0.800606545,0.763953292
0.283416,0.800599577,0.765946732
0.283496,0.800585643,0.770502047
0.283656,0.800557774,0.779335413
0.283856,0.800522938,0.790497376
0.284056,0.800488102,0.801535923
0.284256,0.800453266,0.812639753
0.284354,0.800436197,0.818024249
0.284374,0.800434403,0.818772192
0.284414,0.800430816,0.820020511
0.284494,0.800423641,0.822236717
0.284654,0.800409291,0.826801204
0.284854,0.800391353,0.832423860
0.285054,0.800373416,0.838089693
0.285254,0.800355479,0.843701364
0.285351,0.800346779,0.846435343
0.285371,0.800347058,0.846546662
0.285411,0.800347617,0.846485628
0.285491,0.800348735,0.846038967
0.285651,0.800350970,0.845299985
0.285851,0.800353764,0.844296767
0.286051,0.800356559,0.843357128
0.286251,0.800359353,0.842369658
0.286349,0.800360722,0.841911801
0.286369,0.800360609,0.841893630
0.286409,0.800360382,0.841922642
0.286489,0.800359928,0.842049623
0.286649,0.800359020,0.842268452
0.286849,0.800357886,0.842565201
0.287049,0.800356752,0.842840055
0.287249,0.800355617,0.843124908
0.287347,0.800355061,0.843259832
0.287367,0.800356308,0.842998596
0.287407,0.800358801,0.842278877
0.287487,0.800363787,0.840625894
0.287647,0.800373760,0.837426741
0.287847,0.800386225,0.833372404
0.288047,0.800398691,0.829375720
0.288247,0.800411156,0.825347811
0.288345,0.800417264,0.823396550
0.288365,0.800418558,0.822981720
0.288405,0.800421144,0.822152842
0.288485,0.800426318,0.820491005
0.288645,0.800436664,0.817175113
0.288845,0.800449598,0.813035147
0.289045,0.800462531,0.808897962
0.289245,0.800475465,0.804775045
0.289342,0.800481737,0.802778323
0.289362,0.800482009,0.802586725
0.289402,0.800482552,0.802343972
0.289482,0.800483638,0.802024837
0.289642,0.800485809,0.801312389
0.289842,0.800488524,0.800466509
0.290042,0.800491238,0.799586552
0.290242,0.800493953,0.798738002
0.290340,0.800495283,0.798310202
0.290360,0.800497298,0.797850857
0.290400,0.800501327,0.796685554
0.290480,0.800509385,0.794074349
0.290640,0.800525501,0.788996269
0.290840,0.800545646,0.782591180
0.291040,0.800565791,0.776246291
0.291240,0.800585936,0.769871952
0.291338,0.800595807,0.766778093
0.291358,0.800600128,0.765643715
0.291398,0.800608768,0.763058206
0.291478,0.800626048,0.757524468
0.291638,0.800660608,0.746651718
0.291838,0.800703809,0.732992353
0.292038,0.800747010,0.719418850
0.292238,0.800790210,0.705824011
0.292336,0.800811378,0.699202375
0.292356,0.800809882,0.699089990
0.292396,0.800806890,0.699688283
0.292476,0.800800904,0.701831759
0.292636,0.800788934,0.705670875
0.292836,0.800773971,0.710697226
0.293036,0.800759009,0.715542628
0.293236,0.800744046,0.720518148
0.293333,0.800736789,0.722847691
0.293353,0.800737204,0.722941951
0.293393,0.800738034,0.722836919
0.293473,0.800739695,0.722305933
0.293633,0.800743016,0.721412929
0.293833,0.800747168,0.720205271
0.294033,0.800751319,0.719064080
0.294233,0.800755471,0.717876442
0.294331,0.800757505,0.717324048
0.294351,0.800753259,0.718202031
0.294391,0.800744765,0.720621837
0.294471,0.800727779,0.726211954
0.294631,0.800693805,0.737030337
0.294831,0.800651338,0.750715563
0.295031,0.800608871,0.764234981
0.295231,0.800566404,0.777847934
0.295329,0.800545596,0.784440798
0.295349,0.800546344,0.784732215
0.295389,0.800547842,0.784597103
0.295469,0.800550836,0.783509087
0.295629,0.800556826,0.781732953
0.295829,0.800564313,0.779308130
0.296029,0.800571799,0.777033001
0.296229,0.800579286,0.774636336
0.296327,0.800582955,0.773536982
0.296347,0.800585523,0.772904527
0.296387,0.800590659,0.771392516
0.296467,0.800600933,0.768097934
0.296627,0.800621479,0.761651696
0.296827,0.800647162,0.753535234
0.297027,0.800672845,0.745485429
0.297227,0.800698528,0.737404804
0.297324,0.800710984,0.733514779
0.297344,0.800712421,0.732950242
0.297384,0.800715294,0.731986196
0.297464,0.800721041,0.730244978
0.297624,0.800732535,0.726673448
0.297824,0.800746902,0.722262895
0.298024,0.800761270,0.717829457
0.298224,0.800775637,0.713427452
0.298322,0.800782677,0.711262636
0.298342,0.800781155,0.711461768
0.298382,0.800778111,0.712272445
0.298462,0.800772023,0.714355744
0.298622,0.800759847,0.718294313
0.298822,0.800744626,0.723333217
0.299022,0.800729406,0.728276638
0.299222,0.800714185,0.733277032
0.299320,0.800706727,0.735682462
0.299340,0.800706571,0.735892646
0.299380,0.800706258,0.736108733
0.299460,0.800705632,0.736312858
0.299620,0.800704380,0.736838195
0.299820,0.800702815,0.737429800
0.300020,0.800701250,0.738062947
0.300220,0.800699686,0.738659906
0.300317,0.800698927,0.738966366
0.300337,0.800696923,0.739421023
0.300377,0.800692915,0.740595528
0.300457,0.800684900,0.743240101
0.300617,0.800668869,0.748382779
0.300817,0.800648831,0.754874977
0.301017,0.800628793,0.761303032
0.301217,0.800608755,0.767765974
0.301315,0.800598936,0.770894302
0.301335,0.800600416,0.770792287
0.301375,0.800603375,0.770097959
0.301455,0.800609294,0.768138708
0.301615,0.800621132,0.764489341
0.301815,0.800635929,0.759802435
0.302015,0.800650727,0.755218775
0.302215,0.800665524,0.750564750
0.302313,0.800672775,0.748336268
0.302333,0.800674799,0.747751037
0.302373,0.800678848,0.746510277
0.302453,0.800686946,0.743961132
0.302613,0.800703141,0.738909117
0.302813,0.800723385,0.732585932
0.303013,0.800743629,0.726285843
0.303213,0.800763873,0.719984982
0.303311,0.800773793,0.716909899
0.303331,0.800774361,0.716593620
0.303371,0.800775497,0.716164815
0.303451,0.800777770,0.715546141
0.303611,0.800782315,0.714203061
0.303811,0.800787996,0.712580204
0.304011,0.800793678,0.710918695
0.304211,0.800799359,0.709296868
0.304308,0.800802114,0.708493960
0.304328,0.800802809,0.708306948
0.304368,0.800804199,0.707909097
0.304448,0.800806979,0.707087781
0.304608,0.800812539,0.705463129
0.304808,0.800819489,0.703431362
0.305008,0.800826438,0.701405134
0.305208,0.800833388,0.699383476
0.305306,0.800836793,0.698395642
0.305326,0.800836390,0.698428934
0.305366,0.800835583,0.698652839
0.305446,0.800833969,0.699272241
0.305606,0.800830742,0.700427538
0.305806,0.800826708,0.701917076
0.306006,0.800822674,0.703367078
0.306206,0.800818640,0.704845466
0.306304,0.800816663,0.705551220
0.306324,0.800817263,0.705481584
0.306364,0.800818463,0.705203043
0.306444,0.800820863,0.704481940
0.306604,0.800825664,0.703122071
0.306804,0.800831664,0.701379976
0.307004,0.800837665,0.699668566
0.307204,0.800843665,0.697944466
0.307302,0.800846606,0.697113385
0.307322,0.800847750,0.696822287
0.307362,0.800850039,0.696168420
0.307442,0.800854616,0.694777119
0.307602,0.800863771,0.692037958
0.307802,0.800875214,0.688597110
0.308002,0.800886657,0.685176806
0.308202,0.800898101,0.681756924
0.308299,0.800903651,0.680104492
0.308319,0.800901234,0.680529306
0.308359,0.800896400,0.681874814
0.308439,0.800886731,0.685141156
0.308599,0.800867395,0.691389361
0.308799,0.800843224,0.699329998
0.308999,0.800819053,0.707158841
0.309199,0.800794882,0.715048530
0.309297,0.800783039,0.718863004
0.309317,0.800782822,0.719179896
0.309357,0.800782390,0.719493713
0.309437,0.800781525,0.719768329
0.309597,0.800779795,0.720485956
0.309797,0.800777633,0.721283823
0.309997,0.800775470,0.722148582
0.310197,0.800773308,0.722951868
0.310295,0.800772249,0.723377217
0.310315,0.800773392,0.723164822
0.310355,0.800775678,0.722556007
0.310435,0.800780252,0.721119303
0.310595,0.800789398,0.718354247
0.310795,0.800800831,0.714858495
0.310995,0.800812263,0.711395628
0.311195,0.800823696,0.707919044
0.311293,0.800829298,0.706233334
0.311313,0.800830163,0.705941514
0.311353,0.800831893,0.705410011
0.311433,0.800835352,0.704394157
0.311593,0.800842270,0.702327484
0.311793,0.800850917,0.699769256
0.311993,0.800859565,0.697209514
0.312193,0.800868213,0.694663186
0.312290,0.800872407,0.693424042
0.312310,0.800875082,0.692780353
0.312350,0.800880433,0.691239897
0.312430,0.800891135,0.687869063
0.312590,0.800912539,0.681270864
0.312790,0.800939294,0.672969031
0.312990,0.800966050,0.664732277
0.313190,0.800992805,0.656468622
0.313288,0.801005915,0.652448523
0.313308,0.801004606,0.652479570
0.313348,0.801001988,0.653103092
0.313428,0.800996753,0.654993173
0.313588,0.800986283,0.658463132
0.313788,0.800973195,0.662962721
0.313988,0.800960106,0.667329489
0.314188,0.800947018,0.671782134
0.314286,0.800940605,0.673907736
0.314306,0.800939641,0.674284321
0.314346,0.800937713,0.674974299
0.314426,0.800933857,0.676279577
0.314586,0.800926144,0.678929388
0.314786,0.800916503,0.682217331
0.314986,0.800906862,0.685509313
0.315186,0.800897221,0.688785448
0.315283,0.800892545,0.690379105
0.315303,0.800889851,0.691076414
0.315343,0.800884462,0.692716361
0.315423,0.800873686,0.696274252
0.315583,0.800852132,0.703246685
0.315783,0.800825191,0.712017511
0.315983,0.800798249,0.720718291
0.316183,0.800771308,0.729448316
0.316281,0.800758106,0.733693481
0.316301,0.800755678,0.734505347
0.316341,0.800750823,0.736095348
0.316421,0.800741111,0.739220617
0.316581,0.800721688,0.745484837
0.316781,0.800697409,0.753307435
0.316981,0.800673131,0.761111312
0.317181,0.800648852,0.768900815
0.317279,0.800636955,0.772703932
0.317299,0.800636337,0.773092765
0.317339,0.800635101,0.773616336
0.317419,0.800632628,0.774373528
0.317579,0.800627683,0.776015899
0.317779,0.800621502,0.777992778
0.317979,0.800615320,0.780021002
0.318179,0.800609139,0.782000181
0.318277,0.800606110,0.782996260
0.318297,0.800605592,0.783169405
0.318337,0.800604555,0.783509699
0.318417,0.800602482,0.784178426
0.318577,0.800598335,0.785520081
0.318777,0.800593152,0.787193190
0.318977,0.800587969,0.788866848
0.319177,0.800582786,0.790534640
0.319274,0.800580272,0.791340529
0.319294,0.800577781,0.791928631
0.319334,0.800572799,0.793385857
0.319414,0.800562836,0.796618102
0.319574,0.800542908,0.802916850
0.319774,0.800517998,0.810855000
0.319974,0.800493088,0.818724580
0.320174,0.800468179,0.826628991
0.320272,0.800455973,0.830468274
0.320292,0.800458689,0.830140662
0.320332,0.800464122,0.828744702
0.320412,0.800474987,0.825122857
0.320572,0.800496718,0.818281839
0.320772,0.800523882,0.809535790
0.320972,0.800551045,0.800964356
0.321172,0.800578209,0.792273449
0.321270,0.800591519,0.788094467
0.321290,0.800592155,0.787663604
0.321330,0.800593427,0.787118393
0.321410,0.800595971,0.786385952
0.321570,0.800601059,0.784746001
0.321770,0.800607419,0.782789318
0.321970,0.800613779,0.780770033
0.322170,0.800620139,0.778810822
0.322268,0.800623255,0.777824499
0.322288,0.800623690,0.777673680
0.322328,0.800624560,0.777398298
0.322408,0.800626299,0.776862883
0.322568,0.800629777,0.775784317
0.322768,0.800634125,0.774456573
0.322968,0.800638472,0.773117989
0.323168,0.800642820,0.771792806
0.323265,0.800644929,0.771143496
0.323285,0.800646243,0.770821668
0.323325,0.800648872,0.770053895
0.323405,0.800654129,0.768380477
0.323565,0.800664645,0.765103679
0.323765,0.800677789,0.760979793
0.323965,0.800690933,0.756887765
0.324165,0.800704076,0.752787239
0.324263,0.800710517,0.750792726
0.324283,0.800706287,0.751571990
0.324323,0.800697826,0.753910375
0.324403,0.800680905,0.759477671
0.324563,0.800647062,0.770191453
0.324763,0.800604759,0.783771300
0.324963,0.800562456,0.797170817
0.325163,0.800520153,0.810673872
0.325261,0.800499425,0.817210341
0.325281,0.800498848,0.817780892
0.325321,0.800497694,0.818388150
0.325401,0.800495386,0.819001011
0.325561,0.800490771,0.820515174
0.325761,0.800485003,0.822253290
0.325961,0.800479234,0.824098329
0.326161,0.800473465,0.825845960
0.326259,0.800470638,0.826751773
0.326279,0.800468702,0.827214899
0.326319,0.800464829,0.828342086
0.326399,0.800457084,0.830822042
0.326559,0.800441593,0.835676213
0.326759,0.800422230,0.841785869
0.326959,0.800402866,0.847844911
0.327159,0.800383502,0.853924674
0.327256,0.800374111,0.856849114
0.327276,0.800376151,0.856602729
0.327316,0.800380230,0.855550605
0.327396,0.800388390,0.852799991
0.327556,0.800404708,0.847609682
0.327756,0.800425105,0.840983088
0.327956,0.800445503,0.834476900
0.328156,0.800465900,0.827894623
0.328254,0.800475895,0.824725185
0.328274,0.800479591,0.823706645
0.328314,0.800486983,0.821451501
0.328394,0.800501768,0.816689096
0.328554,0.800531336,0.807299686
0.328754,0.800568297,0.795525989
0.328954,0.800605258,0.783812092
0.329154,0.800642218,0.772082775
0.329252,0.800660329,0.766361842
0.329272,0.800656403,0.766826851
0.329312,0.800648551,0.768831344
0.329392,0.800632846,0.774064072
0.329552,0.800601437,0.783937382
0.329752,0.800562176,0.796555145
0.329952,0.800522914,0.808938210
0.330152,0.800483653,0.821482476
0.330249,0.800464611,0.827455086
0.330269,0.800459832,0.828898668
0.330309,0.800450273,0.831877751
0.330389,0.800431155,0.837953427
0.330549,0.800392920,0.850036065
0.330749,0.800345126,0.865132223
0.330949,0.800297332,0.880191109
0.331149,0.800249537,0.895236234
0.331247,0.800226118,0.902590351
0.331267,0.800224575,0.903398242
0.331307,0.800221487,0.904556637
0.331387,0.800215313,0.906346415
0.331547,0.800202964,0.910173657
0.331747,0.800187527,0.914823907
0.331947,0.800172091,0.919554570
0.332147,0.800156655,0.924199833
0.332245,0.800149091,0.926509921
0.332265,0.800147904,0.926893360
0.332305,0.800145530,0.927621583
0.332385,0.800140783,0.929025663
0.332545,0.800131288,0.931852270
0.332745,0.800119420,0.935369720
0.332945,0.800107552,0.938885607
0.333145,0.800095684,0.942389186
0.333243,0.800089868,0.944104683
0.333263,0.800086082,0.945013975
0.333303,0.800078508,0.947194909
0.333383,0.800063362,0.951974421
0.333543,0.800033070,0.961319884
0.333743,0.799995205,0.973073901
0.333943,0.799957340,0.984740790
0.334143,0.799919474,0.996436116
0.334240,0.799901110,1.002063230
0.334260,0.799897951,1.003100690
0.334300,0.799891635,1.005076760
0.334380,0.799879001,1.008911350
0.334540,0.799853734,1.016624070
0.334740,0.799822150,1.026212420
0.334940,0.799790566,1.035794300
0.335140,0.799758982,1.045347840
0.335238,0.799743506,1.050020890
0.335258,0.799740297,1.050986520
0.335298,0.799733880,1.052919230
0.335378,0.799721044,1.056787960
0.335538,0.799695374,1.064522800
0.335738,0.799663285,1.074155490
0.335938,0.799631197,1.083769270
0.336138,0.799599108,1.093357550
0.336236,0.799583385,1.098038520
0.336256,0.799582823,1.098428630
0.336296,0.799581701,1.098830050
0.336376,0.799579455,1.099206030
0.336536,0.799574965,1.100159880
0.336736,0.799569351,1.101238230
0.336936,0.799563738,1.102398470
0.337136,0.799558125,1.103487190
0.337234,0.799555374,1.104055580
0.337254,0.799558395,1.103392980
0.337294,0.799564436,1.101569590
0.337374,0.799576519,1.097352490
0.337534,0.799600685,1.089211740
0.337734,0.799630893,1.078922420
0.337934,0.799661100,1.068759670
0.338134,0.799691307,1.058547800
0.338231,0.799705958,1.053646740
0.338251,0.799706371,1.053185940
0.338291,0.799707197,1.052642730
0.338371,0.799708849,1.051985460
0.338531,0.799712153,1.050458610
0.338731,0.799716282,1.048668060
0.338931,0.799720412,1.046809230
0.339131,0.799724542,1.045014190
0.339229,0.799726566,1.044101810
0.339249,0.799725937,1.044152200
0.339289,0.799724681,1.044387600
0.339369,0.799722169,1.045009950
0.339529,0.799717143,1.046184990
0.339729,0.799710862,1.047693620
0.339929,0.799704580,1.049165850
0.340129,0.799698299,1.050664040
0.340227,0.799695221,1.051382150
0.340247,0.799695035,1.051434800
0.340287,0.799694662,1.051482560
0.340367,0.799693916,1.051500680
0.340527,0.799692425,1.051561160
0.340727,0.799690561,1.051626660
0.340927,0.799688697,1.051704180
0.341127,0.799686833,1.051772690
0.341224,0.799685929,1.051801900
0.341244,0.799683048,1.052391900
0.341284,0.799677287,1.053945850
0.341364,0.799665765,1.057474780
0.341524,0.799642720,1.064330140
0.341724,0.799613914,1.072977690
0.341924,0.799585108,1.081534400
0.342124,0.799556303,1.090131510
0.342222,0.799542188,1.094296590
0.342242,0.799544375,1.094067880
0.342282,0.799548749,1.092885910
0.342362,0.799557498,1.089697140
0.342522,0.799574996,1.083726750
0.342722,0.799596868,1.076083620
0.342922,0.799618740,1.068605700
0.343122,0.799640613,1.061024950
0.343220,0.799651330,1.057386010
0.343240,0.799651667,1.057022170
0.343280,0.799652342,1.056570200
0.343360,0.799653691,1.055983170
0.343520,0.799656388,1.054661940
0.343720,0.799659760,1.053093920
0.343920,0.799663132,1.051476930
0.344120,0.799666504,1.049903490
0.344218,0.799668157,1.049109040
0.344238,0.799667105,1.049255650
0.344278,0.799665002,1.049732050
0.344358,0.799660797,1.050900010
0.344518,0.799652386,1.053136780
0.344718,0.799641872,1.055980940
0.344918,0.799631358,1.058779820
0.345118,0.799620844,1.061597420
0.345215,0.799615745,1.062944400
0.345235,0.799616923,1.062748980
0.345275,0.799619281,1.062038420
0.345355,0.799623995,1.060251570
0.345515,0.799633425,1.056856600
0.345715,0.799645212,1.052538510
0.345915,0.799656998,1.048297910
0.346115,0.799668785,1.044010140
0.346213,0.799674561,1.041944220
0.346233,0.799672944,1.042113780
0.346273,0.799669711,1.042855030
0.346353,0.799663244,1.044800210
0.346513,0.799650311,1.048459690
0.346713,0.799634144,1.053136400
0.346913,0.799617978,1.057720550
0.347113,0.799601811,1.062360830
0.347211,0.799593890,1.064587190
0.347231,0.799591167,1.065292210
0.347271,0.799585722,1.066844360
0.347351,0.799574831,1.070119510
0.347511,0.799553049,1.076581610
0.347711,0.799525822,1.084678000
0.347911,0.799498594,1.092727020
0.348111,0.799471367,1.100767390
0.348209,0.799458026,1.104687260
0.348229,0.799457211,1.105081880
0.348269,0.799455581,1.105596550
0.348349,0.799452321,1.106311080
0.348509,0.799445800,1.107886220
0.348709,0.799437649,1.109775160
0.348909,0.799429499,1.111711090
0.349109,0.799421348,1.113601300
0.349206,0.799417395,1.114536940
0.349226,0.799414878,1.115092440
0.349266,0.799409844,1.116440870
0.349346,0.799399775,1.119413290
0.349506,0.799379638,1.125233330
0.349706,0.799354466,1.132548360
0.349906,0.799329294,1.139792710
0.350106,0.799304122,1.147051900
0.350204,0.799291788,1.150582190
0.350224,0.799288221,1.151534830
0.350264,0.799281088,1.153581230
0.350344,0.799266822,1.157829240
0.350504,0.799238290,1.166240630
0.350704,0.799202625,1.176760810
0.350904,0.799166960,1.187216970
0.351104,0.799131295,1.197671130
0.351202,0.799113819,1.202762160
0.351222,0.799113507,1.203104990
0.351262,0.799112882,1.203322900
0.351342,0.799111634,1.203231500
0.351502,0.799109137,1.203309350
0.351702,0.799106015,1.203273980
0.351902,0.799102893,1.203337630
0.352102,0.799099772,1.203324000
0.352200,0.799098242,1.203362960
0.352220,0.799098234,1.203293430
0.352260,0.799098216,1.203121330
0.352340,0.799098180,1.202732610
0.352500,0.799098109,1.201992490
0.352700,0.799098020,1.201064870
0.352900,0.799097932,1.200138710
0.353100,0.799097843,1.199214670
0.353197,0.799097800,1.198768530
0.353217,0.799099990,1.198203480
0.353257,0.799104370,1.196762510
0.353337,0.799113130,1.193525690
0.353497,0.799130649,1.187240150
0.353697,0.799152549,1.179323270
0.353897,0.799174448,1.171494790
0.354097,0.799196348,1.163645150
0.354195,0.799207079,1.159835650
0.354215,0.799204950,1.159982960
0.354255,0.799200693,1.160891180
0.354335,0.799192179,1.163406980
0.354495,0.799175152,1.168101070
0.354695,0.799153867,1.174125800
0.354895,0.799132583,1.180006960
0.355095,0.799111298,1.185967930
0.355193,0.799100869,1.188825130
0.355213,0.799102280,1.188663800
0.355253,0.799105102,1.187823490
0.355333,0.799110745,1.185555060
0.355493,0.799122033,1.181313580
0.355693,0.799136142,1.175879100
0.355893,0.799150251,1.170572820
0.356093,0.799164360,1.165192090
0.356190,0.799171203,1.162636310
0.356210,0.799168879,1.162904550
0.356250,0.799164231,1.163974800
0.356330,0.799154934,1.166718250
0.356490,0.799136341,1.171918010
0.356690,0.799113100,1.178548560
0.356890,0.799089859,1.185048370
0.357090,0.799066617,1.191616120
0.357188,0.799055229,1.194776090
0.357208,0.799056580,1.194645190
0.357248,0.799059283,1.193848940
0.357328,0.799064688,1.191644990
0.357488,0.799075498,1.187543850
0.357688,0.799089010,1.182280650
0.357888,0.799102523,1.177140050
0.358088,0.799116035,1.171933530
0.358186,0.799122656,1.169438340
0.358206,0.799122055,1.169335150
0.358246,0.799120854,1.169415050
0.358326,0.799118451,1.169903250
0.358486,0.799113645,1.170731120
0.358686,0.799107637,1.171848440
0.358886,0.799101630,1.172895670
0.359086,0.799095623,1.173992390
0.359184,0.799092679,1.174499560
0.359204,0.799091112,1.174815790
0.359244,0.799087977,1.175584890
0.359324,0.799081707,1.177270970
0.359484,0.799069168,1.180570400
0.359684,0.799053493,1.184715660
0.359884,0.799037819,1.188818010
0.360084,0.799022145,1.192938320
0.360181,0.799014543,1.194909360
0.360201,0.799017246,1.194402660
0.360241,0.799022652,1.192782310
0.360321,0.799033465,1.188841640
0.360481,0.799055090,1.181302720
0.360681,0.799082121,1.171742850
0.360881,0.799109153,1.162335110
0.361081,0.799136184,1.152851350
0.361179,0.799149429,1.148275180
0.361199,0.799151705,1.147414320
0.361239,0.799156257,1.145773030
0.361319,0.799165360,1.142578740
0.361479,0.799183566,1.136156510
0.361679,0.799206325,1.128177770
0.361879,0.799229083,1.120202950
0.362079,0.799251841,1.112264280
0.362177,0.799262992,1.108371120
0.362197,0.799261135,1.108469980
0.362237,0.799257420,1.109254350
0.362317,0.799249990,1.111479210
0.362477,0.799235131,1.115606190
0.362677,0.799216556,1.120922000
0.362877,0.799197981,1.126108570
0.363077,0.799179407,1.131370350
0.363175,0.799170305,1.133886340
0.363195,0.799171750,1.133705310
0.363235,0.799174640,1.132863830
0.363315,0.799180419,1.130626490
0.363475,0.799191977,1.126433780
0.363675,0.799206424,1.121069340
0.363875,0.799220872,1.115814730
0.364075,0.799235320,1.110497960
0.364172,0.799242327,1.107963980
0.364192,0.799238924,1.108475690
0.364232,0.799232119,1.110190140
0.364312,0.799218509,1.114402370
0.364472,0.799191288,1.122455360
0.364672,0.799157263,1.132683080
0.364872,0.799123237,1.142742040
0.365072,0.799089211,1.152892020
0.365170,0.799072539,1.157779530
0.365190,0.799067688,1.159106510
0.365230,0.799057985,1.161956610
0.365310,0.799038581,1.167864390
0.365470,0.798999773,1.179548030
0.365670,0.798951262,1.194162260
0.365870,0.798902751,1.208691170
0.366070,0.798854241,1.223201870
0.366168,0.798830471,1.230272650
0.366188,0.798829734,1.230833820
0.366228,0.798828261,1.231367470
0.366308,0.798825314,1.231762860
0.366468,0.798819420,1.232872750
0.366668,0.798812054,1.234097460
0.366868,0.798804687,1.235437600
0.367068,0.798797320,1.236679630
0.367166,0.798793710,1.237339610
0.367186,0.798793155,1.237421170
0.367226,0.798792044,1.237567130
0.367306,0.798789821,1.237838660
0.367466,0.798785377,1.238411010
0.367666,0.798779822,1.239115670
0.367866,0.798774266,1.239819970
0.368066,0.798768711,1.240525530
0.368163,0.798766017,1.240863330
0.368183,0.798765159,1.240998360
0.368223,0.798763444,1.241312320
0.368303,0.798760013,1.241985450
0.368463,0.798753152,1.243315570
0.368663,0.798744575,1.244980160
0.368863,0.798735998,1.246631520
0.369063,0.798727421,1.248286860
0.369161,0.798723218,1.249093490
0.369181,0.798720170,1.249732540
0.369221,0.798714072,1.251320310
0.369301,0.798701876,1.254840470
0.369461,0.798677486,1.261696680
0.369661,0.798646997,1.270329180
0.369861,0.798616509,1.278864600
0.370061,0.798586020,1.287429660
0.370159,0.798571081,1.291582330
0.370179,0.798569989,1.292014630
0.370219,0.798567804,1.292596790
0.370299,0.798563434,1.293427410
0.370459,0.798554694,1.295256120
0.370659,0.798543769,1.297461540
0.370859,0.798532845,1.299705970
0.371059,0.798521920,1.301908880
0.371156,0.798516622,1.302996160
0.371176,0.798519016,1.302461500
0.371216,0.798523804,1.300901290
0.371296,0.798533380,1.297225190
0.371456,0.798552532,1.290168790
0.371656,0.798576472,1.281242620
0.371856,0.798600413,1.272450890
0.372056,0.798624353,1.263616770
0.372154,0.798636084,1.259347040
0.372174,0.798635045,1.259204920
0.372214,0.798632966,1.259416110
0.372294,0.798628810,1.260402750
0.372454,0.798620496,1.262109130
0.372654,0.798610105,1.264378070
0.372854,0.798599713,1.266546450
0.373054,0.798589322,1.268782780
0.373152,0.798584230,1.269825410
0.373172,0.798578952,1.270971070
0.373212,0.798568397,1.273845550
0.373292,0.798547285,1.280256720
0.373452,0.798505063,1.292741560
0.373652,0.798452284,1.308456750
0.373852,0.798399506,1.323987280
0.374052,0.798346728,1.339548780
0.374150,0.798320867,1.347092170
0.374170,0.798320007,1.347692840
0.374210,0.798318289,1.348254150
0.374290,0.798314853,1.348633020
0.374450,0.798307980,1.349750620
0.374650,0.798299389,1.350972350
0.374850,0.798290798,1.352314010
0.375050,0.798282206,1.353560190
0.375147,0.798278040,1.354213750
0.375167,0.798277859,1.354189580
0.375207,0.798277497,1.354052020
0.375287,0.798276773,1.353675100
0.375447,0.798275325,1.352990790
0.375647,0.798273516,1.352111060
0.375847,0.798271706,1.351254020
0.376047,0.798269897,1.350393290
0.376145,0.798269010,1.349979570
0.376165,0.798267967,1.350080730
0.376205,0.798265881,1.350402520
0.376285,0.798261709,1.351192260
0.376445,0.798253365,1.352708800
0.376645,0.798242935,1.354616880
0.376845,0.798232505,1.356503390
0.377045,0.798222074,1.358398610
0.377143,0.798216964,1.359316270
0.377163,0.798219580,1.358716750
0.377203,0.798224813,1.356995980
0.377283,0.798235279,1.352952520
0.377443,0.798256211,1.345181780
0.377643,0.798282376,1.335360620
0.377843,0.798308542,1.325682240
0.378043,0.798334707,1.315962580
0.378141,0.798347528,1.311261580
0.378161,0.798352499,1.309783460
0.378201,0.798362441,1.306496110
0.378281,0.798382326,1.299560150
0.378441,0.798422096,1.285908830
0.378641,0.798471808,1.268797510
0.378841,0.798521521,1.251820830
0.379041,0.798571233,1.234836200
0.379138,0.798595343,1.226650420
0.379158,0.798595396,1.226021200
0.379198,0.798595502,1.225465940
0.379278,0.798595713,1.225155050
0.379438,0.798596136,1.224158180
0.379638,0.798596665,1.223116030
0.379838,0.798597193,1.221929210
0.380038,0.798597721,1.220867210
0.380136,0.798597980,1.220276940
0.380156,0.798599719,1.219812370
0.380196,0.798603195,1.218631240
0.380276,0.798610148,1.215971120
0.380436,0.798624055,1.210806430
0.380636,0.798641438,1.204303470
0.380836,0.798658821,1.197860700
0.381036,0.798676204,1.191403690
0.381134,0.798684721,1.188267060
0.381154,0.798688348,1.187215130
0.381194,0.798695601,1.184846530
0.381274,0.798710107,1.179805070
0.381434,0.798739120,1.169891990
0.381634,0.798775385,1.157466330
0.381834,0.798811651,1.145120500
0.382034,0.798847916,1.132773090
0.382132,0.798865686,1.126758510
0.382152,0.798866967,1.126029010
0.382192,0.798869529,1.124915080
0.382272,0.798874651,1.123067300
0.382432,0.798884897,1.119200560
0.382632,0.798897704,1.114485340
0.382832,0.798910511,1.109700130
0.383032,0.798923318,1.104991510
0.383129,0.798929530,1.102675570
0.383149,0.798930499,1.102275210
0.383189,0.798932438,1.101513250
0.383269,0.798936315,1.100030370
0.383429,0.798944070,1.097048280
0.383629,0.798953764,1.093342840
0.383829,0.798963458,1.089637070
0.384029,0.798973152,1.085947330
0.384127,0.798977902,1.084136800
0.384147,0.798980209,1.083480240
0.384187,0.798984824,1.081977250
0.384267,0.798994054,1.078757800
0.384427,0.799012514,1.072429880
0.384627,0.799035589,1.064486030
0.384827,0.799058664,1.056602040
0.385027,0.799081739,1.048703360
0.385125,0.799093045,1.044855400
0.385145,0.799095735,1.043983280
0.385185,0.799101115,1.042193470
0.385265,0.799111874,1.038553390
0.385425,0.799133394,1.031306200
0.385625,0.799160293,1.022252580
0.385825,0.799187192,1.013236510
0.386025,0.799214091,1.004233890
0.386122,0.799227137,0.999874570
0.386142,0.799228344,0.999295971
0.386182,0.799230759,0.998348775
0.386262,0.799235589,0.996694930
0.386422,0.799245248,0.993271397
0.386622,0.799257323,0.989066511
0.386822,0.799269398,0.984833267
0.387022,0.799281472,0.980640130
0.387120,0.799287389,0.978567704
0.387140,0.799288230,0.978230205
0.387180,0.799289913,0.977602132
0.387260,0.799293279,0.976403333
0.387420,0.799300012,0.973976463
0.387620,0.799308427,0.970962035
0.387820,0.799316842,0.967949380
0.388020,0.799325257,0.964946248
0.388118,0.799329381,0.963470947
0.388138,0.799334021,0.962352673
0.388178,0.799343303,0.959580883
0.388258,0.799361866,0.953426850
0.388418,0.799398991,0.941431670
0.388618,0.799445398,0.926318512
0.388818,0.799491805,0.911333152
0.389018,0.799538211,0.896291479
0.389116,0.799560951,0.888983977
0.389136,0.799558131,0.889084778
0.389176,0.799552491,0.890352929
0.389256,0.799541211,0.894098747
0.389416,0.799518651,0.900996081
0.389616,0.799490451,0.909909412
0.389816,0.799462251,0.918593539
0.390016,0.799434051,0.927436621
0.390113,0.799420374,0.931608986
0.390133,0.799418468,0.932305793
0.390173,0.799414657,0.933542656
0.390253,0.799407035,0.935834566
0.390413,0.799391790,0.940511597
0.390613,0.799372734,0.946298836
0.390813,0.799353678,0.952103390
0.391013,0.799334623,0.957873563
0.391111,0.799325285,0.960705216
0.391131,0.799325547,0.960813449
0.391171,0.799326070,0.960724302
0.391251,0.799327117,0.960204364
0.391411,0.799329211,0.959335431
0.391611,0.799331828,0.958165120
0.391811,0.799334445,0.957054745
0.392011,0.799337061,0.955897172
0.392109,0.799338344,0.955358514
0.392129,0.799337134,0.955554269
0.392169,0.799334715,0.956165251
0.392249,0.799329876,0.957629426
0.392409,0.799320200,0.960444462
0.392609,0.799308103,0.964008624
0.392809,0.799296007,0.967520215
0.393009,0.799283911,0.971070839
0.393107,0.799277984,0.972779528
0.393127,0.799279150,0.972626566
0.393167,0.799281481,0.971975026
0.393247,0.799286145,0.970285580
0.393407,0.799295471,0.967101211
0.393607,0.799307130,0.963027250
0.393807,0.799318788,0.959040034
0.394007,0.799330446,0.954997124
0.394104,0.799336100,0.953070286
0.394124,0.799331580,0.953888826
0.394164,0.799322540,0.956331283
0.394244,0.799304458,0.962127297
0.394404,0.799268296,0.973281491
0.394604,0.799223094,0.987423297
0.394804,0.799177891,1.001365020
0.395004,0.799132688,1.015416400
0.395102,0.799110539,1.022211970
0.395122,0.799110788,1.022594520
0.395162,0.799111285,1.022670620
0.395242,0.799112280,1.022034500
0.395402,0.799114270,1.021140100
0.395602,0.799116758,1.019828710
0.395802,0.799119246,1.018657980
0.396002,0.799121733,1.017376660
0.396100,0.799122952,1.016814450
0.396120,0.799120212,1.017324280
0.396160,0.799114731,1.018777680
0.396240,0.799103770,1.022181520
0.396400,0.799081846,1.028742040
0.396600,0.799054442,1.037037810
0.396800,0.799027038,1.045242950
0.397000,0.798999634,1.053496360
0.397098,0.798986206,1.057490890
0.397118,0.798980608,1.058930750
0.397158,0.798969412,1.062202340
0.397238,0.798947019,1.069194060
0.397398,0.798902234,1.082947700
0.397598,0.798846254,1.100201200
0.397798,0.798790273,1.117329950
0.397998,0.798734292,1.134480440
0.398095,0.798707141,1.142739070
0.398115,0.798707311,1.143211490
0.398155,0.798707650,1.143328750
0.398235,0.798708329,1.142627420
0.398395,0.798709688,1.141690440
0.398595,0.798711385,1.140277310
0.398795,0.798713083,1.139038440
0.398995,0.798714781,1.137666170
0.399093,0.798715613,1.137074220
0.399113,0.798713305,1.137466510
0.399153,0.798708689,1.138612600
0.399233,0.798699458,1.141318510
0.399393,0.798680996,1.146536710
0.399593,0.798657918,1.153136200
0.399793,0.798634840,1.159641070
0.399993,0.798611762,1.166185510
0.400091,0.798600454,1.169353840
0.400111,0.798600619,1.169479410
0.400151,0.798600949,1.169371630
0.400231,0.798601608,1.168739540
0.400391,0.798602926,1.167685110
0.400591,0.798604573,1.166265730
0.400791,0.798606220,1.164923740
0.400991,0.798607868,1.163533330
0.401088,0.798608667,1.162888840
0.401108,0.798611362,1.162204770
0.401148,0.798616751,1.160483890
0.401228,0.798627530,1.156638040
0.401388,0.798649088,1.149168700
0.401588,0.798676036,1.139755100
0.401788,0.798702983,1.130438690
0.401988,0.798729930,1.121101540
0.402086,0.798743135,1.116562880
0.402106,0.798745767,1.115642230
0.402146,0.798751030,1.113822480
0.402226,0.798761558,1.110196740
0.402386,0.798782612,1.102942870
0.402586,0.798808931,1.093909860
0.402786,0.798835249,1.084895210
0.402986,0.798861567,1.075914530
0.403084,0.798874463,1.071515430
0.403104,0.798877989,1.070426120
0.403144,0.798885040,1.068123980
0.403224,0.798899141,1.063379780
0.403384,0.798927344,1.053976220
0.403584,0.798962597,1.042213140
0.403784,0.798997851,1.030503760
0.403984,0.799033104,1.018802480
0.404082,0.799050379,1.013090180
0.404102,0.799049657,1.012834570
0.404142,0.799048214,1.012927380
0.404222,0.799045328,1.013800430
0.404382,0.799039556,1.015216820
0.404582,0.799032340,1.017158120
0.404782,0.799025125,1.018971060
0.404982,0.799017910,1.020874970
0.405079,0.799014410,1.021737070
0.405099,0.799014905,1.021673570
0.405139,0.799015894,1.021357410
0.405219,0.799017873,1.020507380
0.405379,0.799021831,1.018923130
0.405579,0.799026778,1.016890450
0.405779,0.799031726,1.014901540
0.405979,0.799036673,1.012884790
0.406077,0.799039097,1.011912550
0.406097,0.799035838,1.012522640
0.406137,0.799029320,1.014265940
0.406217,0.799016284,1.018353500
0.406377,0.798990213,1.026236530
0.406577,0.798957623,1.036212790
0.406777,0.798925034,1.046066490
0.406977,0.798892445,1.055977620
0.407075,0.798876476,1.060779330
0.407095,0.798880907,1.060117100
0.407135,0.798889768,1.057700550
0.407215,0.798907492,1.051622690
0.407375,0.798942940,1.040071650
0.407575,0.798987249,1.025359040
0.407775,0.799031558,1.010900410
0.407975,0.799075867,0.996291128
0.408073,0.799097579,0.989247485
0.408093,0.799101372,0.987918040
0.408133,0.799108957,0.985377675
0.408213,0.799124129,0.980423629
0.408373,0.799154471,0.970465776
0.408573,0.799192400,0.958077228
0.408773,0.799230328,0.945689996
0.408973,0.799268256,0.933355918
0.409070,0.799286652,0.927361503
0.409090,0.799291899,0.925820981
0.409130,0.799302394,0.922531938
0.409210,0.799323383,0.915711022
0.409370,0.799365363,0.902202286
0.409570,0.799417837,0.885296846
0.409770,0.799470311,0.868457498
0.409970,0.799522785,0.851620851
0.410068,0.799548497,0.843402943
0.410088,0.799548515,0.842844109
0.410128,0.799548550,0.842466591
0.410208,0.799548619,0.842563815
0.410368,0.799548759,0.842356082
0.410568,0.799548933,0.842305507
0.410768,0.799549107,0.842107388
0.410968,0.799549281,0.842032939
0.411066,0.799549367,0.841925033
0.411086,0.799551360,0.841500247
0.411126,0.799555345,0.840353679
0.411206,0.799563316,0.837724036
0.411366,0.799579258,0.832634739
0.411566,0.799599186,0.826205215
0.411766,0.799619113,0.819844892
0.411966,0.799639041,0.813451955
0.412063,0.799648706,0.810382679
0.412083,0.799648814,0.810147352
0.412123,0.799649032,0.809942997
0.412203,0.799649466,0.809850593
0.412363,0.799650334,0.809525711
0.412563,0.799651419,0.809193470
0.412763,0.799652505,0.808813306
0.412963,0.799653590,0.808472582
0.413061,0.799654122,0.808279057
0.413081,0.799652590,0.808598376
0.413121,0.799649528,0.809464644
0.413201,0.799643402,0.811456070
0.413361,0.799631151,0.815307926
0.413561,0.799615836,0.820172878
0.413761,0.799600522,0.824988647
0.413961,0.799585208,0.829831291
0.414059,0.799577704,0.832177747
0.414079,0.799575080,0.832895620
0.414119,0.799569831,0.834483636
0.414199,0.799559334,0.837830355
0.414359,0.799538340,0.844428826
0.414559,0.799512097,0.852710146
0.414759,0.799485854,0.860948237
0.414959,0.799459611,0.869192427
0.415057,0.799446751,0.873208289
0.415077,0.799447796,0.873246017
0.415117,0.799449884,0.872798161
0.415197,0.799454060,0.871307519
0.415357,0.799462414,0.868621607
0.415557,0.799472855,0.865114139
0.415757,0.799483296,0.861723583
0.415957,0.799493738,0.858253828
0.416054,0.799498802,0.856617740
0.416074,0.799495402,0.857224175
0.416114,0.799488603,0.859068830
0.416194,0.799475005,0.863476782
0.416354,0.799447810,0.871946168
0.416554,0.799413815,0.882691327
0.416754,0.799379820,0.893287569
0.416954,0.799345825,0.903977968
0.417052,0.799329167,0.909140655
0.417072,0.799328549,0.909616054
0.417112,0.799327311,0.910156634
0.417192,0.799324836,0.910778222
0.417352,0.799319886,0.912245688
0.417552,0.799313698,0.913958066
0.417752,0.799307510,0.915749167
0.417952,0.799301323,0.917467181
0.418050,0.799298291,0.918351135
0.418070,0.799301000,0.917801038
0.418110,0.799306420,0.916248473
0.418190,0.799317258,0.912616983
0.418350,0.799338936,0.905614990
0.418550,0.799366033,0.896757167
0.418750,0.799393130,0.888003746
0.418950,0.799420227,0.879189729
0.419048,0.799433505,0.874920731
0.419068,0.799432275,0.874884711
0.419108,0.799429815,0.875372469
0.419188,0.799424895,0.876998656
0.419348,0.799415055,0.879935175
0.419548,0.799402756,0.883755994
0.419748,0.799390456,0.887459800
0.419948,0.799378156,0.891246379
0.420045,0.799372191,0.893030938
0.420065,0.799370798,0.893449993
0.420105,0.799368013,0.894295690
0.420185,0.799362442,0.895996100
0.420345,0.799351301,0.899394965
0.420545,0.799337374,0.903638273
0.420745,0.799323447,0.907870788
0.420945,0.799309521,0.912098369
0.421043,0.799302697,0.914166652
0.421063,0.799297893,0.915320409
0.421103,0.799288287,0.918111242
0.421183,0.799269073,0.924225025
0.421343,0.799230647,0.936186597
0.421543,0.799182614,0.951251543
0.421743,0.799134580,0.966180827
0.421943,0.799086547,0.981171917
0.422041,0.799063011,0.988451581
0.422061,0.799062072,0.989120396
0.422101,0.799060193,0.989906082
0.422181,0.799056435,0.990842324
0.422341,0.799048921,0.993003642
0.422541,0.799039527,0.995551635
0.422741,0.799030133,0.998198744
0.422941,0.799020740,1.000746320
0.423039,0.799016137,1.002046230
0.423059,0.799018353,1.001616770
0.423099,0.799022786,1.000329210
0.423179,0.799031652,0.997262579
0.423339,0.799049383,0.991369119
0.423539,0.799071547,0.983899799
0.423739,0.799093711,0.976533909
0.423939,0.799115875,0.969110876
0.424036,0.799126625,0.965551253
0.424056,0.799125669,0.965492705
0.424096,0.799123758,0.965820684
0.424176,0.799119935,0.966998265
0.424336,0.799112290,0.969111744
0.424536,0.799102734,0.971871138
0.424736,0.799093178,0.974538742
0.424936,0.799083622,0.977267386
0.425034,0.799078939,0.978557699
0.425054,0.799079834,0.978437552
0.425094,0.799081622,0.977926845
0.425174,0.799085199,0.976595883
0.425334,0.799092353,0.974084443
0.425534,0.799101295,0.970870510
0.425734,0.799110237,0.967723040
0.425934,0.799119179,0.964532875
0.426032,0.799123561,0.962997713
0.426052,0.799122437,0.963109259
0.426092,0.799120190,0.963627498
0.426172,0.799115695,0.964992796
0.426332,0.799106704,0.967556129
0.426532,0.799095466,0.970833796
0.426732,0.799084228,0.974046310
0.426932,0.799072990,0.977300960
0.427029,0.799067539,0.978848168
0.427049,0.799066440,0.979171553
0.427089,0.799064240,0.979811363
0.427169,0.799059841,0.981063720
0.427329,0.799051042,0.983574632
0.427529,0.799040044,0.986710098
0.427729,0.799029045,0.989835792
0.427929,0.799018047,0.992961811
0.428027,0.799012658,0.994485862
0.428047,0.799011659,0.994775430
0.428087,0.799009660,0.995341417
0.428167,0.799005663,0.996453638
0.428327,0.798997668,0.998685185
0.428527,0.798987674,1.001467710
0.428727,0.798977681,1.004244070
0.428927,0.798967687,1.007014830
0.429025,0.798962790,1.008367600
0.429045,0.798962623,1.008464130
0.429085,0.798962288,1.008541850
0.429165,0.798961619,1.008564450
0.429325,0.798960280,1.008672310
0.429525,0.798958606,1.008774460
0.429725,0.798956933,1.008896270
0.429925,0.798955260,1.009002380
0.430023,0.798954440,1.009063610
0.430043,0.798953888,1.009156460
0.430083,0.798952784,1.009395110
0.430163,0.798950577,1.009938520
0.430323,0.798946163,1.011000860
0.430523,0.798940646,1.012338170
0.430723,0.798935128,1.013658440
0.430923,0.798929611,1.014987050
0.431020,0.798926935,1.015616090
0.431040,0.798927677,1.015473270
0.431080,0.798929161,1.015000640
0.431160,0.798932130,1.013845280
0.431320,0.798938067,1.011637200
0.431520,0.798945488,1.008837710
0.431720,0.798952909,1.006080510
0.431920,0.798960330,1.003290600
0.432018,0.798963966,1.001943940
0.432038,0.798964412,1.001727280
0.432078,0.798965302,1.001343270
0.432158,0.798967083,1.000627060
0.432318,0.798970645,0.999167411
0.432518,0.798975098,0.997361589
0.432718,0.798979550,0.995548482
0.432918,0.798984003,0.993752355
0.433016,0.798986185,0.992863628
0.433036,0.798983860,0.993279244
0.433076,0.798979211,0.994497798
0.433156,0.798969914,0.997384674
0.433316,0.798951318,1.002932450
0.433516,0.798928074,1.009963030
0.433716,0.798904829,1.016894720
0.433916,0.798881585,1.023878550
0.434014,0.798870195,1.027259000
0.434034,0.798871201,1.027242370
0.434074,0.798873214,1.026729650
0.434154,0.798877240,1.025163870
0.434314,0.798885292,1.022304440
0.434514,0.798895357,1.018605770
0.434714,0.798905422,1.015013420
0.434914,0.798915486,1.011339530
0.435011,0.798920368,1.009607750
0.435031,0.798920848,1.009355190
0.435071,0.798921808,1.008927680
0.435151,0.798923728,1.008163150
0.435311,0.798927569,1.006596670
0.435511,0.798932369,1.004664750
0.435711,0.798937169,1.002722060
0.435911,0.798941970,1.000798690
0.436009,0.798944322,0.999850589
0.436029,0.798944476,0.999730849
0.436069,0.798944784,0.999532429
0.436149,0.798945401,0.999182596
0.436309,0.798946634,0.998468510
0.436509,0.798948175,0.997587941
0.436709,0.798949717,0.996703343
0.436909,0.798951258,0.995826748
0.437007,0.798952013,0.995390352
0.437027,0.798950033,0.995763331
0.437067,0.798946073,0.996802516
0.437147,0.798938152,0.999226337
0.437307,0.798922311,1.003908630
0.437507,0.798902509,1.009832610
0.437707,0.798882707,1.015681800
0.437907,0.798862906,1.021570340
0.438005,0.798853203,1.024420630
0.438025,0.798851508,1.024946650
0.438065,0.798848120,1.025953190
0.438145,0.798841342,1.027918000
0.438305,0.798827787,1.031865940
0.438505,0.798810842,1.036778220
0.438705,0.798793898,1.041687390
0.438905,0.798776954,1.046575450
0.439002,0.798768736,1.048942960
0.439022,0.798767621,1.049305390
0.439062,0.798765391,1.049950780
0.439142,0.798760930,1.051145260
0.439302,0.798752009,1.053572990
0.439502,0.798740858,1.056583920
0.439702,0.798729707,1.059599030
0.439902,0.798718556,1.062597370
0.440000,0.798713092,1.064066920
0.440020,0.798711147,1.064545640
0.440060,0.798707258,1.065616190
0.440140,0.798699479,1.067885600
0.440300,0.798683922,1.072370110
0.440500,0.798664476,1.077994910
0.440700,0.798645029,1.083577620
0.440900,0.798625582,1.089165210
0.440998,0.798616054,1.091881510
0.441018,0.798613953,1.092473620
0.441058,0.798609751,1.093673350
0.441138,0.798601348,1.096097490
0.441298,0.798584542,1.100933820
0.441498,0.798563534,1.106956700
0.441698,0.798542526,1.112955660
0.441898,0.798521518,1.118948310
0.441995,0.798511329,1.121845990
0.442015,0.798507944,1.122721490
0.442055,0.798501174,1.124646100
0.442135,0.798487635,1.128703720
0.442295,0.798460557,1.136708860
0.442495,0.798426708,1.146728130
0.442695,0.798392860,1.156689760
0.442895,0.798359012,1.166648990
0.442993,0.798342426,1.171501560
0.443013,0.798338782,1.172552350
0.443053,0.798331494,1.174684000
0.443133,0.798316918,1.178976060
0.443293,0.798287766,1.187532810
0.443493,0.798251326,1.198210570
0.443693,0.798214886,1.208839970
0.443893,0.798178446,1.219441390
0.443991,0.798160591,1.224618500
0.444011,0.798160388,1.224934730
0.444051,0.798159981,1.225081580
0.444131,0.798159168,1.224812970
0.444291,0.798157543,1.224552370
0.444491,0.798155511,1.224083150
0.444691,0.798153479,1.223721720
0.444891,0.798151447,1.223290280
0.444989,0.798150451,1.223124800
0.445009,0.798154519,1.222155950
0.445049,0.798162655,1.219631050
0.445129,0.798178926,1.213905960
0.445289,0.798211468,1.202801830
0.445489,0.798252145,1.188806050
0.445689,0.798292823,1.174982510
0.445889,0.798333501,1.161110160
0.445986,0.798353229,1.154447070
0.446006,0.798355098,1.153538470
0.446046,0.798358835,1.152036580
0.446126,0.798366308,1.149392510
0.446286,0.798381256,1.143962450
0.446486,0.798399940,1.137283770
0.446686,0.798418624,1.130549830
0.446886,0.798437309,1.123899350
0.446984,0.798446464,1.120614270
0.447004,0.798448760,1.119862040
0.447044,0.798453352,1.118286700
0.447124,0.798462535,1.115068330
0.447284,0.798480902,1.108683200
0.447484,0.798503861,1.100691820
0.447684,0.798526820,1.092740600
0.447884,0.798549779,1.084798460
0.447982,0.798561029,1.080921650
0.448002,0.798559764,1.080898600
0.448042,0.798557235,1.081349450
0.448122,0.798552178,1.082828860
0.448282,0.798542062,1.085512740
0.448482,0.798529418,1.089004920
0.448682,0.798516774,1.092385750
0.448882,0.798504130,1.095839380
0.448980,0.798497935,1.097481610
0.449000,0.798496535,1.097857360
0.449040,0.798493734,1.098620010
0.449120,0.798488133,1.100155410
0.449280,0.798476932,1.103215230
0.449480,0.798462930,1.107032280
0.449680,0.798448928,1.110840120
0.449880,0.798434926,1.114633530
0.449977,0.798428135,1.116463920
0.449997,0.798429236,1.116306880
0.450037,0.798431439,1.115634450
0.450117,0.798435845,1.113882590
0.450277,0.798444657,1.110584120
0.450477,0.798455672,1.106368650
0.450677,0.798466686,1.102235710
0.450877,0.798477701,1.098054740
0.450975,0.798483099,1.096043300
0.450995,0.798486792,1.095067300
0.451035,0.798494180,1.092752800
0.451115,0.798508955,1.087715170
0.451275,0.798538504,1.077860760
0.451475,0.798575442,1.065473750
0.451675,0.798612379,1.053188360
0.451875,0.798649316,1.040876900
0.451973,0.798667415,1.034888170
0.451993,0.798667234,1.034492670
0.452033,0.798666871,1.034251020
0.452113,0.798666146,1.034405800
0.452273,0.798664696,1.034418970
0.452473,0.798662883,1.034578990
0.452673,0.798661071,1.034637560
0.452873,0.798659258,1.034780370
0.452971,0.798658370,1.034803350
0.452991,0.798662795,1.033827650
0.453031,0.798671647,1.031218520
0.453111,0.798689349,1.025262230
0.453271,0.798724754,1.013710810
0.453471,0.798769010,0.999116010
0.453671,0.798813266,0.984694291
0.453871,0.798857522,0.970185974
0.453968,0.798878986,0.963224415
0.453988,0.798883952,0.961659271
0.454028,0.798893884,0.958466093
0.454108,0.798913748,0.951999688
0.454268,0.798953475,0.939121762
0.454468,0.799003134,0.923043007
0.454668,0.799052793,0.907001683
0.454868,0.799102453,0.890993060
0.454966,0.799126786,0.883158127
0.454986,0.799132387,0.881422722
0.455026,0.799143590,0.877863963
0.455106,0.799165996,0.870648976
0.455266,0.799210808,0.856286699
0.455466,0.799266824,0.838345263
0.455666,0.799322839,0.820459872
0.455866,0.799378854,0.802586660
0.455964,0.799406301,0.793847692
0.455984,0.799408001,0.792900923
0.456024,0.799411400,0.791559953
0.456104,0.799418198,0.789511326
0.456264,0.799431794,0.785124797
0.456464,0.799448789,0.779809221
0.456664,0.799465784,0.774389732
0.456864,0.799482780,0.769066885
0.456961,0.799491022,0.766439702
0.456981,0.799491147,0.766254581
0.457021,0.799491398,0.766092435
0.457101,0.799491899,0.765997204
0.457261,0.799492901,0.765699608
0.457461,0.799494154,0.765391684
0.457661,0.799495407,0.765035205
0.457861,0.799496660,0.764723104
0.457959,0.799497274,0.764547402
0.457979,0.799495300,0.764966254
0.458019,0.799491352,0.766099382
0.458099,0.799483456,0.768697682
0.458259,0.799467665,0.773730667
0.458459,0.799447926,0.780092990
0.458659,0.799428186,0.786384021
0.458859,0.799408447,0.792715696
0.458957,0.799398775,0.795778761
0.458977,0.799396139,0.796553882
0.459017,0.799390869,0.798194395
0.459097,0.799380328,0.801570607
0.459257,0.799359246,0.808259550
0.459457,0.799332894,0.816637631
0.459657,0.799306541,0.824977922
0.459857,0.799280189,0.833325406
0.459955,0.799267276,0.837399116
0.459975,0.799266377,0.837858136
0.460015,0.799264580,0.838530068
0.460095,0.799260985,0.839597217
0.460255,0.799253796,0.841864240
0.460455,0.799244810,0.844615787
0.460655,0.799235823,0.847415602
0.460855,0.799226836,0.850165161
0.460952,0.799222478,0.851520666
0.460972,0.799222765,0.851539810
0.461012,0.799223338,0.851413883
0.461092,0.799224485,0.850978511
0.461252,0.799226779,0.850192779
0.461452,0.799229646,0.849175600
0.461652,0.799232513,0.848189557
0.461852,0.799235380,0.847175663
0.461950,0.799236785,0.846696368
0.461970,0.799235317,0.846968106
0.462010,0.799232379,0.847769682
0.462090,0.799226504,0.849658057
0.462250,0.799214754,0.853283900
0.462450,0.799200066,0.857886835
0.462650,0.799185378,0.862428216
0.462850,0.799170690,0.867001014
0.462948,0.799163493,0.869209244
0.462968,0.799163309,0.869392680
0.463008,0.799162941,0.869573586
0.463088,0.799162205,0.869724403
0.463248,0.799160732,0.870114712
0.463448,0.799158891,0.870553025
0.463648,0.799157051,0.871024925
0.463848,0.799155210,0.871465326
0.463946,0.799154308,0.871700730
0.463966,0.799154385,0.871682190
0.464006,0.799154538,0.871621199
0.464086,0.799154844,0.871466710
0.464246,0.799155456,0.871169639
0.464446,0.799156221,0.870795798
0.464646,0.799156986,0.870426206
0.464846,0.799157751,0.870052583
0.464943,0.799158122,0.869871760
0.464963,0.799155287,0.870458670
0.465003,0.799149617,0.872042784
0.465083,0.799138276,0.875682447
0.465243,0.799115595,0.882727734
0.465443,0.799087243,0.891634447
0.465643,0.799058891,0.900441743
0.465843,0.799030539,0.909296261
0.465941,0.799016647,0.913590355
0.465961,0.799014044,0.914427186
0.466001,0.799008840,0.916060472
0.466081,0.798998430,0.919275743
0.466241,0.798977610,0.925722858
0.466441,0.798951586,0.933756234
0.466641,0.798925561,0.941783066
0.466841,0.798899537,0.949780386
0.466939,0.798886785,0.953696901
0.466959,0.798885722,0.954164867
0.466999,0.798883596,0.954881373
0.467079,0.798879345,0.956069232
0.467239,0.798870842,0.958566502
0.467439,0.798860213,0.961616608
0.467639,0.798849585,0.964706218
0.467839,0.798838956,0.967748594
0.467937,0.798833748,0.969256687
0.467957,0.798830558,0.970016198
0.467997,0.798824178,0.971838760
0.468077,0.798811417,0.975825970
0.468237,0.798785895,0.983624092
0.468437,0.798753992,0.993434269
0.468637,0.798722090,1.003171120
0.468837,0.798690188,1.012927750
0.468934,0.798674715,1.017620090
0.468954,0.798675508,1.017744300
0.468994,0.798677094,1.017418030
0.469074,0.798680267,1.016112280
0.469234,0.798686612,1.013829170
0.469434,0.798694543,1.010814340
0.469634,0.798702474,1.007924890
0.469834,0.798710405,1.004948320
0.469932,0.798714291,1.003543080
0.469952,0.798712361,1.003823580
0.469992,0.798708502,1.004782710
0.470072,0.798700783,1.007156030
0.470232,0.798685345,1.011680230
0.470432,0.798666048,1.017436970
0.470632,0.798646751,1.023095470
0.470832,0.798627453,1.028812130
0.470930,0.798617998,1.031569550
0.470950,0.798617318,1.031872960
0.470990,0.798615958,1.032293780
0.471070,0.798613239,1.032934140
0.471230,0.798607801,1.034308820
0.471430,0.798601003,1.035966130
0.471630,0.798594205,1.037663480
0.471830,0.798587407,1.039323990
0.471927,0.798584110,1.040145310
0.471947,0.798581480,1.040727700
0.471987,0.798576222,1.042171280
0.472067,0.798565704,1.045379030
0.472227,0.798544669,1.051625930
0.472427,0.798518374,1.059492680
0.472627,0.798492080,1.067291550
0.472827,0.798465786,1.075107330
0.472925,0.798452902,1.078902250
0.472945,0.798450780,1.079575220
0.472985,0.798446536,1.080846570
0.473065,0.798438048,1.083288150
0.473225,0.798421073,1.088213460
0.473425,0.798399854,1.094334150
0.473625,0.798378635,1.100446550
0.473825,0.798357416,1.106534040
0.473923,0.798347018,1.109513240
0.473943,0.798349020,1.109232790
0.473983,0.798353023,1.108092090
0.474063,0.798361028,1.105145710
0.474223,0.798377040,1.099595060
0.474423,0.798397054,1.092508390
0.474623,0.798417068,1.085555560
0.474823,0.798437083,1.078537050
0.474921,0.798446890,1.075152380
0.474941,0.798448207,1.074596300
0.474981,0.798450843,1.073591720
0.475061,0.798456115,1.071700620
0.475221,0.798466659,1.067868410
0.475421,0.798479838,1.063123870
0.475621,0.798493018,1.058371800
0.475821,0.798506197,1.053651420
0.475918,0.798512589,1.051349280
0.475938,0.798510374,1.051638410
0.475978,0.798505945,1.052715020
0.476058,0.798497085,1.055428660
0.476218,0.798479365,1.060576420
0.476418,0.798457216,1.067131380
0.476618,0.798435067,1.073577050
0.476818,0.798412918,1.080084620
0.476916,0.798402065,1.083219560
0.476936,0.798402377,1.083327770
0.476976,0.798403003,1.083175510
0.477056,0.798404255,1.082459850
0.477216,0.798406758,1.081235730
0.477416,0.798409886,1.079598110
0.477616,0.798413015,1.078038830
0.477816,0.798416144,1.076426070
0.477914,0.798417677,1.075671740
0.477934,0.798420836,1.074894410
0.477974,0.798427155,1.072947700
0.478054,0.798439792,1.068610790
0.478214,0.798465066,1.060167770
0.478414,0.798496658,1.049528790
0.478614,0.798528251,1.038998190
0.478814,0.798559843,1.028427460
0.478912,0.798575324,1.023295470
0.478932,0.798574990,1.022990180
0.478972,0.798574324,1.022874910
0.479052,0.798572991,1.023218030
0.479212,0.798570326,1.023641410
0.479412,0.798566994,1.024305530
0.479612,0.798563662,1.024872670
0.479812,0.798560330,1.025512420
0.479909,0.798558714,1.025774780
0.479929,0.798562822,1.024890580
0.479969,0.798571039,1.022481910
0.480049,0.798587474,1.016935390
0.480209,0.798620343,1.006220400
0.480409,0.798661429,0.992666299
0.480609,0.798702515,0.979275991
0.480809,0.798743601,0.965808330
0.480907,0.798763734,0.959277698
0.480927,0.798762186,0.959144610
0.480967,0.798759090,0.959690903
0.481047,0.798752899,0.961701987
0.481207,0.798740516,0.965279124
0.481407,0.798725038,0.969980796
0.481607,0.798709559,0.974497175
0.481807,0.798694081,0.979146793
0.481905,0.798686496,0.981337375
0.481925,0.798685464,0.981696279
0.481965,0.798683400,0.982325404
0.482045,0.798679272,0.983477393
0.482205,0.798671015,0.985827710
0.482405,0.798660695,0.988738363
0.482605,0.798650374,0.991658671
0.482805,0.798640053,0.994558041
0.482902,0.798635048,0.995968888
0.482922,0.798639084,0.995169842
0.482962,0.798647157,0.992857225
0.483042,0.798663303,0.987425436
0.483202,0.798695594,0.976953602
0.483402,0.798735958,0.963689604
0.483602,0.798776322,0.950602791
0.483802,0.798816686,0.937417496
0.483900,0.798836465,0.931038928
0.483920,0.798837852,0.930285287
0.483960,0.798840628,0.929171251
0.484040,0.798846178,0.927384386
0.484200,0.798857278,0.923607626
0.484400,0.798871154,0.919009069
0.484600,0.798885030,0.914331802
0.484800,0.798898906,0.909740192
0.484898,0.798905705,0.907451062
0.484918,0.798910980,0.906161635
0.484958,0.798921529,0.903025036
0.485038,0.798942629,0.896123872
0.485198,0.798984827,0.882637310
0.485398,0.799037576,0.865651763
0.485598,0.799090324,0.848809209
0.485798,0.799143073,0.831904923
0.485896,0.799168919,0.823688996
0.485916,0.799167481,0.823438480
0.485956,0.799164604,0.823894466
0.486036,0.799158850,0.825897563
0.486196,0.799147342,0.829392178
0.486396,0.799132957,0.834018271
0.486596,0.799118572,0.838442094
0.486796,0.799104187,0.843023795
0.486893,0.799097210,0.845147939
0.486913,0.799097343,0.845271389
0.486953,0.799097609,0.845285675
0.487033,0.799098141,0.845039812
0.487193,0.799099205,0.844661928
0.487393,0.799100534,0.844135122
0.487593,0.799101864,0.843654614
0.487793,0.799103194,0.843134582
0.487891,0.799103845,0.842901476
0.487911,0.799104352,0.842764217
0.487951,0.799105364,0.842447191
0.488031,0.799107390,0.841763621
0.488191,0.799111441,0.840424785
0.488391,0.799116504,0.838735710
0.488591,0.799121568,0.837059651
0.488791,0.799126631,0.835380813
0.488889,0.799129112,0.834563366
0.488909,0.799131494,0.833993076
0.488949,0.799136258,0.832588493
0.489029,0.799145785,0.829479915
0.489189,0.799164838,0.823418410
0.489389,0.799188656,0.815776453
0.489589,0.799212473,0.808205386
0.489789,0.799236291,0.800598152
0.489887,0.799247961,0.796904564
0.489907,0.799247403,0.796774215
0.489947,0.799246286,0.796937193
0.490027,0.799244053,0.797736650
0.490187,0.799239586,0.799094375
0.490387,0.799234002,0.800922993
0.490587,0.799228418,0.802654954
0.490787,0.799222834,0.804457920
0.490884,0.799220126,0.805290435
0.490904,0.799219330,0.805524614
0.490944,0.799217739,0.806018164
0.491024,0.799214557,0.807031542
0.491184,0.799208193,0.809038818
0.491384,0.799200238,0.811552451
0.491584,0.799192283,0.814059861
0.491784,0.799184328,0.816568293
0.491882,0.799180430,0.817793481
0.491902,0.799178028,0.818387322
0.491942,0.799173225,0.819802867
0.492022,0.799163619,0.822890364
0.492182,0.799144407,0.828934635
0.492382,0.799120392,0.836538700
0.492582,0.799096377,0.844083900
0.492782,0.799072362,0.851654204
0.492880,0.799060595,0.855334426
0.492900,0.799058718,0.855980204
0.492940,0.799054966,0.857190280
0.493020,0.799047461,0.859517067
0.493180,0.799032450,0.864217275
0.493380,0.799013687,0.870059485
0.493580,0.798994924,0.875897452
0.493780,0.798976161,0.881717452
0.493878,0.798966967,0.884567020
0.493898,0.798969659,0.884168559
0.493938,0.798975041,0.882725329
0.494018,0.798985807,0.879105865
0.494178,0.799007338,0.872238807
0.494378,0.799034251,0.863477545
0.494578,0.799061165,0.854863621
0.494778,0.799088078,0.846159042
0.494875,0.799101131,0.842006551
0.494895,0.799099763,0.842005199
0.494935,0.799097026,0.842583728
0.495015,0.799091553,0.844410393
0.495175,0.799080606,0.847747608
0.495375,0.799066922,0.852069511
0.495575,0.799053239,0.856271050
0.495775,0.799039555,0.860558543
0.495873,0.799032850,0.862602698
0.495893,0.799033427,0.862619567
0.495933,0.799034581,0.862362168
0.496013,0.799036889,0.861524691
0.496173,0.799041505,0.860009957
0.496373,0.799047274,0.858028919
0.496573,0.799053044,0.856119132
0.496773,0.799058814,0.854161684
0.496871,0.799061641,0.853229316
0.496891,0.799059369,0.853642796
0.496931,0.799054826,0.854878505
0.497011,0.799045740,0.857809273
0.497171,0.799027568,0.863444639
0.497371,0.799004854,0.870596980
0.497571,0.798982139,0.877647590
0.497771,0.798959424,0.884752148
0.497868,0.798948407,0.888152035
0.497888,0.798946561,0.888775525
0.497928,0.798942870,0.889949212
0.498008,0.798935487,0.892210718
0.498168,0.798920722,0.896779801
0.498368,0.798902265,0.902459433
0.498568,0.798883808,0.908145592
0.498768,0.798865351,0.913802707
0.498866,0.798856307,0.916571803
0.498886,0.798852816,0.917489703
0.498926,0.798845836,0.919553423
0.499006,0.798831874,0.923952327
0.499166,0.798803951,0.932610810
0.499366,0.798769047,0.943471531
0.499566,0.798734143,0.954274516
0.499766,0.798699239,0.965086122
0.499864,0.798682136,0.970356777
0.499884,0.798682693,0.970566499
0.499924,0.798683808,0.970411120
0.500004,0.798686037,0.969451918
0.500164,0.798690495,0.967851679
0.500364,0.798696068,0.965688076
0.500564,0.798701641,0.963653721
0.500764,0.798707213,0.961525973
0.500862,0.798709944,0.960534543
0.500882,0.798708564,0.960732895
0.500922,0.798705805,0.961413743
0.501002,0.798700287,0.963100301
0.501162,0.798689250,0.966318860
0.501362,0.798675454,0.970409702
0.501562,0.798661658,0.974437444
0.501762,0.798647862,0.978507085
0.501859,0.798641171,0.980445696
0.501879,0.798635900,0.981691301
0.501919,0.798625357,0.984721641
0.501999,0.798604273,0.991392092
0.502159,0.798562103,1.004423430
0.502359,0.798509391,1.020827410
0.502559,0.798456678,1.037078710
0.502759,0.798403966,1.053393560
0.502857,0.798378137,1.061318290
0.502877,0.798377160,1.062029620
0.502917,0.798375205,1.062830380
0.502997,0.798371295,1.063719700
0.503157,0.798363475,1.065851200
0.503357,0.798353700,1.068325810
0.503557,0.798343925,1.070920870
0.503757,0.798334150,1.073403610
0.503855,0.798329360,1.074675580
0.503875,0.798331765,1.074189580
0.503915,0.798336577,1.072757450
0.503995,0.798346199,1.069368420
0.504155,0.798365445,1.062855730
0.504355,0.798389501,1.054598000
0.504555,0.798413558,1.046453500
0.504755,0.798437614,1.038260290
0.504853,0.798449402,1.034295350
0.504873,0.798450805,1.033686920
0.504913,0.798453612,1.032627970
0.504993,0.798459226,1.030684070
0.505153,0.798470454,1.026709900
0.505353,0.798484488,1.021807360
0.505553,0.798498522,1.016881880
0.505753,0.798512557,1.011994420
0.505850,0.798519363,1.009606960
0.505870,0.798519557,1.009381460
0.505910,0.798519945,1.009097950
0.505990,0.798520721,1.008718500
0.506150,0.798522273,1.007867570
0.506350,0.798524213,1.006854590
0.506550,0.798526153,1.005810290
0.506750,0.798528092,1.004792930
0.506848,0.798529043,1.004276480
0.506868,0.798531836,1.003620860
0.506908,0.798537421,1.001934760
0.506988,0.798548593,0.998144748
0.507148,0.798570936,0.990777577
0.507348,0.798598864,0.981477304
0.507548,0.798626793,0.972277524
0.507748,0.798654721,0.963034208
0.507846,0.798668406,0.958552193
0.507866,0.798667528,0.958414610
0.507906,0.798665772,0.958664044
0.507986,0.798662260,0.959765823
0.508146,0.798655236,0.961682667
0.508346,0.798646457,0.964217105
0.508546,0.798637677,0.966646329
0.508746,0.798628897,0.969157014
0.508844,0.798624595,0.970335360
0.508864,0.798624221,0.970481311
0.508904,0.798623471,0.970692045
0.508984,0.798621973,0.971020022
0.509144,0.798618977,0.971716531
0.509344,0.798615231,0.972564990
0.509544,0.798611486,0.973422387
0.509744,0.798607741,0.974275374
0.509841,0.798605924,0.974689251
0.509861,0.798609891,0.973840741
0.509901,0.798617825,0.971532639
0.509981,0.798633693,0.966227783
0.510141,0.798665429,0.955965377
0.510341,0.798705099,0.942983745
0.510541,0.798744770,0.930158036
0.510741,0.798784440,0.917254660
0.510839,0.798803878,0.910994589
0.510859,0.798808376,0.909587222
0.510899,0.798817372,0.906714049
0.510979,0.798835363,0.900898857
0.511139,0.798871347,0.889318570
0.511339,0.798916326,0.874849627
0.511539,0.798961305,0.860414966
0.511739,0.799006284,0.846005583
0.511837,0.799028324,0.838959480
0.511857,0.799030980,0.837912675
0.511897,0.799036293,0.836085930
0.511977,0.799046918,0.832733804
0.512137,0.799068169,0.825895507
0.512337,0.799094733,0.817437778
0.512537,0.799121297,0.808935294
0.512737,0.799147860,0.800498956
0.512834,0.799160744,0.796387109
0.512854,0.799159661,0.796350725
0.512894,0.799157496,0.796797050
0.512974,0.799153165,0.798283691
0.513134,0.799144504,0.800965814
0.513334,0.799133678,0.804464041
0.513534,0.799122851,0.807852153
0.513734,0.799112025,0.811321659
0.513832,0.799106720,0.812968037
0.513852,0.799111378,0.812082560
0.513892,0.799120693,0.809498600
0.513972,0.799139324,0.803404902
0.514132,0.799176587,0.791668452
0.514332,0.799223164,0.776790809
0.514532,0.799269742,0.762106802
0.514732,0.799316320,0.747311497
0.514830,0.799339143,0.740152752
0.514850,0.799341702,0.739119558
0.514890,0.799346820,0.737366104
0.514970,0.799357056,0.734219556
0.515130,0.799377528,0.727765091
0.515330,0.799403118,0.719802017
0.515530,0.799428708,0.711791899
0.515730,0.799454297,0.703843046
0.515828,0.799466836,0.699928049
0.515848,0.799467521,0.699542376
0.515888,0.799468891,0.699021056
0.515968,0.799471630,0.698277646
0.516128,0.799477108,0.696657888
0.516328,0.799483956,0.694700981
0.516528,0.799490804,0.692702133
0.516728,0.799497652,0.690746466
0.516825,0.799500973,0.689779335
0.516845,0.799501560,0.689606645
0.516885,0.799502734,0.689268921
0.516965,0.799505083,0.688609129
0.517125,0.799509779,0.687280292
0.517325,0.799515650,0.685627306
0.517525,0.799521520,0.683982364
0.517725,0.799527391,0.682329688
0.517823,0.799530267,0.681527662
0.517843,0.799530504,0.681438199
0.517883,0.799530978,0.681308365
0.517963,0.799531925,0.681108626
0.518123,0.799533819,0.680679790
0.518323,0.799536187,0.680161134
0.518523,0.799538555,0.679630054
0.518723,0.799540922,0.679107270
0.518821,0.799542083,0.678853986
0.518841,0.799537285,0.679881883
0.518881,0.799527689,0.682646366
0.518961,0.799508497,0.688979285
0.519121,0.799470113,0.701253904
0.519321,0.799422133,0.716765834
0.519521,0.799374154,0.732104878
0.519721,0.799326174,0.747535429
0.519819,0.799302664,0.755014530
0.519839,0.799302745,0.755514147
0.519879,0.799302907,0.755809853
0.519959,0.799303230,0.755594563
0.520119,0.799303878,0.755556766
0.520319,0.799304687,0.755307259
0.520519,0.799305496,0.755192554
0.520719,0.799306305,0.754966652
0.520816,0.799306697,0.754923675
0.520836,0.799307827,0.754671603
0.520876,0.799310088,0.754032309
0.520956,0.799314609,0.752599864
0.521116,0.799323650,0.749813952
0.521316,0.799334953,0.746302943
0.521516,0.799346255,0.742819171
0.521716,0.799357557,0.739330491
0.521814,0.799363095,0.737634404
0.521834,0.799359563,0.738287034
0.521874,0.799352499,0.740244755
0.521954,0.799338371,0.744915722
0.522114,0.799310115,0.753892152
0.522314,0.799274794,0.765274134
0.522514,0.799239474,0.776499227
0.522714,0.799204154,0.787818375
0.522812,0.799186847,0.793295403
0.522832,0.799181402,0.794839867
0.522872,0.799170511,0.798184358
0.522952,0.799148730,0.805164559
0.523112,0.799105167,0.818969243
0.523312,0.799050713,0.836254706
0.523512,0.798996260,0.853467554
0.523712,0.798941806,0.870696515
0.523810,0.798915124,0.879099970
0.523830,0.798911613,0.880402238
0.523870,0.798904590,0.882737621
0.523950,0.798890546,0.887086017
0.524110,0.798862457,0.895921866
0.524310,0.798827345,0.906876105
0.524510,0.798792234,0.917855532
0.524710,0.798757123,0.928771363
0.524807,0.798740094,0.934079427
0.524827,0.798739020,0.934645766
0.524867,0.798736872,0.935432513
0.524947,0.798732576,0.936623513
0.525107,0.798723985,0.939200113
0.525307,0.798713247,0.942310764
0.525507,0.798702508,0.945482762
0.525707,0.798691769,0.948590997
0.525805,0.798686507,0.950144579
0.525825,0.798686111,0.950306486
0.525865,0.798685318,0.950542263
0.525945,0.798683733,0.950911803
0.526105,0.798680563,0.951701881
0.526305,0.798676600,0.952661111
0.526505,0.798672636,0.953636461
0.526705,0.798668673,0.954595781
0.526803,0.798666731,0.955069689
0.526823,0.798666013,0.955236234
0.526863,0.798664575,0.955610246
0.526943,0.798661700,0.956411302
0.527103,0.798655950,0.957992737
0.527303,0.798648763,0.959973215
0.527503,0.798641576,0.961944958
0.527703,0.798634388,0.963916679
0.527800,0.798630902,0.964864711
0.527820,0.798631190,0.964847555
0.527860,0.798631764,0.964670724
0.527940,0.798632912,0.964151150
0.528100,0.798635209,0.963187869
0.528300,0.798638081,0.961942691
0.528500,0.798640952,0.960731405
0.528700,0.798643823,0.959499385
0.528798,0.798645230,0.958905252
0.528818,0.798646265,0.958621344
0.528858,0.798648334,0.957948992
0.528938,0.798652471,0.956490673
0.529098,0.798660746,0.953634748
0.529298,0.798671090,0.950042599
0.529498,0.798681434,0.946475450
0.529698,0.798691778,0.942898603
0.529796,0.798696847,0.941160009
0.529816,0.798695991,0.941210125
0.529856,0.798694279,0.941577790
0.529936,0.798690856,0.942609017
0.530096,0.798684009,0.944531067
0.530296,0.798675450,0.947006689
0.530496,0.798666891,0.949422998
0.530696,0.798658333,0.951875818
0.530794,0.798654139,0.953050036
0.530814,0.798653513,0.953247977
0.530854,0.798652261,0.953607840
0.530934,0.798649756,0.954275684
0.531094,0.798644748,0.955633965
0.531294,0.798638487,0.957322690
0.531494,0.798632227,0.959009272
0.531694,0.798625966,0.960693002
0.531791,0.798622930,0.961510457
0.531811,0.798624375,0.961235247
0.531851,0.798627266,0.960388159
0.531931,0.798633048,0.958364241
0.532091,0.798644612,0.954486585
0.532291,0.798659067,0.949557340
0.532491,0.798673522,0.944708929
0.532691,0.798687977,0.939817307
0.532789,0.798695060,0.937447713
0.532809,0.798692956,0.937718707
0.532849,0.798688747,0.938767793
0.532929,0.798680329,0.941445368
0.533089,0.798663493,0.946509989
0.533289,0.798642449,0.952969732
0.533489,0.798621405,0.959321060
0.533689,0.798600360,0.965737404
0.533787,0.798590049,0.968827741
0.533807,0.798592948,0.968396956
0.533847,0.798598745,0.966820152
0.533927,0.798610340,0.962855612
0.534087,0.798633531,0.955332378
0.534287,0.798662519,0.945741767
0.534487,0.798691507,0.936314645
0.534687,0.798720495,0.926791694
0.534785,0.798734699,0.922197577
0.534805,0.798736183,0.921543859
0.534845,0.798739151,0.920455468
0.534925,0.798745088,0.918519797
0.535085,0.798756961,0.914534794
0.535285,0.798771803,0.909627558
0.535485,0.798786644,0.904684987
0.535685,0.798801485,0.899795046
0.535782,0.798808683,0.897398032
0.535802,0.798812731,0.896359920
0.535842,0.798820827,0.893922764
0.535922,0.798837018,0.888631450
0.536082,0.798869401,0.878258261
0.536282,0.798909879,0.865211010
0.536482,0.798950357,0.852257752
0.536682,0.798990835,0.839279558
0.536780,0.799010669,0.832960770
0.536800,0.799009851,0.832703983
0.536840,0.799008216,0.832883151
0.536920,0.799004944,0.834041850
0.537080,0.798998402,0.835974169
0.537280,0.798990223,0.838583773
0.537480,0.798982045,0.841055142
0.537680,0.798973866,0.843628778
0.537778,0.798969859,0.844821622
0.537798,0.798969642,0.844955495
0.537838,0.798969207,0.845122720
0.537918,0.798968337,0.845344677
0.538078,0.798966597,0.845847124
0.538278,0.798964422,0.846443317
0.538478,0.798962248,0.847058391
0.538678,0.798960073,0.847653772
0.538776,0.798959007,0.847953401
0.538796,0.798956032,0.848605397
0.538836,0.798950081,0.850295644
0.538916,0.798938178,0.854122189
0.539076,0.798914374,0.861554902
0.539276,0.798884618,0.870940454
0.539476,0.798854862,0.880229145
0.539676,0.798825106,0.889562689
0.539773,0.798810675,0.894044929
0.539793,0.798811433,0.894178237
0.539833,0.798812950,0.893911739
0.539913,0.798815983,0.892765972
0.540073,0.798822050,0.890776262
0.540273,0.798829633,0.888137021
0.540473,0.798837217,0.885618217
0.540673,0.798844800,0.883009358
0.540771,0.798848516,0.881779727
0.540791,0.798849430,0.881482630
0.540831,0.798851257,0.880876163
0.540911,0.798854912,0.879652291
0.541071,0.798862222,0.877214450
0.541271,0.798871359,0.874166698
0.541471,0.798880497,0.871127411
0.541671,0.798889634,0.868088520
0.541769,0.798894111,0.866604820
0.541789,0.798893112,0.866714210
0.541829,0.798891112,0.867200009
0.541909,0.798887114,0.868473124
0.542069,0.798879116,0.870876257
0.542269,0.798869120,0.873952956
0.542469,0.798859123,0.876966911
0.542669,0.798849127,0.880023602
0.542766,0.798844278,0.881474097
0.542786,0.798846985,0.880985047
0.542826,0.798852397,0.879480182
0.542906,0.798863222,0.875870079
0.543066,0.798884873,0.868951335
0.543266,0.798911936,0.860170493
0.543466,0.798938999,0.851508964
0.543666,0.798966062,0.842772911
0.543764,0.798979323,0.838550556
0.543784,0.798980616,0.837977498
0.543824,0.798983203,0.837040380
0.543904,0.798988378,0.835412798
0.544064,0.798998727,0.832045150
0.544264,0.799011663,0.827898701
0.544464,0.799024600,0.823719842
0.544664,0.799037536,0.819583689
0.544762,0.799043875,0.817541288
0.544782,0.799042500,0.817703414
0.544822,0.799039751,0.818398899
0.544902,0.799034252,0.820203923
0.545062,0.799023255,0.823617741
0.545262,0.799009508,0.827987753
0.545462,0.798995761,0.832267540
0.545662,0.798982015,0.836609415
0.545760,0.798975279,0.838691709
0.545780,0.798975552,0.838775668
0.545820,0.798976099,0.838701660
0.545900,0.798977193,0.838272390
0.546060,0.798979381,0.837556254
0.546260,0.798982116,0.836595028
0.546460,0.798984851,0.835684119
0.546660,0.798987586,0.834729621
0.546757,0.798988912,0.834290277
0.546777,0.798987376,0.834580873
0.546817,0.798984305,0.835423877
0.546897,0.798978161,0.837405774
0.547057,0.798965874,0.841224169
0.547257,0.798950516,0.846055474
0.547457,0.798935158,0.850829728
0.547657,0.798919799,0.855638267
0.547755,0.798912274,0.857963803
0.547775,0.798912219,0.858124528
0.547815,0.798912109,0.858237551
0.547895,0.798911890,0.858222055
0.548055,0.798911452,0.858305096
0.548255,0.798910904,0.858350550
0.548455,0.798910356,0.858433557
0.548655,0.798909808,0.858487892
0.548753,0.798909540,0.858531815
0.548773,0.798909608,0.858508039
0.548813,0.798909745,0.858449076
0.548893,0.798910018,0.858317898
0.549053,0.798910565,0.858060992
0.549253,0.798911248,0.857730144
0.549453,0.798911931,0.857411080
0.549653,0.798912615,0.857088897
0.549751,0.798912950,0.856928918
0.549771,0.798913329,0.856831220
0.549811,0.798914088,0.856589312
0.549891,0.798915605,0.856054098
0.550051,0.798918639,0.855014902
0.550251,0.798922432,0.853704399
0.550451,0.798926225,0.852407234
0.550651,0.798930018,0.851105083
0.550748,0.798931858,0.850475956
0.550768,0.798933769,0.850018015
0.550808,0.798937592,0.848882094
0.550888,0.798945239,0.846369948
0.551048,0.798960531,0.841478075
0.551248,0.798979647,0.835301991
0.551448,0.798998762,0.829183603
0.551648,0.799017878,0.823040627
0.551746,0.799027244,0.820058206
0.551766,0.799026243,0.820069604
0.551806,0.799024241,0.820505853
0.551886,0.799020236,0.821843608
0.552046,0.799012227,0.824299769
0.552246,0.799002215,0.827487941
0.552446,0.798992203,0.830578496
0.552646,0.798982191,0.833738549
0.552744,0.798977285,0.835241824
0.552764,0.798972914,0.836284052
0.552804,0.798964172,0.838831677
0.552884,0.798946687,0.844453462
0.553044,0.798911718,0.855438713
0.553244,0.798868006,0.869272419
0.553444,0.798824294,0.882999534
0.553644,0.798780582,0.896766903
0.553741,0.798759382,0.903379364
0.553761,0.798756584,0.904423660
0.553801,0.798750989,0.906279584
0.553881,0.798739798,0.909711731
0.554041,0.798717416,0.916693692
0.554241,0.798689438,0.925338388
0.554441,0.798661460,0.934012359
0.554641,0.798633483,0.942633906
0.554739,0.798619774,0.946868597
0.554759,0.798618132,0.947479027
0.554799,0.798614848,0.948540727
0.554879,0.798608282,0.950481856
0.555039,0.798595148,0.954440531
0.555239,0.798578731,0.959344956
0.555439,0.798562314,0.964268282
0.555639,0.798545897,0.969153125
0.555737,0.798537852,0.971558936
0.555757,0.798537144,0.971846363
0.555797,0.798535728,0.972288911
0.555877,0.798532896,0.973028897
0.556037,0.798527233,0.974575970
0.556237,0.798520153,0.976472425
0.556437,0.798513073,0.978384682
0.556637,0.798505993,0.980271564
0.556735,0.798502524,0.981208810
0.556755,0.798503907,0.980951540
0.556795,0.798506672,0.980137057
0.556875,0.798512203,0.978172347
0.557035,0.798523264,0.974423163
0.557235,0.798537090,0.969651132
0.557435,0.798550917,0.964955874
0.557635,0.798564744,0.960220111
0.557732,0.798571449,0.957952771
0.557752,0.798574454,0.957130336
0.557792,0.798580462,0.955260937
0.557872,0.798592479,0.951276407
0.558032,0.798616512,0.943441412
0.558232,0.798646554,0.933594708
0.558432,0.798676596,0.923819825
0.558632,0.798706638,0.914019259
0.558730,0.798721359,0.909247470
0.558750,0.798723448,0.908465288
0.558790,0.798727627,0.907033828
0.558870,0.798735986,0.904318788
0.559030,0.798752702,0.898832981
0.559230,0.798773597,0.892025727
0.559430,0.798794493,0.885202284
0.559630,0.798815388,0.878417660
0.559728,0.798825627,0.875082494
0.559748,0.798825789,0.874818805
0.559788,0.798826112,0.874562000
0.559868,0.798826758,0.874357690
0.560028,0.798828050,0.873799992
0.560228,0.798829665,0.873180146
0.560428,0.798831280,0.872508829
0.560628,0.798832894,0.871884624
0.560726,0.798833686,0.871549460
0.560746,0.798830629,0.872179745
0.560786,0.798824516,0.873888088
0.560866,0.798812289,0.877811041
0.561026,0.798787835,0.885403140
0.561226,0.798757268,0.895008776
0.561426,0.798726700,0.904503470
0.561626,0.798696133,0.914055984
0.561723,0.798681308,0.918637915
0.561743,0.798680723,0.919063852
0.561783,0.798679553,0.919559158
0.561863,0.798677212,0.920140370
0.562023,0.798672531,0.921493536
0.562223,0.798666680,0.923086023
0.562423,0.798660829,0.924749115
0.562623,0.798654978,0.926344461
0.562721,0.798652111,0.927162195
0.562741,0.798652037,0.927207628
0.562781,0.798651889,0.927234442
0.562861,0.798651593,0.927217081
0.563021,0.798651001,0.927226634
0.563221,0.798650261,0.927210887
0.563421,0.798649521,0.927209672
0.563621,0.798648781,0.927200310
0.563719,0.798648418,0.927199802
0.563739,0.798647725,0.927333446
0.563779,0.798646339,0.927684550
0.563859,0.798643567,0.928482575
0.564019,0.798638022,0.930043127
0.564219,0.798631092,0.932012448
0.564419,0.798624161,0.933961423
0.564619,0.798617231,0.935918252
0.564717,0.798613835,0.936861305
0.564737,0.798616947,0.936240199
0.564777,0.798623171,0.934461648
0.564857,0.798635619,0.930286931
0.565017,0.798660515,0.922249579
0.565217,0.798691635,0.912072878
0.565417,0.798722755,0.902023728
0.565617,0.798753875,0.891906900
0.565714,0.798768969,0.887052316
0.565734,0.798772266,0.885998804
0.565774,0.798778862,0.883876569
0.565854,0.798792054,0.879617490
0.566014,0.798818437,0.871113395
0.566214,0.798851415,0.860505833
0.566414,0.798884394,0.849915785
0.566614,0.798917373,0.839347653
0.566712,0.798933532,0.834174885
0.566732,0.798939504,0.832545486
0.566772,0.798951448,0.828913452
0.566852,0.798975335,0.821225413
0.567012,0.799023110,0.806058557
0.567212,0.799082828,0.787034184
0.567412,0.799142547,0.768125788
0.567612,0.799202265,0.749179602
0.567710,0.799231527,0.739945493
0.567730,0.799232486,0.739128473
0.567770,0.799234403,0.738206523
0.567850,0.799238238,0.737176297
0.568010,0.799245907,0.734735476
0.568210,0.799255494,0.731886983
0.568410,0.799265080,0.728907276
0.568610,0.799274667,0.726044849
0.568707,0.799279316,0.724592202
0.568727,0.799281975,0.723947219
0.568767,0.799287292,0.722406604
0.568847,0.799297925,0.719031648
0.569007,0.799319193,0.712427125
0.569207,0.799345777,0.704119687
0.569407,0.799372361,0.695875315
0.569607,0.799398945,0.687607498
0.569705,0.799411971,0.683583384
0.569725,0.799411839,0.683355550
0.569765,0.799411576,0.683295567
0.569845,0.799411050,0.683630843
0.570005,0.799409998,0.684085380
0.570205,0.799408683,0.684768969
0.570405,0.799407367,0.685370719
0.570605,0.799406052,0.686035709
0.570703,0.799405407,0.686323537
0.570723,0.799404041,0.686656758
0.570763,0.799401310,0.687491173
0.570843,0.799395846,0.689346797
0.571003,0.799384919,0.692965799
0.571203,0.799371260,0.697526060
0.571403,0.799357601,0.702044214
0.571603,0.799343941,0.706584429
0.571701,0.799337249,0.708786059
0.571721,0.799337284,0.708941043
0.571761,0.799337356,0.709046277
0.571841,0.799337499,0.709025534
0.572001,0.799337786,0.709099210
0.572201,0.799338145,0.709134907
0.572401,0.799338503,0.709212452
0.572601,0.799338862,0.709253534
0.572698,0.799339036,0.709293918
0.572718,0.799342713,0.708514703
0.572758,0.799350068,0.706447106
0.572838,0.799364777,0.701736981
0.572998,0.799394196,0.692608416
0.573198,0.799430970,0.681070772
0.573398,0.799467744,0.669654608
0.573598,0.799504518,0.658184189
0.573696,0.799522537,0.652614104
0.573716,0.799525651,0.651587050
0.573756,0.799531879,0.649620923
0.573836,0.799544335,0.645790093
0.573996,0.799569246,0.638102477
0.574196,0.799600385,0.628533879
0.574396,0.799631524,0.618964567
0.574596,0.799662663,0.609433958
0.574694,0.799677921,0.604764015
0.574714,0.799679750,0.604086300
0.574754,0.799683410,0.602915751
0.574834,0.799690728,0.600785139
0.574994,0.799705366,0.596426837
0.575194,0.799723663,0.591042179
0.575394,0.799741960,0.585631501
0.575594,0.799760257,0.580268201
0.575692,0.799769222,0.577622647
0.575712,0.799772749,0.576721531
0.575752,0.799779802,0.574684403
0.575832,0.799793909,0.570332892
0.575992,0.799822122,0.561773430
0.576192,0.799857388,0.551039349
0.576392,0.799892654,0.540381704
0.576592,0.799927920,0.529714810
0.576689,0.799945024,0.524574930
0.576709,0.799947001,0.523838509
0.576749,0.799950954,0.522595322
0.576829,0.799958861,0.520368973
0.576989,0.799974673,0.515806424
0.577189,0.799994439,0.510184386
0.577389,0.800014205,0.504543435
0.577589,0.800033970,0.498961986
0.577687,0.800043656,0.496212474
0.577707,0.800044123,0.495976107
0.577747,0.800045059,0.495714999
0.577827,0.800046930,0.495436627
0.577987,0.800050673,0.494756698
0.578187,0.800055351,0.493982332
0.578387,0.800060029,0.493163573
0.578587,0.800064707,0.492376580
0.578685,0.800066999,0.491972786
0.578705,0.800066493,0.492099026
0.578745,0.800065482,0.492486436
0.578825,0.800063460,0.493422472
0.578985,0.800059414,0.495216490
0.579185,0.800054358,0.497492665
0.579385,0.800049301,0.499736262
0.579585,0.800044245,0.502000538
0.579683,0.800041767,0.503093050
0.579703,0.800044992,0.502532736
0.579743,0.800051441,0.500878143
0.579823,0.800064339,0.496952934
0.579983,0.800090135,0.489426432
0.580183,0.800122380,0.479992902
0.580383,0.800154625,0.470885625
0.580583,0.800186870,0.462814984
0.580680,0.800202509,0.460794308
0.580700,0.800203625,0.460634643
0.580740,0.800205857,0.460319064
0.580820,0.800210321,0.459913002
0.580980,0.800219250,0.459255194
0.581180,0.800230412,0.458410108
0.581380,0.800241573,0.457584350
0.581580,0.800252734,0.456801509
0.581678,0.800258203,0.456408001
0.581698,0.800257903,0.456421026
0.581738,0.800257303,0.456498348
0.581818,0.800256103,0.456703036
0.581978,0.800253703,0.457084058
0.582178,0.800250704,0.457575263
0.582378,0.800247704,0.458053346
0.582578,0.800244704,0.458533345
0.582676,0.800243234,0.458760107
0.582696,0.800244635,0.458739712
0.582736,0.800247438,0.458624002
0.582816,0.800253043,0.458192834
0.582976,0.800264253,0.457299589
0.583176,0.800278266,0.456269792
0.583376,0.800292278,0.455215910
0.583576,0.800306291,0.454193103
0.583673,0.800313087,0.453683902
0.583693,0.800312181,0.453739226
0.583733,0.800310367,0.453920742
0.583813,0.800306740,0.454342453
0.583973,0.800299486,0.455152564
0.584173,0.800290418,0.456187187
0.584373,0.800281350,0.457200375
0.584573,0.800272282,0.458207030
0.584671,0.800267839,0.458681037
0.584691,0.800268759,0.458698655
0.584731,0.800270598,0.458673942
0.584811,0.800274277,0.458436692
0.584971,0.800281634,0.457910897
0.585171,0.800290830,0.457298716
0.585371,0.800300027,0.456683435
0.585571,0.800309223,0.456073700
0.585669,0.800313730,0.455774999
0.585689,0.800315828,0.455638027
0.585729,0.800320026,0.455318877
0.585809,0.800328420,0.454645149
0.585969,0.800345209,0.453326292
0.586169,0.800366195,0.451669833
0.586369,0.800387181,0.450031717
0.586569,0.800408167,0.448389727
0.586667,0.800418450,0.447591926
0.586687,0.800422234,0.447310816
0.586727,0.800429802,0.446699838
0.586807,0.800444937,0.445448756
0.586967,0.800475207,0.442978272
0.587167,0.800513044,0.439893869
0.587367,0.800550882,0.436842551
0.587567,0.800588719,0.433801992
0.587664,0.800607070,0.432343349
0.587684,0.800608054,0.432231292
0.587724,0.800610020,0.432090023
0.587804,0.800613954,0.431859356
0.587964,0.800621821,0.431355835
0.588164,0.800631656,0.430752759
0.588364,0.800641490,0.430133511
0.588564,0.800651324,0.429532394
0.588662,0.800656142,0.429226941
0.588682,0.800655158,0.429301954
0.588722,0.800653189,0.429502215
0.588802,0.800649251,0.429935132
0.588962,0.800641376,0.430780900
0.589162,0.800631531,0.431855762
0.589362,0.800621686,0.432916421
0.589562,0.800611842,0.433989970
0.589660,0.800607018,0.434509022
0.589680,0.800603929,0.434761432
0.589720,0.800597751,0.435324647
0.589800,0.800585396,0.436489559
0.589960,0.800560686,0.438798332
0.590160,0.800529798,0.441713547
0.590360,0.800498910,0.444629386
0.590560,0.800468022,0.447569423
0.590658,0.800452887,0.449004505
0.590678,0.800451406,0.449189806
0.590718,0.800448444,0.449509669
0.590798,0.800442519,0.450110352
0.590958,0.800430670,0.451340432
0.591158,0.800415858,0.452864281
0.591358,0.800401046,0.454401495
0.591558,0.800386234,0.455928234
0.591655,0.800379050,0.456668750
0.591675,0.800378936,0.456734792
0.591715,0.800378707,0.456821932
0.591795,0.800378248,0.456938224
0.591955,0.800377332,0.457197861
0.592155,0.800376187,0.457508040
0.592355,0.800375042,0.457827052
0.592555,0.800373897,0.458136368
0.592653,0.800373336,0.458291458
0.592673,0.800370899,0.458431108
0.592713,0.800366025,0.458782062
0.592793,0.800356278,0.459634710
0.592953,0.800336784,0.462174263
0.592978,0.800333738,0.463050482
0.593028,0.800327646,0.465200056
0.593128,0.800315463,0.469064723
0.593328,0.800291095,0.477238467
0.593528,0.800266727,0.485499473
0.593651,0.800251741,0.490644556
0.593671,0.800251426,0.491027852
0.593711,0.800250796,0.491506580
0.593791,0.800249536,0.492102098
0.593951,0.800247015,0.493457542
0.594151,0.800243863,0.495074602
0.594351,0.800240712,0.496741612
0.594551,0.800237561,0.498361276
0.594649,0.800236017,0.499174914
0.594669,0.800235605,0.499355713
0.594709,0.800234781,0.499733942
0.594789,0.800233133,0.500514392
0.594949,0.800229837,0.502058838
0.595149,0.800225716,0.503993697
0.595349,0.800221596,0.505927984
0.595549,0.800217476,0.507855158
0.595646,0.800215478,0.508787900
0.595666,0.800213099,0.509397038
0.595706,0.800208342,0.510897447
0.595786,0.800198827,0.514225113
0.595946,0.800179798,0.520716700
0.596146,0.800156012,0.528902847
0.596346,0.800132226,0.537011921
0.596546,0.800108439,0.545151645
0.596644,0.800096784,0.549109555
0.596664,0.800096783,0.549411295
0.596704,0.800096782,0.549673835
0.596784,0.800096779,0.549808042
0.596944,0.800096773,0.550268339
0.597144,0.800096766,0.550749956
0.597344,0.800096759,0.551287754
0.597544,0.800096752,0.551778395
0.597642,0.800096749,0.552044243
0.597662,0.800097468,0.551933127
0.597702,0.800098906,0.551621789
0.597782,0.800101783,0.550887470
0.597942,0.800107536,0.549481594
0.598142,0.800114728,0.547695647
0.598342,0.800121920,0.545931949
0.598542,0.800129111,0.544158460
0.598639,0.800132599,0.543305273
0.598659,0.800126991,0.544483099
0.598699,0.800115775,0.547738738
0.598779,0.800093342,0.555273839
0.598939,0.800048478,0.569842803
0.599139,0.799992396,0.588262821
0.599339,0.799936315,0.606460026
0.599539,0.799880234,0.624770119
0.599637,0.799852754,0.633635075
0.599657,0.799852753,0.634262527
0.599697,0.799852749,0.634706185
0.599777,0.799852742,0.634674389
0.599937,0.799852728,0.635048630
0.600137,0.799852711,0.635279532
0.600337,0.799852693,0.635679903
0.600537,0.799852676,0.635942128
0.600635,0.799852667,0.636148263
0.600655,0.799851621,0.636390704
0.600695,0.799849528,0.637041976
0.600775,0.799845342,0.638533399
0.600935,0.799836971,0.641428736
0.601135,0.799826508,0.645084754
0.601335,0.799816044,0.648696253
0.601535,0.799805580,0.652329567
0.601633,0.799800453,0.654091704
0.601653,0.799807071,0.652806497
0.601693,0.799820306,0.649154673
0.601773,0.799846778,0.640627415
0.601933,0.799899720,0.624166790
0.602133,0.799965898,0.603323392
0.602333,0.800032077,0.582752651
0.602533,0.800098255,0.562045469
0.602630,0.800130351,0.552129604
0.602650,0.800133300,0.550841816
0.602690,0.800139196,0.548810729
0.602770,0.800150988,0.545372764
0.602930,0.800174574,0.538217751
0.603130,0.800204055,0.529450279
0.603330,0.800233537,0.520604990
0.603530,0.800263018,0.511880013
0.603628,0.800277464,0.507568353
0.603648,0.800282114,0.506344790
0.603688,0.800291415,0.503648975
0.603768,0.800310017,0.497971246
0.603928,0.800347220,0.486821362
0.604128,0.800393725,0.473108044
0.604153,0.800399538,0.471461164
0.604203,0.800411164,0.468240531
0.604303,0.800434416,0.462665039
0.604503,0.800480920,0.458178342
0.604626,0.800509520,0.454813063
0.604646,0.800510416,0.454908146
0.604686,0.800512208,0.454895930
0.604766,0.800515792,0.454602604
0.604926,0.800522960,0.454186131
0.605126,0.800531919,0.453570209
0.605326,0.800540879,0.453026862
0.605526,0.800549839,0.452421420
0.605624,0.800554229,0.452164505
0.605644,0.800551641,0.452336367
0.605684,0.800546465,0.452801581
0.605764,0.800536113,0.453830716
0.605924,0.800515410,0.455823306
0.606124,0.800489530,0.458301765
0.606324,0.800463650,0.460593148
0.606524,0.800437770,0.467668576
0.606621,0.800425219,0.471474205
0.606641,0.800428429,0.471285581
0.606681,0.800434851,0.470008408
0.606761,0.800447693,0.466411214
0.606781,0.800450904,0.465658387
0.606821,0.800457325,0.464163357
0.606901,0.800470168,0.461810806
0.607061,0.800495853,0.459430715
0.607261,0.800527959,0.456259150
0.607461,0.800560065,0.453730844
0.607619,0.800585429,0.451521689
0.607639,0.800586947,0.451412852
0.607679,0.800589983,0.451196926
0.607759,0.800596054,0.450741057
0.607919,0.800608196,0.449844387
0.608119,0.800623374,0.448721332
0.608319,0.800638552,0.447603760
0.608519,0.800653730,0.446485106
0.608617,0.800661167,0.445940309
0.608637,0.800662651,0.445829994
0.608677,0.800665618,0.445613224
0.608757,0.800671552,0.445181503
0.608917,0.800683422,0.444316960
0.609117,0.800698258,0.443241272
0.609317,0.800713094,0.442167378
0.609517,0.800727931,0.441095226
0.609615,0.800735201,0.440570347
0.609635,0.800736243,0.440495214
0.609675,0.800738329,0.440355887
0.609755,0.800742499,0.440083567
0.609915,0.800750840,0.439535674
0.610115,0.800761266,0.438857299
0.610315,0.800771692,0.438175446
0.610515,0.800782118,0.437497166
0.610612,0.800787175,0.437165274
0.610632,0.800789231,0.437030534
0.610672,0.800793344,0.436727407
0.610752,0.800801570,0.436099222
0.610912,0.800818021,0.434866993
0.611112,0.800838585,0.433322836
0.611312,0.800859149,0.431789991
0.611512,0.800879713,0.430261449
0.611610,0.800889790,0.429515525
0.611630,0.800890813,0.429433960
0.611670,0.800892858,0.429298540
0.611750,0.800896948,0.429046262
0.611910,0.800905129,0.428529820
0.612110,0.800915356,0.427895464
0.612310,0.800925582,0.427253018
0.612510,0.800935808,0.426618426
0.612608,0.800940819,0.426304524
0.612628,0.800940191,0.426353786
0.612668,0.800938936,0.426494083
0.612748,0.800936425,0.426803983
0.612908,0.800931402,0.427403926
0.613108,0.800925124,0.428167860
0.613308,0.800918846,0.428920738
0.613508,0.800912568,0.429682300
0.613605,0.800909523,0.430046193
0.613625,0.800908013,0.430183312
0.613665,0.800904994,0.430480283
0.613745,0.800898955,0.431090072
0.613905,0.800886877,0.432297199
0.614105,0.800871779,0.433817984
0.614305,0.800856682,0.435337671
0.614505,0.800841584,0.436863986
0.614603,0.800834186,0.437611360
0.614623,0.800828978,0.438019060
0.614663,0.800818563,0.438941169
0.614743,0.800797732,0.440857198
0.614903,0.800756069,0.444656505
0.615103,0.800703991,0.449471843
0.615303,0.800651913,0.454283758
0.615503,0.800599835,0.458965778
0.615601,0.800574317,0.460965367
0.615621,0.800571438,0.461652100
0.615661,0.800565679,0.464013303
0.615741,0.800554161,0.468001440
0.615864,0.800536491,0.473570936
0.616032,0.800512244,0.481830908
0.616232,0.800483451,0.491429647
0.616432,0.800454657,0.501292027
0.616599,0.800430635,0.509360052
0.616619,0.800430276,0.509822859
0.616659,0.800429556,0.510360637
0.616739,0.800428117,0.510975088
0.616899,0.800425239,0.512434795
0.617099,0.800421642,0.514139347
0.617299,0.800418044,0.515911030
0.617499,0.800414447,0.517621701
0.617596,0.800412702,0.518484191
0.617616,0.800416434,0.517774748
0.617656,0.800423898,0.515788969
0.617736,0.800438825,0.511165566
0.617896,0.800468680,0.502255905
0.618096,0.800505998,0.491043937
0.618296,0.800543316,0.480083657
0.618496,0.800580634,0.469352134
0.618594,0.800598920,0.464660888
0.618614,0.800596044,0.464719518
0.618654,0.800590290,0.465754026
0.618734,0.800578784,0.469670023
0.618894,0.800555771,0.477145863
0.619094,0.800527005,0.486931423
0.619294,0.800498238,0.496597671
0.619494,0.800469472,0.506418018
0.619592,0.800455376,0.511148820
0.619612,0.800453451,0.511937331
0.619652,0.800449600,0.513354781
0.619732,0.800441899,0.516009220
0.619892,0.800426495,0.521411807
0.620092,0.800407241,0.528101308
0.620292,0.800387987,0.534813354
0.620492,0.800368733,0.541478175
0.620590,0.800359299,0.544757127
0.620610,0.800362292,0.544365127
0.620650,0.800368278,0.542888311
0.620730,0.800380250,0.539148565
0.620890,0.800404195,0.532050879
0.621090,0.800434125,0.523003418
0.621290,0.800464056,0.514132387
0.621490,0.800493986,0.505192781
0.621587,0.800508502,0.500930050
0.621607,0.800506815,0.501024771
0.621647,0.800503439,0.501890896
0.621727,0.800496688,0.504423076
0.621887,0.800483185,0.509121294
0.622087,0.800466308,0.515164713
0.622287,0.800449430,0.521069017
0.622487,0.800432552,0.527069745
0.622585,0.800424282,0.529946546
0.622605,0.800424649,0.530109843
0.622645,0.800425383,0.530128388
0.622725,0.800426851,0.529826029
0.622885,0.800429788,0.529385973
0.623085,0.800433459,0.528750867
0.623285,0.800437131,0.528174977
0.623485,0.800440802,0.527549189
0.623583,0.800442601,0.527275765
0.623603,0.800441026,0.527622613
0.623643,0.800437877,0.528604344
0.623723,0.800431579,0.530893239
0.623883,0.800418982,0.535309710
0.624083,0.800403236,0.540903983
0.624283,0.800387490,0.546428617
0.624483,0.800371745,0.551985974
0.624580,0.800364108,0.554652852
0.624600,0.800365465,0.554579941
0.624640,0.800368179,0.554009705
0.624720,0.800373608,0.552395061
0.624880,0.800384464,0.549406344
0.625080,0.800398035,0.545550286
0.625280,0.800411606,0.541799684
0.625480,0.800425176,0.537981882
0.625578,0.800431826,0.536154831
0.625598,0.800431700,0.536087830
0.625638,0.800431449,0.536173145
0.625718,0.800430946,0.536596246
0.625878,0.800429940,0.537331149
0.626078,0.800428682,0.538295746
0.626278,0.800427425,0.539219820
0.626478,0.800426168,0.540178962
0.626576,0.800425551,0.540628151
0.626596,0.800428880,0.539984452
0.626636,0.800435536,0.538202255
0.626716,0.800448849,0.534083961
0.626876,0.800475474,0.526129821
0.627076,0.800508756,0.516071907
0.627276,0.800542038,0.506171308
0.627476,0.800575320,0.496234955
0.627574,0.800591628,0.491439869
0.627594,0.800591874,0.491094243
0.627634,0.800592367,0.490851574
0.627714,0.800593352,0.490898739
0.627874,0.800595322,0.490747605
0.628074,0.800597784,0.490685236
0.628274,0.800600247,0.490542373
0.628474,0.800602709,0.490470735
0.628571,0.800603903,0.490389161
0.628591,0.800604223,0.490372754
0.628631,0.800604861,0.490315796
0.628711,0.800606138,0.490175867
0.628871,0.800608692,0.489913536
0.629071,0.800611885,0.489569942
0.629271,0.800615077,0.489238410
0.629471,0.800618270,0.488901058
0.629569,0.800619834,0.488737750
0.629589,0.800620497,0.488629913
0.629629,0.800621824,0.488372039
0.629709,0.800624476,0.487800472
0.629869,0.800629782,0.486677330
0.630069,0.800636413,0.485270896
0.630269,0.800643045,0.483883167
0.630469,0.800649677,0.482488684
0.630567,0.800652926,0.481805964
0.630587,0.800655776,0.481220432
0.630627,0.800661476,0.479741509
0.630707,0.800672876,0.476432909
0.630867,0.800695675,0.470132032
0.631067,0.800724175,0.463032951
0.631092,0.800727737,0.462418737
0.631142,0.800734862,0.461458066
0.631242,0.800749112,0.460131464
0.631442,0.800777611,0.457539496
0.631565,0.800795138,0.455881587
0.631585,0.800795988,0.455832766
0.631625,0.800797688,0.455723230
0.631705,0.800801088,0.455509546
0.631865,0.800807887,0.455073012
0.632065,0.800816386,0.454536382
0.632265,0.800824885,0.453993636
0.632465,0.800833385,0.453454883
0.632562,0.800837507,0.453191579
0.632582,0.800837424,0.453202675
0.632622,0.800837259,0.453252232
0.632702,0.800836929,0.453373710
0.632862,0.800836269,0.453603850
0.633062,0.800835444,0.453899213
0.633262,0.800834619,0.454188391
0.633462,0.800833794,0.454481870
0.633560,0.800833390,0.454621675
0.633580,0.800831519,0.454768620
0.633620,0.800827776,0.455123960
0.633700,0.800820291,0.455885788
0.633860,0.800805320,0.457371073
0.634060,0.800786607,0.459142698
0.634260,0.800767893,0.460977247
0.634460,0.800749180,0.466544325
0.634558,0.800740010,0.469283462
0.634578,0.800739076,0.469781351
0.634618,0.800737206,0.470624242
0.634698,0.800733468,0.471982165
0.634858,0.800725990,0.474851883
0.635058,0.800716643,0.478404794
0.635258,0.800707297,0.482016812
0.635458,0.800697950,0.485597889
0.635556,0.800693370,0.487378569
0.635576,0.800695623,0.487072167
0.635616,0.800700130,0.486018169
0.635696,0.800709143,0.483378171
0.635856,0.800727169,0.478360207
0.636056,0.800749701,0.472114598
0.636256,0.800772234,0.466231479
0.636456,0.800794767,0.461694223
0.636553,0.800805695,0.460596692
0.636573,0.800803717,0.460546776
0.636613,0.800799760,0.460657874
0.636693,0.800791846,0.461653643
0.636853,0.800776019,0.466484062
0.637047,0.800756802,0.472646552
0.637247,0.800737017,0.479642340
0.637447,0.800717233,0.486366909
0.637551,0.800706972,0.490047465
0.637571,0.800706648,0.490357102
0.637611,0.800706001,0.490789030
0.637691,0.800704705,0.491423836
0.637851,0.800702115,0.492790395
0.638051,0.800698876,0.494451614
0.638251,0.800695638,0.496140076
0.638451,0.800692400,0.497800892
0.638549,0.800690813,0.498623918
0.638569,0.800687613,0.499396256
0.638609,0.800681213,0.501353290
0.638689,0.800668413,0.505754210
0.638849,0.800642812,0.514323710
0.639049,0.800610812,0.525146714
0.639249,0.800578811,0.535872498
0.639449,0.800546811,0.546638083
0.639546,0.800531290,0.551810650
0.639566,0.800525942,0.553347942
0.639606,0.800515245,0.556721085
0.639686,0.800493851,0.563803361
0.639846,0.800451064,0.577780484
0.640046,0.800397580,0.595293690
0.640246,0.800344095,0.612703732
0.640446,0.800290611,0.630123924
0.640544,0.800264404,0.638624434
0.640564,0.800263938,0.639313558
0.640604,0.800263006,0.639999403
0.640684,0.800261144,0.640575403
0.640844,0.800257418,0.642102833
0.641044,0.800252760,0.643814204
0.641244,0.800248103,0.645661780
0.641444,0.800243446,0.647382076
0.641542,0.800241164,0.648295556
0.641562,0.800244155,0.647718511
0.641602,0.800250137,0.646092379
0.641682,0.800262102,0.642300902
0.641842,0.800286032,0.634989899
0.642042,0.800315945,0.625739494
0.642242,0.800345857,0.616597759
0.642442,0.800375769,0.607398772
0.642540,0.800390426,0.602939999
0.642560,0.800383683,0.604108801
0.642600,0.800370196,0.607835217
0.642680,0.800343221,0.616857261
0.642840,0.800289272,0.634127171
0.643040,0.800221836,0.656073614
0.643240,0.800154399,0.677685316
0.643440,0.800086963,0.699488520
0.643537,0.800054256,0.709910070
0.643557,0.800052178,0.711094754
0.643597,0.800048022,0.712778259
0.643677,0.800039710,0.715349627
0.643837,0.800023086,0.720863097
0.644037,0.800002307,0.727551933
0.644237,0.799981527,0.734362896
0.644437,0.799960747,0.741046570
0.644535,0.799950565,0.744376758
0.644555,0.799950141,0.744684260
0.644595,0.799949295,0.745077500
0.644675,0.799947602,0.745614636
0.644835,0.799944217,0.746806439
0.645035,0.799939985,0.748223762
0.645235,0.799935754,0.749687316
0.645435,0.799931522,0.751108994
0.645533,0.799929448,0.751828276
0.645553,0.799930942,0.751555537
0.645593,0.799933929,0.750747109
0.645673,0.799939904,0.748827720
0.645833,0.799951854,0.745137646
0.646033,0.799966792,0.740459430
0.646233,0.799981729,0.735842448
0.646433,0.799996666,0.731192855
0.646531,0.800003986,0.728940467
0.646551,0.800004102,0.728768597
0.646591,0.800004334,0.728629663
0.646671,0.800004799,0.728574724
0.646831,0.800005728,0.728355679
0.647031,0.800006889,0.728145613
0.647231,0.800008050,0.727889455
0.647431,0.800009211,0.727671371
0.647528,0.800009775,0.727550046
0.647548,0.800011915,0.727095477
0.647588,0.800016195,0.725897272
0.647668,0.800024756,0.723164505
0.647828,0.800041877,0.717873309
0.648028,0.800063279,0.711186656
0.648228,0.800084681,0.704573753
0.648428,0.800106082,0.697928267
0.648526,0.800116569,0.694696659
0.648546,0.800117951,0.694194753
0.648586,0.800120715,0.693304069
0.648666,0.800126243,0.691648013
0.648826,0.800137298,0.688276661
0.649026,0.800151118,0.684109068
0.649226,0.800164937,0.679923007
0.649426,0.800178757,0.675765404
0.649524,0.800185528,0.673717922
0.649544,0.800185534,0.673597912
0.649584,0.800185546,0.673551358
0.649664,0.800185570,0.673678679
0.649824,0.800185618,0.673831034
0.650024,0.800185677,0.674071765
0.650224,0.800185737,0.674273237
0.650424,0.800185797,0.674509898
0.650522,0.800185826,0.674601329
0.650542,0.800187221,0.674330173
0.650582,0.800190010,0.673585761
0.650662,0.800195588,0.671863204
0.650822,0.800206744,0.668533805
0.651022,0.800220690,0.664332536
0.651222,0.800234636,0.660176851
0.651422,0.800248581,0.655994188
0.651519,0.800255345,0.653990782
0.651539,0.800257019,0.653509169
0.651579,0.800260366,0.652515605
0.651659,0.800267062,0.650492247
0.651819,0.800280453,0.646467216
0.652019,0.800297191,0.641438019
0.652219,0.800313929,0.636426603
0.652419,0.800330668,0.631421130
0.652517,0.800338870,0.628975254
0.652537,0.800342436,0.628067399
0.652577,0.800349569,0.625986487
0.652657,0.800363836,0.621530979
0.652817,0.800392368,0.612773298
0.653017,0.800428034,0.601775022
0.653217,0.800463700,0.590853418
0.653417,0.800499366,0.579913191
0.653515,0.800516842,0.574586922
0.653535,0.800515634,0.574518808
0.653575,0.800513219,0.575056664
0.653655,0.800508387,0.576913718
0.653815,0.800498724,0.580259991
0.654015,0.800486645,0.584618366
0.654215,0.800474566,0.588829981
0.654415,0.800462487,0.593149220
0.654512,0.800456628,0.595178950
0.654532,0.800453901,0.595942145
0.654572,0.800448446,0.597662618
0.654652,0.800437536,0.601332961
0.654812,0.800415717,0.608565775
0.655012,0.800388443,0.617639568
0.655212,0.800361168,0.626655291
0.655412,0.800333894,0.635678754
0.655510,0.800320529,0.640068361
0.655530,0.800323509,0.639745064
0.655570,0.800329469,0.638291299
0.655650,0.800341388,0.634466567
0.655810,0.800365227,0.627250070
0.656010,0.800395025,0.618024217
0.656210,0.800424823,0.608982285
0.656410,0.800454621,0.599825234
0.656508,0.800469222,0.595423230
0.656528,0.800469787,0.595019994
0.656568,0.800470916,0.594574329
0.656648,0.800473174,0.594094805
0.656808,0.800477689,0.592940245
0.657008,0.800483333,0.591593794
0.657208,0.800488978,0.590190200
0.657408,0.800494622,0.588843307
0.657506,0.800497388,0.588149904
0.657526,0.800500899,0.587385153
0.657566,0.800507921,0.585432889
0.657646,0.800521965,0.581056435
0.657806,0.800550053,0.572538118
0.658006,0.800585163,0.561795606
0.658206,0.800620272,0.551163865
0.658406,0.800655382,0.540489930
0.658503,0.800672411,0.535367618
0.658523,0.800671683,0.535204817
0.658563,0.800670227,0.535490194
0.658643,0.800667315,0.536763081
0.658803,0.800661492,0.538978694
0.659003,0.800654214,0.541909484
0.659203,0.800646935,0.544713033
0.659403,0.800639656,0.547608465
0.659501,0.800636090,0.548967366
0.659521,0.800637511,0.548799305
0.659561,0.800640355,0.548146896
0.659641,0.800646042,0.546487580
0.659801,0.800657416,0.543335133
0.660001,0.800671634,0.539314184
0.660201,0.800685851,0.535380445
0.660401,0.800700069,0.531397206
0.660499,0.800707035,0.529478066
0.660519,0.800701497,0.530564926
0.660559,0.800690419,0.533730634
0.660639,0.800668265,0.541199535
0.660799,0.800623956,0.555596457
0.660999,0.800568570,0.573827135
0.661199,0.800513184,0.591813844
0.661399,0.800457798,0.609921111
0.661497,0.800430659,0.618682119
0.661517,0.800429263,0.619607484
0.661557,0.800426473,0.620850023
0.661637,0.800420891,0.622641008
0.661797,0.800409729,0.626556295
0.661997,0.800395776,0.631262778
0.662197,0.800381823,0.636087354
0.662397,0.800367870,0.640790391
0.662494,0.800361103,0.643126964
0.662514,0.800361231,0.643264414
0.662554,0.800361488,0.643339654
0.662634,0.800362002,0.643258409
0.662794,0.800363029,0.643200991
0.662994,0.800364314,0.643073004
0.663194,0.800365598,0.642984267
0.663394,0.800366883,0.642866402
0.663492,0.800367512,0.642827968
0.663512,0.800364445,0.643500891
0.663552,0.800358309,0.645300863
0.663632,0.800346039,0.649420855
0.663792,0.800321499,0.657392582
0.663992,0.800290823,0.667474325
0.664192,0.800260148,0.677440897
0.664392,0.800229472,0.687457636
0.664490,0.800214441,0.692319559
0.664510,0.800214921,0.692559220
0.664550,0.800215882,0.692537725
0.664630,0.800217803,0.691902178
0.664790,0.800221645,0.690911857
0.664990,0.800226448,0.689537799
0.665190,0.800231250,0.688262271
0.665390,0.800236053,0.686908910
0.665488,0.800238406,0.686295896
0.665508,0.800237607,0.686431033
0.665548,0.800236008,0.686894256
0.665628,0.800232811,0.688035642
0.665788,0.800226417,0.690207948
0.665988,0.800218424,0.692982947
0.666188,0.800210431,0.695707830
0.666388,0.800202438,0.698459282
0.666485,0.800198561,0.699773892
0.666505,0.800198159,0.699963463
0.666545,0.800197353,0.700288352
0.666625,0.800195742,0.700867665
0.666785,0.800192520,0.702044477
0.666985,0.800188492,0.703502970
0.667185,0.800184465,0.704969817
0.667385,0.800180437,0.706426007
0.667483,0.800178464,0.707142048
0.667503,0.800182774,0.706272866
0.667543,0.800191395,0.703876348
0.667623,0.800208637,0.698335698
0.667783,0.800243120,0.687612375
0.667983,0.800286224,0.674052623
0.668183,0.800329328,0.660654582
0.668383,0.800372432,0.647165448
0.668481,0.800393553,0.640629650
0.668501,0.800394212,0.640062880
0.668541,0.800395531,0.639455230
0.668621,0.800398168,0.638843943
0.668781,0.800403443,0.637347115
0.668981,0.800410036,0.635625162
0.669181,0.800416629,0.633802019
0.669381,0.800423223,0.632070855
0.669478,0.800426420,0.631182661
0.669498,0.800425718,0.631305272
0.669538,0.800424314,0.631731501
0.669618,0.800421506,0.632792991
0.669778,0.800415889,0.634812031
0.669978,0.800408868,0.637385258
0.670178,0.800401848,0.639917829
0.670378,0.800394827,0.642472945
0.670476,0.800391387,0.643711705
0.670496,0.800388098,0.644521732
0.670536,0.800381522,0.646500840
0.670616,0.800368369,0.650879849
0.670776,0.800342064,0.659426014
0.670976,0.800309182,0.670182591
0.671176,0.800276300,0.680853781
0.671376,0.800243418,0.691556916
0.671474,0.800227306,0.696760793
0.671494,0.800225227,0.697569295
0.671534,0.800221071,0.699012322
0.671614,0.800212757,0.701697480
0.671774,0.800196131,0.707159829
0.671974,0.800175347,0.713922572
0.672174,0.800154564,0.720702793
0.672374,0.800133780,0.727442656
0.672472,0.800123596,0.730754501
0.672492,0.800122457,0.731225391
0.672532,0.800120177,0.732036112
0.672612,0.800115619,0.733507778
0.672772,0.800106501,0.736528379
0.672972,0.800095105,0.740250858
0.673172,0.800083708,0.743997207
0.673372,0.800072312,0.747714693
0.673469,0.800066784,0.749522960
0.673489,0.800072204,0.748485619
0.673529,0.800083045,0.745487212
0.673609,0.800104725,0.738446160
0.673769,0.800148086,0.724887342
0.673969,0.800202288,0.707691631
0.674169,0.800256489,0.690729587
0.674369,0.800310690,0.673634796
0.674467,0.800337249,0.665363334
0.674487,0.800337968,0.664658757
0.674527,0.800339407,0.663935031
0.674607,0.800342285,0.663258427
0.674767,0.800348040,0.661543380
0.674967,0.800355234,0.659600695
0.675167,0.800362427,0.657515534
0.675367,0.800369621,0.655557402
0.675465,0.800373146,0.654530253
0.675485,0.800374289,0.654253137
0.675525,0.800376573,0.653617279
0.675605,0.800381143,0.652259089
0.675765,0.800390282,0.649591070
0.675965,0.800401705,0.646240769
0.676165,0.800413129,0.642920989
0.676365,0.800424552,0.639588212
0.676463,0.800430150,0.637963624
0.676483,0.800433565,0.637143380
0.676523,0.800440397,0.635181502
0.676603,0.800454060,0.630899765
0.676763,0.800481386,0.622525017
0.676963,0.800515544,0.611982039
0.677163,0.800549702,0.601527147
0.677363,0.800583859,0.591041113
0.677460,0.800600426,0.586000585
0.677480,0.800599216,0.585942696
0.677520,0.800596797,0.586487896
0.677600,0.800591958,0.588331893
0.677760,0.800582281,0.591660017
0.677960,0.800570184,0.595995349
0.678160,0.800558087,0.600184717
0.678360,0.800545990,0.604481825
0.678458,0.800540063,0.606520860
0.678478,0.800544954,0.605642499
0.678518,0.800554736,0.603016475
0.678598,0.800574301,0.596775364
0.678758,0.800613430,0.584781083
0.678958,0.800662341,0.569574258
0.679158,0.800711252,0.554586006
0.679358,0.800760163,0.539490226
0.679456,0.800784130,0.532191725
0.679476,0.800780289,0.532548890
0.679516,0.800772607,0.534509509
0.679596,0.800757243,0.539869256
0.679756,0.800726516,0.549907508
0.679956,0.800688106,0.562781912
0.680156,0.800649697,0.575367859
0.680356,0.800611288,0.588135039
0.680454,0.800592467,0.594250983
0.680474,0.800589766,0.595288405
0.680514,0.800584362,0.597181532
0.680594,0.800573556,0.600748684
0.680754,0.800551944,0.607960561
0.680954,0.800524928,0.616910169
0.681154,0.800497912,0.625875332
0.681354,0.800470897,0.634791897
0.681451,0.800457794,0.639123718
0.681471,0.800460498,0.638850086
0.681511,0.800465907,0.637544401
0.681591,0.800476724,0.634079327
0.681751,0.800498357,0.627568595
0.681951,0.800525399,0.619219978
0.682151,0.800552441,0.611053639
0.682351,0.800579483,0.602765070
0.682449,0.800592734,0.598791011
0.682469,0.800592870,0.598507784
0.682509,0.800593144,0.598320393
0.682589,0.800593690,0.598384947
0.682749,0.800594782,0.598309286
0.682949,0.800596148,0.598319444
0.683149,0.800597513,0.598251045
0.683349,0.800598879,0.598248165
0.683447,0.800599548,0.598214077
0.683467,0.800601957,0.597728122
0.683507,0.800606775,0.596428503
0.683587,0.800616412,0.593458918
0.683747,0.800635686,0.587707562
0.683947,0.800659778,0.580439998
0.684147,0.800683870,0.573257187
0.684347,0.800707962,0.566033351
0.684444,0.800719647,0.562568210
0.684464,0.800717943,0.562727110
0.684504,0.800714535,0.563630320
0.684584,0.800707720,0.566116005
0.684744,0.800694089,0.570751974
0.684944,0.800677050,0.576702205
0.685144,0.800660012,0.582524884
0.685344,0.800642973,0.588426775
0.685442,0.800634624,0.591260576
0.685462,0.800635252,0.591347707
0.685502,0.800636508,0.591190536
0.685582,0.800639021,0.590491890
0.685742,0.800644046,0.589277458
0.685942,0.800650327,0.587671289
0.686142,0.800656608,0.586128677
0.686342,0.800662889,0.584541992
0.686440,0.800665967,0.583791786
0.686460,0.800661746,0.584672386
0.686500,0.800653303,0.587122269
0.686580,0.800636419,0.592807042
0.686740,0.800602649,0.603783255
0.686940,0.800560438,0.617670670
0.687140,0.800518226,0.631391673
0.687340,0.800476014,0.645192835
0.687438,0.800455331,0.651875853
0.687458,0.800452049,0.653055363
0.687498,0.800445486,0.655267847
0.687578,0.800432360,0.659524984
0.687738,0.800406109,0.668108029
0.687938,0.800373294,0.678783332
0.688138,0.800340480,0.689462428
0.688338,0.800307665,0.700087988
0.688435,0.800291750,0.705248064
0.688455,0.800287975,0.706413593
0.688495,0.800280424,0.708816121
0.688575,0.800265322,0.713702188
0.688735,0.800235118,0.723423761
0.688935,0.800197363,0.735581868
0.689135,0.800159608,0.747699527
0.689335,0.800121854,0.759801871
0.689433,0.800103354,0.765718809
0.689453,0.800105263,0.765706269
0.689493,0.800109083,0.764876507
0.689573,0.800116721,0.762311549
0.689733,0.800131998,0.757624930
0.689933,0.800151095,0.751542311
0.690133,0.800170191,0.745638760
0.690333,0.800189287,0.739605199
0.690431,0.800198644,0.736731733
0.690451,0.800196062,0.737088673
0.690491,0.800190898,0.738448105
0.690571,0.800180570,0.741907994
0.690731,0.800159914,0.748477801
0.690931,0.800134093,0.756856302
0.691131,0.800108273,0.765087159
0.691331,0.800082452,0.773406111
0.691429,0.800069800,0.777413446
0.691449,0.800066320,0.778444779
0.691489,0.800059359,0.780617323
0.691569,0.800045436,0.785081994
0.691729,0.800017591,0.793935411
0.691929,0.799982785,0.805020563
0.692129,0.799947979,0.816067962
0.692329,0.799913173,0.827110831
0.692426,0.799896292,0.832448121
0.692446,0.799896292,0.832802672
0.692486,0.799896292,0.833016320
0.692566,0.799896293,0.832892515
0.692726,0.799896293,0.832920611
0.692926,0.799896294,0.832802318
0.693126,0.799896295,0.832791096
0.693326,0.799896295,0.832694305
0.693424,0.799896296,0.832695308
0.693444,0.799895024,0.832953382
0.693484,0.799892480,0.833661997
0.693564,0.799887392,0.835291873
0.693724,0.799877217,0.838450808
0.693924,0.799864497,0.842449220
0.694124,0.799851778,0.846389692
0.694324,0.799839059,0.850367680
0.694422,0.799832827,0.852292406
0.694442,0.799832443,0.852498203
0.694482,0.799831677,0.852778622
0.694562,0.799830145,0.853197890
0.694722,0.799827080,0.854119128
0.694922,0.799823248,0.855219885
0.695122,0.799819417,0.856349363
0.695322,0.799815586,0.857453719
0.695420,0.799813708,0.858008438
0.695440,0.799809170,0.859009462
0.695480,0.799800092,0.861601315
0.695560,0.799781937,0.867443793
0.695720,0.799745628,0.878803995
0.695920,0.799700241,0.893150169
0.696120,0.799654854,0.907347881
0.696320,0.799609467,0.921609998
0.696417,0.799587455,0.928456305
0.696437,0.799588460,0.928696965
0.696477,0.799590471,0.928389117
0.696557,0.799594492,0.926849851
0.696717,0.799602535,0.924206650
0.696917,0.799612589,0.920696942
0.697117,0.799622642,0.917343834
0.697317,0.799632696,0.913869582
0.697415,0.799637622,0.912241822
0.697435,0.799639334,0.911738363
0.697475,0.799642757,0.910646096
0.697555,0.799649602,0.908369768
0.697715,0.799663293,0.903864878
0.697915,0.799680407,0.898222631
0.698115,0.799697521,0.892608660
0.698315,0.799714635,0.886989686
0.698413,0.799723021,0.884251735
0.698433,0.799719380,0.884842382
0.698473,0.799712100,0.886774215
0.698553,0.799697539,0.891486217
0.698713,0.799668416,0.900502563
0.698913,0.799632013,0.911966787
0.699113,0.799595610,0.923260250
0.699313,0.799559207,0.934648799
0.699410,0.799541552,0.940096140
0.699430,0.799544101,0.939910718
0.699470,0.799549199,0.938652344
0.699550,0.799559396,0.935130395
0.699710,0.799579790,0.928567197
0.699910,0.799605281,0.920118943
0.700110,0.799630773,0.911877168
0.700310,0.799656265,0.903498376
0.700408,0.799668756,0.899486277
0.700428,0.799673771,0.898112911
0.700468,0.799683800,0.895039586
0.700548,0.799703859,0.888522509
0.700708,0.799743977,0.875684257
0.700908,0.799794124,0.859581873
0.701108,0.799844271,0.843567170
0.701308,0.799894419,0.827529504
0.701406,0.799918991,0.819713787
0.701426,0.799920981,0.818760770
0.701466,0.799924962,0.817283823
0.701546,0.799932924,0.814825079
0.701706,0.799948849,0.809682388
0.701906,0.799968754,0.803393462
0.702106,0.799988659,0.797024680
0.702306,0.800008564,0.790740271
0.702404,0.800018318,0.787622011
0.702424,0.800017654,0.787567042
0.702464,0.800016326,0.787823371
0.702544,0.800013670,0.788750599
0.702704,0.800008358,0.790402616
0.702904,0.800001719,0.792575180
0.703104,0.799995079,0.794668135
0.703304,0.799988440,0.796814343
0.703401,0.799985220,0.797818286
0.703421,0.799985956,0.797736542
0.703461,0.799987427,0.797363037
0.703541,0.799990371,0.796387458
0.703701,0.799996259,0.794553820
0.703901,0.800003618,0.792196258
0.704101,0.800010977,0.789893266
0.704301,0.800018337,0.787560525
0.704399,0.800021943,0.786440179
0.704419,0.800024169,0.785883455
0.704459,0.800028620,0.784567792
0.704539,0.800037524,0.781708226
0.704699,0.800055330,0.776106517
0.704899,0.800077588,0.769055737
0.705099,0.800099847,0.762058431
0.705299,0.800122105,0.755040314
0.705397,0.800133011,0.751624171
0.705417,0.800133437,0.751311275
0.705457,0.800134287,0.750938833
0.705537,0.800135988,0.750483275
0.705697,0.800139390,0.749444383
0.705897,0.800143643,0.748214911
0.706097,0.800147896,0.746935288
0.706297,0.800152149,0.745701403
0.706395,0.800154232,0.745074873
0.706415,0.800155107,0.744858245
0.706455,0.800156857,0.744354993
0.706535,0.800160357,0.743269246
0.706695,0.800167357,0.741138146
0.706895,0.800176106,0.738458127
0.707095,0.800184856,0.735797262
0.707295,0.800193605,0.733130967
0.707392,0.800197849,0.731851700
0.707412,0.800199847,0.731345565
0.707452,0.800203844,0.730173769
0.707532,0.800211838,0.727648053
0.707692,0.800227826,0.722695834
0.707892,0.800247811,0.716473065
0.708092,0.800267796,0.710297659
0.708292,0.800287781,0.704106949
0.708390,0.800297574,0.701089654
0.708410,0.800298692,0.700656900
0.708450,0.800300927,0.699924905
0.708530,0.800305399,0.698605020
0.708690,0.800314342,0.695894293
0.708890,0.800325521,0.692559525
0.709090,0.800336699,0.689194763
0.709290,0.800347878,0.685863201
0.709388,0.800353356,0.684218458
0.709408,0.800354545,0.683873522
0.709448,0.800356923,0.683167175
0.709528,0.800361680,0.681739092
0.709688,0.800371193,0.678896788
0.709888,0.800383084,0.675348588
0.710088,0.800394976,0.671808399
0.710288,0.800406867,0.668272452
0.710385,0.800412635,0.666561823
0.710405,0.800417887,0.665337093
0.710445,0.800428390,0.662315127
0.710525,0.800449398,0.655625167
0.710685,0.800491414,0.642573250
0.710885,0.800543934,0.626123231
0.711085,0.800596454,0.609831061
0.711285,0.800648973,0.593475701
0.711383,0.800674708,0.585530531
0.711403,0.800675423,0.584864821
0.711443,0.800676852,0.584189116
0.711523,0.800679710,0.583588465
0.711683,0.800685427,0.582031904
0.711883,0.800692572,0.580280262
0.712083,0.800699718,0.578402651
0.712283,0.800706863,0.576632516
0.712381,0.800710365,0.575704963
0.712401,0.800708763,0.576026675
0.712441,0.800705560,0.576986719
0.712521,0.800699153,0.579269609
0.712681,0.800686340,0.583658661
0.712881,0.800670324,0.589225971
0.713081,0.800654308,0.594712913
0.713281,0.800638292,0.600243243
0.713379,0.800630444,0.602917562
0.713399,0.800632215,0.602745099
0.713439,0.800635757,0.601920822
0.713519,0.800642841,0.599730065
0.713679,0.800657010,0.595608550
0.713879,0.800674722,0.590335946
0.714079,0.800692433,0.585177801
0.714279,0.800710144,0.579943227
0.714376,0.800718734,0.577458466
0.714396,0.800718862,0.577283050
0.714436,0.800719118,0.577179937
0.714516,0.800719629,0.577249359
0.714676,0.800720652,0.577251978
0.714876,0.800721930,0.577322635
0.715076,0.800723209,0.577348185
0.715276,0.800724488,0.577414877
0.715374,0.800725114,0.577422251
0.715394,0.800725663,0.577340461
0.715434,0.800726759,0.577115276
0.715514,0.800728953,0.576586582
0.715674,0.800733340,0.575561509
0.715874,0.800738825,0.574275603
0.716074,0.800744309,0.572995235
0.716274,0.800749793,0.571706878
0.716372,0.800752480,0.571083109
0.716392,0.800751371,0.571311349
0.716432,0.800749154,0.571999536
0.716512,0.800744718,0.573639468
0.716672,0.800735846,0.576799449
0.716872,0.800724757,0.580805899
0.717072,0.800713668,0.584750206
0.717272,0.800702578,0.588729727
0.717370,0.800697144,0.590657312
0.717390,0.800697946,0.590642920
0.717430,0.800699550,0.590343038
0.717510,0.800702756,0.589433414
0.717670,0.800709170,0.587768922
0.717870,0.800717187,0.585624776
0.718070,0.800725205,0.583534886
0.718270,0.800733222,0.581406193
0.718367,0.800737110,0.580401502
0.718387,0.800737027,0.580371571
0.718427,0.800736860,0.580449449
0.718507,0.800736526,0.580760966
0.718667,0.800735859,0.581308551
0.718867,0.800735025,0.582030805
0.719067,0.800734191,0.582718860
0.719267,0.800733357,0.583438857
0.719365,0.800732949,0.583776518
0.719385,0.800731697,0.584099766
0.719425,0.800729192,0.584907790
0.719505,0.800724184,0.586706314
0.719665,0.800714167,0.590214172
0.719865,0.800701647,0.594636623
0.720065,0.800689126,0.599014590
0.720265,0.800676605,0.603412267
0.720363,0.800670470,0.605547528
0.720383,0.800673268,0.605116375
0.720423,0.800678864,0.603680246
0.720503,0.800690057,0.600161774
0.720663,0.800712442,0.593437657
0.720863,0.800740424,0.584892475
0.721063,0.800768406,0.576484555
0.721263,0.800796388,0.567996716
0.721361,0.800810099,0.563904373
0.721381,0.800811633,0.563319137
0.721421,0.800814702,0.562350179
0.721501,0.800820840,0.560634791
0.721661,0.800833114,0.557099667
0.721861,0.800848458,0.552751273
0.722061,0.800863802,0.548368200
0.722261,0.800879146,0.544036253
0.722358,0.800886587,0.541916600
0.722378,0.800881427,0.542915449
0.722418,0.800871106,0.545863166
0.722498,0.800850463,0.552836598
0.722658,0.800809179,0.566246416
0.722858,0.800757573,0.583239325
0.723058,0.800705967,0.600005128
0.723258,0.800654362,0.616884745
0.723356,0.800629075,0.625049751
0.723376,0.800626661,0.626152055
0.723416,0.800621834,0.627947496
0.723496,0.800612180,0.631069868
0.723656,0.800592872,0.637531276
0.723856,0.800568737,0.645477499
0.724056,0.800544602,0.653489851
0.724256,0.800520467,0.661412298
0.724354,0.800508641,0.665326365
0.724374,0.800512069,0.664860723
0.724414,0.800518923,0.663109802
0.724494,0.800532632,0.658690415
0.724654,0.800560049,0.650300609
0.724854,0.800594321,0.639598254
0.725054,0.800628593,0.629090651
0.725254,0.800662864,0.618465773
0.725351,0.800679486,0.613398742
0.725371,0.800675072,0.614013912
0.725411,0.800666242,0.616366265
0.725491,0.800648584,0.622353962
0.725651,0.800613267,0.633716945
0.725851,0.800569121,0.648199430
0.726051,0.800524974,0.662427892
0.726251,0.800480828,0.676810577
0.726349,0.800459196,0.683737923
0.726369,0.800457162,0.684669975
0.726409,0.800453094,0.686175211
0.726489,0.800444957,0.688776521
0.726649,0.800428684,0.694168318
0.726849,0.800408342,0.700798820
0.727049,0.800388000,0.707485461
0.727249,0.800367659,0.714101336
0.727347,0.800357691,0.717364688
0.727367,0.800358907,0.717323295
0.727407,0.800361338,0.716793842
0.727487,0.800366201,0.715220062
0.727647,0.800375926,0.712314951
0.727847,0.800388083,0.708567131
0.728047,0.800400240,0.704910852
0.728247,0.800412397,0.701193034
0.728345,0.800418353,0.699413382
0.728365,0.800415664,0.699877751
0.728405,0.800410286,0.701363087
0.728485,0.800399528,0.704973202
0.728645,0.800378014,0.711884342
0.728845,0.800351122,0.720657057
0.729045,0.800324229,0.729302288
0.729245,0.800297337,0.738024130
0.729342,0.800284294,0.742194678
0.729362,0.800285346,0.742266853
0.729402,0.800287450,0.741874189
0.729482,0.800291659,0.740469573
0.729642,0.800300077,0.737954942
0.729842,0.800310599,0.734668342
0.730042,0.800321120,0.731493253
0.730242,0.800331642,0.728238838
0.730340,0.800336798,0.726691456
0.730360,0.800335579,0.726849747
0.730400,0.800333141,0.727498637
0.730480,0.800328264,0.729170937
0.730640,0.800318511,0.732330427
0.730840,0.800306319,0.736367170
0.731040,0.800294127,0.740332047
0.731240,0.800281936,0.744344874
0.731338,0.800275962,0.746274504
0.731358,0.800277066,0.746175882
0.731398,0.800279275,0.745648745
0.731478,0.800283693,0.744216054
0.731638,0.800292528,0.741537430
0.731838,0.800303573,0.738100446
0.732038,0.800314617,0.734729122
0.732238,0.800325662,0.731321522
0.732336,0.800331073,0.729683089
0.732356,0.800330981,0.729594881
0.732396,0.800330798,0.729597622
0.732476,0.800330430,0.729804109
0.732636,0.800329695,0.730117008
0.732836,0.800328775,0.730564188
0.733036,0.800327856,0.730962906
0.733236,0.800326937,0.731398943
0.733333,0.800326491,0.731596905
0.733353,0.800324700,0.732006857
0.733393,0.800321118,0.733062804
0.733473,0.800313952,0.735439149
0.733633,0.800299622,0.740058811
0.733833,0.800281709,0.745888265
0.734033,0.800263796,0.751660113
0.734233,0.800245883,0.757456993
0.734331,0.800237106,0.760269428
0.734351,0.800237038,0.760482393
0.734391,0.800236901,0.760657655
0.734471,0.800236629,0.760721336
0.734631,0.800236085,0.760988048
0.734831,0.800235404,0.761246010
0.735031,0.800234724,0.761563210
0.735231,0.800234044,0.761829198
0.735329,0.800233710,0.761984023
0.735349,0.800235430,0.761624217
0.735389,0.800238870,0.760659266
0.735469,0.800245750,0.758450944
0.735629,0.800259509,0.754172286
0.735829,0.800276709,0.748764901
0.736029,0.800293908,0.743418622
0.736229,0.800311108,0.738040252
0.736327,0.800319536,0.735432529
0.736347,0.800322835,0.734552742
0.736387,0.800329433,0.732583277
0.736467,0.800342630,0.728393653
0.736627,0.800369023,0.720138914
0.736827,0.800402015,0.709780687
0.737027,0.800435007,0.699486291
0.737227,0.800467998,0.689176109
0.737324,0.800483999,0.684202988
0.737344,0.800482229,0.684260942
0.737384,0.800478688,0.685093458
0.737464,0.800471607,0.687578864
0.737624,0.800457443,0.692147193
0.737824,0.800439739,0.698062264
0.738024,0.800422035,0.703814569
0.738224,0.800404332,0.709676207
0.738322,0.800395657,0.712475753
0.738342,0.800397983,0.712184668
0.738382,0.800402637,0.711012480
0.738462,0.800411944,0.707999583
0.738622,0.800430559,0.702301356
0.738822,0.800453827,0.695029747
0.739022,0.800477095,0.687886988
0.739222,0.800500363,0.680659192
0.739320,0.800511765,0.677181596
0.739340,0.800511969,0.676912948
0.739380,0.800512377,0.676682251
0.739460,0.800513194,0.676578418
0.739620,0.800514827,0.676201942
0.739820,0.800516868,0.675824050
0.740020,0.800518909,0.675380643
0.740220,0.800520950,0.674990822
0.740317,0.800521940,0.674781119
0.740337,0.800521506,0.674881291
0.740377,0.800520638,0.675163087
0.740457,0.800518902,0.675824219
0.740617,0.800515429,0.677105306
0.740817,0.800511088,0.678732455
0.741017,0.800506747,0.680334221
0.741217,0.800502406,0.681947113
0.741315,0.800500279,0.682730059
0.741335,0.800504227,0.681949934
0.741375,0.800512124,0.679772615
0.741455,0.800527916,0.674721612
0.741615,0.800559501,0.664953577
0.741815,0.800598982,0.652597429
0.742015,0.800638463,0.640392431
0.742215,0.800677944,0.628110252
0.742313,0.800697290,0.622163314
0.742333,0.800693047,0.622691283
0.742373,0.800684560,0.624909786
0.742453,0.800667586,0.630676097
0.742613,0.800633639,0.641576281
0.742813,0.800591204,0.655500087
0.743013,0.800548770,0.669160075
0.743213,0.800506336,0.682982293
0.743311,0.800485543,0.689632010
0.743331,0.800486193,0.689972603
0.743371,0.800487494,0.689934789
0.743451,0.800490096,0.689045045
0.743611,0.800495299,0.687660590
0.743811,0.800501803,0.685724310
0.744011,0.800508307,0.683937350
0.744211,0.800514811,0.682035441
0.744308,0.800517966,0.681183778
0.744328,0.800517771,0.681168699
0.744368,0.800517381,0.681272932
0.744448,0.800516602,0.681637757
0.744608,0.800515043,0.682295030
0.744808,0.800513094,0.683154741
0.745008,0.800511146,0.683981513
0.745208,0.800509197,0.684831477
0.745306,0.800508242,0.685237799
0.745326,0.800507705,0.685395585
0.745366,0.800506631,0.685757173
0.745446,0.800504483,0.686534572
0.745606,0.800500187,0.688065971
0.745806,0.800494816,0.689988903
0.746006,0.800489446,0.691898641
0.746206,0.800484075,0.693817891
0.746304,0.800481444,0.694751235
0.746324,0.800479537,0.695232568
0.746364,0.800475723,0.696392190
0.746444,0.800468096,0.698933431
0.746604,0.800452841,0.703909447
0.746804,0.800433773,0.710177271
0.747004,0.800414705,0.716387722
0.747204,0.800395637,0.722619018
0.747302,0.800386294,0.725645374
0.747322,0.800387112,0.725685580
0.747362,0.800388748,0.725371731
0.747442,0.800392021,0.724304282
0.747602,0.800398565,0.722398748
0.747802,0.800406746,0.719896676
0.748002,0.800414927,0.717483747
0.748202,0.800423108,0.715008812
0.748299,0.800427076,0.713850687
0.748319,0.800427369,0.713713119
0.748359,0.800427955,0.713522916
0.748439,0.800429126,0.713231536
0.748599,0.800431469,0.712598526
0.748799,0.800434397,0.711846091
0.748999,0.800437326,0.711071835
0.749199,0.800440254,0.710313219
0.749297,0.800441689,0.709936160
0.749317,0.800443318,0.709572543
0.749357,0.800446576,0.708658287
0.749437,0.800453091,0.706615603
0.749597,0.800466122,0.702640914
0.749797,0.800482411,0.697629040
0.749997,0.800498699,0.692666074
0.750197,0.800514988,0.687678770
0.750295,0.800522969,0.685255348
0.750315,0.800521146,0.685498419
0.750355,0.800517501,0.686469091
0.750435,0.800510209,0.688973837
0.750595,0.800495627,0.693711456
0.750795,0.800477398,0.699761108
0.750995,0.800459170,0.705693442
0.751195,0.800440941,0.711701196
0.751293,0.800432010,0.714594656
0.751313,0.800431031,0.715015406
0.751353,0.800429074,0.715729526
0.751433,0.800425159,0.717006878
0.751593,0.800417330,0.719642274
0.751793,0.800407544,0.722889547
0.751993,0.800397758,0.726153256
0.752193,0.800387972,0.729394585
0.752290,0.800383225,0.730973613
0.752310,0.800381547,0.731446297
0.752350,0.800378190,0.732489228
0.752430,0.800371476,0.734694096
0.752590,0.800358048,0.739048897
0.752790,0.800341263,0.744508880
0.752990,0.800324478,0.749938907
0.753190,0.800307693,0.755372465
0.753288,0.800299468,0.758017983
0.753308,0.800298603,0.758386631
0.753348,0.800296871,0.759005390
0.753428,0.800293409,0.760111812
0.753588,0.800286484,0.762390170
0.753788,0.800277828,0.765196809
0.753988,0.800269172,0.768023883
0.754188,0.800260515,0.770826531
0.754286,0.800256274,0.772206957
0.754306,0.800261018,0.771280972
0.754346,0.800270507,0.768642116
0.754426,0.800289483,0.762476129
0.754586,0.800327437,0.750579911
0.754786,0.800374879,0.735509148
0.754986,0.800422321,0.720632403
0.755186,0.800469763,0.705644498
0.755283,0.800492773,0.698464125
0.755303,0.800493424,0.697838996
0.755343,0.800494725,0.697185595
0.755423,0.800497328,0.696552247
0.755583,0.800502533,0.694970308
0.755783,0.800509040,0.693169943
0.755983,0.800515546,0.691248672
0.756183,0.800522053,0.689431402
0.756281,0.800525242,0.688488195
0.756301,0.800524110,0.688693178
0.756341,0.800521846,0.689340878
0.756421,0.800517320,0.690912486
0.756581,0.800508266,0.693919824
0.756781,0.800496950,0.697746010
0.756981,0.800485633,0.701513247
0.757181,0.800474316,0.705311285
0.757279,0.800468771,0.707147642
0.757299,0.800470528,0.706908953
0.757339,0.800474043,0.706021221
0.757419,0.800481072,0.703772177
0.757579,0.800495131,0.699501128
0.757779,0.800512705,0.694064723
0.757979,0.800530278,0.688717925
0.758179,0.800547852,0.683314696
0.758277,0.800556463,0.680709090
0.758297,0.800556898,0.680447753
0.758337,0.800557770,0.680122333
0.758417,0.800559513,0.679700482
0.758577,0.800563000,0.678750280
0.758777,0.800567358,0.677620087
0.758977,0.800571716,0.676448178
0.759177,0.800576075,0.675312090
0.759274,0.800578188,0.674749086
0.759294,0.800580870,0.674154048
0.759334,0.800586233,0.672646699
0.759414,0.800596959,0.669269341
0.759574,0.800618411,0.662693571
0.759774,0.800645225,0.654402376
0.759974,0.800672040,0.646190518
0.760174,0.800698855,0.637942581
0.760272,0.800711994,0.633938823
0.760292,0.800711875,0.633715445
0.760332,0.800711636,0.633665341
0.760412,0.800711159,0.634023729
0.760572,0.800710206,0.634534043
0.760772,0.800709013,0.635279684
0.760972,0.800707821,0.635943174
0.761172,0.800706629,0.636676068
0.761270,0.800706044,0.636996528
0.761290,0.800703374,0.637619587
0.761330,0.800698035,0.639215459
0.761410,0.800687355,0.642807072
0.761570,0.800665995,0.649792074
0.761770,0.800639295,0.658606333
0.761970,0.800612595,0.667328022
0.762170,0.800585895,0.676094976
0.762268,0.800572812,0.680345938
0.762288,0.800572350,0.680748445
0.762328,0.800571425,0.681239011
0.762408,0.800569576,0.681850441
0.762568,0.800565877,0.683253156
0.762768,0.800561254,0.684907875
0.762968,0.800556630,0.686620409
0.763168,0.800552007,0.688286059
0.763265,0.800549765,0.689116906
0.763285,0.800552442,0.688608682
0.763325,0.800557797,0.687150813
0.763405,0.800568508,0.683739960
0.763565,0.800589928,0.677170935
0.763765,0.800616704,0.668849280
0.763965,0.800643480,0.660634338
0.764165,0.800670256,0.652356585
0.764263,0.800683376,0.648348910
0.764283,0.800681769,0.648439463
0.764323,0.800678555,0.649234002
0.764403,0.800672128,0.651522147
0.764563,0.800659274,0.655744844
0.764763,0.800643206,0.661201122
0.764963,0.800627138,0.666520608
0.765163,0.800611070,0.671925896
0.765261,0.800603196,0.674510338
0.765281,0.800600461,0.675299592
0.765321,0.800594991,0.677018794
0.765401,0.800584052,0.680618878
0.765561,0.800562173,0.687736584
0.765761,0.800534824,0.696658432
0.765961,0.800507475,0.705530706
0.766161,0.800480126,0.714411261
0.766259,0.800466724,0.718738130
0.766279,0.800463712,0.719684893
0.766319,0.800457687,0.721612322
0.766399,0.800445637,0.725509564
0.766559,0.800421536,0.733278701
0.766759,0.800391411,0.742981202
0.766959,0.800361286,0.752662922
0.767159,0.800331160,0.762321290
0.767256,0.800316550,0.766996508
0.767276,0.800316648,0.767294174
0.767316,0.800316844,0.767449649
0.767396,0.800317236,0.767253504
0.767556,0.800318021,0.767119410
0.767756,0.800319002,0.766816742
0.767956,0.800319983,0.766608317
0.768156,0.800320963,0.766328328
0.768254,0.800321444,0.766227861
0.768274,0.800322582,0.765972275
0.768314,0.800324859,0.765326591
0.768394,0.800329412,0.763878988
0.768554,0.800338517,0.761051696
0.768754,0.800349900,0.757502514
0.768954,0.800361282,0.753977039
0.769154,0.800372664,0.750433062
0.769252,0.800378241,0.748718201
0.769272,0.800376746,0.748927374
0.769312,0.800373754,0.749721192
0.769392,0.800367772,0.751737664
0.769552,0.800355807,0.755557913
0.769752,0.800340850,0.760435685
0.769952,0.800325894,0.765228753
0.770152,0.800310937,0.770076230
0.770249,0.800303683,0.772388928
0.770269,0.800301115,0.773104228
0.770309,0.800295977,0.774677891
0.770389,0.800285701,0.777992535
0.770549,0.800265150,0.784541416
0.770749,0.800239461,0.792746698
0.770949,0.800213772,0.800913247
0.771149,0.800188083,0.809077643
0.771247,0.800175496,0.813059850
0.771267,0.800176302,0.813153483
0.771307,0.800177914,0.812862435
0.771387,0.800181139,0.811729946
0.771547,0.800187588,0.809731737
0.771747,0.800195649,0.807104240
0.771947,0.800203710,0.804572769
0.772147,0.800211771,0.801962972
0.772245,0.800215721,0.800731935
0.772265,0.800211337,0.801587075
0.772305,0.800202569,0.804029894
0.772385,0.800185032,0.809747719
0.772545,0.800149959,0.820776870
0.772745,0.800106118,0.834749387
0.772945,0.800062276,0.848552214
0.773145,0.800018435,0.862444443
0.773243,0.799996952,0.869177888
0.773263,0.799998745,0.869239038
0.773303,0.800002330,0.868486606
0.773383,0.800009501,0.865986282
0.773543,0.800023843,0.861454389
0.773743,0.800041770,0.855544666
0.773943,0.800059697,0.849830853
0.774143,0.800077624,0.843979642
0.774240,0.800086319,0.841229022
0.774260,0.800087373,0.840791985
0.774300,0.800089480,0.840046102
0.774380,0.800093696,0.838702794
0.774540,0.800102128,0.835949879
0.774740,0.800112668,0.832551777
0.774940,0.800123208,0.829131792
0.775140,0.800133747,0.825739754
0.775238,0.800138912,0.824069803
0.775258,0.800138053,0.824141410
0.775298,0.800136334,0.824554542
0.775378,0.800132898,0.825683390
0.775538,0.800126025,0.827792244
0.775738,0.800117433,0.830505295
0.775938,0.800108842,0.833155021
0.776138,0.800100250,0.835846447
0.776236,0.800096040,0.837136172
0.776256,0.800096473,0.837130488
0.776296,0.800097338,0.836929700
0.776376,0.800099068,0.836312042
0.776536,0.800102528,0.835191304
0.776736,0.800106853,0.833731284
0.776936,0.800111178,0.832309838
0.777136,0.800115503,0.830867750
0.777234,0.800117622,0.830177412
0.777254,0.800120094,0.829592486
0.777294,0.800125036,0.828141461
0.777374,0.800134922,0.824919298
0.777534,0.800154693,0.818642121
0.777734,0.800179407,0.810726693
0.777934,0.800204120,0.802884910
0.778134,0.800228834,0.795006869
0.778231,0.800240820,0.791218174
0.778251,0.800242220,0.790660527
0.778291,0.800245020,0.789698882
0.778371,0.800250621,0.787957399
0.778531,0.800261821,0.784393815
0.778731,0.800275822,0.779990937
0.778931,0.800289822,0.775570315
0.779131,0.800303823,0.771175650
0.779229,0.800310683,0.769015289
0.779249,0.800309773,0.769075465
0.779289,0.800307953,0.769515715
0.779369,0.800304311,0.770758850
0.779529,0.800297029,0.773070333
0.779729,0.800287926,0.776051219
0.779929,0.800278823,0.778957262
0.780129,0.800269721,0.781915076
0.780227,0.800265260,0.783330811
0.780247,0.800262184,0.784091024
0.780287,0.800256032,0.785909141
0.780367,0.800243728,0.789891320
0.780527,0.800219120,0.797692109
0.780727,0.800188360,0.807505216
0.780927,0.800157600,0.817236455
0.781127,0.800126839,0.827001940
0.781224,0.800111921,0.831704988
0.781244,0.800108643,0.832725646
0.781284,0.800102088,0.834787196
0.781364,0.800088977,0.838934122
0.781524,0.800062755,0.847204859
0.781724,0.800029977,0.857533220
0.781924,0.799997200,0.867842182
0.782124,0.799964422,0.878132398
0.782222,0.799948361,0.883165651
0.782242,0.799951973,0.882710961
0.782282,0.799959197,0.880834082
0.782362,0.799973645,0.875988383
0.782522,0.800002540,0.866830369
0.782722,0.800038659,0.855120684
0.782922,0.800074779,0.843636345
0.783122,0.800110898,0.832003341
0.783220,0.800128596,0.826406335
0.783240,0.800124498,0.826893940
0.783280,0.800116302,0.828972605
0.783360,0.800099909,0.834385326
0.783520,0.800067122,0.844604451
0.783720,0.800026140,0.857662500
0.783920,0.799985157,0.870477189
0.784120,0.799944174,0.883451356
0.784218,0.799924093,0.889694776
0.784238,0.799926693,0.889559544
0.784278,0.799931892,0.888320970
0.784358,0.799942291,0.884758789
0.784518,0.799963089,0.878161104
0.784718,0.799989087,0.869647480
0.784918,0.800015084,0.861352149
0.785118,0.800041082,0.852900002
0.785215,0.800053691,0.848905617
0.785235,0.800056312,0.848044756
0.785275,0.800061554,0.846349070
0.785355,0.800072037,0.842988516
0.785515,0.800093005,0.836260528
0.785715,0.800119215,0.827868015
0.785915,0.800145425,0.819488132
0.786115,0.800171634,0.811129925
0.786213,0.800184477,0.807034405
0.786233,0.800180247,0.807671167
0.786273,0.800171788,0.809905270
0.786353,0.800154869,0.815472261
0.786513,0.800121031,0.826073241
0.786713,0.800078734,0.839565533
0.786913,0.800036437,0.852851170
0.787113,0.799994140,0.866261541
0.787211,0.799973414,0.872736434
0.787231,0.799977246,0.872349064
0.787271,0.799984912,0.870424917
0.787351,0.800000242,0.865270403
0.787511,0.800030902,0.855592262
0.787711,0.800069227,0.843186584
0.787911,0.800107552,0.831032346
0.788111,0.800145878,0.818710644
0.788209,0.800164657,0.812793136
0.788229,0.800166625,0.811955313
0.788269,0.800170560,0.810564864
0.788349,0.800178431,0.808110189
0.788509,0.800194173,0.803060315
0.788709,0.800213851,0.796843531
0.788909,0.800233528,0.790571218
0.789109,0.800253205,0.784361381
0.789206,0.800262749,0.781326789
0.789226,0.800265073,0.780632475
0.789266,0.800269721,0.779185707
0.789346,0.800279017,0.776233181
0.789506,0.800297609,0.770372587
0.789706,0.800320849,0.763035067
0.789906,0.800344090,0.755726418
0.790106,0.800367330,0.748423356
0.790204,0.800378718,0.744854379
0.790224,0.800378741,0.744617220
0.790264,0.800378786,0.744472213
0.790344,0.800378878,0.744549846
0.790504,0.800379061,0.744532275
0.790704,0.800379290,0.744598349
0.790904,0.800379519,0.744596879
0.791104,0.800379748,0.744655182
0.791202,0.800379860,0.744652604
0.791222,0.800376410,0.745404622
0.791262,0.800369511,0.747392858
0.791342,0.800355711,0.751920538
0.791502,0.800328111,0.760698819
0.791702,0.800293612,0.771783283
0.791902,0.800259112,0.782748836
0.792102,0.800224612,0.793779714
0.792200,0.800207708,0.799129432
0.792220,0.800208704,0.799281419
0.792260,0.800210698,0.798947787
0.792340,0.800214685,0.797548146
0.792500,0.800222658,0.795104816
0.792700,0.800232626,0.791880637
0.792900,0.800242593,0.788788971
0.793100,0.800252560,0.785598074
0.793197,0.800257394,0.784112556
0.793217,0.800256666,0.784159213
0.793257,0.800255211,0.784505885
0.793337,0.800252300,0.785493317
0.793497,0.800246478,0.787331112
0.793697,0.800239200,0.789697710
0.793897,0.800231923,0.792006613
0.794097,0.800224645,0.794351931
0.794195,0.800221079,0.795474015
0.794215,0.800223001,0.795139218
0.794255,0.800226844,0.794098325
0.794335,0.800234531,0.791584863
0.794495,0.800249904,0.786759407
0.794695,0.800269120,0.780644485
0.794895,0.800288336,0.774604659
0.795095,0.800307552,0.768524329
0.795193,0.800316968,0.765581358
0.795213,0.800317634,0.765240968
0.795253,0.800318966,0.764743660
0.795333,0.800321629,0.763958984
0.795493,0.800326957,0.762295755
0.795693,0.800333616,0.760268799
0.795893,0.800340276,0.758211305
0.796093,0.800346935,0.756188036
0.796190,0.800350165,0.755193526
0.796210,0.800351119,0.754933429
0.796250,0.800353028,0.754364752
0.796330,0.800356845,0.753174191
0.796490,0.800364480,0.750825416
0.796690,0.800374023,0.747878319
0.796890,0.800383566,0.744940998
0.797090,0.800393109,0.742011346
0.797188,0.800397786,0.740585880
0.797208,0.800397846,0.740484721
0.797248,0.800397968,0.740406036
0.797328,0.800398210,0.740395765
0.797488,0.800398696,0.740314903
0.797688,0.800399303,0.740249496
0.797888,0.800399910,0.740158322
0.798088,0.800400517,0.740084482
0.798186,0.800400815,0.740040023
0.798206,0.800398981,0.740436777
0.798246,0.800395314,0.741501314
0.798326,0.800387979,0.743933331
0.798486,0.800373310,0.748641154
0.798686,0.800354974,0.754592058
0.798886,0.800336638,0.760476691
0.799086,0.800318302,0.766399352
0.799184,0.800309317,0.769269993
0.799204,0.800309317,0.769467841
0.799244,0.800309317,0.769602424
0.799324,0.800309317,0.769570614
0.799484,0.800309317,0.769650065
0.799684,0.800309317,0.769679130
0.799884,0.800309317,0.769761508
0.800000,0.800309317,0.769777533
