t_s,v_uv
0.000000,0.0000
0.000023,0.0000
0.000045,0.0000
0.000068,0.0000
0.000091,0.0000
0.000113,0.0000
0.000136,0.0001
0.000159,0.0001
0.000181,0.0001
0.000204,0.0001
0.000227,0.0001
0.000249,0.0001
0.000272,0.0001
0.000295,0.0001
0.000317,0.0001
0.000340,0.0002
0.000363,0.0002
0.000385,0.0002
0.000408,0.0002
0.000431,0.0002
0.000454,0.0002
0.000476,0.0002
0.000499,0.0002
0.000522,0.0003
0.000544,0.0003
0.000567,0.0003
0.000590,0.0003
0.000612,0.0003
0.000635,0.0003
0.000658,0.0003
0.000680,0.0004
0.000703,0.0004
0.000726,0.0004
0.000748,0.0004
0.000771,0.0004
0.000794,0.0004
0.000816,0.0005
0.000839,0.0005
0.000862,0.0005
0.000884,0.0005
0.000907,0.0005
0.000930,0.0006
0.000952,0.0006
0.000975,0.0006
0.000998,0.0006
0.001020,0.0006
0.001043,0.0006
0.001066,0.0007
0.001088,0.0007
0.001111,0.0007
0.001134,0.0007
0.001156,0.0008
0.001179,0.0008
0.001202,0.0008
0.001224,0.0008
0.001247,0.0008
0.001270,0.0009
0.001293,0.0009
0.001315,0.0009
0.001338,0.0009
0.001361,0.0010
0.001383,0.0010
0.001406,0.0010
0.001429,0.0010
0.001451,0.0011
0.001474,0.0011
0.001497,0.0011
0.001519,0.0011
0.001542,0.0012
0.001565,0.0012
0.001587,0.0012
0.001610,0.0013
0.001633,0.0013
0.001655,0.0013
0.001678,0.0014
0.001701,0.0014
0.001723,0.0014
0.001746,0.0015
0.001769,0.0015
0.001791,0.0015
0.001814,0.0016
0.001837,0.0016
0.001859,0.0016
0.001882,0.0017
0.001905,0.0017
0.001927,0.0017
0.001950,0.0018
0.001973,0.0018
0.001995,0.0019
0.002018,0.0019
0.002041,0.0019
0.002063,0.0020
0.002086,0.0020
0.002109,0.0021
0.002132,0.0021
0.002154,0.0022
0.002177,0.0022
0.002200,0.0022
0.002222,0.0023
0.002245,0.0023
0.002268,0.0024
0.002290,0.0024
0.002313,0.0025
0.002336,0.0025
0.002358,0.0026
0.002381,0.0026
0.002404,0.0027
0.002426,0.0027
0.002449,0.0028
0.002472,0.0029
0.002494,0.0029
0.002517,0.0030
0.002540,0.0030
0.002562,0.0031
0.002585,0.0031
0.002608,0.0032
0.002630,0.0033
0.002653,0.0033
0.002676,0.0034
0.002698,0.0035
0.002721,0.0035
0.002744,0.0036
0.002766,0.0037
0.002789,0.0037
0.002812,0.0038
0.002834,0.0039
0.002857,0.0039
0.002880,0.0040
0.002902,0.0041
0.002925,0.0042
0.002948,0.0042
0.002971,0.0043
0.002993,0.0044
0.003016,0.0045
0.003039,0.0046
0.003061,0.0047
0.003084,0.0047
0.003107,0.0048
0.003129,0.0049
0.003152,0.0050
0.003175,0.0051
0.003197,0.0052
0.003220,0.0053
0.003243,0.0054
0.003265,0.0055
0.003288,0.0056
0.003311,0.0057
0.003333,0.0058
0.003356,0.0059
0.003379,0.0060
0.003401,0.0061
0.003424,0.0062
0.003447,0.0063
0.003469,0.0064
0.003492,0.0065
0.003515,0.0066
0.003537,0.0068
0.003560,0.0069
0.003583,0.0070
0.003605,0.0071
0.003628,0.0072
0.003651,0.0074
0.003673,0.0075
0.003696,0.0076
0.003719,0.0078
0.003741,0.0079
0.003764,0.0080
0.003787,0.0082
0.003810,0.0083
0.003832,0.0084
0.003855,0.0086
0.003878,0.0087
0.003900,0.0089
0.003923,0.0090
0.003946,0.0092
0.003968,0.0093
0.003991,0.0095
0.004014,0.0097
0.004036,0.0098
0.004059,0.0100
0.004082,0.0102
0.004104,0.0103
0.004127,0.0105
0.004150,0.0107
0.004172,0.0109
0.004195,0.0110
0.004218,0.0112
0.004240,0.0114
0.004263,0.0116
0.004286,0.0118
0.004308,0.0120
0.004331,0.0122
0.004354,0.0124
0.004376,0.0126
0.004399,0.0128
0.004422,0.0130
0.004444,0.0132
0.004467,0.0134
0.004490,0.0137
0.004512,0.0139
0.004535,0.0141
0.004558,0.0143
0.004580,0.0146
0.004603,0.0148
0.004626,0.0151
0.004649,0.0153
0.004671,0.0155
0.004694,0.0158
0.004717,0.0160
0.004739,0.0163
0.004762,0.0166
0.004785,0.0168
0.004807,0.0171
0.004830,0.0174
0.004853,0.0177
0.004875,0.0179
0.004898,0.0182
0.004921,0.0185
0.004943,0.0188
0.004966,0.0191
0.004989,0.0194
0.005011,0.0197
0.005034,0.0200
0.005057,0.0204
0.005079,0.0207
0.005102,0.0210
0.005125,0.0213
0.005147,0.0217
0.005170,0.0220
0.005193,0.0224
0.005215,0.0227
0.005238,0.0231
0.005261,0.0234
0.005283,0.0238
0.005306,0.0242
0.005329,0.0246
0.005351,0.0249
0.005374,0.0253
0.005397,0.0257
0.005420,0.0261
0.005442,0.0265
0.005465,0.0269
0.005488,0.0274
0.005510,0.0278
0.005533,0.0282
0.005556,0.0286
0.005578,0.0291
0.005601,0.0295
0.005624,0.0300
0.005646,0.0304
0.005669,0.0309
0.005692,0.0314
0.005714,0.0319
0.005737,0.0324
0.005760,0.0328
0.005782,0.0333
0.005805,0.0339
0.005828,0.0344
0.005850,0.0349
0.005873,0.0354
0.005896,0.0360
0.005918,0.0365
0.005941,0.0371
0.005964,0.0376
0.005986,0.0382
0.006009,0.0388
0.006032,0.0393
0.006054,0.0399
0.006077,0.0405
0.006100,0.0411
0.006122,0.0417
0.006145,0.0424
0.006168,0.0430
0.006190,0.0436
0.006213,0.0443
0.006236,0.0449
0.006259,0.0456
0.006281,0.0463
0.006304,0.0470
0.006327,0.0477
0.006349,0.0484
0.006372,0.0491
0.006395,0.0498
0.006417,0.0506
0.006440,0.0513
0.006463,0.0520
0.006485,0.0528
0.006508,0.0536
0.006531,0.0544
0.006553,0.0552
0.006576,0.0560
0.006599,0.0568
0.006621,0.0576
0.006644,0.0584
0.006667,0.0593
0.006689,0.0602
0.006712,0.0610
0.006735,0.0619
0.006757,0.0628
0.006780,0.0637
0.006803,0.0646
0.006825,0.0656
0.006848,0.0665
0.006871,0.0675
0.006893,0.0684
0.006916,0.0694
0.006939,0.0704
0.006961,0.0714
0.006984,0.0724
0.007007,0.0735
0.007029,0.0745
0.007052,0.0756
0.007075,0.0766
0.007098,0.0777
0.007120,0.0788
0.007143,0.0799
0.007166,0.0811
0.007188,0.0822
0.007211,0.0834
0.007234,0.0845
0.007256,0.0857
0.007279,0.0869
0.007302,0.0882
0.007324,0.0894
0.007347,0.0906
0.007370,0.0919
0.007392,0.0932
0.007415,0.0945
0.007438,0.0958
0.007460,0.0971
0.007483,0.0985
0.007506,0.0998
0.007528,0.1012
0.007551,0.1026
0.007574,0.1040
0.007596,0.1055
0.007619,0.1069
0.007642,0.1084
0.007664,0.1099
0.007687,0.1114
0.007710,0.1129
0.007732,0.1145
0.007755,0.1160
0.007778,0.1176
0.007800,0.1192
0.007823,0.1208
0.007846,0.1225
0.007868,0.1241
0.007891,0.1258
0.007914,0.1275
0.007937,0.1293
0.007959,0.1310
0.007982,0.1328
0.008005,0.1346
0.008027,0.1364
0.008050,0.1382
0.008073,0.1400
0.008095,0.1419
0.008118,0.1438
0.008141,0.1457
0.008163,0.1477
0.008186,0.1496
0.008209,0.1516
0.008231,0.1537
0.008254,0.1557
0.008277,0.1578
0.008299,0.1598
0.008322,0.1620
0.008345,0.1641
0.008367,0.1662
0.008390,0.1684
0.008413,0.1706
0.008435,0.1729
0.008458,0.1751
0.008481,0.1774
0.008503,0.1798
0.008526,0.1821
0.008549,0.1845
0.008571,0.1869
0.008594,0.1893
0.008617,0.1918
0.008639,0.1942
0.008662,0.1968
0.008685,0.1993
0.008707,0.2019
0.008730,0.2045
0.008753,0.2071
0.008776,0.2098
0.008798,0.2124
0.008821,0.2152
0.008844,0.2179
0.008866,0.2207
0.008889,0.2235
0.008912,0.2264
0.008934,0.2292
0.008957,0.2321
0.008980,0.2351
0.009002,0.2381
0.009025,0.2411
0.009048,0.2441
0.009070,0.2472
0.009093,0.2503
0.009116,0.2534
0.009138,0.2566
0.009161,0.2598
0.009184,0.2631
0.009206,0.2664
0.009229,0.2697
0.009252,0.2731
0.009274,0.2765
0.009297,0.2799
0.009320,0.2834
0.009342,0.2869
0.009365,0.2904
0.009388,0.2940
0.009410,0.2976
0.009433,0.3013
0.009456,0.3050
0.009478,0.3087
0.009501,0.3125
0.009524,0.3163
0.009546,0.3202
0.009569,0.3241
0.009592,0.3280
0.009615,0.3320
0.009637,0.3361
0.009660,0.3401
0.009683,0.3442
0.009705,0.3484
0.009728,0.3526
0.009751,0.3569
0.009773,0.3611
0.009796,0.3655
0.009819,0.3699
0.009841,0.3743
0.009864,0.3788
0.009887,0.3833
0.009909,0.3878
0.009932,0.3925
0.009955,0.3971
0.009977,0.4018
0.010000,0.4066
0.010023,0.4114
0.010045,0.4162
0.010068,0.4211
0.010091,0.4261
0.010113,0.4311
0.010136,0.4362
0.010159,0.4413
0.010181,0.4464
0.010204,0.4516
0.010227,0.4569
0.010249,0.4622
0.010272,0.4676
0.010295,0.4730
0.010317,0.4785
0.010340,0.4840
0.010363,0.4896
0.010385,0.4952
0.010408,0.5009
0.010431,0.5066
0.010454,0.5125
0.010476,0.5183
0.010499,0.5242
0.010522,0.5302
0.010544,0.5362
0.010567,0.5423
0.010590,0.5485
0.010612,0.5547
0.010635,0.5610
0.010658,0.5673
0.010680,0.5737
0.010703,0.5801
0.010726,0.5867
0.010748,0.5932
0.010771,0.5999
0.010794,0.6066
0.010816,0.6133
0.010839,0.6202
0.010862,0.6270
0.010884,0.6340
0.010907,0.6410
0.010930,0.6481
0.010952,0.6553
0.010975,0.6625
0.010998,0.6698
0.011020,0.6771
0.011043,0.6845
0.011066,0.6920
0.011088,0.6996
0.011111,0.7072
0.011134,0.7149
0.011156,0.7227
0.011179,0.7305
0.011202,0.7384
0.011224,0.7464
0.011247,0.7544
0.011270,0.7625
0.011293,0.7707
0.011315,0.7790
0.011338,0.7873
0.011361,0.7957
0.011383,0.8042
0.011406,0.8128
0.011429,0.8214
0.011451,0.8301
0.011474,0.8389
0.011497,0.8478
0.011519,0.8567
0.011542,0.8658
0.011565,0.8749
0.011587,0.8840
0.011610,0.8933
0.011633,0.9026
0.011655,0.9120
0.011678,0.9215
0.011701,0.9311
0.011723,0.9408
0.011746,0.9505
0.011769,0.9603
0.011791,0.9702
0.011814,0.9802
0.011837,0.9903
0.011859,1.0004
0.011882,1.0107
0.011905,1.0210
0.011927,1.0314
0.011950,1.0419
0.011973,1.0525
0.011995,1.0631
0.012018,1.0739
0.012041,1.0847
0.012063,1.0956
0.012086,1.1066
0.012109,1.1177
0.012132,1.1289
0.012154,1.1402
0.012177,1.1516
0.012200,1.1631
0.012222,1.1746
0.012245,1.1862
0.012268,1.1980
0.012290,1.2098
0.012313,1.2217
0.012336,1.2337
0.012358,1.2458
0.012381,1.2580
0.012404,1.2703
0.012426,1.2827
0.012449,1.2952
0.012472,1.3078
0.012494,1.3205
0.012517,1.3332
0.012540,1.3461
0.012562,1.3590
0.012585,1.3721
0.012608,1.3853
0.012630,1.3985
0.012653,1.4119
0.012676,1.4253
0.012698,1.4389
0.012721,1.4525
0.012744,1.4663
0.012766,1.4801
0.012789,1.4941
0.012812,1.5081
0.012834,1.5223
0.012857,1.5365
0.012880,1.5509
0.012902,1.5653
0.012925,1.5799
0.012948,1.5946
0.012971,1.6093
0.012993,1.6242
0.013016,1.6392
0.013039,1.6543
0.013061,1.6694
0.013084,1.6847
0.013107,1.7001
0.013129,1.7156
0.013152,1.7312
0.013175,1.7469
0.013197,1.7628
0.013220,1.7787
0.013243,1.7947
0.013265,1.8108
0.013288,1.8271
0.013311,1.8434
0.013333,1.8599
0.013356,1.8765
0.013379,1.8931
0.013401,1.9099
0.013424,1.9268
0.013447,1.9438
0.013469,1.9609
0.013492,1.9782
0.013515,1.9955
0.013537,2.0129
0.013560,2.0305
0.013583,2.0481
0.013605,2.0659
0.013628,2.0838
0.013651,2.1018
0.013673,2.1199
0.013696,2.1381
0.013719,2.1564
0.013741,2.1748
0.013764,2.1934
0.013787,2.2120
0.013810,2.2308
0.013832,2.2497
0.013855,2.2687
0.013878,2.2878
0.013900,2.3070
0.013923,2.3263
0.013946,2.3457
0.013968,2.3653
0.013991,2.3849
0.014014,2.4047
0.014036,2.4246
0.014059,2.4446
0.014082,2.4647
0.014104,2.4849
0.014127,2.5052
0.014150,2.5257
0.014172,2.5462
0.014195,2.5669
0.014218,2.5877
0.014240,2.6086
0.014263,2.6296
0.014286,2.6507
0.014308,2.6719
0.014331,2.6932
0.014354,2.7147
0.014376,2.7362
0.014399,2.7579
0.014422,2.7797
0.014444,2.8016
0.014467,2.8236
0.014490,2.8457
0.014512,2.8679
0.014535,2.8902
0.014558,2.9127
0.014580,2.9352
0.014603,2.9579
0.014626,2.9806
0.014649,3.0035
0.014671,3.0265
0.014694,3.0495
0.014717,3.0727
0.014739,3.0960
0.014762,3.1194
0.014785,3.1430
0.014807,3.1666
0.014830,3.1903
0.014853,3.2141
0.014875,3.2381
0.014898,3.2621
0.014921,3.2862
0.014943,3.3105
0.014966,3.3348
0.014989,3.3593
0.015011,3.3838
0.015034,3.4085
0.015057,3.4333
0.015079,3.4581
0.015102,3.4831
0.015125,3.5081
0.015147,3.5333
0.015170,3.5585
0.015193,3.5839
0.015215,3.6093
0.015238,3.6349
0.015261,3.6605
0.015283,3.6862
0.015306,3.7120
0.015329,3.7380
0.015351,3.7640
0.015374,3.7901
0.015397,3.8163
0.015420,3.8426
0.015442,3.8689
0.015465,3.8954
0.015488,3.9219
0.015510,3.9486
0.015533,3.9753
0.015556,4.0021
0.015578,4.0290
0.015601,4.0560
0.015624,4.0830
0.015646,4.1102
0.015669,4.1374
0.015692,4.1647
0.015714,4.1921
0.015737,4.2195
0.015760,4.2471
0.015782,4.2747
0.015805,4.3024
0.015828,4.3301
0.015850,4.3579
0.015873,4.3858
0.015896,4.4138
0.015918,4.4418
0.015941,4.4699
0.015964,4.4981
0.015986,4.5264
0.016009,4.5547
0.016032,4.5830
0.016054,4.6114
0.016077,4.6399
0.016100,4.6685
0.016122,4.6970
0.016145,4.7257
0.016168,4.7544
0.016190,4.7832
0.016213,4.8120
0.016236,4.8408
0.016259,4.8697
0.016281,4.8987
0.016304,4.9277
0.016327,4.9567
0.016349,4.9858
0.016372,5.0149
0.016395,5.0441
0.016417,5.0733
0.016440,5.1025
0.016463,5.1318
0.016485,5.1611
0.016508,5.1904
0.016531,5.2198
0.016553,5.2492
0.016576,5.2786
0.016599,5.3080
0.016621,5.3375
0.016644,5.3669
0.016667,5.3964
0.016689,5.4259
0.016712,5.4555
0.016735,5.4850
0.016757,5.5145
0.016780,5.5441
0.016803,5.5736
0.016825,5.6032
0.016848,5.6327
0.016871,5.6623
0.016893,5.6918
0.016916,5.7214
0.016939,5.7509
0.016961,5.7805
0.016984,5.8100
0.017007,5.8395
0.017029,5.8690
0.017052,5.8984
0.017075,5.9279
0.017098,5.9573
0.017120,5.9867
0.017143,6.0160
0.017166,6.0454
0.017188,6.0747
0.017211,6.1039
0.017234,6.1332
0.017256,6.1623
0.017279,6.1915
0.017302,6.2206
0.017324,6.2496
0.017347,6.2786
0.017370,6.3075
0.017392,6.3364
0.017415,6.3652
0.017438,6.3940
0.017460,6.4227
0.017483,6.4513
0.017506,6.4799
0.017528,6.5083
0.017551,6.5367
0.017574,6.5650
0.017596,6.5933
0.017619,6.6214
0.017642,6.6495
0.017664,6.6774
0.017687,6.7053
0.017710,6.7331
0.017732,6.7608
0.017755,6.7883
0.017778,6.8158
0.017800,6.8431
0.017823,6.8704
0.017846,6.8975
0.017868,6.9245
0.017891,6.9513
0.017914,6.9781
0.017937,7.0047
0.017959,7.0311
0.017982,7.0575
0.018005,7.0837
0.018027,7.1097
0.018050,7.1356
0.018073,7.1614
0.018095,7.1869
0.018118,7.2124
0.018141,7.2376
0.018163,7.2627
0.018186,7.2877
0.018209,7.3124
0.018231,7.3370
0.018254,7.3614
0.018277,7.3856
0.018299,7.4096
0.018322,7.4334
0.018345,7.4571
0.018367,7.4805
0.018390,7.5037
0.018413,7.5267
0.018435,7.5495
0.018458,7.5721
0.018481,7.5945
0.018503,7.6166
0.018526,7.6385
0.018549,7.6602
0.018571,7.6816
0.018594,7.7028
0.018617,7.7237
0.018639,7.7444
0.018662,7.7648
0.018685,7.7850
0.018707,7.8049
0.018730,7.8246
0.018753,7.8439
0.018776,7.8630
0.018798,7.8818
0.018821,7.9004
0.018844,7.9186
0.018866,7.9365
0.018889,7.9542
0.018912,7.9715
0.018934,7.9885
0.018957,8.0052
0.018980,8.0216
0.019002,8.0377
0.019025,8.0534
0.019048,8.0688
0.019070,8.0839
0.019093,8.0986
0.019116,8.1130
0.019138,8.1270
0.019161,8.1407
0.019184,8.1540
0.019206,8.1669
0.019229,8.1795
0.019252,8.1916
0.019274,8.2034
0.019297,8.2149
0.019320,8.2259
0.019342,8.2365
0.019365,8.2467
0.019388,8.2565
0.019410,8.2659
0.019433,8.2749
0.019456,8.2834
0.019478,8.2916
0.019501,8.2993
0.019524,8.3065
0.019546,8.3133
0.019569,8.3197
0.019592,8.3256
0.019615,8.3310
0.019637,8.3359
0.019660,8.3404
0.019683,8.3444
0.019705,8.3480
0.019728,8.3510
0.019751,8.3536
0.019773,8.3556
0.019796,8.3571
0.019819,8.3582
0.019841,8.3587
0.019864,8.3586
0.019887,8.3581
0.019909,8.3570
0.019932,8.3554
0.019955,8.3532
0.019977,8.3505
0.020000,8.3472
0.020023,8.3433
0.020045,8.3389
0.020068,8.3339
0.020091,8.3283
0.020113,8.3222
0.020136,8.3154
0.020159,8.3080
0.020181,8.3001
0.020204,8.2915
0.020227,8.2823
0.020249,8.2725
0.020272,8.2620
0.020295,8.2509
0.020317,8.2392
0.020340,8.2268
0.020363,8.2137
0.020385,8.2000
0.020408,8.1856
0.020431,8.1706
0.020454,8.1548
0.020476,8.1384
0.020499,8.1213
0.020522,8.1035
0.020544,8.0850
0.020567,8.0657
0.020590,8.0458
0.020612,8.0251
0.020635,8.0037
0.020658,7.9815
0.020680,7.9586
0.020703,7.9350
0.020726,7.9106
0.020748,7.8854
0.020771,7.8595
0.020794,7.8328
0.020816,7.8053
0.020839,7.7770
0.020862,7.7479
0.020884,7.7180
0.020907,7.6873
0.020930,7.6557
0.020952,7.6234
0.020975,7.5902
0.020998,7.5562
0.021020,7.5213
0.021043,7.4856
0.021066,7.4490
0.021088,7.4116
0.021111,7.3733
0.021134,7.3341
0.021156,7.2940
0.021179,7.2531
0.021202,7.2112
0.021224,7.1684
0.021247,7.1247
0.021270,7.0801
0.021293,7.0346
0.021315,6.9882
0.021338,6.9408
0.021361,6.8924
0.021383,6.8431
0.021406,6.7929
0.021429,6.7417
0.021451,6.6895
0.021474,6.6363
0.021497,6.5821
0.021519,6.5269
0.021542,6.4708
0.021565,6.4136
0.021587,6.3554
0.021610,6.2962
0.021633,6.2360
0.021655,6.1747
0.021678,6.1124
0.021701,6.0490
0.021723,5.9846
0.021746,5.9191
0.021769,5.8525
0.021791,5.7849
0.021814,5.7162
0.021837,5.6464
0.021859,5.5754
0.021882,5.5034
0.021905,5.4303
0.021927,5.3560
0.021950,5.2807
0.021973,5.2041
0.021995,5.1265
0.022018,5.0477
0.022041,4.9677
0.022063,4.8866
0.022086,4.8043
0.022109,4.7208
0.022132,4.6362
0.022154,4.5504
0.022177,4.4633
0.022200,4.3751
0.022222,4.2856
0.022245,4.1950
0.022268,4.1031
0.022290,4.0100
0.022313,3.9156
0.022336,3.8200
0.022358,3.7231
0.022381,3.6250
0.022404,3.5257
0.022426,3.4250
0.022449,3.3231
0.022472,3.2199
0.022494,3.1153
0.022517,3.0095
0.022540,2.9024
0.022562,2.7940
0.022585,2.6842
0.022608,2.5731
0.022630,2.4607
0.022653,2.3470
0.022676,2.2319
0.022698,2.1154
0.022721,1.9976
0.022744,1.8784
0.022766,1.7579
0.022789,1.6359
0.022812,1.5126
0.022834,1.3879
0.022857,1.2617
0.022880,1.1342
0.022902,1.0053
0.022925,0.8749
0.022948,0.7431
0.022971,0.6099
0.022993,0.4752
0.023016,0.3391
0.023039,0.2015
0.023061,0.0625
0.023084,-0.0780
0.023107,-0.2200
0.023129,-0.3634
0.023152,-0.5084
0.023175,-0.6548
0.023197,-0.8027
0.023220,-0.9522
0.023243,-1.1031
0.023265,-1.2555
0.023288,-1.4095
0.023311,-1.5650
0.023333,-1.7221
0.023356,-1.8807
0.023379,-2.0408
0.023401,-2.2025
0.023424,-2.3658
0.023447,-2.5306
0.023469,-2.6970
0.023492,-2.8649
0.023515,-3.0345
0.023537,-3.2056
0.023560,-3.3784
0.023583,-3.5527
0.023605,-3.7287
0.023628,-3.9062
0.023651,-4.0854
0.023673,-4.2662
0.023696,-4.4487
0.023719,-4.6328
0.023741,-4.8185
0.023764,-5.0059
0.023787,-5.1949
0.023810,-5.3856
0.023832,-5.5779
0.023855,-5.7719
0.023878,-5.9676
0.023900,-6.1650
0.023923,-6.3641
0.023946,-6.5648
0.023968,-6.7673
0.023991,-6.9714
0.024014,-7.1773
0.024036,-7.3849
0.024059,-7.5942
0.024082,-7.8052
0.024104,-8.0179
0.024127,-8.2324
0.024150,-8.4486
0.024172,-8.6666
0.024195,-8.8863
0.024218,-9.1077
0.024240,-9.3310
0.024263,-9.5559
0.024286,-9.7827
0.024308,-10.0112
0.024331,-10.2415
0.024354,-10.4736
0.024376,-10.7074
0.024399,-10.9431
0.024422,-11.1805
0.024444,-11.4198
0.024467,-11.6608
0.024490,-11.9037
0.024512,-12.1484
0.024535,-12.3948
0.024558,-12.6431
0.024580,-12.8933
0.024603,-13.1452
0.024626,-13.3990
0.024649,-13.6546
0.024671,-13.9121
0.024694,-14.1714
0.024717,-14.4326
0.024739,-14.6956
0.024762,-14.9605
0.024785,-15.2272
0.024807,-15.4958
0.024830,-15.7662
0.024853,-16.0386
0.024875,-16.3128
0.024898,-16.5888
0.024921,-16.8668
0.024943,-17.1466
0.024966,-17.4283
0.024989,-17.7119
0.025011,-17.9974
0.025034,-18.2848
0.025057,-18.5741
0.025079,-18.8653
0.025102,-19.1584
0.025125,-19.4535
0.025147,-19.7504
0.025170,-20.0492
0.025193,-20.3500
0.025215,-20.6526
0.025238,-20.9572
0.025261,-21.2637
0.025283,-21.5721
0.025306,-21.8825
0.025329,-22.1948
0.025351,-22.5090
0.025374,-22.8251
0.025397,-23.1432
0.025420,-23.4633
0.025442,-23.7852
0.025465,-24.1091
0.025488,-24.4350
0.025510,-24.7628
0.025533,-25.0925
0.025556,-25.4242
0.025578,-25.7578
0.025601,-26.0934
0.025624,-26.4310
0.025646,-26.7705
0.025669,-27.1119
0.025692,-27.4553
0.025714,-27.8007
0.025737,-28.1480
0.025760,-28.4973
0.025782,-28.8485
0.025805,-29.2017
0.025828,-29.5569
0.025850,-29.9140
0.025873,-30.2731
0.025896,-30.6341
0.025918,-30.9971
0.025941,-31.3621
0.025964,-31.7290
0.025986,-32.0979
0.026009,-32.4688
0.026032,-32.8416
0.026054,-33.2164
0.026077,-33.5932
0.026100,-33.9719
0.026122,-34.3526
0.026145,-34.7353
0.026168,-35.1199
0.026190,-35.5065
0.026213,-35.8950
0.026236,-36.2855
0.026259,-36.6780
0.026281,-37.0724
0.026304,-37.4688
0.026327,-37.8672
0.026349,-38.2675
0.026372,-38.6697
0.026395,-39.0739
0.026417,-39.4801
0.026440,-39.8882
0.026463,-40.2983
0.026485,-40.7104
0.026508,-41.1243
0.026531,-41.5403
0.026553,-41.9581
0.026576,-42.3779
0.026599,-42.7997
0.026621,-43.2234
0.026644,-43.6490
0.026667,-44.0766
0.026689,-44.5061
0.026712,-44.9375
0.026735,-45.3709
0.026757,-45.8062
0.026780,-46.2434
0.026803,-46.6825
0.026825,-47.1236
0.026848,-47.5666
0.026871,-48.0114
0.026893,-48.4582
0.026916,-48.9069
0.026939,-49.3575
0.026961,-49.8100
0.026984,-50.2644
0.027007,-50.7207
0.027029,-51.1789
0.027052,-51.6390
0.027075,-52.1009
0.027098,-52.5648
0.027120,-53.0305
0.027143,-53.4981
0.027166,-53.9675
0.027188,-54.4388
0.027211,-54.9120
0.027234,-55.3870
0.027256,-55.8639
0.027279,-56.3426
0.027302,-56.8232
0.027324,-57.3056
0.027347,-57.7899
0.027370,-58.2759
0.027392,-58.7638
0.027415,-59.2535
0.027438,-59.7450
0.027460,-60.2384
0.027483,-60.7335
0.027506,-61.2304
0.027528,-61.7292
0.027551,-62.2297
0.027574,-62.7320
0.027596,-63.2360
0.027619,-63.7419
0.027642,-64.2495
0.027664,-64.7588
0.027687,-65.2700
0.027710,-65.7828
0.027732,-66.2974
0.027755,-66.8138
0.027778,-67.3318
0.027800,-67.8516
0.027823,-68.3731
0.027846,-68.8963
0.027868,-69.4212
0.027891,-69.9478
0.027914,-70.4761
0.027937,-71.0061
0.027959,-71.5377
0.027982,-72.0710
0.028005,-72.6060
0.028027,-73.1426
0.028050,-73.6809
0.028073,-74.2208
0.028095,-74.7623
0.028118,-75.3054
0.028141,-75.8502
0.028163,-76.3966
0.028186,-76.9445
0.028209,-77.4941
0.028231,-78.0452
0.028254,-78.5979
0.028277,-79.1522
0.028299,-79.7081
0.028322,-80.2654
0.028345,-80.8244
0.028367,-81.3848
0.028390,-81.9468
0.028413,-82.5103
0.028435,-83.0753
0.028458,-83.6417
0.028481,-84.2097
0.028503,-84.7792
0.028526,-85.3501
0.028549,-85.9225
0.028571,-86.4963
0.028594,-87.0715
0.028617,-87.6482
0.028639,-88.2263
0.028662,-88.8059
0.028685,-89.3868
0.028707,-89.9691
0.028730,-90.5528
0.028753,-91.1379
0.028776,-91.7243
0.028798,-92.3121
0.028821,-92.9012
0.028844,-93.4916
0.028866,-94.0834
0.028889,-94.6764
0.028912,-95.2708
0.028934,-95.8664
0.028957,-96.4633
0.028980,-97.0615
0.029002,-97.6610
0.029025,-98.2616
0.029048,-98.8635
0.029070,-99.4667
0.029093,-100.0710
0.029116,-100.6765
0.029138,-101.2832
0.029161,-101.8911
0.029184,-102.5001
0.029206,-103.1103
0.029229,-103.7216
0.029252,-104.3341
0.029274,-104.9477
0.029297,-105.5623
0.029320,-106.1781
0.029342,-106.7949
0.029365,-107.4128
0.029388,-108.0317
0.029410,-108.6517
0.029433,-109.2727
0.029456,-109.8947
0.029478,-110.5177
0.029501,-111.1417
0.029524,-111.7667
0.029546,-112.3926
0.029569,-113.0195
0.029592,-113.6473
0.029615,-114.2760
0.029637,-114.9056
0.029660,-115.5362
0.029683,-116.1676
0.029705,-116.7999
0.029728,-117.4330
0.029751,-118.0670
0.029773,-118.7018
0.029796,-119.3374
0.029819,-119.9738
0.029841,-120.6110
0.029864,-121.2489
0.029887,-121.8876
0.029909,-122.5271
0.029932,-123.1672
0.029955,-123.8081
0.029977,-124.4497
0.030000,-125.0920
0.030023,-125.7349
0.030045,-126.3785
0.030068,-127.0227
0.030091,-127.6675
0.030113,-128.3130
0.030136,-128.9590
0.030159,-129.6057
0.030181,-130.2529
0.030204,-130.9006
0.030227,-131.5489
0.030249,-132.1976
0.030272,-132.8469
0.030295,-133.4967
0.030317,-134.1469
0.030340,-134.7976
0.030363,-135.4488
0.030385,-136.1003
0.030408,-136.7523
0.030431,-137.4047
0.030454,-138.0574
0.030476,-138.7105
0.030499,-139.3639
0.030522,-140.0177
0.030544,-140.6718
0.030567,-141.3261
0.030590,-141.9808
0.030612,-142.6357
0.030635,-143.2908
0.030658,-143.9462
0.030680,-144.6018
0.030703,-145.2576
0.030726,-145.9136
0.030748,-146.5698
0.030771,-147.2260
0.030794,-147.8825
0.030816,-148.5390
0.030839,-149.1956
0.030862,-149.8523
0.030884,-150.5091
0.030907,-151.1659
0.030930,-151.8227
0.030952,-152.4796
0.030975,-153.1364
0.030998,-153.7932
0.031020,-154.4500
0.031043,-155.1067
0.031066,-155.7634
0.031088,-156.4199
0.031111,-157.0763
0.031134,-157.7326
0.031156,-158.3888
0.031179,-159.0448
0.031202,-159.7006
0.031224,-160.3562
0.031247,-161.0116
0.031270,-161.6668
0.031293,-162.3217
0.031315,-162.9763
0.031338,-163.6307
0.031361,-164.2847
0.031383,-164.9385
0.031406,-165.5918
0.031429,-166.2449
0.031451,-166.8975
0.031474,-167.5497
0.031497,-168.2016
0.031519,-168.8530
0.031542,-169.5039
0.031565,-170.1544
0.031587,-170.8044
0.031610,-171.4538
0.031633,-172.1028
0.031655,-172.7512
0.031678,-173.3991
0.031701,-174.0463
0.031723,-174.6930
0.031746,-175.3391
0.031769,-175.9845
0.031791,-176.6292
0.031814,-177.2733
0.031837,-177.9167
0.031859,-178.5594
0.031882,-179.2014
0.031905,-179.8426
0.031927,-180.4831
0.031950,-181.1227
0.031973,-181.7616
0.031995,-182.3996
0.032018,-183.0368
0.032041,-183.6732
0.032063,-184.3087
0.032086,-184.9432
0.032109,-185.5769
0.032132,-186.2096
0.032154,-186.8414
0.032177,-187.4722
0.032200,-188.1020
0.032222,-188.7308
0.032245,-189.3585
0.032268,-189.9852
0.032290,-190.6109
0.032313,-191.2355
0.032336,-191.8589
0.032358,-192.4813
0.032381,-193.1025
0.032404,-193.7225
0.032426,-194.3414
0.032449,-194.9590
0.032472,-195.5755
0.032494,-196.1907
0.032517,-196.8046
0.032540,-197.4173
0.032562,-198.0287
0.032585,-198.6388
0.032608,-199.2475
0.032630,-199.8549
0.032653,-200.4610
0.032676,-201.0656
0.032698,-201.6688
0.032721,-202.2706
0.032744,-202.8710
0.032766,-203.4699
0.032789,-204.0673
0.032812,-204.6632
0.032834,-205.2577
0.032857,-205.8505
0.032880,-206.4418
0.032902,-207.0316
0.032925,-207.6197
0.032948,-208.2062
0.032971,-208.7911
0.032993,-209.3744
0.033016,-209.9560
0.033039,-210.5359
0.033061,-211.1140
0.033084,-211.6905
0.033107,-212.2652
0.033129,-212.8382
0.033152,-213.4094
0.033175,-213.9788
0.033197,-214.5463
0.033220,-215.1121
0.033243,-215.6759
0.033265,-216.2379
0.033288,-216.7981
0.033311,-217.3563
0.033333,-217.9126
0.033356,-218.4669
0.033379,-219.0193
0.033401,-219.5697
0.033424,-220.1181
0.033447,-220.6644
0.033469,-221.2088
0.033492,-221.7511
0.033515,-222.2913
0.033537,-222.8294
0.033560,-223.3655
0.033583,-223.8994
0.033605,-224.4311
0.033628,-224.9607
0.033651,-225.4881
0.033673,-226.0134
0.033696,-226.5364
0.033719,-227.0572
0.033741,-227.5757
0.033764,-228.0920
0.033787,-228.6060
0.033810,-229.1177
0.033832,-229.6270
0.033855,-230.1341
0.033878,-230.6388
0.033900,-231.1411
0.033923,-231.6410
0.033946,-232.1385
0.033968,-232.6336
0.033991,-233.1263
0.034014,-233.6165
0.034036,-234.1043
0.034059,-234.5895
0.034082,-235.0723
0.034104,-235.5525
0.034127,-236.0302
0.034150,-236.5054
0.034172,-236.9780
0.034195,-237.4479
0.034218,-237.9153
0.034240,-238.3801
0.034263,-238.8423
0.034286,-239.3017
0.034308,-239.7586
0.034331,-240.2127
0.034354,-240.6641
0.034376,-241.1129
0.034399,-241.5589
0.034422,-242.0021
0.034444,-242.4426
0.034467,-242.8803
0.034490,-243.3153
0.034512,-243.7474
0.034535,-244.1767
0.034558,-244.6031
0.034580,-245.0267
0.034603,-245.4475
0.034626,-245.8653
0.034649,-246.2803
0.034671,-246.6924
0.034694,-247.1015
0.034717,-247.5077
0.034739,-247.9109
0.034762,-248.3112
0.034785,-248.7084
0.034807,-249.1027
0.034830,-249.4940
0.034853,-249.8822
0.034875,-250.2674
0.034898,-250.6496
0.034921,-251.0286
0.034943,-251.4046
0.034966,-251.7775
0.034989,-252.1473
0.035011,-252.5140
0.035034,-252.8775
0.035057,-253.2379
0.035079,-253.5952
0.035102,-253.9492
0.035125,-254.3001
0.035147,-254.6478
0.035170,-254.9922
0.035193,-255.3334
0.035215,-255.6714
0.035238,-256.0062
0.035261,-256.3377
0.035283,-256.6659
0.035306,-256.9908
0.035329,-257.3124
0.035351,-257.6307
0.035374,-257.9457
0.035397,-258.2574
0.035420,-258.5657
0.035442,-258.8706
0.035465,-259.1722
0.035488,-259.4704
0.035510,-259.7652
0.035533,-260.0566
0.035556,-260.3447
0.035578,-260.6292
0.035601,-260.9104
0.035624,-261.1881
0.035646,-261.4623
0.035669,-261.7331
0.035692,-262.0004
0.035714,-262.2642
0.035737,-262.5246
0.035760,-262.7814
0.035782,-263.0347
0.035805,-263.2845
0.035828,-263.5307
0.035850,-263.7735
0.035873,-264.0126
0.035896,-264.2482
0.035918,-264.4802
0.035941,-264.7087
0.035964,-264.9335
0.035986,-265.1548
0.036009,-265.3725
0.036032,-265.5865
0.036054,-265.7969
0.036077,-266.0037
0.036100,-266.2069
0.036122,-266.4064
0.036145,-266.6022
0.036168,-266.7944
0.036190,-266.9829
0.036213,-267.1678
0.036236,-267.3489
0.036259,-267.5264
0.036281,-267.7002
0.036304,-267.8702
0.036327,-268.0366
0.036349,-268.1992
0.036372,-268.3581
0.036395,-268.5133
0.036417,-268.6648
0.036440,-268.8125
0.036463,-268.9564
0.036485,-269.0966
0.036508,-269.2330
0.036531,-269.3657
0.036553,-269.4946
0.036576,-269.6197
0.036599,-269.7411
0.036621,-269.8586
0.036644,-269.9724
0.036667,-270.0823
0.036689,-270.1885
0.036712,-270.2908
0.036735,-270.3893
0.036757,-270.4841
0.036780,-270.5750
0.036803,-270.6620
0.036825,-270.7453
0.036848,-270.8247
0.036871,-270.9003
0.036893,-270.9720
0.036916,-271.0400
0.036939,-271.1040
0.036961,-271.1642
0.036984,-271.2206
0.037007,-271.2731
0.037029,-271.3217
0.037052,-271.3665
0.037075,-271.4075
0.037098,-271.4445
0.037120,-271.4777
0.037143,-271.5071
0.037166,-271.5325
0.037188,-271.5541
0.037211,-271.5719
0.037234,-271.5857
0.037256,-271.5957
0.037279,-271.6018
0.037302,-271.6040
0.037324,-271.6024
0.037347,-271.5968
0.037370,-271.5874
0.037392,-271.5741
0.037415,-271.5569
0.037438,-271.5359
0.037460,-271.5109
0.037483,-271.4821
0.037506,-271.4494
0.037528,-271.4129
0.037551,-271.3724
0.037574,-271.3281
0.037596,-271.2799
0.037619,-271.2278
0.037642,-271.1718
0.037664,-271.1120
0.037687,-271.0483
0.037710,-270.9807
0.037732,-270.9092
0.037755,-270.8339
0.037778,-270.7547
0.037800,-270.6717
0.037823,-270.5848
0.037846,-270.4940
0.037868,-270.3994
0.037891,-270.3009
0.037914,-270.1986
0.037937,-270.0924
0.037959,-269.9823
0.037982,-269.8685
0.038005,-269.7507
0.038027,-269.6292
0.038050,-269.5038
0.038073,-269.3746
0.038095,-269.2416
0.038118,-269.1047
0.038141,-268.9640
0.038163,-268.8195
0.038186,-268.6712
0.038209,-268.5191
0.038231,-268.3632
0.038254,-268.2035
0.038277,-268.0400
0.038299,-267.8727
0.038322,-267.7017
0.038345,-267.5268
0.038367,-267.3482
0.038390,-267.1659
0.038413,-266.9797
0.038435,-266.7899
0.038458,-266.5962
0.038481,-266.3989
0.038503,-266.1978
0.038526,-265.9929
0.038549,-265.7844
0.038571,-265.5721
0.038594,-265.3562
0.038617,-265.1365
0.038639,-264.9131
0.038662,-264.6860
0.038685,-264.4553
0.038707,-264.2209
0.038730,-263.9828
0.038753,-263.7411
0.038776,-263.4957
0.038798,-263.2466
0.038821,-262.9940
0.038844,-262.7377
0.038866,-262.4777
0.038889,-262.2142
0.038912,-261.9471
0.038934,-261.6764
0.038957,-261.4021
0.038980,-261.1242
0.039002,-260.8427
0.039025,-260.5577
0.039048,-260.2691
0.039070,-259.9770
0.039093,-259.6814
0.039116,-259.3822
0.039138,-259.0796
0.039161,-258.7734
0.039184,-258.4637
0.039206,-258.1506
0.039229,-257.8340
0.039252,-257.5139
0.039274,-257.1904
0.039297,-256.8634
0.039320,-256.5330
0.039342,-256.1992
0.039365,-255.8619
0.039388,-255.5213
0.039410,-255.1773
0.039433,-254.8299
0.039456,-254.4791
0.039478,-254.1250
0.039501,-253.7675
0.039524,-253.4067
0.039546,-253.0426
0.039569,-252.6752
0.039592,-252.3045
0.039615,-251.9305
0.039637,-251.5532
0.039660,-251.1726
0.039683,-250.7889
0.039705,-250.4018
0.039728,-250.0116
0.039751,-249.6181
0.039773,-249.2214
0.039796,-248.8216
0.039819,-248.4186
0.039841,-248.0124
0.039864,-247.6030
0.039887,-247.1906
0.039909,-246.7750
0.039932,-246.3563
0.039955,-245.9345
0.039977,-245.5096
0.040000,-245.0816
0.040023,-244.6506
0.040045,-244.2166
0.040068,-243.7795
0.040091,-243.3394
0.040113,-242.8963
0.040136,-242.4503
0.040159,-242.0012
0.040181,-241.5492
0.040204,-241.0943
0.040227,-240.6364
0.040249,-240.1756
0.040272,-239.7119
0.040295,-239.2453
0.040317,-238.7758
0.040340,-238.3035
0.040363,-237.8284
0.040385,-237.3504
0.040408,-236.8696
0.040431,-236.3860
0.040454,-235.8997
0.040476,-235.4105
0.040499,-234.9186
0.040522,-234.4240
0.040544,-233.9266
0.040567,-233.4266
0.040590,-232.9238
0.040612,-232.4184
0.040635,-231.9104
0.040658,-231.3996
0.040680,-230.8863
0.040703,-230.3703
0.040726,-229.8518
0.040748,-229.3306
0.040771,-228.8069
0.040794,-228.2807
0.040816,-227.7519
0.040839,-227.2206
0.040862,-226.6868
0.040884,-226.1505
0.040907,-225.6118
0.040930,-225.0706
0.040952,-224.5270
0.040975,-223.9809
0.040998,-223.4325
0.041020,-222.8816
0.041043,-222.3284
0.041066,-221.7729
0.041088,-221.2150
0.041111,-220.6548
0.041134,-220.0923
0.041156,-219.5275
0.041179,-218.9604
0.041202,-218.3911
0.041224,-217.8196
0.041247,-217.2459
0.041270,-216.6699
0.041293,-216.0918
0.041315,-215.5115
0.041338,-214.9290
0.041361,-214.3445
0.041383,-213.7578
0.041406,-213.1690
0.041429,-212.5781
0.041451,-211.9852
0.041474,-211.3903
0.041497,-210.7933
0.041519,-210.1943
0.041542,-209.5933
0.041565,-208.9903
0.041587,-208.3854
0.041610,-207.7786
0.041633,-207.1698
0.041655,-206.5591
0.041678,-205.9465
0.041701,-205.3321
0.041723,-204.7158
0.041746,-204.0977
0.041769,-203.4778
0.041791,-202.8561
0.041814,-202.2326
0.041837,-201.6073
0.041859,-200.9803
0.041882,-200.3516
0.041905,-199.7211
0.041927,-199.0890
0.041950,-198.4552
0.041973,-197.8198
0.041995,-197.1827
0.042018,-196.5440
0.042041,-195.9036
0.042063,-195.2618
0.042086,-194.6183
0.042109,-193.9733
0.042132,-193.3268
0.042154,-192.6787
0.042177,-192.0292
0.042200,-191.3782
0.042222,-190.7257
0.042245,-190.0718
0.042268,-189.4165
0.042290,-188.7598
0.042313,-188.1017
0.042336,-187.4422
0.042358,-186.7814
0.042381,-186.1192
0.042404,-185.4557
0.042426,-184.7910
0.042449,-184.1249
0.042472,-183.4576
0.042494,-182.7891
0.042517,-182.1193
0.042540,-181.4483
0.042562,-180.7761
0.042585,-180.1028
0.042608,-179.4283
0.042630,-178.7527
0.042653,-178.0760
0.042676,-177.3981
0.042698,-176.7192
0.042721,-176.0392
0.042744,-175.3582
0.042766,-174.6761
0.042789,-173.9931
0.042812,-173.3090
0.042834,-172.6240
0.042857,-171.9380
0.042880,-171.2510
0.042902,-170.5632
0.042925,-169.8744
0.042948,-169.1848
0.042971,-168.4943
0.042993,-167.8029
0.043016,-167.1107
0.043039,-166.4177
0.043061,-165.7239
0.043084,-165.0293
0.043107,-164.3339
0.043129,-163.6378
0.043152,-162.9409
0.043175,-162.2434
0.043197,-161.5451
0.043220,-160.8462
0.043243,-160.1466
0.043265,-159.4463
0.043288,-158.7455
0.043311,-158.0440
0.043333,-157.3419
0.043356,-156.6393
0.043379,-155.9361
0.043401,-155.2323
0.043424,-154.5280
0.043447,-153.8233
0.043469,-153.1180
0.043492,-152.4122
0.043515,-151.7060
0.043537,-150.9993
0.043560,-150.2923
0.043583,-149.5848
0.043605,-148.8769
0.043628,-148.1686
0.043651,-147.4600
0.043673,-146.7510
0.043696,-146.0417
0.043719,-145.3321
0.043741,-144.6222
0.043764,-143.9120
0.043787,-143.2016
0.043810,-142.4909
0.043832,-141.7800
0.043855,-141.0688
0.043878,-140.3575
0.043900,-139.6460
0.043923,-138.9343
0.043946,-138.2225
0.043968,-137.5105
0.043991,-136.7984
0.044014,-136.0862
0.044036,-135.3739
0.044059,-134.6615
0.044082,-133.9491
0.044104,-133.2366
0.044127,-132.5241
0.044150,-131.8116
0.044172,-131.0991
0.044195,-130.3866
0.044218,-129.6742
0.044240,-128.9618
0.044263,-128.2494
0.044286,-127.5371
0.044308,-126.8249
0.044331,-126.1129
0.044354,-125.4009
0.044376,-124.6891
0.044399,-123.9774
0.044422,-123.2659
0.044444,-122.5546
0.044467,-121.8434
0.044490,-121.1325
0.044512,-120.4218
0.044535,-119.7113
0.044558,-119.0011
0.044580,-118.2911
0.044603,-117.5814
0.044626,-116.8720
0.044649,-116.1630
0.044671,-115.4542
0.044694,-114.7457
0.044717,-114.0376
0.044739,-113.3299
0.044762,-112.6225
0.044785,-111.9155
0.044807,-111.2090
0.044830,-110.5028
0.044853,-109.7970
0.044875,-109.0917
0.044898,-108.3869
0.044921,-107.6825
0.044943,-106.9786
0.044966,-106.2751
0.044989,-105.5722
0.045011,-104.8698
0.045034,-104.1679
0.045057,-103.4665
0.045079,-102.7657
0.045102,-102.0655
0.045125,-101.3658
0.045147,-100.6668
0.045170,-99.9683
0.045193,-99.2704
0.045215,-98.5732
0.045238,-97.8766
0.045261,-97.1806
0.045283,-96.4853
0.045306,-95.7907
0.045329,-95.0967
0.045351,-94.4035
0.045374,-93.7109
0.045397,-93.0191
0.045420,-92.3280
0.045442,-91.6376
0.045465,-90.9480
0.045488,-90.2591
0.045510,-89.5710
0.045533,-88.8837
0.045556,-88.1972
0.045578,-87.5115
0.045601,-86.8266
0.045624,-86.1425
0.045646,-85.4593
0.045669,-84.7769
0.045692,-84.0953
0.045714,-83.4146
0.045737,-82.7348
0.045760,-82.0559
0.045782,-81.3778
0.045805,-80.7007
0.045828,-80.0245
0.045850,-79.3492
0.045873,-78.6748
0.045896,-78.0014
0.045918,-77.3289
0.045941,-76.6574
0.045964,-75.9869
0.045986,-75.3173
0.046009,-74.6487
0.046032,-73.9811
0.046054,-73.3146
0.046077,-72.6490
0.046100,-71.9845
0.046122,-71.3209
0.046145,-70.6585
0.046168,-69.9971
0.046190,-69.3367
0.046213,-68.6774
0.046236,-68.0192
0.046259,-67.3620
0.046281,-66.7060
0.046304,-66.0510
0.046327,-65.3971
0.046349,-64.7444
0.046372,-64.0928
0.046395,-63.4423
0.046417,-62.7929
0.046440,-62.1447
0.046463,-61.4976
0.046485,-60.8517
0.046508,-60.2070
0.046531,-59.5634
0.046553,-58.9210
0.046576,-58.2798
0.046599,-57.6398
0.046621,-57.0009
0.046644,-56.3633
0.046667,-55.7269
0.046689,-55.0917
0.046712,-54.4578
0.046735,-53.8250
0.046757,-53.1936
0.046780,-52.5633
0.046803,-51.9343
0.046825,-51.3066
0.046848,-50.6801
0.046871,-50.0549
0.046893,-49.4310
0.046916,-48.8083
0.046939,-48.1869
0.046961,-47.5669
0.046984,-46.9481
0.047007,-46.3306
0.047029,-45.7144
0.047052,-45.0996
0.047075,-44.4860
0.047098,-43.8738
0.047120,-43.2629
0.047143,-42.6533
0.047166,-42.0451
0.047188,-41.4382
0.047211,-40.8327
0.047234,-40.2285
0.047256,-39.6257
0.047279,-39.0242
0.047302,-38.4241
0.047324,-37.8254
0.047347,-37.2280
0.047370,-36.6320
0.047392,-36.0374
0.047415,-35.4442
0.047438,-34.8524
0.047460,-34.2619
0.047483,-33.6729
0.047506,-33.0852
0.047528,-32.4990
0.047551,-31.9142
0.047574,-31.3308
0.047596,-30.7488
0.047619,-30.1682
0.047642,-29.5890
0.047664,-29.0113
0.047687,-28.4350
0.047710,-27.8601
0.047732,-27.2866
0.047755,-26.7146
0.047778,-26.1440
0.047800,-25.5749
0.047823,-25.0072
0.047846,-24.4410
0.047868,-23.8762
0.047891,-23.3129
0.047914,-22.7510
0.047937,-22.1906
0.047959,-21.6316
0.047982,-21.0741
0.048005,-20.5180
0.048027,-19.9635
0.048050,-19.4104
0.048073,-18.8587
0.048095,-18.3086
0.048118,-17.7599
0.048141,-17.2126
0.048163,-16.6669
0.048186,-16.1226
0.048209,-15.5798
0.048231,-15.0385
0.048254,-14.4987
0.048277,-13.9604
0.048299,-13.4235
0.048322,-12.8882
0.048345,-12.3543
0.048367,-11.8219
0.048390,-11.2910
0.048413,-10.7616
0.048435,-10.2337
0.048458,-9.7072
0.048481,-9.1823
0.048503,-8.6589
0.048526,-8.1369
0.048549,-7.6165
0.048571,-7.0975
0.048594,-6.5800
0.048617,-6.0641
0.048639,-5.5496
0.048662,-5.0366
0.048685,-4.5252
0.048707,-4.0152
0.048730,-3.5067
0.048753,-2.9997
0.048776,-2.4942
0.048798,-1.9903
0.048821,-1.4878
0.048844,-0.9868
0.048866,-0.4873
0.048889,0.0107
0.048912,0.5072
0.048934,1.0022
0.048957,1.4957
0.048980,1.9877
0.049002,2.4782
0.049025,2.9673
0.049048,3.4548
0.049070,3.9408
0.049093,4.4254
0.049116,4.9084
0.049138,5.3900
0.049161,5.8701
0.049184,6.3486
0.049206,6.8257
0.049229,7.3013
0.049252,7.7755
0.049274,8.2481
0.049297,8.7192
0.049320,9.1889
0.049342,9.6571
0.049365,10.1238
0.049388,10.5890
0.049410,11.0528
0.049433,11.5151
0.049456,11.9759
0.049478,12.4352
0.049501,12.8931
0.049524,13.3495
0.049546,13.8044
0.049569,14.2578
0.049592,14.7098
0.049615,15.1604
0.049637,15.6094
0.049660,16.0570
0.049683,16.5032
0.049705,16.9479
0.049728,17.3911
0.049751,17.8329
0.049773,18.2732
0.049796,18.7121
0.049819,19.1496
0.049841,19.5856
0.049864,20.0202
0.049887,20.4533
0.049909,20.8850
0.049932,21.3152
0.049955,21.7440
0.049977,22.1714
0.050000,22.5974
0.050023,23.0219
0.050045,23.4451
0.050068,23.8668
0.050091,24.2870
0.050113,24.7059
0.050136,25.1234
0.050159,25.5394
0.050181,25.9541
0.050204,26.3673
0.050227,26.7791
0.050249,27.1896
0.050272,27.5986
0.050295,28.0063
0.050317,28.4125
0.050340,28.8174
0.050363,29.2209
0.050385,29.6230
0.050408,30.0237
0.050431,30.4230
0.050454,30.8210
0.050476,31.2176
0.050499,31.6129
0.050522,32.0067
0.050544,32.3993
0.050567,32.7904
0.050590,33.1802
0.050612,33.5687
0.050635,33.9558
0.050658,34.3415
0.050680,34.7260
0.050703,35.1090
0.050726,35.4908
0.050748,35.8712
0.050771,36.2503
0.050794,36.6281
0.050816,37.0045
0.050839,37.3796
0.050862,37.7534
0.050884,38.1259
0.050907,38.4971
0.050930,38.8670
0.050952,39.2356
0.050975,39.6029
0.050998,39.9688
0.051020,40.3335
0.051043,40.6970
0.051066,41.0591
0.051088,41.4199
0.051111,41.7795
0.051134,42.1378
0.051156,42.4948
0.051179,42.8506
0.051202,43.2051
0.051224,43.5584
0.051247,43.9103
0.051270,44.2611
0.051293,44.6106
0.051315,44.9588
0.051338,45.3058
0.051361,45.6516
0.051383,45.9961
0.051406,46.3395
0.051429,46.6815
0.051451,47.0224
0.051474,47.3621
0.051497,47.7005
0.051519,48.0377
0.051542,48.3737
0.051565,48.7086
0.051587,49.0422
0.051610,49.3746
0.051633,49.7058
0.051655,50.0359
0.051678,50.3647
0.051701,50.6924
0.051723,51.0189
0.051746,51.3443
0.051769,51.6685
0.051791,51.9915
0.051814,52.3133
0.051837,52.6340
0.051859,52.9535
0.051882,53.2719
0.051905,53.5892
0.051927,53.9053
0.051950,54.2203
0.051973,54.5341
0.051995,54.8468
0.052018,55.1584
0.052041,55.4689
0.052063,55.7782
0.052086,56.0865
0.052109,56.3936
0.052132,56.6996
0.052154,57.0045
0.052177,57.3084
0.052200,57.6111
0.052222,57.9128
0.052245,58.2133
0.052268,58.5128
0.052290,58.8112
0.052313,59.1085
0.052336,59.4048
0.052358,59.7000
0.052381,59.9941
0.052404,60.2872
0.052426,60.5792
0.052449,60.8702
0.052472,61.1601
0.052494,61.4490
0.052517,61.7369
0.052540,62.0237
0.052562,62.3095
0.052585,62.5942
0.052608,62.8780
0.052630,63.1607
0.052653,63.4424
0.052676,63.7231
0.052698,64.0028
0.052721,64.2815
0.052744,64.5591
0.052766,64.8358
0.052789,65.1115
0.052812,65.3863
0.052834,65.6600
0.052857,65.9327
0.052880,66.2045
0.052902,66.4753
0.052925,66.7452
0.052948,67.0140
0.052971,67.2820
0.052993,67.5489
0.053016,67.8149
0.053039,68.0800
0.053061,68.3441
0.053084,68.6073
0.053107,68.8695
0.053129,69.1308
0.053152,69.3912
0.053175,69.6506
0.053197,69.9091
0.053220,70.1667
0.053243,70.4234
0.053265,70.6792
0.053288,70.9341
0.053311,71.1881
0.053333,71.4411
0.053356,71.6933
0.053379,71.9446
0.053401,72.1950
0.053424,72.4445
0.053447,72.6931
0.053469,72.9409
0.053492,73.1878
0.053515,73.4338
0.053537,73.6789
0.053560,73.9232
0.053583,74.1666
0.053605,74.4091
0.053628,74.6509
0.053651,74.8917
0.053673,75.1317
0.053696,75.3709
0.053719,75.6092
0.053741,75.8467
0.053764,76.0834
0.053787,76.3192
0.053810,76.5543
0.053832,76.7884
0.053855,77.0218
0.053878,77.2544
0.053900,77.4861
0.053923,77.7171
0.053946,77.9472
0.053968,78.1766
0.053991,78.4051
0.054014,78.6329
0.054036,78.8598
0.054059,79.0860
0.054082,79.3114
0.054104,79.5360
0.054127,79.7598
0.054150,79.9829
0.054172,80.2052
0.054195,80.4267
0.054218,80.6475
0.054240,80.8675
0.054263,81.0867
0.054286,81.3052
0.054308,81.5229
0.054331,81.7399
0.054354,81.9561
0.054376,82.1716
0.054399,82.3864
0.054422,82.6004
0.054444,82.8137
0.054467,83.0263
0.054490,83.2381
0.054512,83.4492
0.054535,83.6596
0.054558,83.8693
0.054580,84.0783
0.054603,84.2865
0.054626,84.4941
0.054649,84.7009
0.054671,84.9070
0.054694,85.1125
0.054717,85.3172
0.054739,85.5212
0.054762,85.7246
0.054785,85.9273
0.054807,86.1293
0.054830,86.3306
0.054853,86.5312
0.054875,86.7311
0.054898,86.9304
0.054921,87.1290
0.054943,87.3269
0.054966,87.5242
0.054989,87.7208
0.055011,87.9167
0.055034,88.1120
0.055057,88.3067
0.055079,88.5006
0.055102,88.6940
0.055125,88.8867
0.055147,89.0787
0.055170,89.2701
0.055193,89.4609
0.055215,89.6510
0.055238,89.8405
0.055261,90.0293
0.055283,90.2176
0.055306,90.4052
0.055329,90.5922
0.055351,90.7785
0.055374,90.9643
0.055397,91.1494
0.055420,91.3339
0.055442,91.5178
0.055465,91.7011
0.055488,91.8838
0.055510,92.0659
0.055533,92.2474
0.055556,92.4282
0.055578,92.6085
0.055601,92.7882
0.055624,92.9673
0.055646,93.1458
0.055669,93.3237
0.055692,93.5011
0.055714,93.6778
0.055737,93.8540
0.055760,94.0296
0.055782,94.2046
0.055805,94.3790
0.055828,94.5529
0.055850,94.7262
0.055873,94.8989
0.055896,95.0710
0.055918,95.2426
0.055941,95.4137
0.055964,95.5841
0.055986,95.7540
0.056009,95.9234
0.056032,96.0922
0.056054,96.2604
0.056077,96.4281
0.056100,96.5953
0.056122,96.7619
0.056145,96.9279
0.056168,97.0935
0.056190,97.2584
0.056213,97.4229
0.056236,97.5868
0.056259,97.7501
0.056281,97.9130
0.056304,98.0753
0.056327,98.2370
0.056349,98.3983
0.056372,98.5590
0.056395,98.7192
0.056417,98.8789
0.056440,99.0380
0.056463,99.1966
0.056485,99.3548
0.056508,99.5123
0.056531,99.6694
0.056553,99.8260
0.056576,99.9821
0.056599,100.1376
0.056621,100.2926
0.056644,100.4472
0.056667,100.6012
0.056689,100.7547
0.056712,100.9078
0.056735,101.0603
0.056757,101.2123
0.056780,101.3639
0.056803,101.5149
0.056825,101.6654
0.056848,101.8155
0.056871,101.9650
0.056893,102.1141
0.056916,102.2627
0.056939,102.4108
0.056961,102.5584
0.056984,102.7055
0.057007,102.8522
0.057029,102.9983
0.057052,103.1440
0.057075,103.2892
0.057098,103.4339
0.057120,103.5782
0.057143,103.7220
0.057166,103.8653
0.057188,104.0081
0.057211,104.1505
0.057234,104.2923
0.057256,104.4338
0.057279,104.5747
0.057302,104.7152
0.057324,104.8552
0.057347,104.9948
0.057370,105.1339
0.057392,105.2725
0.057415,105.4107
0.057438,105.5484
0.057460,105.6856
0.057483,105.8224
0.057506,105.9588
0.057528,106.0947
0.057551,106.2301
0.057574,106.3651
0.057596,106.4996
0.057619,106.6337
0.057642,106.7673
0.057664,106.9005
0.057687,107.0332
0.057710,107.1655
0.057732,107.2974
0.057755,107.4287
0.057778,107.5597
0.057800,107.6902
0.057823,107.8203
0.057846,107.9499
0.057868,108.0791
0.057891,108.2078
0.057914,108.3361
0.057937,108.4640
0.057959,108.5914
0.057982,108.7184
0.058005,108.8449
0.058027,108.9711
0.058050,109.0968
0.058073,109.2220
0.058095,109.3468
0.058118,109.4712
0.058141,109.5952
0.058163,109.7187
0.058186,109.8418
0.058209,109.9645
0.058231,110.0867
0.058254,110.2085
0.058277,110.3299
0.058299,110.4509
0.058322,110.5714
0.058345,110.6915
0.058367,110.8112
0.058390,110.9305
0.058413,111.0493
0.058435,111.1677
0.058458,111.2857
0.058481,111.4033
0.058503,111.5205
0.058526,111.6372
0.058549,111.7535
0.058571,111.8694
0.058594,111.9849
0.058617,112.0999
0.058639,112.2146
0.058662,112.3288
0.058685,112.4426
0.058707,112.5560
0.058730,112.6690
0.058753,112.7816
0.058776,112.8937
0.058798,113.0055
0.058821,113.1168
0.058844,113.2277
0.058866,113.3382
0.058889,113.4483
0.058912,113.5580
0.058934,113.6672
0.058957,113.7761
0.058980,113.8845
0.059002,113.9925
0.059025,114.1002
0.059048,114.2074
0.059070,114.3142
0.059093,114.4206
0.059116,114.5266
0.059138,114.6322
0.059161,114.7373
0.059184,114.8421
0.059206,114.9465
0.059229,115.0504
0.059252,115.1540
0.059274,115.2571
0.059297,115.3598
0.059320,115.4622
0.059342,115.5641
0.059365,115.6656
0.059388,115.7667
0.059410,115.8674
0.059433,115.9678
0.059456,116.0677
0.059478,116.1672
0.059501,116.2663
0.059524,116.3649
0.059546,116.4632
0.059569,116.5611
0.059592,116.6586
0.059615,116.7557
0.059637,116.8524
0.059660,116.9487
0.059683,117.0445
0.059705,117.1400
0.059728,117.2351
0.059751,117.3298
0.059773,117.4240
0.059796,117.5179
0.059819,117.6114
0.059841,117.7044
0.059864,117.7971
0.059887,117.8894
0.059909,117.9813
0.059932,118.0727
0.059955,118.1638
0.059977,118.2545
0.060000,118.3447
0.060023,118.4346
0.060045,118.5241
0.060068,118.6131
0.060091,118.7018
0.060113,118.7901
0.060136,118.8780
0.060159,118.9654
0.060181,119.0525
0.060204,119.1392
0.060227,119.2255
0.060249,119.3113
0.060272,119.3968
0.060295,119.4819
0.060317,119.5666
0.060340,119.6508
0.060363,119.7347
0.060385,119.8182
0.060408,119.9013
0.060431,119.9840
0.060454,120.0663
0.060476,120.1482
0.060499,120.2296
0.060522,120.3107
0.060544,120.3914
0.060567,120.4717
0.060590,120.5516
0.060612,120.6311
0.060635,120.7102
0.060658,120.7889
0.060680,120.8672
0.060703,120.9451
0.060726,121.0226
0.060748,121.0997
0.060771,121.1764
0.060794,121.2527
0.060816,121.3286
0.060839,121.4041
0.060862,121.4792
0.060884,121.5539
0.060907,121.6282
0.060930,121.7021
0.060952,121.7756
0.060975,121.8488
0.060998,121.9215
0.061020,121.9938
0.061043,122.0657
0.061066,122.1372
0.061088,122.2083
0.061111,122.2790
0.061134,122.3493
0.061156,122.4192
0.061179,122.4887
0.061202,122.5579
0.061224,122.6266
0.061247,122.6949
0.061270,122.7628
0.061293,122.8303
0.061315,122.8974
0.061338,122.9641
0.061361,123.0304
0.061383,123.0963
0.061406,123.1618
0.061429,123.2269
0.061451,123.2916
0.061474,123.3559
0.061497,123.4198
0.061519,123.4833
0.061542,123.5464
0.061565,123.6091
0.061587,123.6714
0.061610,123.7333
0.061633,123.7948
0.061655,123.8559
0.061678,123.9165
0.061701,123.9768
0.061723,124.0367
0.061746,124.0962
0.061769,124.1552
0.061791,124.2139
0.061814,124.2722
0.061837,124.3300
0.061859,124.3875
0.061882,124.4445
0.061905,124.5012
0.061927,124.5574
0.061950,124.6133
0.061973,124.6687
0.061995,124.7237
0.062018,124.7784
0.062041,124.8326
0.062063,124.8864
0.062086,124.9398
0.062109,124.9929
0.062132,125.0455
0.062154,125.0977
0.062177,125.1495
0.062200,125.2008
0.062222,125.2518
0.062245,125.3024
0.062268,125.3526
0.062290,125.4023
0.062313,125.4517
0.062336,125.5007
0.062358,125.5492
0.062381,125.5974
0.062404,125.6451
0.062426,125.6924
0.062449,125.7393
0.062472,125.7859
0.062494,125.8320
0.062517,125.8777
0.062540,125.9230
0.062562,125.9678
0.062585,126.0123
0.062608,126.0564
0.062630,126.1001
0.062653,126.1433
0.062676,126.1862
0.062698,126.2286
0.062721,126.2706
0.062744,126.3122
0.062766,126.3535
0.062789,126.3943
0.062812,126.4347
0.062834,126.4746
0.062857,126.5142
0.062880,126.5534
0.062902,126.5921
0.062925,126.6305
0.062948,126.6684
0.062971,126.7060
0.062993,126.7431
0.063016,126.7798
0.063039,126.8161
0.063061,126.8520
0.063084,126.8875
0.063107,126.9225
0.063129,126.9572
0.063152,126.9914
0.063175,127.0253
0.063197,127.0587
0.063220,127.0917
0.063243,127.1243
0.063265,127.1565
0.063288,127.1883
0.063311,127.2197
0.063333,127.2506
0.063356,127.2812
0.063379,127.3113
0.063401,127.3410
0.063424,127.3703
0.063447,127.3992
0.063469,127.4277
0.063492,127.4558
0.063515,127.4835
0.063537,127.5107
0.063560,127.5376
0.063583,127.5640
0.063605,127.5900
0.063628,127.6156
0.063651,127.6408
0.063673,127.6656
0.063696,127.6900
0.063719,127.7139
0.063741,127.7375
0.063764,127.7606
0.063787,127.7833
0.063810,127.8056
0.063832,127.8275
0.063855,127.8490
0.063878,127.8700
0.063900,127.8907
0.063923,127.9109
0.063946,127.9307
0.063968,127.9501
0.063991,127.9691
0.064014,127.9877
0.064036,128.0059
0.064059,128.0237
0.064082,128.0410
0.064104,128.0579
0.064127,128.0744
0.064150,128.0905
0.064172,128.1062
0.064195,128.1215
0.064218,128.1364
0.064240,128.1508
0.064263,128.1648
0.064286,128.1785
0.064308,128.1917
0.064331,128.2045
0.064354,128.2168
0.064376,128.2288
0.064399,128.2404
0.064422,128.2515
0.064444,128.2622
0.064467,128.2725
0.064490,128.2824
0.064512,128.2919
0.064535,128.3010
0.064558,128.3097
0.064580,128.3179
0.064603,128.3257
0.064626,128.3331
0.064649,128.3401
0.064671,128.3467
0.064694,128.3529
0.064717,128.3587
0.064739,128.3640
0.064762,128.3690
0.064785,128.3735
0.064807,128.3776
0.064830,128.3813
0.064853,128.3846
0.064875,128.3874
0.064898,128.3899
0.064921,128.3919
0.064943,128.3936
0.064966,128.3948
0.064989,128.3956
0.065011,128.3960
0.065034,128.3960
0.065057,128.3955
0.065079,128.3947
0.065102,128.3934
0.065125,128.3918
0.065147,128.3897
0.065170,128.3872
0.065193,128.3843
0.065215,128.3810
0.065238,128.3772
0.065261,128.3731
0.065283,128.3686
0.065306,128.3636
0.065329,128.3582
0.065351,128.3524
0.065374,128.3462
0.065397,128.3396
0.065420,128.3326
0.065442,128.3252
0.065465,128.3173
0.065488,128.3091
0.065510,128.3004
0.065533,128.2914
0.065556,128.2819
0.065578,128.2720
0.065601,128.2617
0.065624,128.2510
0.065646,128.2399
0.065669,128.2284
0.065692,128.2164
0.065714,128.2041
0.065737,128.1913
0.065760,128.1782
0.065782,128.1646
0.065805,128.1506
0.065828,128.1362
0.065850,128.1214
0.065873,128.1062
0.065896,128.0906
0.065918,128.0746
0.065941,128.0582
0.065964,128.0414
0.065986,128.0241
0.066009,128.0065
0.066032,127.9884
0.066054,127.9700
0.066077,127.9511
0.066100,127.9319
0.066122,127.9122
0.066145,127.8921
0.066168,127.8716
0.066190,127.8507
0.066213,127.8295
0.066236,127.8078
0.066259,127.7857
0.066281,127.7632
0.066304,127.7403
0.066327,127.7170
0.066349,127.6932
0.066372,127.6691
0.066395,127.6446
0.066417,127.6197
0.066440,127.5944
0.066463,127.5687
0.066485,127.5426
0.066508,127.5160
0.066531,127.4891
0.066553,127.4618
0.066576,127.4341
0.066599,127.4059
0.066621,127.3774
0.066644,127.3485
0.066667,127.3192
0.066689,127.2895
0.066712,127.2593
0.066735,127.2288
0.066757,127.1979
0.066780,127.1666
0.066803,127.1349
0.066825,127.1028
0.066848,127.0703
0.066871,127.0374
0.066893,127.0041
0.066916,126.9704
0.066939,126.9364
0.066961,126.9019
0.066984,126.8670
0.067007,126.8318
0.067029,126.7961
0.067052,126.7600
0.067075,126.7236
0.067098,126.6868
0.067120,126.6495
0.067143,126.6119
0.067166,126.5739
0.067188,126.5355
0.067211,126.4967
0.067234,126.4575
0.067256,126.4180
0.067279,126.3780
0.067302,126.3377
0.067324,126.2969
0.067347,126.2558
0.067370,126.2143
0.067392,126.1724
0.067415,126.1301
0.067438,126.0874
0.067460,126.0444
0.067483,126.0009
0.067506,125.9571
0.067528,125.9129
0.067551,125.8683
0.067574,125.8233
0.067596,125.7779
0.067619,125.7322
0.067642,125.6860
0.067664,125.6395
0.067687,125.5926
0.067710,125.5454
0.067732,125.4977
0.067755,125.4497
0.067778,125.4012
0.067800,125.3524
0.067823,125.3033
0.067846,125.2537
0.067868,125.2038
0.067891,125.1535
0.067914,125.1028
0.067937,125.0517
0.067959,125.0003
0.067982,124.9485
0.068005,124.8963
0.068027,124.8437
0.068050,124.7908
0.068073,124.7374
0.068095,124.6838
0.068118,124.6297
0.068141,124.5753
0.068163,124.5205
0.068186,124.4653
0.068209,124.4098
0.068231,124.3538
0.068254,124.2976
0.068277,124.2409
0.068299,124.1839
0.068322,124.1265
0.068345,124.0687
0.068367,124.0106
0.068390,123.9521
0.068413,123.8933
0.068435,123.8341
0.068458,123.7745
0.068481,123.7145
0.068503,123.6542
0.068526,123.5936
0.068549,123.5325
0.068571,123.4711
0.068594,123.4094
0.068617,123.3473
0.068639,123.2848
0.068662,123.2219
0.068685,123.1588
0.068707,123.0952
0.068730,123.0313
0.068753,122.9670
0.068776,122.9024
0.068798,122.8374
0.068821,122.7721
0.068844,122.7064
0.068866,122.6404
0.068889,122.5740
0.068912,122.5072
0.068934,122.4401
0.068957,122.3727
0.068980,122.3049
0.069002,122.2367
0.069025,122.1682
0.069048,122.0994
0.069070,122.0302
0.069093,121.9606
0.069116,121.8907
0.069138,121.8205
0.069161,121.7499
0.069184,121.6790
0.069206,121.6077
0.069229,121.5361
0.069252,121.4641
0.069274,121.3918
0.069297,121.3192
0.069320,121.2462
0.069342,121.1728
0.069365,121.0992
0.069388,121.0252
0.069410,120.9508
0.069433,120.8762
0.069456,120.8011
0.069478,120.7258
0.069501,120.6501
0.069524,120.5741
0.069546,120.4977
0.069569,120.4210
0.069592,120.3440
0.069615,120.2666
0.069637,120.1890
0.069660,120.1109
0.069683,120.0326
0.069705,119.9539
0.069728,119.8749
0.069751,119.7956
0.069773,119.7159
0.069796,119.6359
0.069819,119.5556
0.069841,119.4750
0.069864,119.3940
0.069887,119.3127
0.069909,119.2311
0.069932,119.1492
0.069955,119.0669
0.069977,118.9844
0.070000,118.9015
0.070023,118.8183
0.070045,118.7347
0.070068,118.6509
0.070091,118.5667
0.070113,118.4823
0.070136,118.3975
0.070159,118.3124
0.070181,118.2270
0.070204,118.1412
0.070227,118.0552
0.070249,117.9688
0.070272,117.8822
0.070295,117.7952
0.070317,117.7079
0.070340,117.6203
0.070363,117.5324
0.070385,117.4442
0.070408,117.3557
0.070431,117.2669
0.070454,117.1777
0.070476,117.0883
0.070499,116.9986
0.070522,116.9086
0.070544,116.8182
0.070567,116.7276
0.070590,116.6367
0.070612,116.5454
0.070635,116.4539
0.070658,116.3621
0.070680,116.2700
0.070703,116.1776
0.070726,116.0849
0.070748,115.9919
0.070771,115.8986
0.070794,115.8050
0.070816,115.7111
0.070839,115.6169
0.070862,115.5225
0.070884,115.4277
0.070907,115.3327
0.070930,115.2374
0.070952,115.1418
0.070975,115.0459
0.070998,114.9497
0.071020,114.8532
0.071043,114.7565
0.071066,114.6595
0.071088,114.5622
0.071111,114.4646
0.071134,114.3667
0.071156,114.2686
0.071179,114.1701
0.071202,114.0715
0.071224,113.9725
0.071247,113.8732
0.071270,113.7737
0.071293,113.6739
0.071315,113.5738
0.071338,113.4735
0.071361,113.3729
0.071383,113.2720
0.071406,113.1709
0.071429,113.0694
0.071451,112.9678
0.071474,112.8658
0.071497,112.7636
0.071519,112.6611
0.071542,112.5584
0.071565,112.4554
0.071587,112.3521
0.071610,112.2486
0.071633,112.1448
0.071655,112.0407
0.071678,111.9364
0.071701,111.8319
0.071723,111.7271
0.071746,111.6220
0.071769,111.5166
0.071791,111.4111
0.071814,111.3052
0.071837,111.1991
0.071859,111.0928
0.071882,110.9862
0.071905,110.8794
0.071927,110.7723
0.071950,110.6650
0.071973,110.5574
0.071995,110.4496
0.072018,110.3415
0.072041,110.2332
0.072063,110.1246
0.072086,110.0158
0.072109,109.9068
0.072132,109.7975
0.072154,109.6880
0.072177,109.5782
0.072200,109.4683
0.072222,109.3580
0.072245,109.2476
0.072268,109.1369
0.072290,109.0259
0.072313,108.9148
0.072336,108.8034
0.072358,108.6918
0.072381,108.5799
0.072404,108.4678
0.072426,108.3555
0.072449,108.2430
0.072472,108.1302
0.072494,108.0172
0.072517,107.9040
0.072540,107.7906
0.072562,107.6769
0.072585,107.5631
0.072608,107.4490
0.072630,107.3346
0.072653,107.2201
0.072676,107.1054
0.072698,106.9904
0.072721,106.8752
0.072744,106.7598
0.072766,106.6442
0.072789,106.5284
0.072812,106.4124
0.072834,106.2961
0.072857,106.1797
0.072880,106.0630
0.072902,105.9461
0.072925,105.8291
0.072948,105.7118
0.072971,105.5943
0.072993,105.4766
0.073016,105.3587
0.073039,105.2406
0.073061,105.1223
0.073084,105.0038
0.073107,104.8851
0.073129,104.7662
0.073152,104.6472
0.073175,104.5279
0.073197,104.4084
0.073220,104.2887
0.073243,104.1689
0.073265,104.0488
0.073288,103.9286
0.073311,103.8081
0.073333,103.6875
0.073356,103.5667
0.073379,103.4457
0.073401,103.3245
0.073424,103.2031
0.073447,103.0816
0.073469,102.9598
0.073492,102.8379
0.073515,102.7158
0.073537,102.5935
0.073560,102.4711
0.073583,102.3484
0.073605,102.2256
0.073628,102.1026
0.073651,101.9794
0.073673,101.8561
0.073696,101.7326
0.073719,101.6089
0.073741,101.4850
0.073764,101.3610
0.073787,101.2368
0.073810,101.1125
0.073832,100.9879
0.073855,100.8632
0.073878,100.7384
0.073900,100.6133
0.073923,100.4881
0.073946,100.3628
0.073968,100.2373
0.073991,100.1116
0.074014,99.9858
0.074036,99.8598
0.074059,99.7336
0.074082,99.6073
0.074104,99.4809
0.074127,99.3542
0.074150,99.2275
0.074172,99.1005
0.074195,98.9735
0.074218,98.8463
0.074240,98.7189
0.074263,98.5914
0.074286,98.4637
0.074308,98.3359
0.074331,98.2079
0.074354,98.0798
0.074376,97.9516
0.074399,97.8232
0.074422,97.6947
0.074444,97.5660
0.074467,97.4372
0.074490,97.3082
0.074512,97.1791
0.074535,97.0499
0.074558,96.9206
0.074580,96.7911
0.074603,96.6615
0.074626,96.5317
0.074649,96.4018
0.074671,96.2718
0.074694,96.1417
0.074717,96.0114
0.074739,95.8810
0.074762,95.7505
0.074785,95.6198
0.074807,95.4890
0.074830,95.3581
0.074853,95.2271
0.074875,95.0960
0.074898,94.9647
0.074921,94.8333
0.074943,94.7018
0.074966,94.5702
0.074989,94.4384
0.075011,94.3066
0.075034,94.1746
0.075057,94.0426
0.075079,93.9104
0.075102,93.7781
0.075125,93.6457
0.075147,93.5131
0.075170,93.3805
0.075193,93.2478
0.075215,93.1149
0.075238,92.9820
0.075261,92.8489
0.075283,92.7158
0.075306,92.5825
0.075329,92.4491
0.075351,92.3157
0.075374,92.1821
0.075397,92.0485
0.075420,91.9147
0.075442,91.7809
0.075465,91.6469
0.075488,91.5129
0.075510,91.3787
0.075533,91.2445
0.075556,91.1102
0.075578,90.9758
0.075601,90.8413
0.075624,90.7067
0.075646,90.5720
0.075669,90.4373
0.075692,90.3024
0.075714,90.1675
0.075737,90.0325
0.075760,89.8974
0.075782,89.7622
0.075805,89.6269
0.075828,89.4916
0.075850,89.3562
0.075873,89.2207
0.075896,89.0851
0.075918,88.9494
0.075941,88.8137
0.075964,88.6779
0.075986,88.5420
0.076009,88.4061
0.076032,88.2701
0.076054,88.1340
0.076077,87.9979
0.076100,87.8616
0.076122,87.7253
0.076145,87.5890
0.076168,87.4526
0.076190,87.3161
0.076213,87.1795
0.076236,87.0429
0.076259,86.9063
0.076281,86.7695
0.076304,86.6327
0.076327,86.4959
0.076349,86.3590
0.076372,86.2220
0.076395,86.0850
0.076417,85.9479
0.076440,85.8108
0.076463,85.6736
0.076485,85.5364
0.076508,85.3991
0.076531,85.2618
0.076553,85.1244
0.076576,84.9870
0.076599,84.8495
0.076621,84.7120
0.076644,84.5744
0.076667,84.4368
0.076689,84.2992
0.076712,84.1615
0.076735,84.0237
0.076757,83.8860
0.076780,83.7481
0.076803,83.6103
0.076825,83.4724
0.076848,83.3345
0.076871,83.1965
0.076893,83.0585
0.076916,82.9205
0.076939,82.7824
0.076961,82.6443
0.076984,82.5062
0.077007,82.3680
0.077029,82.2298
0.077052,82.0916
0.077075,81.9534
0.077098,81.8151
0.077120,81.6768
0.077143,81.5385
0.077166,81.4002
0.077188,81.2618
0.077211,81.1234
0.077234,80.9850
0.077256,80.8466
0.077279,80.7081
0.077302,80.5696
0.077324,80.4312
0.077347,80.2927
0.077370,80.1542
0.077392,80.0156
0.077415,79.8771
0.077438,79.7385
0.077460,79.6000
0.077483,79.4614
0.077506,79.3228
0.077528,79.1842
0.077551,79.0456
0.077574,78.9070
0.077596,78.7683
0.077619,78.6297
0.077642,78.4911
0.077664,78.3525
0.077687,78.2138
0.077710,78.0752
0.077732,77.9365
0.077755,77.7979
0.077778,77.6593
0.077800,77.5206
0.077823,77.3820
0.077846,77.2434
0.077868,77.1047
0.077891,76.9661
0.077914,76.8275
0.077937,76.6889
0.077959,76.5503
0.077982,76.4117
0.078005,76.2731
0.078027,76.1345
0.078050,75.9959
0.078073,75.8574
0.078095,75.7189
0.078118,75.5803
0.078141,75.4418
0.078163,75.3033
0.078186,75.1648
0.078209,75.0264
0.078231,74.8879
0.078254,74.7495
0.078277,74.6111
0.078299,74.4727
0.078322,74.3343
0.078345,74.1960
0.078367,74.0577
0.078390,73.9194
0.078413,73.7811
0.078435,73.6429
0.078458,73.5046
0.078481,73.3664
0.078503,73.2283
0.078526,73.0901
0.078549,72.9520
0.078571,72.8139
0.078594,72.6759
0.078617,72.5379
0.078639,72.3999
0.078662,72.2619
0.078685,72.1240
0.078707,71.9862
0.078730,71.8483
0.078753,71.7105
0.078776,71.5727
0.078798,71.4350
0.078821,71.2973
0.078844,71.1597
0.078866,71.0220
0.078889,70.8845
0.078912,70.7469
0.078934,70.6095
0.078957,70.4720
0.078980,70.3346
0.079002,70.1973
0.079025,70.0600
0.079048,69.9227
0.079070,69.7855
0.079093,69.6483
0.079116,69.5112
0.079138,69.3742
0.079161,69.2372
0.079184,69.1002
0.079206,68.9633
0.079229,68.8264
0.079252,68.6896
0.079274,68.5529
0.079297,68.4162
0.079320,68.2796
0.079342,68.1430
0.079365,68.0065
0.079388,67.8700
0.079410,67.7336
0.079433,67.5973
0.079456,67.4610
0.079478,67.3248
0.079501,67.1886
0.079524,67.0525
0.079546,66.9165
0.079569,66.7805
0.079592,66.6446
0.079615,66.5088
0.079637,66.3730
0.079660,66.2373
0.079683,66.1017
0.079705,65.9662
0.079728,65.8307
0.079751,65.6952
0.079773,65.5599
0.079796,65.4246
0.079819,65.2894
0.079841,65.1543
0.079864,65.0192
0.079887,64.8842
0.079909,64.7493
0.079932,64.6145
0.079955,64.4797
0.079977,64.3450
0.080000,64.2104
0.080023,64.0759
0.080045,63.9414
0.080068,63.8071
0.080091,63.6728
0.080113,63.5386
0.080136,63.4045
0.080159,63.2704
0.080181,63.1365
0.080204,63.0026
0.080227,62.8688
0.080249,62.7351
0.080272,62.6015
0.080295,62.4679
0.080317,62.3345
0.080340,62.2011
0.080363,62.0679
0.080385,61.9347
0.080408,61.8016
0.080431,61.6686
0.080454,61.5357
0.080476,61.4029
0.080499,61.2702
0.080522,61.1375
0.080544,61.0050
0.080567,60.8726
0.080590,60.7402
0.080612,60.6080
0.080635,60.4758
0.080658,60.3438
0.080680,60.2118
0.080703,60.0800
0.080726,59.9482
0.080748,59.8165
0.080771,59.6850
0.080794,59.5535
0.080816,59.4221
0.080839,59.2909
0.080862,59.1597
0.080884,59.0287
0.080907,58.8977
0.080930,58.7669
0.080952,58.6362
0.080975,58.5055
0.080998,58.3750
0.081020,58.2446
0.081043,58.1143
0.081066,57.9841
0.081088,57.8540
0.081111,57.7240
0.081134,57.5941
0.081156,57.4643
0.081179,57.3347
0.081202,57.2051
0.081224,57.0757
0.081247,56.9464
0.081270,56.8172
0.081293,56.6881
0.081315,56.5591
0.081338,56.4302
0.081361,56.3015
0.081383,56.1728
0.081406,56.0443
0.081429,55.9159
0.081451,55.7876
0.081474,55.6594
0.081497,55.5314
0.081519,55.4035
0.081542,55.2757
0.081565,55.1480
0.081587,55.0204
0.081610,54.8930
0.081633,54.7656
0.081655,54.6384
0.081678,54.5113
0.081701,54.3844
0.081723,54.2576
0.081746,54.1308
0.081769,54.0043
0.081791,53.8778
0.081814,53.7515
0.081837,53.6253
0.081859,53.4992
0.081882,53.3732
0.081905,53.2474
0.081927,53.1217
0.081950,52.9961
0.081973,52.8707
0.081995,52.7454
0.082018,52.6202
0.082041,52.4952
0.082063,52.3702
0.082086,52.2455
0.082109,52.1208
0.082132,51.9963
0.082154,51.8719
0.082177,51.7476
0.082200,51.6235
0.082222,51.4995
0.082245,51.3757
0.082268,51.2520
0.082290,51.1284
0.082313,51.0050
0.082336,50.8816
0.082358,50.7585
0.082381,50.6355
0.082404,50.5126
0.082426,50.3898
0.082449,50.2672
0.082472,50.1447
0.082494,50.0224
0.082517,49.9002
0.082540,49.7781
0.082562,49.6562
0.082585,49.5345
0.082608,49.4128
0.082630,49.2913
0.082653,49.1700
0.082676,49.0488
0.082698,48.9277
0.082721,48.8068
0.082744,48.6861
0.082766,48.5654
0.082789,48.4450
0.082812,48.3246
0.082834,48.2044
0.082857,48.0844
0.082880,47.9645
0.082902,47.8448
0.082925,47.7252
0.082948,47.6057
0.082971,47.4864
0.082993,47.3673
0.083016,47.2483
0.083039,47.1294
0.083061,47.0107
0.083084,46.8922
0.083107,46.7738
0.083129,46.6555
0.083152,46.5374
0.083175,46.4195
0.083197,46.3017
0.083220,46.1840
0.083243,46.0665
0.083265,45.9492
0.083288,45.8320
0.083311,45.7150
0.083333,45.5981
0.083356,45.4814
0.083379,45.3648
0.083401,45.2484
0.083424,45.1322
0.083447,45.0161
0.083469,44.9001
0.083492,44.7844
0.083515,44.6687
0.083537,44.5533
0.083560,44.4379
0.083583,44.3228
0.083605,44.2078
0.083628,44.0930
0.083651,43.9783
0.083673,43.8638
0.083696,43.7494
0.083719,43.6352
0.083741,43.5212
0.083764,43.4073
0.083787,43.2936
0.083810,43.1800
0.083832,43.0666
0.083855,42.9534
0.083878,42.8403
0.083900,42.7274
0.083923,42.6147
0.083946,42.5021
0.083968,42.3897
0.083991,42.2774
0.084014,42.1653
0.084036,42.0534
0.084059,41.9416
0.084082,41.8300
0.084104,41.7186
0.084127,41.6073
0.084150,41.4962
0.084172,41.3853
0.084195,41.2745
0.084218,41.1639
0.084240,41.0534
0.084263,40.9432
0.084286,40.8331
0.084308,40.7231
0.084331,40.6134
0.084354,40.5037
0.084376,40.3943
0.084399,40.2850
0.084422,40.1759
0.084444,40.0670
0.084467,39.9582
0.084490,39.8496
0.084512,39.7412
0.084535,39.6330
0.084558,39.5249
0.084580,39.4170
0.084603,39.3092
0.084626,39.2016
0.084649,39.0942
0.084671,38.9870
0.084694,38.8799
0.084717,38.7730
0.084739,38.6663
0.084762,38.5598
0.084785,38.4534
0.084807,38.3472
0.084830,38.2411
0.084853,38.1353
0.084875,38.0296
0.084898,37.9241
0.084921,37.8187
0.084943,37.7136
0.084966,37.6086
0.084989,37.5037
0.085011,37.3991
0.085034,37.2946
0.085057,37.1903
0.085079,37.0862
0.085102,36.9822
0.085125,36.8784
0.085147,36.7748
0.085170,36.6714
0.085193,36.5682
0.085215,36.4651
0.085238,36.3622
0.085261,36.2595
0.085283,36.1569
0.085306,36.0545
0.085329,35.9523
0.085351,35.8503
0.085374,35.7484
0.085397,35.6468
0.085420,35.5453
0.085442,35.4440
0.085465,35.3428
0.085488,35.2419
0.085510,35.1411
0.085533,35.0405
0.085556,34.9400
0.085578,34.8398
0.085601,34.7397
0.085624,34.6398
0.085646,34.5401
0.085669,34.4405
0.085692,34.3412
0.085714,34.2420
0.085737,34.1430
0.085760,34.0441
0.085782,33.9455
0.085805,33.8470
0.085828,33.7487
0.085850,33.6506
0.085873,33.5526
0.085896,33.4549
0.085918,33.3573
0.085941,33.2599
0.085964,33.1627
0.085986,33.0656
0.086009,32.9688
0.086032,32.8721
0.086054,32.7756
0.086077,32.6793
0.086100,32.5831
0.086122,32.4872
0.086145,32.3914
0.086168,32.2958
0.086190,32.2004
0.086213,32.1051
0.086236,32.0100
0.086259,31.9152
0.086281,31.8205
0.086304,31.7259
0.086327,31.6316
0.086349,31.5374
0.086372,31.4435
0.086395,31.3497
0.086417,31.2560
0.086440,31.1626
0.086463,31.0693
0.086485,30.9763
0.086508,30.8834
0.086531,30.7907
0.086553,30.6981
0.086576,30.6058
0.086599,30.5136
0.086621,30.4216
0.086644,30.3298
0.086667,30.2382
0.086689,30.1467
0.086712,30.0555
0.086735,29.9644
0.086757,29.8735
0.086780,29.7828
0.086803,29.6922
0.086825,29.6019
0.086848,29.5117
0.086871,29.4217
0.086893,29.3319
0.086916,29.2423
0.086939,29.1528
0.086961,29.0635
0.086984,28.9745
0.087007,28.8856
0.087029,28.7968
0.087052,28.7083
0.087075,28.6199
0.087098,28.5318
0.087120,28.4438
0.087143,28.3559
0.087166,28.2683
0.087188,28.1809
0.087211,28.0936
0.087234,28.0065
0.087256,27.9196
0.087279,27.8329
0.087302,27.7463
0.087324,27.6600
0.087347,27.5738
0.087370,27.4878
0.087392,27.4020
0.087415,27.3163
0.087438,27.2309
0.087460,27.1456
0.087483,27.0605
0.087506,26.9756
0.087528,26.8908
0.087551,26.8063
0.087574,26.7219
0.087596,26.6377
0.087619,26.5537
0.087642,26.4699
0.087664,26.3863
0.087687,26.3028
0.087710,26.2195
0.087732,26.1364
0.087755,26.0535
0.087778,25.9708
0.087800,25.8882
0.087823,25.8058
0.087846,25.7236
0.087868,25.6416
0.087891,25.5598
0.087914,25.4781
0.087937,25.3966
0.087959,25.3153
0.087982,25.2342
0.088005,25.1533
0.088027,25.0725
0.088050,24.9920
0.088073,24.9116
0.088095,24.8313
0.088118,24.7513
0.088141,24.6715
0.088163,24.5918
0.088186,24.5123
0.088209,24.4330
0.088231,24.3538
0.088254,24.2749
0.088277,24.1961
0.088299,24.1175
0.088322,24.0391
0.088345,23.9608
0.088367,23.8828
0.088390,23.8049
0.088413,23.7272
0.088435,23.6497
0.088458,23.5723
0.088481,23.4951
0.088503,23.4182
0.088526,23.3413
0.088549,23.2647
0.088571,23.1883
0.088594,23.1120
0.088617,23.0359
0.088639,22.9600
0.088662,22.8842
0.088685,22.8087
0.088707,22.7333
0.088730,22.6581
0.088753,22.5830
0.088776,22.5082
0.088798,22.4335
0.088821,22.3590
0.088844,22.2847
0.088866,22.2105
0.088889,22.1365
0.088912,22.0627
0.088934,21.9891
0.088957,21.9157
0.088980,21.8424
0.089002,21.7693
0.089025,21.6964
0.089048,21.6237
0.089070,21.5511
0.089093,21.4787
0.089116,21.4065
0.089138,21.3345
0.089161,21.2626
0.089184,21.1909
0.089206,21.1194
0.089229,21.0480
0.089252,20.9769
0.089274,20.9059
0.089297,20.8351
0.089320,20.7644
0.089342,20.6940
0.089365,20.6237
0.089388,20.5536
0.089410,20.4836
0.089433,20.4138
0.089456,20.3442
0.089478,20.2748
0.089501,20.2056
0.089524,20.1365
0.089546,20.0676
0.089569,19.9988
0.089592,19.9303
0.089615,19.8619
0.089637,19.7936
0.089660,19.7256
0.089683,19.6577
0.089705,19.5900
0.089728,19.5225
0.089751,19.4551
0.089773,19.3879
0.089796,19.3209
0.089819,19.2541
0.089841,19.1874
0.089864,19.1209
0.089887,19.0545
0.089909,18.9884
0.089932,18.9224
0.089955,18.8565
0.089977,18.7909
0.090000,18.7254
0.090023,18.6601
0.090045,18.5949
0.090068,18.5299
0.090091,18.4651
0.090113,18.4005
0.090136,18.3360
0.090159,18.2717
0.090181,18.2075
0.090204,18.1436
0.090227,18.0797
0.090249,18.0161
0.090272,17.9526
0.090295,17.8893
0.090317,17.8262
0.090340,17.7632
0.090363,17.7004
0.090385,17.6378
0.090408,17.5753
0.090431,17.5130
0.090454,17.4508
0.090476,17.3889
0.090499,17.3271
0.090522,17.2654
0.090544,17.2039
0.090567,17.1426
0.090590,17.0814
0.090612,17.0205
0.090635,16.9596
0.090658,16.8990
0.090680,16.8385
0.090703,16.7781
0.090726,16.7180
0.090748,16.6580
0.090771,16.5981
0.090794,16.5384
0.090816,16.4789
0.090839,16.4196
0.090862,16.3604
0.090884,16.3013
0.090907,16.2425
0.090930,16.1837
0.090952,16.1252
0.090975,16.0668
0.090998,16.0086
0.091020,15.9505
0.091043,15.8926
0.091066,15.8348
0.091088,15.7773
0.091111,15.7198
0.091134,15.6626
0.091156,15.6054
0.091179,15.5485
0.091202,15.4917
0.091224,15.4351
0.091247,15.3786
0.091270,15.3223
0.091293,15.2661
0.091315,15.2101
0.091338,15.1543
0.091361,15.0986
0.091383,15.0431
0.091406,14.9877
0.091429,14.9325
0.091451,14.8774
0.091474,14.8225
0.091497,14.7678
0.091519,14.7132
0.091542,14.6587
0.091565,14.6044
0.091587,14.5503
0.091610,14.4963
0.091633,14.4425
0.091655,14.3889
0.091678,14.3353
0.091701,14.2820
0.091723,14.2288
0.091746,14.1757
0.091769,14.1228
0.091791,14.0701
0.091814,14.0175
0.091837,13.9651
0.091859,13.9128
0.091882,13.8606
0.091905,13.8087
0.091927,13.7568
0.091950,13.7051
0.091973,13.6536
0.091995,13.6022
0.092018,13.5510
0.092041,13.4999
0.092063,13.4490
0.092086,13.3982
0.092109,13.3476
0.092132,13.2971
0.092154,13.2468
0.092177,13.1966
0.092200,13.1466
0.092222,13.0967
0.092245,13.0469
0.092268,12.9973
0.092290,12.9479
0.092313,12.8986
0.092336,12.8494
0.092358,12.8004
0.092381,12.7516
0.092404,12.7029
0.092426,12.6543
0.092449,12.6059
0.092472,12.5576
0.092494,12.5095
0.092517,12.4615
0.092540,12.4137
0.092562,12.3660
0.092585,12.3184
0.092608,12.2710
0.092630,12.2238
0.092653,12.1766
0.092676,12.1297
0.092698,12.0828
0.092721,12.0362
0.092744,11.9896
0.092766,11.9432
0.092789,11.8969
0.092812,11.8508
0.092834,11.8048
0.092857,11.7590
0.092880,11.7133
0.092902,11.6677
0.092925,11.6223
0.092948,11.5770
0.092971,11.5319
0.092993,11.4869
0.093016,11.4421
0.093039,11.3973
0.093061,11.3528
0.093084,11.3083
0.093107,11.2640
0.093129,11.2198
0.093152,11.1758
0.093175,11.1319
0.093197,11.0882
0.093220,11.0446
0.093243,11.0011
0.093265,10.9577
0.093288,10.9145
0.093311,10.8715
0.093333,10.8285
0.093356,10.7857
0.093379,10.7431
0.093401,10.7005
0.093424,10.6581
0.093447,10.6159
0.093469,10.5737
0.093492,10.5318
0.093515,10.4899
0.093537,10.4482
0.093560,10.4066
0.093583,10.3651
0.093605,10.3238
0.093628,10.2826
0.093651,10.2415
0.093673,10.2006
0.093696,10.1598
0.093719,10.1191
0.093741,10.0786
0.093764,10.0382
0.093787,9.9979
0.093810,9.9578
0.093832,9.9177
0.093855,9.8778
0.093878,9.8381
0.093900,9.7985
0.093923,9.7590
0.093946,9.7196
0.093968,9.6803
0.093991,9.6412
0.094014,9.6022
0.094036,9.5634
0.094059,9.5246
0.094082,9.4860
0.094104,9.4475
0.094127,9.4092
0.094150,9.3710
0.094172,9.3329
0.094195,9.2949
0.094218,9.2570
0.094240,9.2193
0.094263,9.1817
0.094286,9.1442
0.094308,9.1069
0.094331,9.0696
0.094354,9.0325
0.094376,8.9955
0.094399,8.9587
0.094422,8.9219
0.094444,8.8853
0.094467,8.8488
0.094490,8.8125
0.094512,8.7762
0.094535,8.7401
0.094558,8.7041
0.094580,8.6682
0.094603,8.6324
0.094626,8.5968
0.094649,8.5612
0.094671,8.5258
0.094694,8.4906
0.094717,8.4554
0.094739,8.4203
0.094762,8.3854
0.094785,8.3506
0.094807,8.3159
0.094830,8.2813
0.094853,8.2469
0.094875,8.2125
0.094898,8.1783
0.094921,8.1442
0.094943,8.1102
0.094966,8.0763
0.094989,8.0426
0.095011,8.0089
0.095034,7.9754
0.095057,7.9420
0.095079,7.9087
0.095102,7.8755
0.095125,7.8425
0.095147,7.8095
0.095170,7.7767
0.095193,7.7439
0.095215,7.7113
0.095238,7.6788
0.095261,7.6465
0.095283,7.6142
0.095306,7.5820
0.095329,7.5500
0.095351,7.5180
0.095374,7.4862
0.095397,7.4545
0.095420,7.4229
0.095442,7.3914
0.095465,7.3600
0.095488,7.3287
0.095510,7.2976
0.095533,7.2665
0.095556,7.2356
0.095578,7.2047
0.095601,7.1740
0.095624,7.1434
0.095646,7.1129
0.095669,7.0825
0.095692,7.0522
0.095714,7.0220
0.095737,6.9919
0.095760,6.9619
0.095782,6.9321
0.095805,6.9023
0.095828,6.8726
0.095850,6.8431
0.095873,6.8136
0.095896,6.7843
0.095918,6.7551
0.095941,6.7259
0.095964,6.6969
0.095986,6.6680
0.096009,6.6392
0.096032,6.6105
0.096054,6.5818
0.096077,6.5533
0.096100,6.5249
0.096122,6.4966
0.096145,6.4684
0.096168,6.4403
0.096190,6.4123
0.096213,6.3844
0.096236,6.3566
0.096259,6.3290
0.096281,6.3014
0.096304,6.2739
0.096327,6.2465
0.096349,6.2192
0.096372,6.1920
0.096395,6.1649
0.096417,6.1379
0.096440,6.1110
0.096463,6.0842
0.096485,6.0575
0.096508,6.0309
0.096531,6.0044
0.096553,5.9780
0.096576,5.9517
0.096599,5.9255
0.096621,5.8994
0.096644,5.8734
0.096667,5.8474
0.096689,5.8216
0.096712,5.7959
0.096735,5.7703
0.096757,5.7447
0.096780,5.7193
0.096803,5.6939
0.096825,5.6687
0.096848,5.6435
0.096871,5.6184
0.096893,5.5935
0.096916,5.5686
0.096939,5.5438
0.096961,5.5191
0.096984,5.4945
0.097007,5.4700
0.097029,5.4456
0.097052,5.4212
0.097075,5.3970
0.097098,5.3729
0.097120,5.3488
0.097143,5.3249
0.097166,5.3010
0.097188,5.2772
0.097211,5.2535
0.097234,5.2299
0.097256,5.2064
0.097279,5.1830
0.097302,5.1597
0.097324,5.1364
0.097347,5.1133
0.097370,5.0902
0.097392,5.0672
0.097415,5.0443
0.097438,5.0215
0.097460,4.9988
0.097483,4.9762
0.097506,4.9536
0.097528,4.9312
0.097551,4.9088
0.097574,4.8865
0.097596,4.8643
0.097619,4.8422
0.097642,4.8202
0.097664,4.7982
0.097687,4.7764
0.097710,4.7546
0.097732,4.7329
0.097755,4.7113
0.097778,4.6898
0.097800,4.6683
0.097823,4.6470
0.097846,4.6257
0.097868,4.6045
0.097891,4.5834
0.097914,4.5624
0.097937,4.5415
0.097959,4.5206
0.097982,4.4998
0.098005,4.4791
0.098027,4.4585
0.098050,4.4380
0.098073,4.4175
0.098095,4.3971
0.098118,4.3769
0.098141,4.3566
0.098163,4.3365
0.098186,4.3164
0.098209,4.2965
0.098231,4.2766
0.098254,4.2568
0.098277,4.2370
0.098299,4.2173
0.098322,4.1978
0.098345,4.1783
0.098367,4.1588
0.098390,4.1395
0.098413,4.1202
0.098435,4.1010
0.098458,4.0819
0.098481,4.0628
0.098503,4.0439
0.098526,4.0250
0.098549,4.0062
0.098571,3.9874
0.098594,3.9687
0.098617,3.9502
0.098639,3.9316
0.098662,3.9132
0.098685,3.8948
0.098707,3.8765
0.098730,3.8583
0.098753,3.8402
0.098776,3.8221
0.098798,3.8041
0.098821,3.7861
0.098844,3.7683
0.098866,3.7505
0.098889,3.7328
0.098912,3.7152
0.098934,3.6976
0.098957,3.6801
0.098980,3.6627
0.099002,3.6453
0.099025,3.6280
0.099048,3.6108
0.099070,3.5937
0.099093,3.5766
0.099116,3.5596
0.099138,3.5426
0.099161,3.5258
0.099184,3.5090
0.099206,3.4923
0.099229,3.4756
0.099252,3.4590
0.099274,3.4425
0.099297,3.4260
0.099320,3.4097
0.099342,3.3933
0.099365,3.3771
0.099388,3.3609
0.099410,3.3448
0.099433,3.3287
0.099456,3.3127
0.099478,3.2968
0.099501,3.2810
0.099524,3.2652
0.099546,3.2495
0.099569,3.2338
0.099592,3.2182
0.099615,3.2027
0.099637,3.1872
0.099660,3.1719
0.099683,3.1565
0.099705,3.1413
0.099728,3.1261
0.099751,3.1109
0.099773,3.0958
0.099796,3.0808
0.099819,3.0659
0.099841,3.0510
0.099864,3.0362
0.099887,3.0214
0.099909,3.0067
0.099932,2.9921
0.099955,2.9775
0.099977,2.9630
0.100000,2.9485
0.100023,2.9341
0.100045,2.9198
0.100068,2.9055
0.100091,2.8913
0.100113,2.8772
0.100136,2.8631
0.100159,2.8491
0.100181,2.8351
0.100204,2.8212
0.100227,2.8073
0.100249,2.7936
0.100272,2.7798
0.100295,2.7662
0.100317,2.7525
0.100340,2.7390
0.100363,2.7255
0.100385,2.7120
0.100408,2.6987
0.100431,2.6853
0.100454,2.6721
0.100476,2.6589
0.100499,2.6457
0.100522,2.6326
0.100544,2.6196
0.100567,2.6066
0.100590,2.5937
0.100612,2.5808
0.100635,2.5680
0.100658,2.5552
0.100680,2.5425
0.100703,2.5299
0.100726,2.5173
0.100748,2.5047
0.100771,2.4922
0.100794,2.4798
0.100816,2.4674
0.100839,2.4551
0.100862,2.4428
0.100884,2.4306
0.100907,2.4185
0.100930,2.4064
0.100952,2.3943
0.100975,2.3823
0.100998,2.3703
0.101020,2.3584
0.101043,2.3466
0.101066,2.3348
0.101088,2.3231
0.101111,2.3114
0.101134,2.2997
0.101156,2.2881
0.101179,2.2766
0.101202,2.2651
0.101224,2.2537
0.101247,2.2423
0.101270,2.2310
0.101293,2.2197
0.101315,2.2085
0.101338,2.1973
0.101361,2.1861
0.101383,2.1751
0.101406,2.1640
0.101429,2.1530
0.101451,2.1421
0.101474,2.1312
0.101497,2.1204
0.101519,2.1096
0.101542,2.0988
0.101565,2.0881
0.101587,2.0775
0.101610,2.0669
0.101633,2.0563
0.101655,2.0458
0.101678,2.0354
0.101701,2.0250
0.101723,2.0146
0.101746,2.0043
0.101769,1.9940
0.101791,1.9838
0.101814,1.9736
0.101837,1.9635
0.101859,1.9534
0.101882,1.9434
0.101905,1.9334
0.101927,1.9234
0.101950,1.9135
0.101973,1.9037
0.101995,1.8938
0.102018,1.8841
0.102041,1.8744
0.102063,1.8647
0.102086,1.8550
0.102109,1.8454
0.102132,1.8359
0.102154,1.8264
0.102177,1.8169
0.102200,1.8075
0.102222,1.7981
0.102245,1.7888
0.102268,1.7795
0.102290,1.7703
0.102313,1.7611
0.102336,1.7519
0.102358,1.7428
0.102381,1.7337
0.102404,1.7247
0.102426,1.7157
0.102449,1.7067
0.102472,1.6978
0.102494,1.6889
0.102517,1.6801
0.102540,1.6713
0.102562,1.6626
0.102585,1.6538
0.102608,1.6452
0.102630,1.6366
0.102653,1.6280
0.102676,1.6194
0.102698,1.6109
0.102721,1.6024
0.102744,1.5940
0.102766,1.5856
0.102789,1.5773
0.102812,1.5690
0.102834,1.5607
0.102857,1.5525
0.102880,1.5443
0.102902,1.5361
0.102925,1.5280
0.102948,1.5199
0.102971,1.5119
0.102993,1.5039
0.103016,1.4959
0.103039,1.4880
0.103061,1.4801
0.103084,1.4722
0.103107,1.4644
0.103129,1.4566
0.103152,1.4489
0.103175,1.4412
0.103197,1.4335
0.103220,1.4259
0.103243,1.4183
0.103265,1.4107
0.103288,1.4032
0.103311,1.3957
0.103333,1.3882
0.103356,1.3808
0.103379,1.3734
0.103401,1.3661
0.103424,1.3587
0.103447,1.3515
0.103469,1.3442
0.103492,1.3370
0.103515,1.3298
0.103537,1.3227
0.103560,1.3156
0.103583,1.3085
0.103605,1.3015
0.103628,1.2945
0.103651,1.2875
0.103673,1.2806
0.103696,1.2736
0.103719,1.2668
0.103741,1.2599
0.103764,1.2531
0.103787,1.2464
0.103810,1.2396
0.103832,1.2329
0.103855,1.2262
0.103878,1.2196
0.103900,1.2130
0.103923,1.2064
0.103946,1.1998
0.103968,1.1933
0.103991,1.1868
0.104014,1.1804
0.104036,1.1740
0.104059,1.1676
0.104082,1.1612
0.104104,1.1549
0.104127,1.1486
0.104150,1.1423
0.104172,1.1361
0.104195,1.1299
0.104218,1.1237
0.104240,1.1176
0.104263,1.1115
0.104286,1.1054
0.104308,1.0993
0.104331,1.0933
0.104354,1.0873
0.104376,1.0813
0.104399,1.0754
0.104422,1.0695
0.104444,1.0636
0.104467,1.0577
0.104490,1.0519
0.104512,1.0461
0.104535,1.0404
0.104558,1.0346
0.104580,1.0289
0.104603,1.0232
0.104626,1.0176
0.104649,1.0120
0.104671,1.0064
0.104694,1.0008
0.104717,0.9953
0.104739,0.9898
0.104762,0.9843
0.104785,0.9788
0.104807,0.9734
0.104830,0.9680
0.104853,0.9626
0.104875,0.9573
0.104898,0.9519
0.104921,0.9466
0.104943,0.9414
0.104966,0.9361
0.104989,0.9309
0.105011,0.9257
0.105034,0.9205
0.105057,0.9154
0.105079,0.9103
0.105102,0.9052
0.105125,0.9001
0.105147,0.8951
0.105170,0.8901
0.105193,0.8851
0.105215,0.8801
0.105238,0.8752
0.105261,0.8703
0.105283,0.8654
0.105306,0.8605
0.105329,0.8557
0.105351,0.8509
0.105374,0.8461
0.105397,0.8413
0.105420,0.8366
0.105442,0.8319
0.105465,0.8272
0.105488,0.8225
0.105510,0.8179
0.105533,0.8133
0.105556,0.8087
0.105578,0.8041
0.105601,0.7995
0.105624,0.7950
0.105646,0.7905
0.105669,0.7860
0.105692,0.7816
0.105714,0.7771
0.105737,0.7727
0.105760,0.7683
0.105782,0.7640
0.105805,0.7596
0.105828,0.7553
0.105850,0.7510
0.105873,0.7467
0.105896,0.7425
0.105918,0.7382
0.105941,0.7340
0.105964,0.7298
0.105986,0.7257
0.106009,0.7215
0.106032,0.7174
0.106054,0.7133
0.106077,0.7092
0.106100,0.7051
0.106122,0.7011
0.106145,0.6971
0.106168,0.6931
0.106190,0.6891
0.106213,0.6851
0.106236,0.6812
0.106259,0.6773
0.106281,0.6734
0.106304,0.6695
0.106327,0.6656
0.106349,0.6618
0.106372,0.6580
0.106395,0.6542
0.106417,0.6504
0.106440,0.6467
0.106463,0.6429
0.106485,0.6392
0.106508,0.6355
0.106531,0.6318
0.106553,0.6282
0.106576,0.6245
0.106599,0.6209
0.106621,0.6173
0.106644,0.6137
0.106667,0.6101
0.106689,0.6066
0.106712,0.6031
0.106735,0.5996
0.106757,0.5961
0.106780,0.5926
0.106803,0.5891
0.106825,0.5857
0.106848,0.5823
0.106871,0.5789
0.106893,0.5755
0.106916,0.5721
0.106939,0.5688
0.106961,0.5655
0.106984,0.5622
0.107007,0.5589
0.107029,0.5556
0.107052,0.5523
0.107075,0.5491
0.107098,0.5459
0.107120,0.5427
0.107143,0.5395
0.107166,0.5363
0.107188,0.5332
0.107211,0.5300
0.107234,0.5269
0.107256,0.5238
0.107279,0.5207
0.107302,0.5176
0.107324,0.5146
0.107347,0.5115
0.107370,0.5085
0.107392,0.5055
0.107415,0.5025
0.107438,0.4996
0.107460,0.4966
0.107483,0.4937
0.107506,0.4907
0.107528,0.4878
0.107551,0.4849
0.107574,0.4820
0.107596,0.4792
0.107619,0.4763
0.107642,0.4735
0.107664,0.4707
0.107687,0.4679
0.107710,0.4651
0.107732,0.4623
0.107755,0.4596
0.107778,0.4568
0.107800,0.4541
0.107823,0.4514
0.107846,0.4487
0.107868,0.4460
0.107891,0.4433
0.107914,0.4407
0.107937,0.4380
0.107959,0.4354
0.107982,0.4328
0.108005,0.4302
0.108027,0.4276
0.108050,0.4251
0.108073,0.4225
0.108095,0.4200
0.108118,0.4175
0.108141,0.4149
0.108163,0.4124
0.108186,0.4100
0.108209,0.4075
0.108231,0.4050
0.108254,0.4026
0.108277,0.4002
0.108299,0.3977
0.108322,0.3953
0.108345,0.3929
0.108367,0.3906
0.108390,0.3882
0.108413,0.3859
0.108435,0.3835
0.108458,0.3812
0.108481,0.3789
0.108503,0.3766
0.108526,0.3743
0.108549,0.3720
0.108571,0.3698
0.108594,0.3675
0.108617,0.3653
0.108639,0.3631
0.108662,0.3608
0.108685,0.3586
0.108707,0.3565
0.108730,0.3543
0.108753,0.3521
0.108776,0.3500
0.108798,0.3478
0.108821,0.3457
0.108844,0.3436
0.108866,0.3415
0.108889,0.3394
0.108912,0.3373
0.108934,0.3353
0.108957,0.3332
0.108980,0.3312
0.109002,0.3291
0.109025,0.3271
0.109048,0.3251
0.109070,0.3231
0.109093,0.3211
0.109116,0.3191
0.109138,0.3172
0.109161,0.3152
0.109184,0.3133
0.109206,0.3113
0.109229,0.3094
0.109252,0.3075
0.109274,0.3056
0.109297,0.3037
0.109320,0.3018
0.109342,0.3000
0.109365,0.2981
0.109388,0.2963
0.109410,0.2944
0.109433,0.2926
0.109456,0.2908
0.109478,0.2890
0.109501,0.2872
0.109524,0.2854
0.109546,0.2836
0.109569,0.2819
0.109592,0.2801
0.109615,0.2784
0.109637,0.2766
0.109660,0.2749
0.109683,0.2732
0.109705,0.2715
0.109728,0.2698
0.109751,0.2681
0.109773,0.2664
0.109796,0.2648
0.109819,0.2631
0.109841,0.2615
0.109864,0.2598
0.109887,0.2582
0.109909,0.2566
0.109932,0.2550
0.109955,0.2534
0.109977,0.2518
0.110000,0.2502
0.110023,0.2486
0.110045,0.2471
0.110068,0.2455
0.110091,0.2440
0.110113,0.2424
0.110136,0.2409
0.110159,0.2394
0.110181,0.2379
0.110204,0.2364
0.110227,0.2349
0.110249,0.2334
0.110272,0.2319
0.110295,0.2305
0.110317,0.2290
0.110340,0.2275
0.110363,0.2261
0.110385,0.2247
0.110408,0.2232
0.110431,0.2218
0.110454,0.2204
0.110476,0.2190
0.110499,0.2176
0.110522,0.2162
0.110544,0.2149
0.110567,0.2135
0.110590,0.2121
0.110612,0.2108
0.110635,0.2095
0.110658,0.2081
0.110680,0.2068
0.110703,0.2055
0.110726,0.2042
0.110748,0.2029
0.110771,0.2016
0.110794,0.2003
0.110816,0.1990
0.110839,0.1977
0.110862,0.1964
0.110884,0.1952
0.110907,0.1939
0.110930,0.1927
0.110952,0.1915
0.110975,0.1902
0.110998,0.1890
0.111020,0.1878
0.111043,0.1866
0.111066,0.1854
0.111088,0.1842
0.111111,0.1830
0.111134,0.1818
0.111156,0.1806
0.111179,0.1795
0.111202,0.1783
0.111224,0.1772
0.111247,0.1760
0.111270,0.1749
0.111293,0.1738
0.111315,0.1726
0.111338,0.1715
0.111361,0.1704
0.111383,0.1693
0.111406,0.1682
0.111429,0.1671
0.111451,0.1660
0.111474,0.1649
0.111497,0.1639
0.111519,0.1628
0.111542,0.1617
0.111565,0.1607
0.111587,0.1597
0.111610,0.1586
0.111633,0.1576
0.111655,0.1565
0.111678,0.1555
0.111701,0.1545
0.111723,0.1535
0.111746,0.1525
0.111769,0.1515
0.111791,0.1505
0.111814,0.1495
0.111837,0.1485
0.111859,0.1476
0.111882,0.1466
0.111905,0.1456
0.111927,0.1447
0.111950,0.1437
0.111973,0.1428
0.111995,0.1419
0.112018,0.1409
0.112041,0.1400
0.112063,0.1391
0.112086,0.1382
0.112109,0.1373
0.112132,0.1363
0.112154,0.1354
0.112177,0.1346
0.112200,0.1337
0.112222,0.1328
0.112245,0.1319
0.112268,0.1310
0.112290,0.1302
0.112313,0.1293
0.112336,0.1284
0.112358,0.1276
0.112381,0.1268
0.112404,0.1259
0.112426,0.1251
0.112449,0.1242
0.112472,0.1234
0.112494,0.1226
0.112517,0.1218
0.112540,0.1210
0.112562,0.1202
0.112585,0.1194
0.112608,0.1186
0.112630,0.1178
0.112653,0.1170
0.112676,0.1162
0.112698,0.1154
0.112721,0.1147
0.112744,0.1139
0.112766,0.1131
0.112789,0.1124
0.112812,0.1116
0.112834,0.1109
0.112857,0.1101
0.112880,0.1094
0.112902,0.1087
0.112925,0.1079
0.112948,0.1072
0.112971,0.1065
0.112993,0.1058
0.113016,0.1051
0.113039,0.1044
0.113061,0.1037
0.113084,0.1030
0.113107,0.1023
0.113129,0.1016
0.113152,0.1009
0.113175,0.1002
0.113197,0.0995
0.113220,0.0989
0.113243,0.0982
0.113265,0.0975
0.113288,0.0969
0.113311,0.0962
0.113333,0.0956
0.113356,0.0949
0.113379,0.0943
0.113401,0.0936
0.113424,0.0930
0.113447,0.0924
0.113469,0.0917
0.113492,0.0911
0.113515,0.0905
0.113537,0.0899
0.113560,0.0893
0.113583,0.0887
0.113605,0.0881
0.113628,0.0875
0.113651,0.0869
0.113673,0.0863
0.113696,0.0857
0.113719,0.0851
0.113741,0.0845
0.113764,0.0839
0.113787,0.0834
0.113810,0.0828
0.113832,0.0822
0.113855,0.0817
0.113878,0.0811
0.113900,0.0805
0.113923,0.0800
0.113946,0.0794
0.113968,0.0789
0.113991,0.0784
0.114014,0.0778
0.114036,0.0773
0.114059,0.0767
0.114082,0.0762
0.114104,0.0757
0.114127,0.0752
0.114150,0.0747
0.114172,0.0741
0.114195,0.0736
0.114218,0.0731
0.114240,0.0726
0.114263,0.0721
0.114286,0.0716
0.114308,0.0711
0.114331,0.0706
0.114354,0.0701
0.114376,0.0696
0.114399,0.0692
0.114422,0.0687
0.114444,0.0682
0.114467,0.0677
0.114490,0.0673
0.114512,0.0668
0.114535,0.0663
0.114558,0.0659
0.114580,0.0654
0.114603,0.0650
0.114626,0.0645
0.114649,0.0640
0.114671,0.0636
0.114694,0.0632
0.114717,0.0627
0.114739,0.0623
0.114762,0.0618
0.114785,0.0614
0.114807,0.0610
0.114830,0.0605
0.114853,0.0601
0.114875,0.0597
0.114898,0.0593
0.114921,0.0589
0.114943,0.0585
0.114966,0.0580
0.114989,0.0576
0.115011,0.0572
0.115034,0.0568
0.115057,0.0564
0.115079,0.0560
0.115102,0.0556
0.115125,0.0552
0.115147,0.0549
0.115170,0.0545
0.115193,0.0541
0.115215,0.0537
0.115238,0.0533
0.115261,0.0529
0.115283,0.0526
0.115306,0.0522
0.115329,0.0518
0.115351,0.0515
0.115374,0.0511
0.115397,0.0507
0.115420,0.0504
0.115442,0.0500
0.115465,0.0497
0.115488,0.0493
0.115510,0.0489
0.115533,0.0486
0.115556,0.0483
0.115578,0.0479
0.115601,0.0476
0.115624,0.0472
0.115646,0.0469
0.115669,0.0466
0.115692,0.0462
0.115714,0.0459
0.115737,0.0456
0.115760,0.0452
0.115782,0.0449
0.115805,0.0446
0.115828,0.0443
0.115850,0.0440
0.115873,0.0436
0.115896,0.0433
0.115918,0.0430
0.115941,0.0427
0.115964,0.0424
0.115986,0.0421
0.116009,0.0418
0.116032,0.0415
0.116054,0.0412
0.116077,0.0409
0.116100,0.0406
0.116122,0.0403
0.116145,0.0400
0.116168,0.0397
0.116190,0.0394
0.116213,0.0391
0.116236,0.0389
0.116259,0.0386
0.116281,0.0383
0.116304,0.0380
0.116327,0.0377
0.116349,0.0375
0.116372,0.0372
0.116395,0.0369
0.116417,0.0367
0.116440,0.0364
0.116463,0.0361
0.116485,0.0359
0.116508,0.0356
0.116531,0.0353
0.116553,0.0351
0.116576,0.0348
0.116599,0.0346
0.116621,0.0343
0.116644,0.0341
0.116667,0.0338
0.116689,0.0336
0.116712,0.0333
0.116735,0.0331
0.116757,0.0328
0.116780,0.0326
0.116803,0.0324
0.116825,0.0321
0.116848,0.0319
0.116871,0.0317
0.116893,0.0314
0.116916,0.0312
0.116939,0.0310
0.116961,0.0307
0.116984,0.0305
0.117007,0.0303
0.117029,0.0301
0.117052,0.0298
0.117075,0.0296
0.117098,0.0294
0.117120,0.0292
0.117143,0.0290
0.117166,0.0287
0.117188,0.0285
0.117211,0.0283
0.117234,0.0281
0.117256,0.0279
0.117279,0.0277
0.117302,0.0275
0.117324,0.0273
0.117347,0.0271
0.117370,0.0269
0.117392,0.0267
0.117415,0.0265
0.117438,0.0263
0.117460,0.0261
0.117483,0.0259
0.117506,0.0257
0.117528,0.0255
0.117551,0.0253
0.117574,0.0251
0.117596,0.0249
0.117619,0.0247
0.117642,0.0246
0.117664,0.0244
0.117687,0.0242
0.117710,0.0240
0.117732,0.0238
0.117755,0.0236
0.117778,0.0235
0.117800,0.0233
0.117823,0.0231
0.117846,0.0229
0.117868,0.0228
0.117891,0.0226
0.117914,0.0224
0.117937,0.0223
0.117959,0.0221
0.117982,0.0219
0.118005,0.0218
0.118027,0.0216
0.118050,0.0214
0.118073,0.0213
0.118095,0.0211
0.118118,0.0209
0.118141,0.0208
0.118163,0.0206
0.118186,0.0205
0.118209,0.0203
0.118231,0.0202
0.118254,0.0200
0.118277,0.0198
0.118299,0.0197
0.118322,0.0195
0.118345,0.0194
0.118367,0.0192
0.118390,0.0191
0.118413,0.0189
0.118435,0.0188
0.118458,0.0187
0.118481,0.0185
0.118503,0.0184
0.118526,0.0182
0.118549,0.0181
0.118571,0.0180
0.118594,0.0178
0.118617,0.0177
0.118639,0.0175
0.118662,0.0174
0.118685,0.0173
0.118707,0.0171
0.118730,0.0170
0.118753,0.0169
0.118776,0.0167
0.118798,0.0166
0.118821,0.0165
0.118844,0.0164
0.118866,0.0162
0.118889,0.0161
0.118912,0.0160
0.118934,0.0158
0.118957,0.0157
0.118980,0.0156
0.119002,0.0155
0.119025,0.0154
0.119048,0.0152
0.119070,0.0151
0.119093,0.0150
0.119116,0.0149
0.119138,0.0148
0.119161,0.0146
0.119184,0.0145
0.119206,0.0144
0.119229,0.0143
0.119252,0.0142
0.119274,0.0141
0.119297,0.0140
0.119320,0.0139
0.119342,0.0138
0.119365,0.0136
0.119388,0.0135
0.119410,0.0134
0.119433,0.0133
0.119456,0.0132
0.119478,0.0131
0.119501,0.0130
0.119524,0.0129
0.119546,0.0128
0.119569,0.0127
0.119592,0.0126
0.119615,0.0125
0.119637,0.0124
0.119660,0.0123
0.119683,0.0122
0.119705,0.0121
0.119728,0.0120
0.119751,0.0119
0.119773,0.0118
0.119796,0.0117
0.119819,0.0116
0.119841,0.0115
0.119864,0.0114
0.119887,0.0113
0.119909,0.0113
0.119932,0.0112
0.119955,0.0111
0.119977,0.0110
0.120000,0.0109
0.120023,0.0108
0.120045,0.0107
0.120068,0.0106
0.120091,0.0105
0.120113,0.0105
0.120136,0.0104
0.120159,0.0103
0.120181,0.0102
0.120204,0.0101
0.120227,0.0100
0.120249,0.0100
0.120272,0.0099
0.120295,0.0098
0.120317,0.0097
0.120340,0.0096
0.120363,0.0096
0.120385,0.0095
0.120408,0.0094
0.120431,0.0093
0.120454,0.0092
0.120476,0.0092
0.120499,0.0091
0.120522,0.0090
0.120544,0.0089
0.120567,0.0089
0.120590,0.0088
0.120612,0.0087
0.120635,0.0087
0.120658,0.0086
0.120680,0.0085
0.120703,0.0084
0.120726,0.0084
0.120748,0.0083
0.120771,0.0082
0.120794,0.0082
0.120816,0.0081
0.120839,0.0080
0.120862,0.0080
0.120884,0.0079
0.120907,0.0078
0.120930,0.0078
0.120952,0.0077
0.120975,0.0076
0.120998,0.0076
0.121020,0.0075
0.121043,0.0074
0.121066,0.0074
0.121088,0.0073
0.121111,0.0073
0.121134,0.0072
0.121156,0.0071
0.121179,0.0071
0.121202,0.0070
0.121224,0.0069
0.121247,0.0069
0.121270,0.0068
0.121293,0.0068
0.121315,0.0067
0.121338,0.0067
0.121361,0.0066
0.121383,0.0065
0.121406,0.0065
0.121429,0.0064
0.121451,0.0064
0.121474,0.0063
0.121497,0.0063
0.121519,0.0062
0.121542,0.0062
0.121565,0.0061
0.121587,0.0060
0.121610,0.0060
0.121633,0.0059
0.121655,0.0059
0.121678,0.0058
0.121701,0.0058
0.121723,0.0057
0.121746,0.0057
0.121769,0.0056
0.121791,0.0056
0.121814,0.0055
0.121837,0.0055
0.121859,0.0054
0.121882,0.0054
0.121905,0.0053
0.121927,0.0053
0.121950,0.0053
0.121973,0.0052
0.121995,0.0052
0.122018,0.0051
0.122041,0.0051
0.122063,0.0050
0.122086,0.0050
0.122109,0.0049
0.122132,0.0049
0.122154,0.0048
0.122177,0.0048
0.122200,0.0048
0.122222,0.0047
0.122245,0.0047
0.122268,0.0046
0.122290,0.0046
0.122313,0.0045
0.122336,0.0045
0.122358,0.0045
0.122381,0.0044
0.122404,0.0044
0.122426,0.0043
0.122449,0.0043
0.122472,0.0043
0.122494,0.0042
0.122517,0.0042
0.122540,0.0042
0.122562,0.0041
0.122585,0.0041
0.122608,0.0040
0.122630,0.0040
0.122653,0.0040
0.122676,0.0039
0.122698,0.0039
0.122721,0.0039
0.122744,0.0038
0.122766,0.0038
0.122789,0.0037
0.122812,0.0037
0.122834,0.0037
0.122857,0.0036
0.122880,0.0036
0.122902,0.0036
0.122925,0.0035
0.122948,0.0035
0.122971,0.0035
0.122993,0.0034
0.123016,0.0034
0.123039,0.0034
0.123061,0.0033
0.123084,0.0033
0.123107,0.0033
0.123129,0.0032
0.123152,0.0032
0.123175,0.0032
0.123197,0.0032
0.123220,0.0031
0.123243,0.0031
0.123265,0.0031
0.123288,0.0030
0.123311,0.0030
0.123333,0.0030
0.123356,0.0029
0.123379,0.0029
0.123401,0.0029
0.123424,0.0029
0.123447,0.0028
0.123469,0.0028
0.123492,0.0028
0.123515,0.0027
0.123537,0.0027
0.123560,0.0027
0.123583,0.0027
0.123605,0.0026
0.123628,0.0026
0.123651,0.0026
0.123673,0.0026
0.123696,0.0025
0.123719,0.0025
0.123741,0.0025
0.123764,0.0025
0.123787,0.0024
0.123810,0.0024
0.123832,0.0024
0.123855,0.0024
0.123878,0.0023
0.123900,0.0023
0.123923,0.0023
0.123946,0.0023
0.123968,0.0022
0.123991,0.0022
0.124014,0.0022
0.124036,0.0022
0.124059,0.0021
0.124082,0.0021
0.124104,0.0021
0.124127,0.0021
0.124150,0.0021
0.124172,0.0020
0.124195,0.0020
0.124218,0.0020
0.124240,0.0020
0.124263,0.0019
0.124286,0.0019
0.124308,0.0019
0.124331,0.0019
0.124354,0.0019
0.124376,0.0018
0.124399,0.0018
0.124422,0.0018
0.124444,0.0018
0.124467,0.0018
0.124490,0.0017
0.124512,0.0017
0.124535,0.0017
0.124558,0.0017
0.124580,0.0017
0.124603,0.0016
0.124626,0.0016
0.124649,0.0016
0.124671,0.0016
0.124694,0.0016
0.124717,0.0015
0.124739,0.0015
0.124762,0.0015
0.124785,0.0015
0.124807,0.0015
0.124830,0.0015
0.124853,0.0014
0.124875,0.0014
0.124898,0.0014
0.124921,0.0014
0.124943,0.0014
0.124966,0.0014
0.124989,0.0013
0.125011,0.0013
0.125034,0.0013
0.125057,0.0013
0.125079,0.0013
0.125102,0.0013
0.125125,0.0012
0.125147,0.0012
0.125170,0.0012
0.125193,0.0012
0.125215,0.0012
0.125238,0.0012
0.125261,0.0012
0.125283,0.0011
0.125306,0.0011
0.125329,0.0011
0.125351,0.0011
0.125374,0.0011
0.125397,0.0011
0.125420,0.0011
0.125442,0.0010
0.125465,0.0010
0.125488,0.0010
0.125510,0.0010
0.125533,0.0010
0.125556,0.0010
0.125578,0.0010
0.125601,0.0009
0.125624,0.0009
0.125646,0.0009
0.125669,0.0009
0.125692,0.0009
0.125714,0.0009
0.125737,0.0009
0.125760,0.0009
0.125782,0.0008
0.125805,0.0008
0.125828,0.0008
0.125850,0.0008
0.125873,0.0008
0.125896,0.0008
0.125918,0.0008
0.125941,0.0008
0.125964,0.0007
0.125986,0.0007
0.126009,0.0007
0.126032,0.0007
0.126054,0.0007
0.126077,0.0007
0.126100,0.0007
0.126122,0.0007
0.126145,0.0007
0.126168,0.0006
0.126190,0.0006
0.126213,0.0006
0.126236,0.0006
0.126259,0.0006
0.126281,0.0006
0.126304,0.0006
0.126327,0.0006
0.126349,0.0006
0.126372,0.0005
0.126395,0.0005
0.126417,0.0005
0.126440,0.0005
0.126463,0.0005
0.126485,0.0005
0.126508,0.0005
0.126531,0.0005
0.126553,0.0005
0.126576,0.0005
0.126599,0.0005
0.126621,0.0004
0.126644,0.0004
0.126667,0.0004
0.126689,0.0004
0.126712,0.0004
0.126735,0.0004
0.126757,0.0004
0.126780,0.0004
0.126803,0.0004
0.126825,0.0004
0.126848,0.0004
0.126871,0.0003
0.126893,0.0003
0.126916,0.0003
0.126939,0.0003
0.126961,0.0003
0.126984,0.0003
0.127007,0.0003
0.127029,0.0003
0.127052,0.0003
0.127075,0.0003
0.127098,0.0003
0.127120,0.0003
0.127143,0.0002
0.127166,0.0002
0.127188,0.0002
0.127211,0.0002
0.127234,0.0002
0.127256,0.0002
0.127279,0.0002
0.127302,0.0002
0.127324,0.0002
0.127347,0.0002
0.127370,0.0002
0.127392,0.0002
0.127415,0.0002
0.127438,0.0002
0.127460,0.0001
0.127483,0.0001
0.127506,0.0001
0.127528,0.0001
0.127551,0.0001
0.127574,0.0001
0.127596,0.0001
0.127619,0.0001
0.127642,0.0001
0.127664,0.0001
0.127687,0.0001
0.127710,0.0001
0.127732,0.0001
0.127755,0.0001
0.127778,0.0001
0.127800,0.0001
0.127823,0.0000
0.127846,0.0000
0.127868,0.0000
0.127891,0.0000
0.127914,0.0000
0.127937,0.0000
0.127959,0.0000
0.127982,0.0000
0.128005,0.0000
0.128027,-0.0000
0.128050,-0.0000
0.128073,-0.0000
0.128095,-0.0000
0.128118,-0.0000
0.128141,-0.0000
0.128163,-0.0000
0.128186,-0.0000
0.128209,-0.0000
0.128231,-0.0001
0.128254,-0.0001
0.128277,-0.0001
0.128299,-0.0001
0.128322,-0.0001
0.128345,-0.0001
0.128367,-0.0001
0.128390,-0.0001
0.128413,-0.0001
0.128435,-0.0001
0.128458,-0.0001
0.128481,-0.0001
0.128503,-0.0001
0.128526,-0.0001
0.128549,-0.0001
0.128571,-0.0001
0.128594,-0.0001
0.128617,-0.0001
0.128639,-0.0001
0.128662,-0.0001
0.128685,-0.0001
0.128707,-0.0001
0.128730,-0.0002
0.128753,-0.0002
0.128776,-0.0002
0.128798,-0.0002
0.128821,-0.0002
0.128844,-0.0002
0.128866,-0.0002
0.128889,-0.0002
0.128912,-0.0002
0.128934,-0.0002
0.128957,-0.0002
0.128980,-0.0002
0.129002,-0.0002
0.129025,-0.0002
0.129048,-0.0002
0.129070,-0.0002
0.129093,-0.0002
0.129116,-0.0002
0.129138,-0.0002
0.129161,-0.0002
0.129184,-0.0002
0.129206,-0.0002
0.129229,-0.0002
0.129252,-0.0002
0.129274,-0.0002
0.129297,-0.0002
0.129320,-0.0003
0.129342,-0.0003
0.129365,-0.0003
0.129388,-0.0003
0.129410,-0.0003
0.129433,-0.0003
0.129456,-0.0003
0.129478,-0.0003
0.129501,-0.0003
0.129524,-0.0003
0.129546,-0.0003
0.129569,-0.0003
0.129592,-0.0003
0.129615,-0.0003
0.129637,-0.0003
0.129660,-0.0003
0.129683,-0.0003
0.129705,-0.0003
0.129728,-0.0003
0.129751,-0.0003
0.129773,-0.0003
0.129796,-0.0003
0.129819,-0.0003
0.129841,-0.0003
0.129864,-0.0003
0.129887,-0.0003
0.129909,-0.0003
0.129932,-0.0003
0.129955,-0.0003
0.129977,-0.0003
0.130000,-0.0003
0.130023,-0.0003
0.130045,-0.0003
0.130068,-0.0003
0.130091,-0.0004
0.130113,-0.0004
0.130136,-0.0004
0.130159,-0.0004
0.130181,-0.0004
0.130204,-0.0004
0.130227,-0.0004
0.130249,-0.0004
0.130272,-0.0004
0.130295,-0.0004
0.130317,-0.0004
0.130340,-0.0004
0.130363,-0.0004
0.130385,-0.0004
0.130408,-0.0004
0.130431,-0.0004
0.130454,-0.0004
0.130476,-0.0004
0.130499,-0.0004
0.130522,-0.0004
0.130544,-0.0004
0.130567,-0.0004
0.130590,-0.0004
0.130612,-0.0004
0.130635,-0.0004
0.130658,-0.0004
0.130680,-0.0004
0.130703,-0.0004
0.130726,-0.0004
0.130748,-0.0004
0.130771,-0.0004
0.130794,-0.0004
0.130816,-0.0004
0.130839,-0.0004
0.130862,-0.0004
0.130884,-0.0004
0.130907,-0.0004
0.130930,-0.0004
0.130952,-0.0004
0.130975,-0.0004
0.130998,-0.0004
0.131020,-0.0004
0.131043,-0.0004
0.131066,-0.0004
0.131088,-0.0004
0.131111,-0.0004
0.131134,-0.0004
0.131156,-0.0004
0.131179,-0.0004
0.131202,-0.0004
0.131224,-0.0005
0.131247,-0.0005
0.131270,-0.0005
0.131293,-0.0005
0.131315,-0.0005
0.131338,-0.0005
0.131361,-0.0005
0.131383,-0.0005
0.131406,-0.0005
0.131429,-0.0005
0.131451,-0.0005
0.131474,-0.0005
0.131497,-0.0005
0.131519,-0.0005
0.131542,-0.0005
0.131565,-0.0005
0.131587,-0.0005
0.131610,-0.0005
0.131633,-0.0005
0.131655,-0.0005
0.131678,-0.0005
0.131701,-0.0005
0.131723,-0.0005
0.131746,-0.0005
0.131769,-0.0005
0.131791,-0.0005
0.131814,-0.0005
0.131837,-0.0005
0.131859,-0.0005
0.131882,-0.0005
0.131905,-0.0005
0.131927,-0.0005
0.131950,-0.0005
0.131973,-0.0005
0.131995,-0.0005
0.132018,-0.0005
0.132041,-0.0005
0.132063,-0.0005
0.132086,-0.0005
0.132109,-0.0005
0.132132,-0.0005
0.132154,-0.0005
0.132177,-0.0005
0.132200,-0.0005
0.132222,-0.0005
0.132245,-0.0005
0.132268,-0.0005
0.132290,-0.0005
0.132313,-0.0005
0.132336,-0.0005
0.132358,-0.0005
0.132381,-0.0005
0.132404,-0.0005
0.132426,-0.0005
0.132449,-0.0005
0.132472,-0.0005
0.132494,-0.0005
0.132517,-0.0005
0.132540,-0.0005
0.132562,-0.0005
0.132585,-0.0005
0.132608,-0.0005
0.132630,-0.0005
0.132653,-0.0005
0.132676,-0.0005
0.132698,-0.0005
0.132721,-0.0005
0.132744,-0.0005
0.132766,-0.0005
0.132789,-0.0005
0.132812,-0.0005
0.132834,-0.0005
0.132857,-0.0005
0.132880,-0.0005
0.132902,-0.0005
0.132925,-0.0005
0.132948,-0.0005
0.132971,-0.0005
0.132993,-0.0005
0.133016,-0.0005
0.133039,-0.0005
0.133061,-0.0005
0.133084,-0.0005
0.133107,-0.0005
0.133129,-0.0005
0.133152,-0.0005
0.133175,-0.0005
0.133197,-0.0005
0.133220,-0.0005
0.133243,-0.0006
0.133265,-0.0006
0.133288,-0.0006
0.133311,-0.0006
0.133333,-0.0006
0.133356,-0.0006
0.133379,-0.0006
0.133401,-0.0006
0.133424,-0.0006
0.133447,-0.0006
0.133469,-0.0006
0.133492,-0.0006
0.133515,-0.0006
0.133537,-0.0006
0.133560,-0.0006
0.133583,-0.0006
0.133605,-0.0006
0.133628,-0.0006
0.133651,-0.0006
0.133673,-0.0006
0.133696,-0.0006
0.133719,-0.0006
0.133741,-0.0006
0.133764,-0.0006
0.133787,-0.0006
0.133810,-0.0006
0.133832,-0.0006
0.133855,-0.0006
0.133878,-0.0006
0.133900,-0.0006
0.133923,-0.0006
0.133946,-0.0006
0.133968,-0.0006
0.133991,-0.0006
0.134014,-0.0006
0.134036,-0.0006
0.134059,-0.0006
0.134082,-0.0006
0.134104,-0.0006
0.134127,-0.0006
0.134150,-0.0006
0.134172,-0.0006
0.134195,-0.0006
0.134218,-0.0006
0.134240,-0.0006
0.134263,-0.0006
0.134286,-0.0006
0.134308,-0.0006
0.134331,-0.0006
0.134354,-0.0006
0.134376,-0.0006
0.134399,-0.0006
0.134422,-0.0006
0.134444,-0.0006
0.134467,-0.0006
0.134490,-0.0006
0.134512,-0.0006
0.134535,-0.0006
0.134558,-0.0006
0.134580,-0.0006
0.134603,-0.0006
0.134626,-0.0006
0.134649,-0.0006
0.134671,-0.0006
0.134694,-0.0006
0.134717,-0.0006
0.134739,-0.0006
0.134762,-0.0006
0.134785,-0.0006
0.134807,-0.0006
0.134830,-0.0006
0.134853,-0.0006
0.134875,-0.0006
0.134898,-0.0006
0.134921,-0.0006
0.134943,-0.0006
0.134966,-0.0006
0.134989,-0.0006
0.135011,-0.0006
0.135034,-0.0006
0.135057,-0.0006
0.135079,-0.0006
0.135102,-0.0006
0.135125,-0.0006
0.135147,-0.0006
0.135170,-0.0006
0.135193,-0.0006
0.135215,-0.0006
0.135238,-0.0006
0.135261,-0.0006
0.135283,-0.0006
0.135306,-0.0006
0.135329,-0.0006
0.135351,-0.0006
0.135374,-0.0006
0.135397,-0.0006
0.135420,-0.0006
0.135442,-0.0006
0.135465,-0.0006
0.135488,-0.0006
0.135510,-0.0006
0.135533,-0.0006
0.135556,-0.0006
0.135578,-0.0006
0.135601,-0.0006
0.135624,-0.0006
0.135646,-0.0006
0.135669,-0.0006
0.135692,-0.0006
0.135714,-0.0006
0.135737,-0.0006
0.135760,-0.0006
0.135782,-0.0006
0.135805,-0.0006
0.135828,-0.0006
0.135850,-0.0006
0.135873,-0.0006
0.135896,-0.0006
0.135918,-0.0006
0.135941,-0.0006
0.135964,-0.0006
0.135986,-0.0006
0.136009,-0.0006
0.136032,-0.0006
0.136054,-0.0006
0.136077,-0.0006
0.136100,-0.0006
0.136122,-0.0006
0.136145,-0.0006
0.136168,-0.0006
0.136190,-0.0006
0.136213,-0.0006
0.136236,-0.0006
0.136259,-0.0006
0.136281,-0.0006
0.136304,-0.0006
0.136327,-0.0006
0.136349,-0.0006
0.136372,-0.0006
0.136395,-0.0006
0.136417,-0.0006
0.136440,-0.0006
0.136463,-0.0006
0.136485,-0.0006
0.136508,-0.0006
0.136531,-0.0006
0.136553,-0.0006
0.136576,-0.0006
0.136599,-0.0006
0.136621,-0.0006
0.136644,-0.0006
0.136667,-0.0006
0.136689,-0.0006
0.136712,-0.0006
0.136735,-0.0006
0.136757,-0.0006
0.136780,-0.0006
0.136803,-0.0006
0.136825,-0.0006
0.136848,-0.0006
0.136871,-0.0006
0.136893,-0.0006
0.136916,-0.0006
0.136939,-0.0006
0.136961,-0.0006
0.136984,-0.0006
0.137007,-0.0006
0.137029,-0.0006
0.137052,-0.0006
0.137075,-0.0006
0.137098,-0.0006
0.137120,-0.0006
0.137143,-0.0006
0.137166,-0.0006
0.137188,-0.0006
0.137211,-0.0006
0.137234,-0.0006
0.137256,-0.0006
0.137279,-0.0006
0.137302,-0.0006
0.137324,-0.0006
0.137347,-0.0006
0.137370,-0.0006
0.137392,-0.0006
0.137415,-0.0006
0.137438,-0.0006
0.137460,-0.0006
0.137483,-0.0006
0.137506,-0.0006
0.137528,-0.0006
0.137551,-0.0006
0.137574,-0.0006
0.137596,-0.0006
0.137619,-0.0006
0.137642,-0.0006
0.137664,-0.0006
0.137687,-0.0006
0.137710,-0.0006
0.137732,-0.0006
0.137755,-0.0006
0.137778,-0.0006
0.137800,-0.0006
0.137823,-0.0006
0.137846,-0.0006
0.137868,-0.0006
0.137891,-0.0006
0.137914,-0.0006
0.137937,-0.0006
0.137959,-0.0006
0.137982,-0.0006
0.138005,-0.0006
0.138027,-0.0006
0.138050,-0.0006
0.138073,-0.0006
0.138095,-0.0006
0.138118,-0.0006
0.138141,-0.0006
0.138163,-0.0006
0.138186,-0.0006
0.138209,-0.0006
0.138231,-0.0006
0.138254,-0.0006
0.138277,-0.0006
0.138299,-0.0006
0.138322,-0.0006
0.138345,-0.0006
0.138367,-0.0006
0.138390,-0.0006
0.138413,-0.0006
0.138435,-0.0006
0.138458,-0.0006
0.138481,-0.0006
0.138503,-0.0006
0.138526,-0.0006
0.138549,-0.0006
0.138571,-0.0006
0.138594,-0.0006
0.138617,-0.0006
0.138639,-0.0006
0.138662,-0.0006
0.138685,-0.0006
0.138707,-0.0006
0.138730,-0.0006
0.138753,-0.0006
0.138776,-0.0006
0.138798,-0.0006
0.138821,-0.0006
0.138844,-0.0006
0.138866,-0.0006
0.138889,-0.0006
0.138912,-0.0006
0.138934,-0.0006
0.138957,-0.0006
0.138980,-0.0006
0.139002,-0.0006
0.139025,-0.0006
0.139048,-0.0006
0.139070,-0.0006
0.139093,-0.0006
0.139116,-0.0006
0.139138,-0.0006
0.139161,-0.0006
0.139184,-0.0006
0.139206,-0.0006
0.139229,-0.0006
0.139252,-0.0006
0.139274,-0.0006
0.139297,-0.0006
0.139320,-0.0006
0.139342,-0.0006
0.139365,-0.0006
0.139388,-0.0006
0.139410,-0.0006
0.139433,-0.0006
0.139456,-0.0006
0.139478,-0.0006
0.139501,-0.0006
0.139524,-0.0006
0.139546,-0.0006
0.139569,-0.0006
0.139592,-0.0006
0.139615,-0.0006
0.139637,-0.0006
0.139660,-0.0006
0.139683,-0.0006
0.139705,-0.0006
0.139728,-0.0006
0.139751,-0.0006
0.139773,-0.0006
0.139796,-0.0006
0.139819,-0.0006
0.139841,-0.0006
0.139864,-0.0006
0.139887,-0.0006
0.139909,-0.0006
0.139932,-0.0006
0.139955,-0.0006
0.139977,-0.0006
0.140000,-0.0006
0.140023,-0.0006
0.140045,-0.0006
0.140068,-0.0006
0.140091,-0.0006
0.140113,-0.0006
0.140136,-0.0006
0.140159,-0.0006
0.140181,-0.0006
0.140204,-0.0006
0.140227,-0.0006
0.140249,-0.0006
0.140272,-0.0006
0.140295,-0.0006
0.140317,-0.0006
0.140340,-0.0006
0.140363,-0.0006
0.140385,-0.0006
0.140408,-0.0006
0.140431,-0.0006
0.140454,-0.0006
0.140476,-0.0006
0.140499,-0.0006
0.140522,-0.0006
0.140544,-0.0006
0.140567,-0.0006
0.140590,-0.0006
0.140612,-0.0006
0.140635,-0.0006
0.140658,-0.0006
0.140680,-0.0006
0.140703,-0.0006
0.140726,-0.0006
0.140748,-0.0006
0.140771,-0.0006
0.140794,-0.0006
0.140816,-0.0006
0.140839,-0.0006
0.140862,-0.0006
0.140884,-0.0006
0.140907,-0.0006
0.140930,-0.0006
0.140952,-0.0006
0.140975,-0.0006
0.140998,-0.0006
0.141020,-0.0006
0.141043,-0.0006
0.141066,-0.0006
0.141088,-0.0006
0.141111,-0.0006
0.141134,-0.0006
0.141156,-0.0006
0.141179,-0.0006
0.141202,-0.0006
0.141224,-0.0006
0.141247,-0.0006
0.141270,-0.0006
0.141293,-0.0006
0.141315,-0.0006
0.141338,-0.0006
0.141361,-0.0006
0.141383,-0.0006
0.141406,-0.0006
0.141429,-0.0006
0.141451,-0.0006
0.141474,-0.0006
0.141497,-0.0006
0.141519,-0.0006
0.141542,-0.0006
0.141565,-0.0006
0.141587,-0.0006
0.141610,-0.0006
0.141633,-0.0006
0.141655,-0.0006
0.141678,-0.0006
0.141701,-0.0006
0.141723,-0.0006
0.141746,-0.0006
0.141769,-0.0006
0.141791,-0.0006
0.141814,-0.0006
0.141837,-0.0006
0.141859,-0.0006
0.141882,-0.0006
0.141905,-0.0006
0.141927,-0.0006
0.141950,-0.0006
0.141973,-0.0006
0.141995,-0.0006
0.142018,-0.0006
0.142041,-0.0006
0.142063,-0.0006
0.142086,-0.0006
0.142109,-0.0006
0.142132,-0.0006
0.142154,-0.0006
0.142177,-0.0006
0.142200,-0.0006
0.142222,-0.0006
0.142245,-0.0006
0.142268,-0.0006
0.142290,-0.0006
0.142313,-0.0006
0.142336,-0.0006
0.142358,-0.0006
0.142381,-0.0006
0.142404,-0.0006
0.142426,-0.0006
0.142449,-0.0006
0.142472,-0.0006
