@00000000
6F 00 00 0B 13 00 00 00 13 00 00 00 13 00 00 00
13 00 00 00 13 00 00 00 13 00 00 00 13 00 00 00
23 2E 11 FE 23 2C 51 FE 23 2A 61 FE 23 28 71 FE
23 26 A1 FE 23 24 B1 FE 23 22 C1 FE 23 20 D1 FE
23 2E E1 FC 23 2C F1 FC 23 2A 01 FD 23 28 11 FD
23 26 C1 FD 23 24 D1 FD 23 22 E1 FD 23 20 F1 FD
13 01 01 FC EF 00 80 15 83 20 C1 03 83 22 81 03
03 23 41 03 83 23 01 03 03 25 C1 02 83 25 81 02
03 26 41 02 83 26 01 02 03 27 C1 01 83 27 81 01
03 28 41 01 83 28 01 01 03 2E C1 00 83 2E 81 00
03 2F 41 00 83 2F 01 00 13 01 01 04 73 00 20 30
13 01 00 40 17 05 00 00 13 05 C5 F6 73 10 55 30
13 05 00 00 93 05 80 00 17 86 00 00 13 06 06 44
63 0C B5 00 83 26 06 00 23 20 D5 00 13 05 45 00
13 06 46 00 6F F0 DF FE 17 05 00 F0 13 05 85 31
97 05 00 F0 93 85 05 3A 17 86 00 00 13 06 86 50
63 0C B5 00 83 26 06 00 23 20 D5 00 13 05 45 00
13 06 46 00 6F F0 DF FE 13 05 00 10 93 05 00 37
63 08 B5 00 23 20 05 00 13 05 45 00 6F F0 5F FF
37 15 00 00 13 05 05 88 73 10 45 30 EF 20 40 4C
6F 00 00 00 13 01 01 FF 23 26 11 00 23 24 81 00
13 04 01 01 13 00 00 00 83 20 C1 00 03 24 81 00
13 01 01 01 67 80 00 00 13 01 01 FF 23 26 11 00
23 24 81 00 13 04 01 01 13 00 00 00 83 20 C1 00
03 24 81 00 13 01 01 01 67 80 00 00 13 01 01 FE
23 2E 11 00 23 2C 81 00 13 04 01 02 23 26 A4 FE
83 27 C4 FE 73 90 07 BC 13 00 00 00 83 20 C1 01
03 24 81 01 13 01 01 02 67 80 00 00 13 01 01 FF
23 26 11 00 23 24 81 00 13 04 01 01 13 05 00 00
EF F0 DF FB B7 57 00 F0 93 87 C7 01 23 A0 07 00
B7 57 00 F0 93 87 C7 00 13 07 10 00 23 A0 E7 00
B7 57 00 F0 93 87 07 01 83 A7 07 00 63 98 07 00
13 07 10 00 23 10 E0 10 6F 00 80 01 B7 57 00 F0
93 87 C7 01 13 07 10 00 23 A0 E7 00 13 00 00 00
83 20 C1 00 03 24 81 00 13 01 01 01 67 80 00 00
13 01 01 FF 23 26 11 00 23 24 81 00 13 04 01 01
13 00 00 00 83 20 C1 00 03 24 81 00 13 01 01 01
67 80 00 00 13 01 01 FF 23 26 11 00 23 24 81 00
13 04 01 01 13 00 00 00 83 20 C1 00 03 24 81 00
13 01 01 01 67 80 00 00 13 01 01 FE 23 2E 11 00
23 2C 81 00 13 04 01 02 93 07 05 00 A3 07 F4 FE
03 47 F4 FE 93 07 A0 00 63 16 F7 00 13 05 D0 00
EF F0 9F FD 13 00 00 00 B7 67 00 F0 93 87 47 80
03 A7 07 00 93 07 10 00 E3 08 F7 FE B7 67 00 F0
93 87 07 80 03 47 F4 FE 23 A0 E7 00 13 00 00 00
83 20 C1 01 03 24 81 01 13 01 01 02 67 80 00 00
13 01 01 FE 23 2E 11 00 23 2C 81 00 13 04 01 02
23 26 A4 FE 6F 00 C0 01 83 27 C4 FE 13 87 17 00
23 26 E4 FE 83 C7 07 00 13 85 07 00 EF F0 DF F6
83 27 C4 FE 83 C7 07 00 E3 90 07 FE 13 00 00 00
13 00 00 00 83 20 C1 01 03 24 81 01 13 01 01 02
67 80 00 00 13 01 01 FD 23 26 11 02 23 24 81 02
13 04 01 03 23 2E A4 FC 23 2C B4 FC 83 27 84 FD
93 87 F7 FF 23 26 F4 FE 6F 00 40 04 83 27 C4 FE
93 97 27 00 03 27 C4 FD B3 57 F7 00 93 F7 F7 00
37 37 00 10 13 07 07 70 B3 07 F7 00 83 C7 07 00
A3 05 F4 FE 83 47 B4 FE 13 85 07 00 EF F0 DF EE
83 27 C4 FE 93 87 F7 FF 23 26 F4 FE 83 27 C4 FE
E3 DE 07 FA 13 00 00 00 13 00 00 00 83 20 C1 02
03 24 81 02 13 01 01 03 67 80 00 00 13 01 01 FE
23 2E 11 00 23 2C 81 00 13 04 01 02 23 26 A4 FE
03 27 C4 FE 93 07 F0 7C 63 FA E7 00 B7 37 00 10
13 85 47 71 EF F0 DF EF 6F 00 00 41 03 27 C4 FE
93 07 70 3E 63 FE E7 00 13 05 10 03 EF F0 DF E7
83 27 C4 FE 93 87 87 C1 23 26 F4 FE 6F 00 C0 00
13 05 00 02 EF F0 5F E6 03 27 C4 FE 93 07 30 38
63 FE E7 00 13 05 90 03 EF F0 1F E5 83 27 C4 FE
93 87 C7 C7 23 26 F4 FE 6F 00 C0 12 03 27 C4 FE
93 07 F0 31 63 FE E7 00 13 05 80 03 EF F0 DF E2
83 27 C4 FE 93 87 07 CE 23 26 F4 FE 6F 00 80 10
03 27 C4 FE 93 07 B0 2B 63 FE E7 00 13 05 70 03
EF F0 9F E0 83 27 C4 FE 93 87 47 D4 23 26 F4 FE
6F 00 40 0E 03 27 C4 FE 93 07 70 25 63 FE E7 00
13 05 60 03 EF F0 5F DE 83 27 C4 FE 93 87 87 DA
23 26 F4 FE 6F 00 00 0C 03 27 C4 FE 93 07 30 1F
63 FE E7 00 13 05 50 03 EF F0 1F DC 83 27 C4 FE
93 87 C7 E0 23 26 F4 FE 6F 00 C0 09 03 27 C4 FE
93 07 F0 18 63 FE E7 00 13 05 40 03 EF F0 DF D9
83 27 C4 FE 93 87 07 E7 23 26 F4 FE 6F 00 80 07
03 27 C4 FE 93 07 B0 12 63 FE E7 00 13 05 30 03
EF F0 9F D7 83 27 C4 FE 93 87 47 ED 23 26 F4 FE
6F 00 40 05 03 27 C4 FE 93 07 70 0C 63 FE E7 00
13 05 20 03 EF F0 5F D5 83 27 C4 FE 93 87 87 F3
23 26 F4 FE 6F 00 00 03 03 27 C4 FE 93 07 30 06
63 FE E7 00 13 05 10 03 EF F0 1F D3 83 27 C4 FE
93 87 C7 F9 23 26 F4 FE 6F 00 C0 00 13 05 00 03
EF F0 9F D1 03 27 C4 FE 93 07 90 05 63 FE E7 00
13 05 90 03 EF F0 5F D0 83 27 C4 FE 93 87 67 FA
23 26 F4 FE 6F 00 C0 12 03 27 C4 FE 93 07 F0 04
63 FE E7 00 13 05 80 03 EF F0 1F CE 83 27 C4 FE
93 87 07 FB 23 26 F4 FE 6F 00 80 10 03 27 C4 FE
93 07 50 04 63 FE E7 00 13 05 70 03 EF F0 DF CB
83 27 C4 FE 93 87 A7 FB 23 26 F4 FE 6F 00 40 0E
03 27 C4 FE 93 07 B0 03 63 FE E7 00 13 05 60 03
EF F0 9F C9 83 27 C4 FE 93 87 47 FC 23 26 F4 FE
6F 00 00 0C 03 27 C4 FE 93 07 10 03 63 FE E7 00
13 05 50 03 EF F0 5F C7 83 27 C4 FE 93 87 E7 FC
23 26 F4 FE 6F 00 C0 09 03 27 C4 FE 93 07 70 02
63 FE E7 00 13 05 40 03 EF F0 1F C5 83 27 C4 FE
93 87 87 FD 23 26 F4 FE 6F 00 80 07 03 27 C4 FE
93 07 D0 01 63 FE E7 00 13 05 30 03 EF F0 DF C2
83 27 C4 FE 93 87 27 FE 23 26 F4 FE 6F 00 40 05
03 27 C4 FE 93 07 30 01 63 FE E7 00 13 05 20 03
EF F0 9F C0 83 27 C4 FE 93 87 C7 FE 23 26 F4 FE
6F 00 00 03 03 27 C4 FE 93 07 90 00 63 FE E7 00
13 05 10 03 EF F0 5F BE 83 27 C4 FE 93 87 67 FF
23 26 F4 FE 6F 00 C0 00 13 05 00 03 EF F0 DF BC
03 27 C4 FE 93 07 80 00 63 FE E7 00 13 05 90 03
EF F0 9F BB 83 27 C4 FE 93 87 77 FF 23 26 F4 FE
6F 00 80 12 03 27 C4 FE 93 07 70 00 63 FE E7 00
13 05 80 03 EF F0 5F B9 83 27 C4 FE 93 87 87 FF
23 26 F4 FE 6F 00 40 10 03 27 C4 FE 93 07 60 00
63 FE E7 00 13 05 70 03 EF F0 1F B7 83 27 C4 FE
93 87 97 FF 23 26 F4 FE 6F 00 00 0E 03 27 C4 FE
93 07 50 00 63 FE E7 00 13 05 60 03 EF F0 DF B4
83 27 C4 FE 93 87 A7 FF 23 26 F4 FE 6F 00 C0 0B
03 27 C4 FE 93 07 40 00 63 FE E7 00 13 05 50 03
EF F0 9F B2 83 27 C4 FE 93 87 B7 FF 23 26 F4 FE
6F 00 80 09 03 27 C4 FE 93 07 30 00 63 FE E7 00
13 05 40 03 EF F0 5F B0 83 27 C4 FE 93 87 C7 FF
23 26 F4 FE 6F 00 40 07 03 27 C4 FE 93 07 20 00
63 FE E7 00 13 05 30 03 EF F0 1F AE 83 27 C4 FE
93 87 D7 FF 23 26 F4 FE 6F 00 00 05 03 27 C4 FE
93 07 10 00 63 FE E7 00 13 05 20 03 EF F0 DF AB
83 27 C4 FE 93 87 E7 FF 23 26 F4 FE 6F 00 C0 02
83 27 C4 FE 63 8E 07 00 13 05 10 03 EF F0 DF A9
83 27 C4 FE 93 87 F7 FF 23 26 F4 FE 6F 00 C0 00
13 05 00 03 EF F0 5F A8 83 20 C1 01 03 24 81 01
13 01 01 02 67 80 00 00 13 01 01 FE 23 2E 11 00
23 2C 81 00 13 04 01 02 23 26 A4 FE 83 27 C4 FE
93 F7 F7 00 23 26 F4 FE 03 27 C4 FE 93 07 90 00
63 18 F7 00 13 05 90 03 EF F0 1F A4 6F 00 00 17
03 27 C4 FE 93 07 80 00 63 18 F7 00 13 05 80 03
EF F0 9F A2 6F 00 80 15 03 27 C4 FE 93 07 70 00
63 18 F7 00 13 05 70 03 EF F0 1F A1 6F 00 00 14
03 27 C4 FE 93 07 60 00 63 18 F7 00 13 05 60 03
EF F0 9F 9F 6F 00 80 12 03 27 C4 FE 93 07 50 00
63 18 F7 00 13 05 50 03 EF F0 1F 9E 6F 00 00 11
03 27 C4 FE 93 07 40 00 63 18 F7 00 13 05 40 03
EF F0 9F 9C 6F 00 80 0F 03 27 C4 FE 93 07 30 00
63 18 F7 00 13 05 30 03 EF F0 1F 9B 6F 00 00 0E
03 27 C4 FE 93 07 20 00 63 18 F7 00 13 05 20 03
EF F0 9F 99 6F 00 80 0C 03 27 C4 FE 93 07 10 00
63 18 F7 00 13 05 10 03 EF F0 1F 98 6F 00 00 0B
83 27 C4 FE 63 98 07 00 13 05 00 03 EF F0 DF 96
6F 00 C0 09 03 27 C4 FE 93 07 A0 00 63 18 F7 00
13 05 10 06 EF F0 5F 95 6F 00 40 08 03 27 C4 FE
93 07 B0 00 63 18 F7 00 13 05 20 06 EF F0 DF 93
6F 00 C0 06 03 27 C4 FE 93 07 C0 00 63 18 F7 00
13 05 30 06 EF F0 5F 92 6F 00 40 05 03 27 C4 FE
93 07 D0 00 63 18 F7 00 13 05 40 06 EF F0 DF 90
6F 00 C0 03 03 27 C4 FE 93 07 E0 00 63 18 F7 00
13 05 50 06 EF F0 5F 8F 6F 00 40 02 03 27 C4 FE
93 07 F0 00 63 18 F7 00 13 05 60 06 EF F0 DF 8D
6F 00 C0 00 13 05 A0 02 EF F0 1F 8D 13 00 00 00
83 20 C1 01 03 24 81 01 13 01 01 02 67 80 00 00
13 01 01 FF 23 26 11 00 23 24 81 00 13 04 01 01
13 00 00 00 83 20 C1 00 03 24 81 00 13 01 01 01
67 80 00 00 13 01 01 FF 23 26 11 00 23 24 81 00
13 04 01 01 13 00 00 00 83 20 C1 00 03 24 81 00
13 01 01 01 67 80 00 00 13 01 01 FF 23 26 11 00
23 24 81 00 13 04 01 01 B7 07 00 26 93 87 47 02
13 07 B0 00 23 A0 E7 00 B7 07 00 26 93 87 87 02
37 27 00 00 13 07 97 80 23 A0 E7 00 B7 07 00 26
93 87 C7 02 13 07 30 40 23 A0 E7 00 B7 07 00 26
93 87 07 03 13 07 30 40 23 A0 E7 00 B7 07 00 26
93 87 47 03 13 07 30 40 23 A0 E7 00 B7 07 00 26
93 87 87 03 13 07 30 40 23 A0 E7 00 B7 07 00 26
93 87 C7 03 37 27 00 00 13 07 97 80 23 A0 E7 00
B7 07 00 26 93 87 07 04 13 07 A0 00 23 A0 E7 00
B7 07 00 26 93 87 47 04 13 07 A0 00 23 A0 E7 00
B7 07 00 26 93 87 87 04 13 07 A0 00 23 A0 E7 00
B7 07 00 26 93 87 C7 04 13 07 A0 00 23 A0 E7 00
B7 07 00 26 93 87 07 05 13 07 A0 00 23 A0 E7 00
B7 07 00 26 93 87 47 05 13 07 A0 00 23 A0 E7 00
B7 07 00 26 93 87 87 05 13 07 A0 00 23 A0 E7 00
B7 07 00 26 93 87 C7 05 13 07 A0 00 23 A0 E7 00
B7 07 00 26 93 87 07 06 13 07 A0 00 23 A0 E7 00
B7 07 00 26 93 87 47 06 13 07 A0 00 23 A0 E7 00
B7 07 00 26 93 87 87 06 13 07 A0 00 23 A0 E7 00
B7 07 00 26 93 87 C7 06 13 07 A0 00 23 A0 E7 00
B7 07 00 26 93 87 07 07 13 07 A0 00 23 A0 E7 00
B7 07 00 26 93 87 47 07 13 07 A0 00 23 A0 E7 00
B7 07 00 26 93 87 87 07 13 07 A0 00 23 A0 E7 00
B7 07 00 26 93 87 C7 07 13 07 A0 00 23 A0 E7 00
B7 07 00 26 93 87 07 08 13 07 A0 00 23 A0 E7 00
B7 07 00 26 93 87 47 08 13 07 A0 00 23 A0 E7 00
B7 07 00 26 93 87 87 08 13 07 A0 00 23 A0 E7 00
B7 07 00 26 93 87 C7 08 13 07 A0 00 23 A0 E7 00
B7 07 00 26 93 87 07 09 13 07 A0 00 23 A0 E7 00
B7 07 00 26 93 87 47 09 13 07 A0 00 23 A0 E7 00
B7 07 00 26 93 87 87 09 13 07 A0 00 23 A0 E7 00
B7 07 00 26 93 87 C7 09 13 07 A0 00 23 A0 E7 00
B7 07 00 26 93 87 07 0A 13 07 A0 00 23 A0 E7 00
B7 07 00 26 93 87 47 0A 13 07 A0 00 23 A0 E7 00
B7 07 00 26 93 87 87 0A 13 07 A0 00 23 A0 E7 00
B7 07 00 26 93 87 C7 0A 13 07 A0 00 23 A0 E7 00
B7 07 00 26 93 87 07 0B 13 07 A0 00 23 A0 E7 00
B7 07 00 26 93 87 47 0B 37 27 00 00 13 07 97 80
23 A0 E7 00 B7 07 00 26 93 87 87 0B 37 27 00 00
13 07 97 80 23 A0 E7 00 B7 07 00 26 13 07 10 00
23 A0 E7 00 13 00 00 00 B7 07 00 26 03 A7 07 00
93 07 10 00 E3 0A F7 FE 13 00 00 00 13 00 00 00
83 20 C1 00 03 24 81 00 13 01 01 01 67 80 00 00
13 01 01 FE 23 2E 11 00 23 2C 81 00 13 04 01 02
23 26 A4 FE 83 27 C4 FE 93 97 17 00 23 26 F4 FE
6F 00 00 01 83 27 C4 FE 93 87 F7 FF 23 26 F4 FE
83 27 C4 FE E3 98 07 FE 13 00 00 00 13 00 00 00
83 20 C1 01 03 24 81 01 13 01 01 02 67 80 00 00
13 01 01 FD 23 26 11 02 23 24 81 02 13 04 01 03
23 2E A4 FC 23 26 04 FE 6F 00 40 04 B7 37 00 F0
93 87 47 81 23 A0 07 00 B7 17 03 00 13 85 07 D4
EF F0 1F F8 B7 37 00 F0 93 87 47 81 13 07 10 00
23 A0 E7 00 B7 17 03 00 13 85 07 D4 EF F0 5F F6
83 27 C4 FE 93 87 17 00 23 26 F4 FE 03 27 C4 FE
83 27 C4 FD E3 4C F7 FA 13 00 00 00 13 00 00 00
83 20 C1 02 03 24 81 02 13 01 01 03 67 80 00 00
13 01 01 FF 23 26 11 00 23 24 81 00 13 04 01 01
B7 87 1E 00 13 85 07 48 EF F0 9F F1 13 00 00 00
83 20 C1 00 03 24 81 00 13 01 01 01 67 80 00 00
13 01 01 FE 23 2E 11 00 23 2C 81 00 13 04 01 02
23 26 A4 FE B7 67 00 F0 93 87 47 80 83 A7 07 00
63 9C 07 00 B7 67 00 F0 93 87 07 80 03 27 C4 FE
13 77 F7 0F 23 A0 E7 00 13 00 00 00 83 20 C1 01
03 24 81 01 13 01 01 02 67 80 00 00 13 01 01 FE
23 2E 11 00 23 2C 81 00 13 04 01 02 23 26 A4 FE
23 24 B4 FE 23 22 C4 FE 13 05 10 07 EF F0 5F F9
83 27 44 FE 93 F7 F7 00 13 85 07 00 EF F0 5F F8
83 27 84 FE 93 F7 F7 00 13 85 07 00 EF F0 5F F7
83 27 C4 FE 93 F7 17 00 13 85 07 00 EF F0 5F F6
13 00 00 00 83 20 C1 01 03 24 81 01 13 01 01 02
67 80 00 00 13 01 01 FE 23 2E 11 00 23 2C 81 00
13 04 01 02 23 26 A4 FE 23 24 B4 FE 23 22 C4 FE
13 05 20 07 EF F0 DF F2 83 27 84 FE 93 F7 F7 00
13 85 07 00 EF F0 DF F1 83 27 44 FE 93 F7 F7 00
13 85 07 00 EF F0 DF F0 83 27 C4 FE 93 F7 17 00
13 85 07 00 EF F0 DF EF 13 00 00 00 83 20 C1 01
03 24 81 01 13 01 01 02 67 80 00 00 13 01 01 FE
23 2E 11 00 23 2C 81 00 13 04 01 02 23 26 A4 FE
23 24 B4 FE 23 22 C4 FE 23 20 D4 FE 83 27 C4 FE
63 80 07 02 83 27 84 FE 03 A7 07 00 B7 07 10 00
33 67 F7 00 83 27 84 FE 23 A0 E7 00 6F 00 00 02
83 27 84 FE 03 A7 07 00 B7 07 F0 FF 93 87 F7 FF
33 77 F7 00 83 27 84 FE 23 A0 E7 00 83 27 84 FE
03 A7 07 00 B7 07 80 F8 93 87 F7 FF 33 77 F7 00
83 27 04 FE 93 96 77 01 B7 07 80 07 B3 F7 F6 00
33 67 F7 00 83 27 84 FE 23 A0 E7 00 83 27 84 FE
03 A7 07 00 B7 07 E0 FF 93 87 F7 FF 33 77 F7 00
83 27 84 FE 23 A0 E7 00 83 27 84 FE 03 A7 07 00
B7 87 FF FF 93 87 F7 FF 33 77 F7 00 83 27 84 FE
23 A0 E7 00 B7 37 00 F0 93 87 C7 03 03 27 84 FE
03 27 07 00 23 A0 E7 00 03 27 00 49 93 07 07 00
93 97 27 00 B3 87 E7 00 93 97 17 00 13 85 07 00
EF F0 1F CF 83 27 84 FE 03 A7 07 00 B7 87 00 00
33 67 F7 00 83 27 84 FE 23 A0 E7 00 B7 37 00 F0
93 87 C7 03 03 27 84 FE 03 27 07 00 23 A0 E7 00
03 27 00 49 93 07 07 00 93 97 27 00 B3 87 E7 00
93 97 17 00 13 85 07 00 EF F0 9F CA 83 27 84 FE
03 A7 07 00 B7 87 FF FF 93 87 F7 FF 33 77 F7 00
83 27 84 FE 23 A0 E7 00 B7 37 00 F0 93 87 C7 03
03 27 84 FE 03 27 07 00 23 A0 E7 00 03 27 00 49
93 07 07 00 93 97 27 00 B3 87 E7 00 93 97 17 00
13 85 07 00 EF F0 DF C5 83 27 84 FE 03 A7 07 00
B7 07 00 88 93 87 F7 FF 33 77 F7 00 83 27 44 FE
93 96 B7 01 B7 07 00 78 B3 F7 F6 00 33 67 F7 00
83 27 84 FE 23 A0 E7 00 B7 37 00 F0 93 87 C7 03
03 27 84 FE 03 27 07 00 23 A0 E7 00 03 27 00 49
93 07 07 00 93 97 27 00 B3 87 E7 00 93 97 17 00
13 85 07 00 EF F0 DF BF 83 27 84 FE 03 A7 07 00
B7 07 20 00 33 67 F7 00 83 27 84 FE 23 A0 E7 00
B7 37 00 F0 93 87 C7 03 03 27 84 FE 03 27 07 00
23 A0 E7 00 03 27 00 49 93 07 07 00 93 97 27 00
B3 87 E7 00 93 97 17 00 13 85 07 00 EF F0 5F BB
83 27 84 FE 03 A7 07 00 B7 07 E0 FF 93 87 F7 FF
33 77 F7 00 83 27 84 FE 23 A0 E7 00 B7 37 00 F0
93 87 C7 03 03 27 84 FE 03 27 07 00 23 A0 E7 00
13 00 00 00 83 20 C1 01 03 24 81 01 13 01 01 02
67 80 00 00 13 01 01 FE 23 2E 11 00 23 2C 81 00
13 04 01 02 23 26 A4 FE 23 24 B4 FE 23 22 C4 FE
83 27 44 FE 63 80 07 02 83 27 C4 FE 03 A7 07 00
B7 07 10 00 33 67 F7 00 83 27 C4 FE 23 A0 E7 00
6F 00 00 02 83 27 C4 FE 03 A7 07 00 B7 07 F0 FF
93 87 F7 FF 33 77 F7 00 83 27 C4 FE 23 A0 E7 00
83 27 C4 FE 03 A7 07 00 B7 07 80 F8 93 87 F7 FF
33 77 F7 00 83 27 84 FE 93 96 77 01 B7 07 80 07
B3 F7 F6 00 33 67 F7 00 83 27 C4 FE 23 A0 E7 00
B7 37 00 F0 93 87 C7 03 03 27 C4 FE 03 27 07 00
23 A0 E7 00 03 27 00 49 93 07 07 00 93 97 27 00
B3 87 E7 00 93 97 17 00 13 85 07 00 EF F0 5F AB
83 27 C4 FE 03 A7 07 00 B7 07 40 00 33 67 F7 00
83 27 C4 FE 23 A0 E7 00 B7 37 00 F0 93 87 C7 03
03 27 C4 FE 03 27 07 00 23 A0 E7 00 03 27 00 49
93 07 07 00 93 97 27 00 B3 87 E7 00 93 97 17 00
13 85 07 00 EF F0 DF A6 83 27 C4 FE 03 A7 07 00
B7 07 C0 FF 93 87 F7 FF 33 77 F7 00 83 27 C4 FE
23 A0 E7 00 B7 37 00 F0 93 87 C7 03 03 27 C4 FE
03 27 07 00 23 A0 E7 00 13 00 00 00 83 20 C1 01
03 24 81 01 13 01 01 02 67 80 00 00 13 01 01 FD
23 26 11 02 23 24 81 02 13 04 01 03 23 2E A4 FC
23 2C B4 FC 23 2A C4 FC 23 28 D4 FC 83 27 84 FD
63 80 07 02 83 27 C4 FD 03 A7 07 00 B7 07 10 00
33 67 F7 00 83 27 C4 FD 23 A0 E7 00 6F 00 00 02
83 27 C4 FD 03 A7 07 00 B7 07 F0 FF 93 87 F7 FF
33 77 F7 00 83 27 C4 FD 23 A0 E7 00 83 27 04 FD
93 97 37 00 13 F7 87 00 83 27 04 FD 93 97 17 00
93 F7 47 00 33 67 F7 00 83 27 04 FD 93 D7 17 00
93 F7 27 00 33 67 F7 00 83 27 04 FD 93 D7 37 00
93 F7 17 00 B3 67 F7 00 23 26 F4 FE 83 27 C4 FD
03 A7 07 00 B7 87 FF FF 93 87 F7 FF 33 77 F7 00
83 27 C4 FD 23 A0 E7 00 83 27 C4 FD 03 A7 07 00
B7 07 71 F8 93 87 F7 FF 33 77 F7 00 83 27 C4 FE
93 96 07 01 B7 07 0F 00 B3 F7 F6 00 33 67 F7 00
83 27 44 FD 93 96 77 01 B7 07 80 07 B3 F7 F6 00
33 67 F7 00 83 27 C4 FD 23 A0 E7 00 83 27 C4 FD
03 A7 07 00 B7 87 FF FF 93 87 F7 FF 33 77 F7 00
83 27 C4 FD 23 A0 E7 00 B7 37 00 F0 93 87 C7 03
03 27 C4 FD 03 27 07 00 23 A0 E7 00 03 27 00 49
93 07 07 00 93 97 27 00 B3 87 E7 00 93 97 17 00
13 85 07 00 EF F0 DF 8D 83 27 C4 FD 03 A7 07 00
B7 87 00 00 33 67 F7 00 83 27 C4 FD 23 A0 E7 00
B7 37 00 F0 93 87 C7 03 03 27 C4 FD 03 27 07 00
23 A0 E7 00 03 27 00 49 93 07 07 00 93 97 27 00
B3 87 E7 00 93 97 17 00 13 85 07 00 EF F0 5F 89
83 27 C4 FD 03 A7 07 00 B7 87 FF FF 93 87 F7 FF
33 77 F7 00 83 27 C4 FD 23 A0 E7 00 B7 37 00 F0
93 87 C7 03 03 27 C4 FD 03 27 07 00 23 A0 E7 00
03 27 00 49 93 07 07 00 93 97 27 00 B3 87 E7 00
93 97 17 00 13 85 07 00 EF F0 9F 84 13 00 00 00
83 20 C1 02 03 24 81 02 13 01 01 03 67 80 00 00
13 01 01 FE 23 2E 11 00 23 2C 81 00 13 04 01 02
23 26 A4 FE 83 27 C4 FE 03 A7 07 00 B7 87 00 00
33 67 F7 00 83 27 C4 FE 23 A0 E7 00 B7 37 00 F0
93 87 C7 03 03 27 C4 FE 03 27 07 00 23 A0 E7 00
03 27 00 49 93 07 07 00 93 97 27 00 B3 87 E7 00
93 97 17 00 13 85 07 00 EF F0 8F FD 83 27 C4 FE
03 A7 07 00 B7 87 FF FF 93 87 F7 FF 33 77 F7 00
83 27 C4 FE 23 A0 E7 00 B7 37 00 F0 93 87 C7 03
03 27 C4 FE 03 27 07 00 23 A0 E7 00 13 00 00 00
83 20 C1 01 03 24 81 01 13 01 01 02 67 80 00 00
13 01 01 FE 23 2E 11 00 23 2C 81 00 13 04 01 02
83 27 00 00 23 26 F4 FE 83 27 C4 FE 93 97 D7 00
03 27 C4 FE B3 47 F7 00 23 26 F4 FE 83 27 C4 FE
93 D7 17 01 03 27 C4 FE B3 47 F7 00 23 26 F4 FE
83 27 C4 FE 93 97 57 00 03 27 C4 FE B3 47 F7 00
23 26 F4 FE 03 27 C4 FE 23 20 E0 00 83 27 C4 FE
13 85 07 00 83 20 C1 01 03 24 81 01 13 01 01 02
67 80 00 00 13 01 01 FD 23 26 11 02 23 24 81 02
13 04 01 03 23 2E A4 FC 23 2C B4 FC 23 26 04 FE
6F 00 80 03 83 27 84 FD 93 F7 17 00 63 8A 07 00
03 27 C4 FE 83 27 C4 FD B3 07 F7 00 23 26 F4 FE
83 27 C4 FD 93 97 17 00 23 2E F4 FC 83 27 84 FD
93 D7 17 00 23 2C F4 FC 83 27 84 FD E3 94 07 FC
83 27 C4 FE 13 85 07 00 83 20 C1 02 03 24 81 02
13 01 01 03 67 80 00 00 13 01 01 FE 23 2E 11 00
23 2C 81 00 13 04 01 02 B7 37 00 F0 93 87 87 02
83 A7 07 00 23 26 F4 FE B7 37 00 F0 93 87 47 02
83 A7 07 00 23 24 F4 FE 83 27 C4 FE 93 D7 E7 01
93 97 37 00 13 F7 87 00 83 27 C4 FE 93 D7 F7 01
93 97 27 00 33 67 F7 00 83 27 84 FE 93 97 17 00
93 F7 27 00 33 67 F7 00 83 27 84 FE 93 D7 17 00
93 F7 17 00 B3 67 F7 00 13 85 07 00 83 20 C1 01
03 24 81 01 13 01 01 02 67 80 00 00 13 01 01 FB
23 26 11 04 23 24 81 04 13 04 01 05 23 2E 04 FA
23 26 04 FE 23 2C 04 FA 93 07 84 FB 93 85 07 00
13 05 E0 00 EF 00 D0 4C 93 07 C4 FB 93 06 00 00
13 06 F0 00 93 85 07 00 13 05 10 00 EF F0 1F 80
93 07 C4 FB 93 06 E0 00 13 06 00 00 93 05 10 00
13 85 07 00 EF F0 9F BA B7 37 00 10 13 85 C7 71
EF E0 1F BE 23 24 04 FE 6F 00 80 28 23 22 04 FE
23 20 04 FE 23 2E 04 FC B7 57 00 F0 93 87 C7 00
13 07 10 00 23 A0 E7 00 B7 57 00 F0 93 87 07 01
83 A7 07 00 23 26 F4 FC 6F 00 C0 1C B7 57 00 F0
93 87 C7 00 13 07 10 00 23 A0 E7 00 B7 57 00 F0
93 87 07 01 83 A7 07 00 03 27 C4 FC 33 07 F7 40
B7 67 62 02 93 87 F7 9F 63 E6 E7 1A B7 57 00 F0
93 87 C7 00 13 07 10 00 23 A0 E7 00 B7 57 00 F0
93 87 07 01 83 A7 07 00 23 24 F4 FC 23 2C 04 FC
6F 00 C0 01 93 07 C4 FB 13 85 07 00 EF F0 5F CF
83 27 84 FD 93 87 17 00 23 2C F4 FC 03 27 84 FD
93 07 40 00 E3 F0 E7 FE 23 2A 04 FC 6F 00 00 01
83 27 44 FD 93 87 17 00 23 2A F4 FC B7 37 00 F0
93 87 87 02 03 A7 07 00 B7 07 00 20 B3 77 F7 00
63 9A 07 00 03 27 44 FD B7 27 06 00 93 87 F7 A7
E3 F8 E7 FC B7 37 00 F0 93 87 87 02 03 A7 07 00
B7 07 00 20 B3 77 F7 00 63 86 07 0C 03 27 C4 FE
B7 07 00 10 B3 67 F7 00 23 26 F4 FE B7 37 00 F0
93 87 87 03 03 27 C4 FE 23 A0 E7 00 03 25 84 FE
EF F0 0F C9 EF F0 5F DE 23 22 A4 FC 13 05 E0 01
EF F0 0F C8 EF F0 5F DD 23 20 A4 FC 03 27 C4 FE
B7 07 00 F0 93 87 F7 FF B3 77 F7 00 23 26 F4 FE
B7 37 00 F0 93 87 87 03 03 27 C4 FE 23 A0 E7 00
23 28 04 FC 6F 00 00 01 83 27 04 FD 93 87 17 00
23 28 F4 FC B7 37 00 F0 93 87 87 02 03 A7 07 00
B7 07 00 20 B3 77 F7 00 63 88 07 00 03 27 04 FD
93 07 70 0C E3 FA E7 FC 03 27 44 FC 83 27 04 FC
63 08 F7 00 83 27 44 FE 93 87 17 00 23 22 F4 FE
83 27 04 FC 23 2E F4 FC 83 27 04 FE 93 87 17 00
23 20 F4 FE B7 57 00 F0 93 87 C7 00 13 07 10 00
23 A0 E7 00 B7 57 00 F0 93 87 07 01 83 A7 07 00
03 27 84 FC 33 07 F7 40 B7 17 03 00 93 87 F7 D3
E3 FA E7 FC 03 27 04 FE 93 07 F0 03 E3 F8 E7 E2
6F 00 80 00 13 00 00 00 B7 37 00 10 13 85 87 72
EF E0 1F 9C 93 05 20 00 03 25 84 FE EF E0 9F A0
B7 37 00 10 13 85 C7 72 EF E0 9F 9A 93 05 40 00
03 25 44 FE EF E0 1F 9F B7 37 00 10 13 85 87 73
EF E0 1F 99 93 05 40 00 03 25 04 FE EF E0 9F 9D
B7 37 00 10 13 85 C7 73 EF E0 9F 97 93 05 10 00
03 25 C4 FD EF E0 1F 9C B7 37 00 10 13 85 47 74
EF E0 1F 96 83 27 84 FE 93 87 17 00 23 24 F4 FE
03 27 84 FE 93 07 C0 00 E3 FA E7 D6 13 00 00 00
13 00 00 00 83 20 C1 04 03 24 81 04 13 01 01 05
67 80 00 00 13 01 01 FC B7 56 00 F0 23 2E 11 02
23 2C 91 02 23 2A 21 03 23 28 31 03 23 26 41 03
93 07 10 00 23 A6 F6 00 03 A5 06 01 B7 56 00 00
93 86 06 E2 13 07 00 00 13 D6 F7 01 93 97 17 00
B3 E7 C7 00 B3 C7 E7 00 13 07 17 00 E3 16 D7 FE
B7 56 00 F0 13 06 10 00 23 A6 C6 00 83 A5 06 01
23 22 F0 10 13 87 06 00 23 A6 C6 00 83 22 07 01
B7 46 00 10 B7 34 00 10 37 4E 00 10 B3 07 B5 40
13 8A 07 00 93 86 06 82 93 84 C4 7B 13 0E 0E 82
93 0F 80 0C 13 0F 00 00 13 08 C1 00 B7 6E 00 10
13 03 50 00 23 26 01 00 23 28 01 00 23 2A 01 00
23 2C 01 00 23 2E 01 00 13 86 04 00 13 07 00 00
93 08 00 00 13 05 00 00 93 05 00 00 83 57 06 00
63 1A 07 04 13 89 0E 6C 6F 00 80 01 83 97 27 00
13 97 47 00 33 87 E6 00 03 17 67 00 63 1C 07 02
93 97 47 00 B3 87 F6 00 03 97 07 00 83 A9 87 00
13 17 27 00 33 07 E9 00 03 27 07 00 E3 D8 E9 FC
83 97 47 00 13 97 47 00 33 87 E6 00 03 17 67 00
E3 08 07 FC 93 97 47 00 B3 87 F6 00 83 A7 C7 00
B3 85 05 01 13 05 15 00 B3 87 17 01 23 A0 F5 00
63 14 65 00 13 05 00 00 13 06 26 00 63 02 CE 02
83 57 06 00 93 15 25 00 B3 88 05 01 93 97 47 00
B3 87 F6 00 03 97 67 00 83 A8 08 00 6F F0 1F F6
83 25 C1 00 13 07 08 00 93 07 10 00 13 05 00 00
03 26 47 00 13 07 47 00 63 D6 C5 00 93 05 06 00
13 85 07 00 93 87 17 00 E3 94 67 FE 33 05 B5 00
93 8F FF FF 33 0F AF 00 E3 9E 0F EE 93 06 10 00
37 57 00 F0 23 26 D7 00 83 27 07 01 03 27 40 10
37 35 00 10 13 05 85 74 33 0F EF 00 B3 84 F2 40
23 22 E0 11 EF E0 CF F5 37 55 00 00 93 05 80 00
13 05 05 E2 EF E0 0F FA 37 35 00 10 13 05 85 75
EF E0 0F F4 13 05 0A 00 93 05 80 00 EF E0 8F F8
37 35 00 10 13 05 05 76 EF E0 8F F2 93 05 80 00
13 05 80 0C EF E0 0F F7 37 35 00 10 13 05 45 76
EF E0 0F F1 13 85 04 00 93 05 80 00 EF E0 8F F5
83 20 C1 03 83 24 81 03 03 29 41 03 83 29 01 03
03 2A C1 02 37 35 00 10 13 05 45 74 13 01 01 04
6F E0 0F EE 13 01 01 FE B7 56 00 F0 23 2C 91 00
23 26 41 01 23 2E 11 00 23 2A 21 01 23 28 31 01
23 24 51 01 23 22 61 01 23 20 71 01 93 07 10 00
23 A6 F6 00 03 AA 06 01 B7 56 00 00 93 86 06 E2
93 04 00 00 13 D7 F7 01 93 97 17 00 B3 E7 E7 00
B3 C7 97 00 93 84 14 00 E3 96 D4 FE B7 59 00 F0
13 0B 10 00 23 A6 69 01 03 A7 09 01 23 22 F0 10
23 A6 69 01 13 05 00 7D 83 AB 09 01 33 0A EA 40
E7 00 00 40 23 A6 69 01 03 A9 09 01 83 27 40 10
13 07 05 00 37 35 00 10 B3 87 E7 00 13 05 C5 76
23 22 F0 10 EF E0 CF E3 13 85 04 00 93 05 80 00
EF E0 4F E8 37 35 00 10 13 05 85 75 EF E0 4F E2
13 05 0A 00 93 05 80 00 EF E0 CF E6 37 35 00 10
13 05 05 76 EF E0 CF E0 93 05 80 00 13 05 00 7D
EF E0 4F E5 37 35 00 10 13 05 45 76 EF E0 4F DF
33 85 2B 41 93 05 80 00 EF E0 CF E3 83 20 C1 01
83 24 81 01 03 29 41 01 83 29 01 01 03 2A C1 00
83 2A 81 00 03 2B 41 00 83 2B 01 00 37 35 00 10
13 05 45 74 13 01 01 02 6F E0 8F DB 13 07 05 00
63 44 05 04 63 CC 05 02 93 06 00 00 63 86 05 04
13 05 00 00 93 F7 15 00 B3 07 F0 40 B3 F7 E7 00
93 D5 15 00 33 05 F5 00 13 17 17 00 E3 94 05 FE
63 84 06 00 33 05 A0 40 67 80 00 00 93 06 10 00
B3 05 B0 40 6F F0 DF FC 33 07 A0 40 63 CA 05 00
93 06 10 00 E3 9E 05 FA 13 05 00 00 67 80 00 00
93 06 00 00 B3 05 B0 40 6F F0 9F FA 13 01 01 FB
B7 56 00 F0 23 26 11 04 23 24 91 04 23 22 21 05
23 20 31 05 23 2E 41 03 23 2C 51 03 23 2A 61 03
23 28 71 03 23 26 81 03 23 24 91 03 23 22 A1 03
23 20 B1 03 93 07 10 00 23 A6 F6 00 03 A5 06 01
37 56 00 00 13 06 06 E2 13 07 00 00 93 D6 F7 01
93 97 17 00 B3 E7 D7 00 B3 C7 E7 00 13 07 17 00
E3 16 C7 FE B7 56 00 F0 13 06 10 00 23 A6 C6 00
83 A5 06 01 23 22 F0 10 23 A6 C6 00 B7 7A 00 10
83 AC 06 01 93 8A 0A D0 B7 6B 00 10 B3 07 B5 40
23 28 F1 00 13 8C 0A 20 13 0B 80 10 93 8B 0B 6E
13 0A C0 16 93 09 0B 00 13 89 0B 00 93 04 09 FE
13 8D 0A 00 93 0D 00 00 83 25 0D 00 03 A5 04 00
93 84 44 00 13 0D 4D 00 EF F0 5F EC 13 55 05 41
B3 8D AD 00 E3 92 24 FF 23 90 B9 01 93 89 29 00
13 89 04 02 E3 94 49 FD 93 8A 0A 02 E3 9C 8A FB
37 57 00 F0 93 06 10 00 23 26 D7 00 03 26 07 01
03 13 0B 00 23 26 D7 00 B3 87 CC 40 03 2E 07 01
93 08 A0 10 23 2A F1 00 13 08 00 01 93 0C 00 00
B7 15 00 00 37 25 00 00 93 87 08 00 13 06 03 00
83 96 07 00 93 87 27 00 33 87 C6 40 33 07 B7 00
63 76 E5 00 93 8C 1C 00 13 86 06 00 E3 92 47 FF
13 08 F8 FF E3 1A 08 FC 37 57 00 F0 93 06 10 00
23 26 D7 00 03 26 07 01 93 07 07 00 23 26 D7 00
83 A7 07 01 37 87 00 10 B7 79 00 10 B3 06 CE 40
23 2E F1 00 93 07 07 50 23 2C D1 00 93 89 09 F0
93 0B C0 16 23 26 F1 00 13 0B 00 00 13 0C 30 00
93 0A 60 09 03 2D C1 00 93 07 8B 00 23 24 F1 00
03 2A 0D 00 93 0D 00 00 13 09 00 00 93 04 50 02
13 05 00 00 93 05 0A 00 EF F0 5F DC B3 87 B9 01
83 C7 07 00 93 56 05 41 93 8D 1D 00 13 95 87 00
33 05 D5 00 63 C0 9D 02 B3 07 2B 01 93 97 27 00
B3 87 FB 00 63 48 2C 01 23 A0 A7 00 13 09 19 00
93 84 54 02 E3 90 5D FD 83 27 81 00 13 0B 4B 00
13 0D 4D 00 E3 1E FB F8 93 07 00 08 93 89 69 09
E3 12 FB F8 37 57 00 F0 93 06 10 00 23 26 D7 00
03 26 07 01 23 26 D7 00 83 27 07 01 37 8A 00 10
B7 89 00 10 23 26 F1 00 83 27 C1 01 13 0A 0A 26
B3 87 C7 40 23 24 F1 00 93 89 09 86 93 04 C0 36
93 0A 00 00 13 0B 00 00 13 09 00 00 03 2C 0A 00
13 8D 0B 00 93 8D 09 00 83 25 0D 00 03 A5 0D 00
13 0D 4D 00 93 8D 4D 00 EF F0 5F D0 13 55 05 41
33 0C AC 00 E3 12 9D FE 63 84 0A 02 63 56 8B 01
13 0B 0C 00 13 89 0A 00 93 8A 1A 00 93 07 50 00
63 84 FA 02 13 0A 4A 00 93 89 09 20 6F F0 1F FB
13 0A 4A 00 93 89 09 20 13 0B 0C 00 13 09 00 00
93 0A 10 00 6F F0 9F F9 37 57 00 F0 93 06 10 00
23 26 D7 00 83 24 07 01 03 27 40 10 B3 07 99 01
B3 87 67 01 B3 87 E7 00 03 27 C1 00 37 35 00 10
13 05 85 77 B3 04 97 40 23 22 F0 10 EF E0 4F A3
37 55 00 00 93 05 80 00 13 05 05 E2 EF E0 8F A7
37 35 00 10 13 05 85 75 EF E0 8F A1 03 25 01 01
93 05 80 00 EF E0 0F A6 37 35 00 10 13 05 85 78
EF E0 0F A0 03 25 41 01 93 05 80 00 EF E0 8F A4
37 35 00 10 13 05 05 79 EF E0 8F 9E 03 25 81 01
93 05 80 00 EF E0 0F A3 37 35 00 10 13 05 85 79
EF E0 0F 9D 03 25 81 00 93 05 80 00 EF E0 8F A1
37 35 00 10 13 05 05 7A EF E0 8F 9B 13 85 04 00
93 05 80 00 EF E0 0F A0 37 35 00 10 13 05 85 7A
EF E0 0F 9A 13 85 0C 00 93 05 80 00 EF E0 8F 9E
83 20 C1 04 83 24 81 04 03 29 41 04 83 29 01 04
03 2A C1 03 83 2A 81 03 03 2B 41 03 83 2B 01 03
03 2C C1 02 83 2C 81 02 03 2D 41 02 83 2D 01 02
37 35 00 10 13 05 45 74 13 01 01 05 6F E0 4F 95
13 01 01 FF B7 56 00 F0 23 26 11 00 23 24 91 00
23 22 21 01 93 07 10 00 23 A6 F6 00 03 A5 06 01
37 56 00 00 13 06 06 E2 13 07 00 00 93 D6 F7 01
93 97 17 00 B3 E7 D7 00 B3 C7 E7 00 13 07 17 00
E3 16 C7 FE B7 56 00 F0 13 06 10 00 23 A6 C6 00
83 A5 06 01 23 22 F0 10 23 A6 C6 00 83 AE 06 01
B3 07 B5 40 37 13 00 00 13 89 07 00 13 03 83 BB
13 05 00 7D 93 08 00 00 13 08 00 00 13 07 00 00
37 0E 01 00 B7 F6 00 00 93 86 06 A6 13 06 00 01
93 05 00 00 93 F7 16 00 B3 07 F0 40 B3 F7 E7 00
13 06 F6 FF B3 85 F5 00 13 17 17 00 93 D6 16 00
E3 12 06 FE 63 5A 00 0B 13 08 F8 FF 13 07 00 00
13 05 F5 FF E3 10 05 FC 93 06 10 00 37 57 00 F0
23 26 D7 00 83 27 07 01 03 27 40 10 37 35 00 10
13 05 05 7B B3 88 E8 00 B3 84 FE 40 23 22 10 11
EF E0 0F 86 37 55 00 00 93 05 80 00 13 05 05 E2
EF E0 4F 8A 37 35 00 10 13 05 85 75 EF E0 4F 84
13 05 09 00 93 05 80 00 EF E0 CF 88 37 35 00 10
13 05 05 76 EF E0 CF 82 93 05 80 00 13 05 00 7D
EF E0 4F 87 37 35 00 10 13 05 45 76 EF E0 4F 81
13 85 04 00 93 05 80 00 EF E0 CF 85 83 20 C1 00
83 24 81 00 03 29 41 00 37 35 00 10 13 05 45 74
13 01 01 01 6F D0 DF FE 93 D5 05 01 33 87 65 00
E3 48 C7 F5 93 88 18 00 13 07 00 00 13 08 D0 07
6F F0 1F F4 13 01 01 FD 23 26 11 02 23 24 81 02
13 04 01 03 23 2E A4 FC EF F0 8F A0 93 07 05 00
93 D7 87 01 23 26 F4 FE B7 87 00 10 13 87 47 27
83 27 C4 FE 93 97 17 00 B3 07 F7 00 83 D7 07 00
93 85 07 00 03 25 C4 FD EF F0 CF A4 93 07 05 00
93 D7 77 00 23 24 F4 FE 83 27 84 FE 63 86 07 00
83 27 84 FE 6F 00 80 00 93 07 10 00 13 85 07 00
83 20 C1 02 03 24 81 02 13 01 01 03 67 80 00 00
13 01 01 FE 23 2A 21 01 37 39 00 F0 23 2C 91 00
23 28 31 01 23 26 41 01 23 24 51 01 23 22 61 01
23 2E 11 00 93 09 05 00 93 84 05 00 13 09 49 03
13 0B 30 00 93 0A 10 00 13 0A F0 FF 83 A6 04 00
33 97 6A 01 33 77 37 01 13 05 A0 00 93 F7 76 FF
63 04 07 00 93 E7 86 00 93 F7 B7 FF 23 A0 F4 00
23 20 F9 00 EF E0 DF 8C 83 A7 04 00 13 05 A0 00
13 0B FB FF 93 E7 47 00 23 A0 F4 00 23 20 F9 00
EF E0 1F 8B 83 A7 04 00 13 05 A0 00 93 F7 B7 FF
23 A0 F4 00 23 20 F9 00 EF E0 9F 89 E3 10 4B FB
83 A7 04 00 83 20 C1 01 83 29 01 01 93 F7 77 FF
23 A0 F4 00 23 20 F9 00 83 24 81 01 03 29 41 01
03 2A C1 00 83 2A 81 00 03 2B 41 00 13 01 01 02
67 80 00 00 03 C7 45 04 83 C6 55 04 13 01 01 FD
B7 38 00 F0 37 33 00 F0 37 3E 00 F0 B7 5E 00 F0
37 5F 00 F0 B7 0F 20 00 B7 02 00 F0 23 26 91 02
23 24 21 03 23 22 31 03 13 06 05 00 23 20 41 03
23 2E 51 01 13 77 F7 0F 93 F6 F6 0F 13 05 00 00
93 88 88 02 93 03 00 04 B7 04 00 10 13 03 83 03
13 09 20 00 13 0E 4E 02 93 8E CE 00 93 09 10 00
13 0F 0F 01 93 8F FF FF 93 82 F2 FF 83 A7 08 00
13 98 27 00 63 54 08 00 63 18 75 02 13 77 F7 0F
23 82 E5 04 93 F6 F6 0F A3 82 D5 04 83 24 C1 02
03 29 81 02 83 29 41 02 03 2A 01 02 83 2A C1 01
13 01 01 03 67 80 00 00 83 27 06 00 13 05 15 00
B3 E7 97 00 23 20 F6 00 23 20 F3 00 23 26 21 01
83 27 C1 00 63 9E 07 0A 03 A8 08 00 03 2A 0E 00
93 57 F8 01 93 1A 1A 00 93 97 27 00 93 FA 2A 00
13 5A 1A 00 B3 E7 57 01 13 7A 1A 00 13 58 B8 01
13 78 88 00 B3 E7 47 01 B3 E7 07 01 23 A0 F5 00
03 D8 05 05 33 58 F8 40 13 78 18 00 63 02 08 04
23 A0 3E 01 03 2A 0F 00 13 18 27 00 93 97 57 01
33 7A FA 01 33 88 05 01 B3 E7 47 01 13 07 17 00
23 22 F8 00 13 77 F7 00 63 9C E6 00 83 A7 85 04
93 86 16 00 93 F6 F6 00 93 87 17 00 23 A4 F5 04
B7 17 00 00 93 87 17 FA 03 A8 08 00 13 1A 28 00
63 56 0A 00 93 87 F7 FF E3 98 07 FE 83 27 06 00
B3 F7 57 00 23 20 F6 00 23 20 F3 00 6F F0 1F EF
83 27 C1 00 93 87 F7 FF 23 26 F1 00 6F F0 5F F3
13 01 01 D4 23 2E 11 2A 23 2C 81 2A 23 2A 91 2A
13 04 01 2C B7 37 00 F0 93 87 07 80 13 07 10 00
23 A0 E7 00 B7 37 00 F0 93 87 47 80 23 A0 07 00
B7 37 00 F0 93 87 87 80 13 07 10 00 23 A0 E7 00
B7 37 00 F0 93 87 C7 80 13 07 10 00 23 A0 E7 00
B7 37 00 F0 93 87 47 81 13 07 10 00 23 A0 E7 00
B7 07 00 26 93 87 47 00 23 A0 07 00 B7 57 00 00
13 85 07 E2 EF E0 CF E4 B7 07 00 26 93 87 47 00
13 07 10 00 23 A0 E7 00 B7 57 00 00 13 85 07 E2
EF E0 0F E3 EF E0 4F B7 B7 37 00 F0 93 87 C7 01
37 07 00 80 13 07 87 FF 23 A0 E7 00 B7 37 00 F0
93 87 87 01 37 07 00 10 23 A0 E7 00 B7 37 00 F0
93 87 47 01 13 07 C0 05 23 A0 E7 00 B7 37 00 F0
93 87 07 01 23 A0 07 00 B7 37 00 F0 93 87 C7 00
23 A0 07 00 B7 37 00 F0 93 87 87 00 23 A0 07 00
B7 37 00 F0 93 87 47 00 23 A0 07 00 B7 37 00 F0
23 A0 07 00 23 24 04 F4 23 22 04 F4 23 20 04 F4
B7 37 00 F0 93 87 C7 03 03 27 84 F4 23 A0 E7 00
B7 37 00 F0 93 87 87 03 03 27 44 F4 23 A0 E7 00
B7 37 00 F0 93 87 47 03 03 27 04 F4 23 A0 E7 00
13 05 80 3E EF E0 CF D7 83 27 04 F4 93 E7 07 01
23 20 F4 F4 B7 37 00 F0 93 87 47 03 03 27 04 F4
23 A0 E7 00 13 05 80 3E EF E0 8F D5 B7 67 00 F0
13 07 10 00 23 A0 E7 00 13 05 30 00 EF E0 4F D9
B7 57 00 F0 93 87 87 00 23 A0 07 00 B7 57 00 F0
13 07 F0 FF 23 A0 E7 00 B7 57 00 F0 93 87 47 00
13 07 F0 FF 23 A0 E7 00 B7 57 00 F0 93 87 87 00
13 07 10 00 23 A0 E7 00 B7 57 00 F0 93 87 C7 00
13 07 10 00 23 A0 E7 00 B7 57 00 F0 93 87 07 01
83 A7 07 00 93 07 40 49 23 A0 07 00 13 07 10 00
23 28 E0 48 93 07 40 49 23 82 07 04 93 07 40 49
A3 82 07 04 93 07 40 49 23 A4 07 04 93 07 40 49
23 A6 07 04 93 07 40 49 13 07 F0 FF 23 98 E7 04
93 07 04 F4 93 85 07 00 13 05 E0 00 EF F0 5F B7
23 26 04 FE 23 24 04 FE 23 22 04 FE 23 20 04 FE
23 2E 04 FC 6F 00 00 04 03 27 C4 FD 93 07 84 F4
13 06 10 00 93 05 07 00 13 85 07 00 EF E0 9F 90
03 27 C4 FD 93 07 84 F4 13 06 00 00 93 05 07 00
13 85 07 00 EF E0 1F 8F 83 27 C4 FD 93 87 17 00
23 2E F4 FC 03 27 C4 FD 93 07 F0 00 E3 DE E7 FA
93 07 E0 00 23 2C F4 FC 93 07 E0 00 23 2A F4 FC
93 07 10 00 23 28 F4 FC 93 07 84 F4 83 26 44 FD
03 26 84 FD 83 25 04 FD 13 85 07 00 EF E0 1F 9F
23 26 04 FC 23 24 04 FC 23 22 04 FC 23 20 04 FC
23 2E 04 FA 23 2C 04 FA 23 2A 04 FA 23 28 04 FA
23 26 04 FA 23 24 04 FA 23 22 04 FA 23 20 04 FA
23 2E 04 F8 23 2C 04 F8 23 2A 04 F8 23 28 04 F8
6F 00 90 1F B7 67 00 F0 93 87 07 80 83 A7 07 00
93 F7 F7 0F 23 2E F4 F6 B7 67 00 F0 93 87 07 81
13 07 20 00 23 A0 E7 00 83 27 04 F9 93 87 17 00
23 28 F4 F8 03 27 C4 F7 93 07 00 0F 63 18 F7 00
93 07 20 00 23 26 F4 FE 6F 00 10 1B 03 27 C4 F7
93 07 00 0E 63 18 F7 00 93 07 50 00 23 26 F4 FE
6F 00 90 19 03 27 C4 F7 93 07 10 0E 63 1A F7 00
93 07 84 F4 13 85 07 00 EF E0 9F B2 6F 00 D0 17
03 27 C4 F7 93 07 B0 0D 63 14 F7 00 6F 00 D0 16
03 27 C4 F7 93 07 20 0E 63 1C F7 00 23 24 04 FC
93 07 80 00 23 26 F4 FE 23 22 04 FC 6F 00 D0 14
03 27 C4 F7 93 07 30 0E 63 16 F7 00 23 26 04 FC
6F 00 90 13 03 27 C4 F7 93 07 40 0E 63 18 F7 00
93 07 C0 00 23 26 F4 FE 6F 00 10 12 03 27 C4 F7
93 07 50 0E 63 16 F7 00 23 2E 04 FA 6F 00 D0 10
03 27 C4 F7 93 07 60 0E 63 18 F7 00 93 07 D0 00
23 26 F4 FE 6F 00 50 0F 03 27 C4 F7 93 07 90 0E
63 18 F7 00 93 07 40 01 23 26 F4 FE 6F 00 D0 0D
03 27 C4 F7 93 07 A0 0E 63 18 F7 00 93 07 70 01
23 26 F4 FE 6F 00 50 0C 03 27 C4 F7 93 07 C0 0E
63 18 F7 00 93 07 80 01 23 26 F4 FE 6F 00 D0 0A
03 27 C4 F7 93 07 C0 0D 63 18 F7 00 93 07 B0 01
23 26 F4 FE 6F 00 50 09 03 27 C4 F7 93 07 D0 0E
63 1C F7 00 93 07 10 00 23 24 F4 FC 93 07 80 00
23 26 F4 FE 6F 00 50 07 03 27 C4 F7 93 07 A0 0D
63 16 F7 00 EF E0 9F C1 6F 00 10 06 03 27 C4 F7
93 07 E0 0E 63 16 F7 00 EF E0 DF F1 6F 00 D0 04
03 27 C4 F7 93 07 F0 0E 63 16 F7 00 EF F0 0F AF
6F 00 90 03 03 27 C4 F7 93 07 70 0E 63 16 F7 00
EF F0 4F 94 6F 00 50 02 03 27 C4 F7 93 07 B0 0E
63 16 F7 00 EF F0 CF EB 6F 00 10 01 03 27 C4 F7
93 07 00 0D 63 18 F7 00 93 07 10 00 23 26 F4 FE
6F 00 80 7F 83 27 C4 FE 63 94 07 00 6F 00 C0 7E
03 27 C4 FE 93 07 10 00 63 12 F7 02 83 27 C4 F7
93 F7 F7 00 13 07 04 F4 93 05 07 00 13 85 07 00
EF F0 1F 87 23 26 04 FE 6F 00 00 7C 03 27 C4 FE
93 07 20 00 63 1E F7 00 83 27 C4 F7 93 F7 F7 00
23 24 F4 FE 93 07 30 00 23 26 F4 FE 6F 00 C0 79
03 27 C4 FE 93 07 30 00 63 1E F7 00 83 27 C4 F7
93 F7 F7 00 23 22 F4 FE 93 07 40 00 23 26 F4 FE
6F 00 80 77 03 27 C4 FE 93 07 40 00 63 14 F7 04
83 27 C4 F7 93 F7 17 00 23 24 F4 F6 93 07 84 F4
83 26 84 FE 03 26 44 FE 93 85 07 00 03 25 84 F6
EF E0 CF B3 93 07 84 F4 83 26 44 FD 03 26 84 FD
83 25 04 FD 13 85 07 00 EF E0 4F EE 23 26 04 FE
6F 00 80 72 03 27 C4 FE 93 07 50 00 63 1E F7 00
83 27 C4 F7 93 F7 F7 00 23 2C F4 FC 93 07 60 00
23 26 F4 FE 6F 00 40 70 03 27 C4 FE 93 07 60 00
63 1E F7 00 83 27 C4 F7 93 F7 F7 00 23 2A F4 FC
93 07 70 00 23 26 F4 FE 6F 00 00 6E 03 27 C4 FE
93 07 80 00 63 12 F7 02 83 27 C4 F7 13 97 27 01
B7 07 FC 00 B3 77 F7 00 23 22 F4 FC 93 07 90 00
23 26 F4 FE 6F 00 40 6B 03 27 C4 FE 93 07 90 00
63 16 F7 02 83 27 C4 F7 13 97 C7 00 B7 F7 03 00
B3 77 F7 00 03 27 44 FC B3 67 F7 00 23 22 F4 FC
93 07 A0 00 23 26 F4 FE 6F 00 00 68 03 27 C4 FE
93 07 A0 00 63 18 F7 02 83 27 C4 F7 13 97 67 00
B7 17 00 00 93 87 07 FC B3 77 F7 00 03 27 44 FC
B3 67 F7 00 23 22 F4 FC 93 07 B0 00 23 26 F4 FE
6F 00 80 64 03 27 C4 FE 93 07 B0 00 63 18 F7 08
83 27 C4 F7 93 F7 F7 03 03 27 44 FC B3 67 F7 00
23 22 F4 FC 03 27 44 FC 93 07 F0 7C 63 E6 E7 00
93 07 00 7D 23 22 F4 FC 83 27 84 FC 63 90 07 02
03 27 44 FC B7 57 4C 00 93 87 07 B4 63 F8 E7 00
B7 57 4C 00 93 87 07 B4 23 22 F4 FC B7 57 00 F0
93 87 C7 00 13 07 10 00 23 A0 E7 00 B7 57 00 F0
93 87 07 01 83 A4 07 00 03 25 44 FC EF F0 8F DF
93 07 05 00 B3 87 F4 40 23 20 F4 FC 93 07 10 00
23 26 F4 FC 23 26 04 FE 6F 00 00 5B 03 27 C4 FE
93 07 C0 00 63 18 F7 06 83 27 C4 F7 93 F7 F7 03
23 26 F4 F8 83 27 C4 F8 63 96 07 00 93 07 50 00
23 26 F4 F8 83 27 C4 F8 93 97 47 00 23 2A F4 FA
23 2C 04 FA 93 07 10 00 23 2E F4 FA 23 2A 04 FC
93 07 10 00 23 28 F4 FC 93 07 84 F4 83 26 44 FD
03 26 84 FD 83 25 04 FD 13 85 07 00 EF E0 0F D0
93 07 84 F4 13 85 07 00 EF E0 8F EE 23 26 04 FE
6F 00 80 53 03 27 C4 FE 93 07 40 01 63 1E F7 00
83 27 C4 F7 93 F7 F7 00 23 2C F4 F8 93 07 50 01
23 26 F4 FE 6F 00 40 51 03 27 C4 FE 93 07 50 01
63 1E F7 00 83 27 C4 F7 93 F7 F7 00 23 2A F4 F8
93 07 60 01 23 26 F4 FE 6F 00 00 4F 03 27 C4 FE
93 07 60 01 63 1C F7 08 03 27 04 FA 93 07 F0 07
63 E2 E7 08 83 27 84 F9 13 F7 F7 0F 83 27 04 FA
93 87 07 FF B3 87 87 00 23 88 E7 EC 83 27 44 F9
13 F7 F7 0F 83 27 04 FA 93 87 07 FF B3 87 87 00
23 88 E7 E4 83 27 C4 F7 93 F7 F7 0F 93 F7 F7 00
13 F7 F7 0F 83 27 04 FA 93 87 07 FF B3 87 87 00
23 88 E7 DC 83 27 C4 F7 93 D7 47 00 93 F7 F7 0F
93 F7 17 00 13 F7 F7 0F 83 27 04 FA 93 87 07 FF
B3 87 87 00 23 88 E7 D4 83 27 04 FA 93 87 17 00
23 20 F4 FA 23 26 04 FE 6F 00 00 45 03 27 C4 FE
93 07 70 01 63 1A F7 02 83 27 C4 F7 93 F7 F7 00
23 26 F4 F6 03 27 C4 F6 93 07 20 00 63 16 F7 00
23 20 04 FA 6F 00 C0 00 83 27 C4 F6 23 2E F4 F8
23 26 04 FE 6F 00 40 41 03 27 C4 FE 93 07 80 01
63 1E F7 00 83 27 C4 F7 93 F7 F7 03 23 20 F4 FE
93 07 90 01 23 26 F4 FE 6F 00 00 3F 03 27 C4 FE
93 07 90 01 63 18 F7 02 83 27 C4 F7 13 97 67 00
B7 17 00 00 93 87 07 FC B3 77 F7 00 03 27 04 FE
B3 67 F7 00 23 20 F4 FE 93 07 A0 01 23 26 F4 FE
6F 00 80 3B 03 27 C4 FE 93 07 A0 01 63 1E F7 02
83 27 C4 F7 93 97 C7 00 93 97 07 01 93 D7 07 01
03 27 04 FE B3 67 F7 00 23 20 F4 FE 83 27 04 FE
13 97 07 01 13 57 07 01 93 07 40 49 23 98 E7 04
23 26 04 FE 6F 00 40 37 03 27 C4 FE 93 07 B0 01
63 18 F7 02 83 27 C4 F7 93 F7 F7 03 23 28 F4 F6
83 27 04 F7 63 86 07 00 83 27 04 F7 6F 00 80 00
93 07 10 00 23 28 F0 48 23 26 04 FE 6F 00 C0 33
03 27 C4 FE 93 07 D0 00 63 1E F7 00 83 27 C4 F7
93 F7 F7 00 23 28 F4 FA 93 07 E0 00 23 26 F4 FE
6F 00 80 31 03 27 C4 FE 93 07 E0 00 63 1E F7 00
83 27 C4 F7 93 F7 F7 00 23 26 F4 FA 93 07 F0 00
23 26 F4 FE 6F 00 40 2F 03 27 C4 FE 93 07 F0 00
63 1E F7 00 83 27 C4 F7 93 F7 F7 00 23 24 F4 FA
93 07 00 01 23 26 F4 FE 6F 00 00 2D 03 27 C4 FE
93 07 00 01 63 12 F7 02 83 27 C4 F7 13 97 27 01
B7 07 FC 00 B3 77 F7 00 23 22 F4 FA 93 07 10 01
23 26 F4 FE 6F 00 40 2A 03 27 C4 FE 93 07 10 01
63 16 F7 02 83 27 C4 F7 13 97 C7 00 B7 F7 03 00
B3 77 F7 00 03 27 44 FA B3 67 F7 00 23 22 F4 FA
93 07 20 01 23 26 F4 FE 6F 00 00 27 03 27 C4 FE
93 07 20 01 63 18 F7 02 83 27 C4 F7 13 97 67 00
B7 17 00 00 93 87 07 FC B3 77 F7 00 03 27 44 FA
B3 67 F7 00 23 22 F4 FA 93 07 30 01 23 26 F4 FE
6F 00 80 23 03 27 C4 FE 93 07 30 01 63 12 F7 20
83 27 C4 F7 93 F7 F7 03 03 27 44 FA B3 67 F7 00
23 22 F4 FA 03 27 44 FA B7 97 5B 00 93 87 07 D8
63 F8 E7 00 B7 97 5B 00 93 87 07 D8 23 22 F4 FA
83 27 84 FA 93 97 37 00 13 F7 87 00 83 27 84 FA
93 97 17 00 93 F7 47 00 33 67 F7 00 83 27 84 FA
93 D7 17 00 93 F7 27 00 33 67 F7 00 83 27 84 FA
93 D7 37 00 93 F7 17 00 B3 67 F7 00 23 2C F4 F6
03 27 84 F4 B7 87 FF FF 93 87 F7 FF B3 77 F7 00
23 24 F4 F4 03 27 84 F4 B7 07 10 00 B3 67 F7 00
23 24 F4 F4 03 27 84 F4 B7 07 71 F8 93 87 F7 FF
33 77 F7 00 83 27 84 F7 93 96 07 01 B7 07 0F 00
B3 F7 F6 00 33 67 F7 00 83 27 04 FB 93 96 77 01
B7 07 80 07 B3 F7 F6 00 B3 67 F7 00 23 24 F4 F4
B7 37 00 F0 93 87 C7 03 03 27 84 F4 23 A0 E7 00
13 05 A0 00 EF D0 DF B1 03 27 84 F4 B7 87 00 00
B3 67 F7 00 23 24 F4 F4 B7 37 00 F0 93 87 C7 03
03 27 84 F4 23 A0 E7 00 03 27 84 F4 B7 87 FF FF
93 87 F7 FF B3 77 F7 00 23 24 F4 F4 B7 37 00 F0
93 87 C7 03 03 27 84 F4 23 A0 E7 00 03 27 84 F4
B7 07 80 F8 93 87 F7 FF 33 77 F7 00 83 27 C4 FA
93 96 77 01 B7 07 80 07 B3 F7 F6 00 B3 67 F7 00
23 24 F4 F4 B7 37 00 F0 93 87 C7 03 03 27 84 F4
23 A0 E7 00 B7 57 00 F0 93 87 C7 00 13 07 10 00
23 A0 E7 00 B7 57 00 F0 93 87 07 01 03 A7 07 00
83 27 44 FA B3 07 F7 40 23 2A F4 F6 B7 57 00 F0
93 87 C7 00 13 07 10 00 23 A0 E7 00 B7 57 00 F0
93 87 07 01 03 A7 07 00 83 27 44 F7 B3 07 F7 40
E3 4E F0 FC 03 27 84 F4 B7 87 00 00 B3 67 F7 00
23 24 F4 F4 B7 37 00 F0 93 87 C7 03 03 27 84 F4
23 A0 E7 00 03 27 84 F4 B7 87 FF FF 93 87 F7 FF
B3 77 F7 00 23 24 F4 F4 B7 37 00 F0 93 87 C7 03
03 27 84 F4 23 A0 E7 00 23 26 04 FE 6F 00 C0 02
83 27 C4 F7 93 F7 17 00 23 28 F4 FC 93 07 84 F4
83 26 44 FD 03 26 84 FD 83 25 04 FD 13 85 07 00
EF D0 DF FB 23 26 04 FE B7 67 00 F0 93 87 87 80
83 A7 07 00 63 98 07 00 03 27 04 F9 93 07 70 00
63 FA E7 DE 83 27 C4 FC 63 80 07 08 B7 57 00 F0
93 87 C7 00 13 07 10 00 23 A0 E7 00 B7 57 00 F0
93 87 07 01 83 A7 07 00 23 22 F4 F6 03 27 04 FC
83 27 44 F6 B3 07 F7 40 63 C8 07 04 93 07 84 F4
13 85 07 00 EF E0 CF 94 83 27 84 FC 63 9A 07 00
03 25 44 FC EF E0 1F FC 93 07 05 00 6F 00 80 00
83 27 44 FC 23 20 F4 F6 83 27 04 F6 63 86 07 00
83 27 04 F6 6F 00 80 00 93 07 10 00 03 27 44 F6
B3 07 F7 40 23 20 F4 FC 13 07 44 F4 93 05 40 49
13 05 07 00 EF F0 0F 8D 23 2E A4 F4 6F 00 40 1D
B7 67 00 F0 93 87 47 80 83 A7 07 00 63 92 07 1E
93 07 40 49 83 C7 57 04 93 F7 F7 0F 93 86 07 00
13 07 40 49 93 97 26 00 B3 07 F7 00 83 A7 47 00
23 2C F4 F4 83 27 84 F5 93 D7 57 01 93 F7 F7 00
23 2A F4 F4 03 27 84 F5 B7 07 20 00 93 87 F7 FF
B3 77 F7 00 23 28 F4 F4 23 24 04 F8 93 07 40 49
83 A7 87 04 63 88 07 00 83 27 84 F8 93 E7 07 04
23 24 F4 F8 93 07 40 49 83 A7 C7 04 63 88 07 00
83 27 84 F8 93 E7 07 02 23 24 F4 F8 93 07 40 49
23 A4 07 04 93 07 40 49 23 A6 07 04 B7 67 00 F0
93 87 47 80 83 A7 07 00 63 88 07 00 93 07 40 49
13 07 10 00 23 A6 E7 04 B7 67 00 F0 93 87 47 80
83 A7 07 00 E3 9A 07 FE 03 27 84 F8 83 27 44 F5
33 67 F7 00 B7 67 00 F0 93 87 07 80 13 67 07 08
23 A0 E7 00 B7 67 00 F0 93 87 47 80 83 A7 07 00
63 88 07 00 93 07 40 49 13 07 10 00 23 A6 E7 04
B7 67 00 F0 93 87 47 80 83 A7 07 00 E3 9A 07 FE
83 27 04 F5 13 D7 E7 00 B7 67 00 F0 93 87 07 80
13 77 F7 07 23 A0 E7 00 B7 67 00 F0 93 87 47 80
83 A7 07 00 63 88 07 00 93 07 40 49 13 07 10 00
23 A6 E7 04 B7 67 00 F0 93 87 47 80 83 A7 07 00
E3 9A 07 FE 83 27 04 F5 13 D7 77 00 B7 67 00 F0
93 87 07 80 13 77 F7 07 23 A0 E7 00 B7 67 00 F0
93 87 47 80 83 A7 07 00 63 88 07 00 93 07 40 49
13 07 10 00 23 A6 E7 04 B7 67 00 F0 93 87 47 80
83 A7 07 00 E3 9A 07 FE B7 67 00 F0 93 87 07 80
03 27 04 F5 13 77 F7 07 23 A0 E7 00 93 07 40 49
83 C7 57 04 93 F7 F7 0F 93 87 17 00 93 F7 F7 0F
93 F7 F7 00 13 F7 F7 0F 93 07 40 49 A3 82 E7 04
93 07 40 49 83 C7 57 04 13 F7 F7 0F 93 07 40 49
83 C7 47 04 93 F7 F7 0F E3 1C F7 E0 6F 00 80 00
13 00 00 00 83 27 C4 F5 63 8A 07 B4 83 27 C4 FB
63 88 07 06 93 07 40 49 83 A7 07 00 93 87 17 00
93 F7 F7 00 23 26 F4 F4 83 27 C4 F4 23 2A F4 FC
93 07 84 F4 83 26 44 FD 03 26 84 FD 83 25 04 FD
13 85 07 00 EF D0 9F CC 13 05 40 01 EF D0 4F EE
93 07 84 F4 13 85 07 00 EF D0 9F EA 83 27 84 FB
93 87 17 00 23 2C F4 FA 83 27 44 FB 63 8A 07 00
03 27 84 FB 83 27 44 FB 63 64 F7 00 23 2E 04 FA
83 27 C4 F9 63 8C 07 AC 23 22 04 F8 6F 00 00 0B
83 27 44 F8 93 87 07 FF B3 87 87 00 83 C7 07 ED
13 87 07 00 93 07 40 49 83 A7 07 00 63 12 F7 08
83 27 44 F8 93 87 07 FF B3 87 87 00 83 C7 07 D5
13 87 07 00 83 27 44 F8 93 87 07 FF B3 87 87 00
83 C7 07 E5 93 86 07 00 93 07 84 F4 13 06 10 00
93 05 07 00 13 85 07 00 EF D0 5F C2 13 05 40 01
EF D0 0F E4 23 20 04 F8 6F 00 C0 01 93 07 84 F4
13 85 07 00 EF D0 DF DF 83 27 04 F8 93 87 17 00
23 20 F4 F8 83 27 44 F8 93 87 07 FF B3 87 87 00
83 C7 07 DD 13 87 07 00 83 27 04 F8 E3 E8 E7 FC
83 27 44 F8 93 87 17 00 23 22 F4 F8 03 27 44 F8
83 27 04 FA E3 66 F7 F4 93 07 84 F4 83 26 44 FD
03 26 84 FD 83 25 04 FD 13 85 07 00 EF D0 1F BB
6F F0 CF 9F 00 00 00 00 00 00 00 00 00 00 00 00
@00003700
30 31 32 33 34 35 36 37 38 39 61 62 63 64 65 66
00 00 00 00 4F 56 45 52 00 00 00 00 41 44 44 52
53 45 54 54 4C 45 0A 00 20 73 3D 00 20 6D 69 73
6D 3D 00 00 00 00 00 00 2F 00 00 00 20 72 65 66
3D 00 00 00 0A 00 00 00 4F 4C 46 42 45 4E 43 48
20 63 69 3D 00 00 00 00 20 74 63 3D 00 00 00 00
20 4B 3D 00 20 74 73 3D 00 00 00 00 4C 49 46 52
41 4D 20 63 69 3D 00 00 41 52 52 41 59 42 45 4E
43 48 20 63 69 3D 00 00 20 74 70 3D 00 00 00 00
20 74 65 3D 00 00 00 00 20 74 6B 3D 00 00 00 00
20 74 6C 3D 00 00 00 00 20 6E 65 76 3D 00 00 00
42 45 4E 43 48 20 63 69 3D 00 00 00 00 00 0F 00
1A 00 29 00 38 00 47 00 56 00 65 00 74 00 83 00
92 00 A1 00 B0 00 BF 00 CE 00 DD 00 EC 00 FB 00
0A 01 19 01 28 01 37 01 46 01 55 01 64 01 73 01
82 01 91 01 A0 01 AF 01 BE 01 CD 01 DC 01 EB 01
FA 01 09 02 18 02 27 02 36 02 45 02 54 02 63 02
72 02 81 02 90 02 9F 02 AE 02 BD 02 CC 02 DB 02
81 01 01 00 02 00 00 00 5A 9B FF FF 00 00 00 00
00 00 00 00 00 00 01 00 00 00 00 00 7A E1 FF FF
2A 00 03 00 0A 00 00 00 02 FD FF FF 00 00 00 00
00 00 04 00 07 00 00 00 84 6F FF FF 00 00 00 00
23 00 05 00 06 00 00 00 C7 FB FF FF 00 00 00 00
00 00 00 00 00 00 01 00 00 00 00 00 06 99 00 00
00 00 00 00 00 00 01 00 00 00 00 00 A2 6B 00 00
4D 01 08 00 09 00 00 00 3D 19 02 00 00 00 00 00
00 00 00 00 00 00 01 00 00 00 00 00 1E E8 FF FF
00 00 00 00 00 00 01 00 00 00 00 00 D9 8D 00 00
CB 00 0B 00 0C 00 00 00 EB FE FF FF 00 00 00 00
00 00 00 00 00 00 01 00 00 00 00 00 9D 2D 00 00
60 01 0D 00 0E 00 00 00 F5 F9 FF FF 00 00 00 00
00 00 00 00 00 00 01 00 00 00 00 00 37 FA FF FF
00 00 00 00 00 00 01 00 00 00 00 00 49 E1 FF FF
60 01 10 00 17 00 00 00 F5 F9 FF FF 00 00 00 00
00 00 11 00 14 00 00 00 3C 01 FF FF 00 00 00 00
07 00 12 00 13 00 00 00 0B E0 FF FF 00 00 00 00
00 00 00 00 00 00 01 00 00 00 00 00 9E D9 FF FF
00 00 00 00 00 00 01 00 00 00 00 00 9E D9 FF FF
03 00 15 00 16 00 00 00 5C 00 00 00 00 00 00 00
00 00 00 00 00 00 01 00 00 00 00 00 9E D9 FF FF
00 00 00 00 00 00 01 00 00 00 00 00 9E D9 FF FF
00 00 18 00 19 00 00 00 CA FC FF FF 00 00 00 00
00 00 00 00 00 00 01 00 00 00 00 00 E0 4C 00 00
00 00 00 00 00 00 01 00 00 00 00 00 E0 4C 00 00
79 01 1B 00 28 00 00 00 F7 9E FF FF 00 00 00 00
16 01 1C 00 1D 00 00 00 A2 04 01 00 00 00 00 00
00 00 00 00 00 00 01 00 00 00 00 00 4C E2 FF FF
00 00 1E 00 23 00 00 00 D2 14 FF FF 00 00 00 00
89 01 1F 00 20 00 00 00 CF 27 FF FF 00 00 00 00
00 00 00 00 00 00 01 00 00 00 00 00 45 E1 FF FF
00 00 21 00 22 00 00 00 0E 0B FF FF 00 00 00 00
00 00 00 00 00 00 01 00 00 00 00 00 4E 99 00 00
00 00 00 00 00 00 01 00 00 00 00 00 D6 6E 00 00
73 01 24 00 25 00 00 00 7A FA FF FF 00 00 00 00
00 00 00 00 00 00 01 00 00 00 00 00 45 E1 FF FF
03 00 26 00 27 00 00 00 7C FE FF FF 00 00 00 00
00 00 00 00 00 00 01 00 00 00 00 00 0D 88 00 00
00 00 00 00 00 00 01 00 00 00 00 00 8F FB FF FF
00 00 00 00 00 00 01 00 00 00 00 00 CB E4 FF FF
14 01 2A 00 2B 00 00 00 BF 10 FF FF 00 00 00 00
00 00 00 00 00 00 01 00 00 00 00 00 4E 99 00 00
71 01 2C 00 37 00 00 00 EF 9B FF FF 00 00 00 00
CF 00 2D 00 32 00 00 00 B2 3D 00 00 00 00 00 00
53 00 2E 00 2F 00 00 00 D0 F2 FF FF 00 00 00 00
00 00 00 00 00 00 01 00 00 00 00 00 45 E1 FF FF
21 01 30 00 31 00 00 00 86 35 FF FF 00 00 00 00
00 00 00 00 00 00 01 00 00 00 00 00 4E 99 00 00
00 00 00 00 00 00 01 00 00 00 00 00 E4 E8 FF FF
77 01 33 00 36 00 00 00 16 57 00 00 00 00 00 00
89 01 34 00 35 00 00 00 40 4D FF FF 00 00 00 00
00 00 00 00 00 00 01 00 00 00 00 00 6E 4A 00 00
00 00 00 00 00 00 01 00 00 00 00 00 FE EF FF FF
00 00 00 00 00 00 01 00 00 00 00 00 F8 89 00 00
00 00 00 00 00 00 01 00 00 00 00 00 16 E3 FF FF
CF 00 39 00 3A 00 00 00 4B 31 00 00 00 00 00 00
00 00 00 00 00 00 01 00 00 00 00 00 C0 99 00 00
D7 00 3B 00 3E 00 00 00 F2 4C 00 00 00 00 00 00
00 00 3C 00 3D 00 00 00 8F 05 FF FF 00 00 00 00
00 00 00 00 00 00 01 00 00 00 00 00 49 E1 FF FF
00 00 00 00 00 00 01 00 00 00 00 00 C0 99 00 00
18 01 3F 00 46 00 00 00 14 FB FF FF 00 00 00 00
9A 00 40 00 45 00 00 00 ED FF FF FF 00 00 00 00
00 00 41 00 42 00 00 00 EB 85 FF FF 00 00 00 00
00 00 00 00 00 00 01 00 00 00 00 00 CB E1 FF FF
5B 01 43 00 44 00 00 00 05 FC FF FF 00 00 00 00
00 00 00 00 00 00 01 00 00 00 00 00 DB 74 00 00
00 00 00 00 00 00 01 00 00 00 00 00 6F E7 FF FF
00 00 00 00 00 00 01 00 00 00 00 00 96 48 00 00
00 00 00 00 00 00 01 00 00 00 00 00 49 E1 FF FF
81 01 48 00 49 00 00 00 5A 9B FF FF 00 00 00 00
00 00 00 00 00 00 01 00 00 00 00 00 55 E2 FF FF
1A 00 4A 00 51 00 00 00 AF FD FF FF 00 00 00 00
03 00 4B 00 50 00 00 00 38 FF FF FF 00 00 00 00
D7 00 4C 00 4D 00 00 00 B0 4D 00 00 00 00 00 00
00 00 00 00 00 00 01 00 00 00 00 00 B2 1D 00 00
03 00 4E 00 4F 00 00 00 55 FD FF FF 00 00 00 00
00 00 00 00 00 00 01 00 00 00 00 00 3A 58 00 00
00 00 00 00 00 00 01 00 00 00 00 00 16 3F 00 00
00 00 00 00 00 00 01 00 00 00 00 00 FB 0C 00 00
60 01 52 00 55 00 00 00 F5 F9 FF FF 00 00 00 00
88 01 53 00 54 00 00 00 99 C1 FF FF 00 00 00 00
00 00 00 00 00 00 01 00 00 00 00 00 56 E0 FF FF
00 00 00 00 00 00 01 00 00 00 00 00 DB 3F 00 00
00 00 00 00 00 00 01 00 00 00 00 00 2C E2 FF FF
60 01 57 00 62 00 00 00 F5 F9 FF FF 00 00 00 00
93 00 58 00 5D 00 00 00 3B FE FF FF 00 00 00 00
2B 00 59 00 5A 00 00 00 C8 FA FF FF 00 00 00 00
00 00 00 00 00 00 01 00 00 00 00 00 98 DC FF FF
3C 00 5B 00 5C 00 00 00 64 1A FF FF 00 00 00 00
00 00 00 00 00 00 01 00 00 00 00 00 B6 DB FF FF
00 00 00 00 00 00 01 00 00 00 00 00 61 DC FF FF
2A 00 5E 00 5F 00 00 00 02 FD FF FF 00 00 00 00
00 00 00 00 00 00 01 00 00 00 00 00 E0 DB FF FF
92 00 60 00 61 00 00 00 40 00 00 00 00 00 00 00
00 00 00 00 00 00 01 00 00 00 00 00 F8 DA FF FF
00 00 00 00 00 00 01 00 00 00 00 00 C7 DB FF FF
BB 00 63 00 64 00 00 00 31 FF FF FF 00 00 00 00
00 00 00 00 00 00 01 00 00 00 00 00 25 3C 00 00
00 00 00 00 00 00 01 00 00 00 00 00 78 3B 00 00
79 01 66 00 71 00 00 00 F7 9E FF FF 00 00 00 00
73 01 67 00 68 00 00 00 4A EB FF FF 00 00 00 00
00 00 00 00 00 00 01 00 00 00 00 00 7A E2 FF FF
89 01 69 00 6A 00 00 00 CF 27 FF FF 00 00 00 00
00 00 00 00 00 00 01 00 00 00 00 00 11 E2 FF FF
00 00 6B 00 6C 00 00 00 D2 14 FF FF 00 00 00 00
00 00 00 00 00 00 01 00 00 00 00 00 B7 55 00 00
73 01 6D 00 6E 00 00 00 7A FA FF FF 00 00 00 00
00 00 00 00 00 00 01 00 00 00 00 00 F8 E1 FF FF
02 00 6F 00 70 00 00 00 BD F0 FF FF 00 00 00 00
00 00 00 00 00 00 01 00 00 00 00 00 08 52 00 00
00 00 00 00 00 00 01 00 00 00 00 00 71 FA FF FF
70 01 72 00 73 00 00 00 CE BC FF FF 00 00 00 00
00 00 00 00 00 00 01 00 00 00 00 00 C0 ED FF FF
00 00 00 00 00 00 01 00 00 00 00 00 14 E2 FF FF
14 01 75 00 76 00 00 00 BF 10 FF FF 00 00 00 00
00 00 00 00 00 00 01 00 00 00 00 00 2A 57 00 00
81 01 77 00 80 00 00 00 5A 9B FF FF 00 00 00 00
03 00 78 00 7D 00 00 00 95 FC FF FF 00 00 00 00
53 00 79 00 7A 00 00 00 D0 F2 FF FF 00 00 00 00
00 00 00 00 00 00 01 00 00 00 00 00 17 E2 FF FF
69 01 7B 00 7C 00 00 00 1D 35 FF FF 00 00 00 00
00 00 00 00 00 00 01 00 00 00 00 00 79 5A 00 00
00 00 00 00 00 00 01 00 00 00 00 00 EC E2 FF FF
71 01 7E 00 7F 00 00 00 04 6F FF FF 00 00 00 00
00 00 00 00 00 00 01 00 00 00 00 00 71 6D 00 00
00 00 00 00 00 00 01 00 00 00 00 00 56 09 00 00
CF 00 81 00 82 00 00 00 51 3F 00 00 00 00 00 00
00 00 00 00 00 00 01 00 00 00 00 00 9A E3 FF FF
00 00 00 00 00 00 01 00 00 00 00 00 91 FF FF FF
7F 01 84 00 85 00 00 00 21 31 00 00 00 00 00 00
00 00 00 00 00 00 01 00 00 00 00 00 3B 56 00 00
7F 01 86 00 89 00 00 00 4B 39 00 00 00 00 00 00
00 00 87 00 88 00 00 00 4E 04 FF FF 00 00 00 00
00 00 00 00 00 00 01 00 00 00 00 00 23 E2 FF FF
00 00 00 00 00 00 01 00 00 00 00 00 E4 59 00 00
78 00 8A 00 8B 00 00 00 BB 73 FF FF 00 00 00 00
00 00 00 00 00 00 01 00 00 00 00 00 19 E2 FF FF
7D 01 8C 00 91 00 00 00 71 E3 FF FF 00 00 00 00
7A 00 8D 00 90 00 00 00 BF FA FF FF 00 00 00 00
45 01 8E 00 8F 00 00 00 53 D0 01 00 00 00 00 00
00 00 00 00 00 00 01 00 00 00 00 00 84 44 00 00
00 00 00 00 00 00 01 00 00 00 00 00 58 E1 FF FF
00 00 00 00 00 00 01 00 00 00 00 00 F3 58 00 00
00 00 00 00 00 00 01 00 00 00 00 00 29 E3 FF FF
81 01 93 00 94 00 00 00 D2 95 FF FF 00 00 00 00
00 00 00 00 00 00 01 00 00 00 00 00 CC E2 FF FF
EB 00 95 00 9E 00 00 00 DD FE FF FF 00 00 00 00
1B 00 96 00 9B 00 00 00 5B FE FF FF 00 00 00 00
7F 01 97 00 98 00 00 00 54 3A 00 00 00 00 00 00
00 00 00 00 00 00 01 00 00 00 00 00 C7 04 00 00
00 00 99 00 9A 00 00 00 3C AB FF FF 00 00 00 00
00 00 00 00 00 00 01 00 00 00 00 00 4F 41 00 00
00 00 00 00 00 00 01 00 00 00 00 00 93 2E 00 00
15 01 9C 00 9D 00 00 00 B6 87 00 00 00 00 00 00
00 00 00 00 00 00 01 00 00 00 00 00 8C E6 FF FF
00 00 00 00 00 00 01 00 00 00 00 00 57 38 00 00
33 00 9F 00 A0 00 00 00 22 FF FF FF 00 00 00 00
00 00 00 00 00 00 01 00 00 00 00 00 BE 0E 00 00
00 00 00 00 00 00 01 00 00 00 00 00 AF E3 FF FF
60 01 A2 00 AD 00 00 00 F5 F9 FF FF 00 00 00 00
0B 00 A3 00 A8 00 00 00 DC FE FF FF 00 00 00 00
33 00 A4 00 A5 00 00 00 29 FB FF FF 00 00 00 00
00 00 00 00 00 00 01 00 00 00 00 00 A1 DE FF FF
3C 00 A6 00 A7 00 00 00 64 1A FF FF 00 00 00 00
00 00 00 00 00 00 01 00 00 00 00 00 A4 DD FF FF
00 00 00 00 00 00 01 00 00 00 00 00 63 DE FF FF
24 01 A9 00 AA 00 00 00 DA B3 00 00 00 00 00 00
00 00 00 00 00 00 01 00 00 00 00 00 CF DD FF FF
89 01 AB 00 AC 00 00 00 E3 DA FF FF 00 00 00 00
00 00 00 00 00 00 01 00 00 00 00 00 E2 DB FF FF
00 00 00 00 00 00 01 00 00 00 00 00 EA DC FF FF
CF 00 AE 00 AF 00 00 00 29 3F 00 00 00 00 00 00
00 00 00 00 00 00 01 00 00 00 00 00 8E 31 00 00
00 00 00 00 00 00 01 00 00 00 00 00 44 32 00 00
79 01 B1 00 BC 00 00 00 62 A0 FF FF 00 00 00 00
7B 01 B2 00 B3 00 00 00 35 EB FF FF 00 00 00 00
00 00 00 00 00 00 01 00 00 00 00 00 2E E3 FF FF
89 01 B4 00 B5 00 00 00 CF 27 FF FF 00 00 00 00
00 00 00 00 00 00 01 00 00 00 00 00 C3 E2 FF FF
00 00 B6 00 B7 00 00 00 8F 13 FF FF 00 00 00 00
00 00 00 00 00 00 01 00 00 00 00 00 45 3F 00 00
73 01 B8 00 B9 00 00 00 7A FA FF FF 00 00 00 00
00 00 00 00 00 00 01 00 00 00 00 00 59 E2 FF FF
02 00 BA 00 BB 00 00 00 BD F0 FF FF 00 00 00 00
00 00 00 00 00 00 01 00 00 00 00 00 F2 3F 00 00
00 00 00 00 00 00 01 00 00 00 00 00 79 FB FF FF
70 01 BD 00 BE 00 00 00 CE BC FF FF 00 00 00 00
00 00 00 00 00 00 01 00 00 00 00 00 D4 EE FF FF
00 00 00 00 00 00 01 00 00 00 00 00 D0 E2 FF FF
14 01 C0 00 C1 00 00 00 BF 10 FF FF 00 00 00 00
00 00 00 00 00 00 01 00 00 00 00 00 54 40 00 00
89 01 C2 00 CD 00 00 00 D7 A9 FF FF 00 00 00 00
7F 01 C3 00 C8 00 00 00 74 3C 00 00 00 00 00 00
D7 00 C4 00 C5 00 00 00 EB 4E 00 00 00 00 00 00
00 00 00 00 00 00 01 00 00 00 00 00 FB E3 FF FF
89 01 C6 00 C7 00 00 00 BA 2F FF FF 00 00 00 00
00 00 00 00 00 00 01 00 00 00 00 00 9C 36 00 00
00 00 00 00 00 00 01 00 00 00 00 00 C6 E7 FF FF
03 00 C9 00 CC 00 00 00 7C FE FF FF 00 00 00 00
71 01 CA 00 CB 00 00 00 C7 48 FF FF 00 00 00 00
00 00 00 00 00 00 01 00 00 00 00 00 29 39 00 00
00 00 00 00 00 00 01 00 00 00 00 00 8F E5 FF FF
00 00 00 00 00 00 01 00 00 00 00 00 AA 53 00 00
00 00 00 00 00 00 01 00 00 00 00 00 8C E4 FF FF
7F 01 CF 00 D2 00 00 00 84 32 00 00 00 00 00 00
05 00 D0 00 D1 00 00 00 F0 11 FF FF 00 00 00 00
00 00 00 00 00 00 01 00 00 00 00 00 CA 0D 00 00
00 00 00 00 00 00 01 00 00 00 00 00 74 40 00 00
7F 01 D3 00 D6 00 00 00 4B 39 00 00 00 00 00 00
00 00 D4 00 D5 00 00 00 4E 04 FF FF 00 00 00 00
00 00 00 00 00 00 01 00 00 00 00 00 D3 E2 FF FF
00 00 00 00 00 00 01 00 00 00 00 00 A4 42 00 00
C8 00 D7 00 D8 00 00 00 6A 68 FF FF 00 00 00 00
00 00 00 00 00 00 01 00 00 00 00 00 C4 E2 FF FF
7D 01 D9 00 DC 00 00 00 71 E3 FF FF 00 00 00 00
E2 00 DA 00 DB 00 00 00 ED F7 FF FF 00 00 00 00
00 00 00 00 00 00 01 00 00 00 00 00 55 0B 00 00
00 00 00 00 00 00 01 00 00 00 00 00 69 3D 00 00
00 00 00 00 00 00 01 00 00 00 00 00 FB E3 FF FF
69 01 DE 00 DF 00 00 00 E7 97 FF FF 00 00 00 00
00 00 00 00 00 00 01 00 00 00 00 00 60 E3 FF FF
AB 00 E0 00 E7 00 00 00 10 FF FF FF 00 00 00 00
1B 00 E1 00 E4 00 00 00 5B FE FF FF 00 00 00 00
D7 00 E2 00 E3 00 00 00 9C 4D 00 00 00 00 00 00
00 00 00 00 00 00 01 00 00 00 00 00 CB 09 00 00
00 00 00 00 00 00 01 00 00 00 00 00 05 34 00 00
25 01 E5 00 E6 00 00 00 98 E6 00 00 00 00 00 00
00 00 00 00 00 00 01 00 00 00 00 00 31 E6 FF FF
00 00 00 00 00 00 01 00 00 00 00 00 84 2A 00 00
F2 00 E8 00 EB 00 00 00 21 FF FF FF 00 00 00 00
74 01 E9 00 EA 00 00 00 B7 93 00 00 00 00 00 00
00 00 00 00 00 00 01 00 00 00 00 00 0B E6 FF FF
00 00 00 00 00 00 01 00 00 00 00 00 2C 1E 00 00
00 00 00 00 00 00 01 00 00 00 00 00 5F E3 FF FF
60 01 ED 00 F6 00 00 00 F5 F9 FF FF 00 00 00 00
33 01 EE 00 F1 00 00 00 FF FD FF FF 00 00 00 00
0B 00 EF 00 F0 00 00 00 00 FB FF FF 00 00 00 00
00 00 00 00 00 00 01 00 00 00 00 00 2C E0 FF FF
00 00 00 00 00 00 01 00 00 00 00 00 C4 DF FF FF
01 00 F2 00 F5 00 00 00 04 00 00 00 00 00 00 00
16 01 F3 00 F4 00 00 00 34 30 01 00 00 00 00 00
00 00 00 00 00 00 01 00 00 00 00 00 CF DD FF FF
00 00 00 00 00 00 01 00 00 00 00 00 13 DF FF FF
00 00 00 00 00 00 01 00 00 00 00 00 18 DD FF FF
C3 00 F7 00 F8 00 00 00 38 FF FF FF 00 00 00 00
00 00 00 00 00 00 01 00 00 00 00 00 43 2C 00 00
33 00 F9 00 FA 00 00 00 32 FF FF FF 00 00 00 00
00 00 00 00 00 00 01 00 00 00 00 00 E8 2B 00 00
00 00 00 00 00 00 01 00 00 00 00 00 4B 2B 00 00
79 01 FC 00 07 01 00 00 62 A0 FF FF 00 00 00 00
7B 01 FD 00 FE 00 00 00 35 EB FF FF 00 00 00 00
00 00 00 00 00 00 01 00 00 00 00 00 D2 E3 FF FF
89 01 FF 00 00 01 00 00 CF 27 FF FF 00 00 00 00
00 00 00 00 00 00 01 00 00 00 00 00 47 E3 FF FF
00 00 01 01 02 01 00 00 8F 13 FF FF 00 00 00 00
00 00 00 00 00 00 01 00 00 00 00 00 4B 33 00 00
73 01 03 01 04 01 00 00 7A FA FF FF 00 00 00 00
00 00 00 00 00 00 01 00 00 00 00 00 EA E2 FF FF
69 01 05 01 06 01 00 00 64 76 FF FF 00 00 00 00
00 00 00 00 00 00 01 00 00 00 00 00 08 03 00 00
00 00 00 00 00 00 01 00 00 00 00 00 9E 36 00 00
70 01 08 01 09 01 00 00 CE BC FF FF 00 00 00 00
00 00 00 00 00 00 01 00 00 00 00 00 4A F0 FF FF
00 00 00 00 00 00 01 00 00 00 00 00 6A E3 FF FF
14 01 0B 01 0C 01 00 00 BF 10 FF FF 00 00 00 00
00 00 00 00 00 00 01 00 00 00 00 00 61 34 00 00
89 01 0D 01 18 01 00 00 D7 A9 FF FF 00 00 00 00
7F 01 0E 01 13 01 00 00 74 3C 00 00 00 00 00 00
0B 00 0F 01 10 01 00 00 C2 F4 FF FF 00 00 00 00
00 00 00 00 00 00 01 00 00 00 00 00 92 E4 FF FF
71 00 11 01 12 01 00 00 A0 3D FF FF 00 00 00 00
00 00 00 00 00 00 01 00 00 00 00 00 76 34 00 00
00 00 00 00 00 00 01 00 00 00 00 00 0F E7 FF FF
77 01 14 01 17 01 00 00 16 57 00 00 00 00 00 00
79 01 15 01 16 01 00 00 98 3F FF FF 00 00 00 00
00 00 00 00 00 00 01 00 00 00 00 00 9C 2A 00 00
00 00 00 00 00 00 01 00 00 00 00 00 ED F5 FF FF
00 00 00 00 00 00 01 00 00 00 00 00 19 37 00 00
00 00 00 00 00 00 01 00 00 00 00 00 5C E5 FF FF
7F 01 1A 01 1D 01 00 00 84 32 00 00 00 00 00 00
6C 00 1B 01 1C 01 00 00 8D 01 FF FF 00 00 00 00
00 00 00 00 00 00 01 00 00 00 00 00 47 09 00 00
00 00 00 00 00 00 01 00 00 00 00 00 8C 34 00 00
7F 01 1E 01 21 01 00 00 4B 39 00 00 00 00 00 00
00 00 1F 01 20 01 00 00 4E 04 FF FF 00 00 00 00
00 00 00 00 00 00 01 00 00 00 00 00 69 E3 FF FF
00 00 00 00 00 00 01 00 00 00 00 00 35 36 00 00
70 01 22 01 23 01 00 00 F5 50 FF FF 00 00 00 00
00 00 00 00 00 00 01 00 00 00 00 00 47 E3 FF FF
8D 01 24 01 27 01 00 00 90 A2 FF FF 00 00 00 00
2A 00 25 01 26 01 00 00 A3 F6 FF FF 00 00 00 00
00 00 00 00 00 00 01 00 00 00 00 00 37 01 00 00
00 00 00 00 00 00 01 00 00 00 00 00 41 3E 00 00
00 00 00 00 00 00 01 00 00 00 00 00 A0 E6 FF FF
49 01 29 01 2A 01 00 00 F9 99 FF FF 00 00 00 00
00 00 00 00 00 00 01 00 00 00 00 00 DD E3 FF FF
32 00 2B 01 34 01 00 00 13 FE FF FF 00 00 00 00
13 00 2C 01 33 01 00 00 7A FF FF FF 00 00 00 00
7F 01 2D 01 30 01 00 00 CA 3A 00 00 00 00 00 00
00 00 2E 01 2F 01 00 00 A5 1F FF FF 00 00 00 00
00 00 00 00 00 00 01 00 00 00 00 00 D7 2E 00 00
00 00 00 00 00 00 01 00 00 00 00 00 99 DF FF FF
0B 00 31 01 32 01 00 00 CB FD FF FF 00 00 00 00
00 00 00 00 00 00 01 00 00 00 00 00 70 2E 00 00
00 00 00 00 00 00 01 00 00 00 00 00 99 1F 00 00
00 00 00 00 00 00 01 00 00 00 00 00 94 F8 FF FF
F3 00 35 01 36 01 00 00 DE FE FF FF 00 00 00 00
00 00 00 00 00 00 01 00 00 00 00 00 43 0B 00 00
00 00 00 00 00 00 01 00 00 00 00 00 F6 E4 FF FF
60 01 38 01 43 01 00 00 F5 F9 FF FF 00 00 00 00
33 01 39 01 3C 01 00 00 FF FD FF FF 00 00 00 00
03 00 3A 01 3B 01 00 00 F5 FA FF FF 00 00 00 00
00 00 00 00 00 00 01 00 00 00 00 00 5E E1 FF FF
00 00 00 00 00 00 01 00 00 00 00 00 F4 E0 FF FF
34 01 3D 01 3E 01 00 00 72 BB 00 00 00 00 00 00
00 00 00 00 00 00 01 00 00 00 00 00 3C E0 FF FF
81 01 3F 01 40 01 00 00 FB D7 FF FF 00 00 00 00
00 00 00 00 00 00 01 00 00 00 00 00 1F DD FF FF
89 00 41 01 42 01 00 00 D7 FE FF FF 00 00 00 00
00 00 00 00 00 00 01 00 00 00 00 00 C0 DF FF FF
00 00 00 00 00 00 01 00 00 00 00 00 E0 DD FF FF
BB 00 44 01 45 01 00 00 31 FF FF FF 00 00 00 00
00 00 00 00 00 00 01 00 00 00 00 00 82 28 00 00
00 00 00 00 00 00 01 00 00 00 00 00 10 27 00 00
79 01 47 01 54 01 00 00 62 A0 FF FF 00 00 00 00
16 01 48 01 49 01 00 00 B2 FF 00 00 00 00 00 00
00 00 00 00 00 00 01 00 00 00 00 00 DA E3 FF FF
D7 00 4A 01 4B 01 00 00 94 4C 00 00 00 00 00 00
00 00 00 00 00 00 01 00 00 00 00 00 F0 E3 FF FF
89 01 4C 01 4D 01 00 00 CF 27 FF FF 00 00 00 00
00 00 00 00 00 00 01 00 00 00 00 00 B2 E3 FF FF
00 00 4E 01 4F 01 00 00 0E 0B FF FF 00 00 00 00
00 00 00 00 00 00 01 00 00 00 00 00 FD 2D 00 00
71 01 50 01 51 01 00 00 F4 50 FF FF 00 00 00 00
00 00 00 00 00 00 01 00 00 00 00 00 9C DB FF FF
0A 00 52 01 53 01 00 00 2D F0 FF FF 00 00 00 00
00 00 00 00 00 00 01 00 00 00 00 00 09 2C 00 00
00 00 00 00 00 00 01 00 00 00 00 00 8D 00 00 00
00 00 00 00 00 00 01 00 00 00 00 00 1A E9 FF FF
14 01 56 01 57 01 00 00 BF 10 FF FF 00 00 00 00
00 00 00 00 00 00 01 00 00 00 00 00 13 2D 00 00
89 01 58 01 63 01 00 00 D7 A9 FF FF 00 00 00 00
13 00 59 01 5E 01 00 00 CE F6 FF FF 00 00 00 00
89 01 5A 01 5D 01 00 00 ED 1E FF FF 00 00 00 00
03 00 5B 01 5C 01 00 00 C3 B5 FF FF 00 00 00 00
00 00 00 00 00 00 01 00 00 00 00 00 C9 E3 FF FF
00 00 00 00 00 00 01 00 00 00 00 00 F7 1B 00 00
00 00 00 00 00 00 01 00 00 00 00 00 F1 E4 FF FF
81 01 5F 01 60 01 00 00 65 42 FF FF 00 00 00 00
00 00 00 00 00 00 01 00 00 00 00 00 3C 37 00 00
03 00 61 01 62 01 00 00 BB FE FF FF 00 00 00 00
00 00 00 00 00 00 01 00 00 00 00 00 11 EA FF FF
00 00 00 00 00 00 01 00 00 00 00 00 D3 38 00 00
00 00 00 00 00 00 01 00 00 00 00 00 20 E6 FF FF
7F 01 65 01 68 01 00 00 84 32 00 00 00 00 00 00
68 01 66 01 67 01 00 00 30 03 FF FF 00 00 00 00
00 00 00 00 00 00 01 00 00 00 00 00 94 07 00 00
00 00 00 00 00 00 01 00 00 00 00 00 2D 2D 00 00
D7 00 69 01 6C 01 00 00 76 4D 00 00 00 00 00 00
00 00 6A 01 6B 01 00 00 BF 17 FF FF 00 00 00 00
00 00 00 00 00 00 01 00 00 00 00 00 E7 E3 FF FF
00 00 00 00 00 00 01 00 00 00 00 00 A1 2E 00 00
0E 01 6D 01 6E 01 00 00 0B F3 00 00 00 00 00 00
00 00 00 00 00 00 01 00 00 00 00 00 2B E4 FF FF
C7 00 6F 01 70 01 00 00 49 24 00 00 00 00 00 00
00 00 00 00 00 00 01 00 00 00 00 00 2F 1A 00 00
7C 01 71 01 72 01 00 00 70 78 00 00 00 00 00 00
00 00 00 00 00 00 01 00 00 00 00 00 00 F3 FF FF
00 00 00 00 00 00 01 00 00 00 00 00 CB E3 FF FF
81 01 74 01 75 01 00 00 D2 95 FF FF 00 00 00 00
00 00 00 00 00 00 01 00 00 00 00 00 48 E4 FF FF
32 00 76 01 7D 01 00 00 13 FE FF FF 00 00 00 00
03 00 77 01 7A 01 00 00 55 FD FF FF 00 00 00 00
D7 00 78 01 79 01 00 00 9C 4D 00 00 00 00 00 00
00 00 00 00 00 00 01 00 00 00 00 00 1C 07 00 00
00 00 00 00 00 00 01 00 00 00 00 00 CD 28 00 00
89 01 7B 01 7C 01 00 00 22 CF FF FF 00 00 00 00
00 00 00 00 00 00 01 00 00 00 00 00 FB DD FF FF
00 00 00 00 00 00 01 00 00 00 00 00 D4 28 00 00
C3 00 7E 01 7F 01 00 00 0B FF FF FF 00 00 00 00
00 00 00 00 00 00 01 00 00 00 00 00 0F 09 00 00
F2 00 80 01 81 01 00 00 21 FF FF FF 00 00 00 00
00 00 00 00 00 00 01 00 00 00 00 00 C0 F4 FF FF
00 00 00 00 00 00 01 00 00 00 00 00 36 E4 FF FF
60 01 83 01 8C 01 00 00 F5 F9 FF FF 00 00 00 00
33 01 84 01 87 01 00 00 FF FD FF FF 00 00 00 00
1B 00 85 01 86 01 00 00 7A FD FF FF 00 00 00 00
00 00 00 00 00 00 01 00 00 00 00 00 4E E2 FF FF
00 00 00 00 00 00 01 00 00 00 00 00 75 E1 FF FF
01 00 88 01 89 01 00 00 F2 FA FF FF 00 00 00 00
00 00 00 00 00 00 01 00 00 00 00 00 82 E0 FF FF
88 01 8A 01 8B 01 00 00 99 C1 FF FF 00 00 00 00
00 00 00 00 00 00 01 00 00 00 00 00 D7 DD FF FF
00 00 00 00 00 00 01 00 00 00 00 00 8F DF FF FF
C3 00 8D 01 8E 01 00 00 38 FF FF FF 00 00 00 00
00 00 00 00 00 00 01 00 00 00 00 00 65 25 00 00
F2 00 8F 01 90 01 00 00 21 FF FF FF 00 00 00 00
00 00 00 00 00 00 01 00 00 00 00 00 B6 24 00 00
00 00 00 00 00 00 01 00 00 00 00 00 06 24 00 00
79 01 92 01 9D 01 00 00 62 A0 FF FF 00 00 00 00
16 01 93 01 94 01 00 00 B2 FF 00 00 00 00 00 00
00 00 00 00 00 00 01 00 00 00 00 00 47 E4 FF FF
D7 00 95 01 96 01 00 00 94 4C 00 00 00 00 00 00
00 00 00 00 00 00 01 00 00 00 00 00 5B E4 FF FF
89 01 97 01 98 01 00 00 CF 27 FF FF 00 00 00 00
00 00 00 00 00 00 01 00 00 00 00 00 1E E4 FF FF
00 00 99 01 9A 01 00 00 0E 0B FF FF 00 00 00 00
00 00 00 00 00 00 01 00 00 00 00 00 E3 28 00 00
71 01 9B 01 9C 01 00 00 F4 50 FF FF 00 00 00 00
00 00 00 00 00 00 01 00 00 00 00 00 67 DD FF FF
00 00 00 00 00 00 01 00 00 00 00 00 82 20 00 00
70 01 9E 01 9F 01 00 00 CE BC FF FF 00 00 00 00
00 00 00 00 00 00 01 00 00 00 00 00 F9 F3 FF FF
00 00 00 00 00 00 01 00 00 00 00 00 42 E4 FF FF
14 01 A1 01 A2 01 00 00 BF 10 FF FF 00 00 00 00
00 00 00 00 00 00 01 00 00 00 00 00 38 28 00 00
89 01 A3 01 AE 01 00 00 D7 A9 FF FF 00 00 00 00
03 00 A4 01 A7 01 00 00 21 F6 FF FF 00 00 00 00
89 01 A5 01 A6 01 00 00 ED 1E FF FF 00 00 00 00
00 00 00 00 00 00 01 00 00 00 00 00 85 FC FF FF
00 00 00 00 00 00 01 00 00 00 00 00 A6 E4 FF FF
89 01 A8 01 A9 01 00 00 A2 3E FF FF 00 00 00 00
00 00 00 00 00 00 01 00 00 00 00 00 43 2E 00 00
1B 00 AA 01 AB 01 00 00 7A FD FF FF 00 00 00 00
00 00 00 00 00 00 01 00 00 00 00 00 B0 E3 FF FF
51 01 AC 01 AD 01 00 00 B1 8A FF FF 00 00 00 00
00 00 00 00 00 00 01 00 00 00 00 00 6B 34 00 00
00 00 00 00 00 00 01 00 00 00 00 00 B2 08 00 00
00 00 00 00 00 00 01 00 00 00 00 00 D9 E6 FF FF
77 01 B0 01 B1 01 00 00 96 4E 00 00 00 00 00 00
00 00 00 00 00 00 01 00 00 00 00 00 78 27 00 00
D7 00 B2 01 B5 01 00 00 76 4D 00 00 00 00 00 00
00 00 B3 01 B4 01 00 00 BF 17 FF FF 00 00 00 00
00 00 00 00 00 00 01 00 00 00 00 00 34 E4 FF FF
00 00 00 00 00 00 01 00 00 00 00 00 1E 29 00 00
50 01 B6 01 B7 01 00 00 15 53 FF FF 00 00 00 00
00 00 00 00 00 00 01 00 00 00 00 00 8C E4 FF FF
85 01 B8 01 BD 01 00 00 7D C0 FF FF 00 00 00 00
02 00 B9 01 BA 01 00 00 CA F5 FF FF 00 00 00 00
00 00 00 00 00 00 01 00 00 00 00 00 16 EA FF FF
8C 01 BB 01 BC 01 00 00 07 15 00 00 00 00 00 00
00 00 00 00 00 00 01 00 00 00 00 00 44 33 00 00
00 00 00 00 00 00 01 00 00 00 00 00 9E 05 00 00
00 00 00 00 00 00 01 00 00 00 00 00 F0 E5 FF FF
81 01 BF 01 C0 01 00 00 D2 95 FF FF 00 00 00 00
00 00 00 00 00 00 01 00 00 00 00 00 A3 E4 FF FF
33 00 C1 01 CA 01 00 00 22 FF FF FF 00 00 00 00
60 01 C2 01 C9 01 00 00 F5 F9 FF FF 00 00 00 00
7F 01 C3 01 C4 01 00 00 54 3A 00 00 00 00 00 00
00 00 00 00 00 00 01 00 00 00 00 00 C9 FD FF FF
03 00 C5 01 C6 01 00 00 F5 FC FF FF 00 00 00 00
00 00 00 00 00 00 01 00 00 00 00 00 B8 25 00 00
25 01 C7 01 C8 01 00 00 73 D5 00 00 00 00 00 00
00 00 00 00 00 00 01 00 00 00 00 00 C3 DE FF FF
00 00 00 00 00 00 01 00 00 00 00 00 26 29 00 00
00 00 00 00 00 00 01 00 00 00 00 00 52 E4 FF FF
F3 00 CB 01 CC 01 00 00 DE FE FF FF 00 00 00 00
00 00 00 00 00 00 01 00 00 00 00 00 AC 06 00 00
00 00 00 00 00 00 01 00 00 00 00 00 5F E5 FF FF
60 01 CE 01 D7 01 00 00 F5 F9 FF FF 00 00 00 00
33 01 CF 01 D2 01 00 00 FF FD FF FF 00 00 00 00
1B 00 D0 01 D1 01 00 00 7A FD FF FF 00 00 00 00
00 00 00 00 00 00 01 00 00 00 00 00 10 E3 FF FF
00 00 00 00 00 00 01 00 00 00 00 00 45 E2 FF FF
41 00 D3 01 D6 01 00 00 B6 FF FF FF 00 00 00 00
62 01 D4 01 D5 01 00 00 84 F3 FF FF 00 00 00 00
00 00 00 00 00 00 01 00 00 00 00 00 A6 DF FF FF
00 00 00 00 00 00 01 00 00 00 00 00 62 E1 FF FF
00 00 00 00 00 00 01 00 00 00 00 00 8D DE FF FF
C3 00 D8 01 D9 01 00 00 38 FF FF FF 00 00 00 00
00 00 00 00 00 00 01 00 00 00 00 00 15 23 00 00
EA 00 DA 01 DB 01 00 00 2D FF FF FF 00 00 00 00
00 00 00 00 00 00 01 00 00 00 00 00 9D 22 00 00
00 00 00 00 00 00 01 00 00 00 00 00 C4 21 00 00
79 01 DD 01 E8 01 00 00 62 A0 FF FF 00 00 00 00
16 01 DE 01 DF 01 00 00 B2 FF 00 00 00 00 00 00
00 00 00 00 00 00 01 00 00 00 00 00 A4 E4 FF FF
7F 01 E0 01 E1 01 00 00 4B 39 00 00 00 00 00 00
00 00 00 00 00 00 01 00 00 00 00 00 96 E4 FF FF
89 01 E2 01 E3 01 00 00 CF 27 FF FF 00 00 00 00
00 00 00 00 00 00 01 00 00 00 00 00 72 E4 FF FF
00 00 E4 01 E5 01 00 00 0E 0B FF FF 00 00 00 00
00 00 00 00 00 00 01 00 00 00 00 00 4A 25 00 00
71 01 E6 01 E7 01 00 00 F4 50 FF FF 00 00 00 00
00 00 00 00 00 00 01 00 00 00 00 00 06 DF FF FF
00 00 00 00 00 00 01 00 00 00 00 00 5F 1C 00 00
70 01 E9 01 EA 01 00 00 CE BC FF FF 00 00 00 00
00 00 00 00 00 00 01 00 00 00 00 00 A3 F5 FF FF
00 00 00 00 00 00 01 00 00 00 00 00 97 E4 FF FF
14 01 EC 01 ED 01 00 00 BF 10 FF FF 00 00 00 00
00 00 00 00 00 00 01 00 00 00 00 00 D2 24 00 00
89 01 EE 01 F9 01 00 00 34 B4 FF FF 00 00 00 00
CF 00 EF 01 F4 01 00 00 B2 3D 00 00 00 00 00 00
53 00 F0 01 F1 01 00 00 D0 F2 FF FF 00 00 00 00
00 00 00 00 00 00 01 00 00 00 00 00 91 E4 FF FF
21 01 F2 01 F3 01 00 00 86 35 FF FF 00 00 00 00
00 00 00 00 00 00 01 00 00 00 00 00 2B 2A 00 00
00 00 00 00 00 00 01 00 00 00 00 00 72 EB FF FF
5B 01 F5 01 F8 01 00 00 A5 FD FF FF 00 00 00 00
89 01 F6 01 F7 01 00 00 D5 4A FF FF 00 00 00 00
00 00 00 00 00 00 01 00 00 00 00 00 2F 1F 00 00
00 00 00 00 00 00 01 00 00 00 00 00 EE EB FF FF
00 00 00 00 00 00 01 00 00 00 00 00 5A 37 00 00
00 00 00 00 00 00 01 00 00 00 00 00 F9 E6 FF FF
7F 01 FB 01 FC 01 00 00 21 31 00 00 00 00 00 00
00 00 00 00 00 00 01 00 00 00 00 00 6B 24 00 00
7F 01 FD 01 02 02 00 00 F7 3A 00 00 00 00 00 00
F6 00 FE 01 FF 01 00 00 66 1F 00 00 00 00 00 00
00 00 00 00 00 00 01 00 00 00 00 00 85 E4 FF FF
00 00 00 02 01 02 00 00 83 1A FF FF 00 00 00 00
00 00 00 00 00 00 01 00 00 00 00 00 A5 E4 FF FF
00 00 00 00 00 00 01 00 00 00 00 00 8B 26 00 00
0E 01 03 02 04 02 00 00 AB 00 01 00 00 00 00 00
00 00 00 00 00 00 01 00 00 00 00 00 DE E5 FF FF
7C 01 05 02 08 02 00 00 9D 77 00 00 00 00 00 00
30 01 06 02 07 02 00 00 24 90 FF FF 00 00 00 00
00 00 00 00 00 00 01 00 00 00 00 00 95 E5 FF FF
00 00 00 00 00 00 01 00 00 00 00 00 B3 24 00 00
00 00 00 00 00 00 01 00 00 00 00 00 76 E4 FF FF
81 01 0A 02 0B 02 00 00 D2 95 FF FF 00 00 00 00
00 00 00 00 00 00 01 00 00 00 00 00 EE E4 FF FF
33 00 0C 02 15 02 00 00 22 FF FF FF 00 00 00 00
60 01 0D 02 14 02 00 00 F5 F9 FF FF 00 00 00 00
7F 01 0E 02 0F 02 00 00 54 3A 00 00 00 00 00 00
00 00 00 00 00 00 01 00 00 00 00 00 46 FE FF FF
03 00 10 02 11 02 00 00 A4 FD FF FF 00 00 00 00
00 00 00 00 00 00 01 00 00 00 00 00 C4 22 00 00
35 01 12 02 13 02 00 00 28 4E 01 00 00 00 00 00
00 00 00 00 00 00 01 00 00 00 00 00 B7 DF FF FF
00 00 00 00 00 00 01 00 00 00 00 00 07 26 00 00
00 00 00 00 00 00 01 00 00 00 00 00 B2 E4 FF FF
F3 00 16 02 17 02 00 00 DE FE FF FF 00 00 00 00
00 00 00 00 00 00 01 00 00 00 00 00 E6 04 00 00
00 00 00 00 00 00 01 00 00 00 00 00 C9 E5 FF FF
60 01 19 02 22 02 00 00 F5 F9 FF FF 00 00 00 00
0B 00 1A 02 1D 02 00 00 DC FE FF FF 00 00 00 00
1B 00 1B 02 1C 02 00 00 7A FD FF FF 00 00 00 00
00 00 00 00 00 00 01 00 00 00 00 00 AE E3 FF FF
00 00 00 00 00 00 01 00 00 00 00 00 D7 E2 FF FF
34 01 1E 02 1F 02 00 00 72 BB 00 00 00 00 00 00
00 00 00 00 00 00 01 00 00 00 00 00 5D E2 FF FF
DB 00 20 02 21 02 00 00 53 FF FF FF 00 00 00 00
00 00 00 00 00 00 01 00 00 00 00 00 C2 E0 FF FF
00 00 00 00 00 00 01 00 00 00 00 00 00 DF FF FF
C3 00 23 02 24 02 00 00 38 FF FF FF 00 00 00 00
00 00 00 00 00 00 01 00 00 00 00 00 45 21 00 00
F2 00 25 02 26 02 00 00 21 FF FF FF 00 00 00 00
00 00 00 00 00 00 01 00 00 00 00 00 BB 20 00 00
00 00 00 00 00 00 01 00 00 00 00 00 0E 20 00 00
79 01 28 02 31 02 00 00 62 A0 FF FF 00 00 00 00
16 01 29 02 2A 02 00 00 B2 FF 00 00 00 00 00 00
00 00 00 00 00 00 01 00 00 00 00 00 F2 E4 FF FF
00 00 2B 02 2E 02 00 00 D2 14 FF FF 00 00 00 00
89 01 2C 02 2D 02 00 00 CF 27 FF FF 00 00 00 00
00 00 00 00 00 00 01 00 00 00 00 00 C6 E4 FF FF
00 00 00 00 00 00 01 00 00 00 00 00 43 21 00 00
73 01 2F 02 30 02 00 00 7A FA FF FF 00 00 00 00
00 00 00 00 00 00 01 00 00 00 00 00 11 E4 FF FF
00 00 00 00 00 00 01 00 00 00 00 00 34 15 00 00
70 01 32 02 35 02 00 00 CE BC FF FF 00 00 00 00
0B 00 33 02 34 02 00 00 DC FE FF FF 00 00 00 00
00 00 00 00 00 00 01 00 00 00 00 00 6A E4 FF FF
00 00 00 00 00 00 01 00 00 00 00 00 34 41 00 00
00 00 00 00 00 00 01 00 00 00 00 00 DE E4 FF FF
14 01 37 02 38 02 00 00 BF 10 FF FF 00 00 00 00
00 00 00 00 00 00 01 00 00 00 00 00 57 22 00 00
89 01 39 02 44 02 00 00 34 B4 FF FF 00 00 00 00
0B 00 3A 02 3F 02 00 00 F2 F8 FF FF 00 00 00 00
79 01 3B 02 3E 02 00 00 10 27 FF FF 00 00 00 00
02 00 3C 02 3D 02 00 00 9F 6B FF FF 00 00 00 00
00 00 00 00 00 00 01 00 00 00 00 00 D0 E4 FF FF
00 00 00 00 00 00 01 00 00 00 00 00 7D 25 00 00
00 00 00 00 00 00 01 00 00 00 00 00 51 E5 FF FF
89 01 40 02 41 02 00 00 40 4D FF FF 00 00 00 00
00 00 00 00 00 00 01 00 00 00 00 00 47 2A 00 00
0B 00 42 02 43 02 00 00 11 FF FF FF 00 00 00 00
00 00 00 00 00 00 01 00 00 00 00 00 40 E5 FF FF
00 00 00 00 00 00 01 00 00 00 00 00 E4 32 00 00
00 00 00 00 00 00 01 00 00 00 00 00 A3 E7 FF FF
7F 01 46 02 47 02 00 00 5B 30 00 00 00 00 00 00
00 00 00 00 00 00 01 00 00 00 00 00 7D 22 00 00
D7 00 48 02 4D 02 00 00 C3 4D 00 00 00 00 00 00
00 00 49 02 4A 02 00 00 24 17 FF FF 00 00 00 00
00 00 00 00 00 00 01 00 00 00 00 00 8D E5 FF FF
7F 01 4B 02 4C 02 00 00 BF 3A 00 00 00 00 00 00
00 00 00 00 00 00 01 00 00 00 00 00 E9 24 00 00
00 00 00 00 00 00 01 00 00 00 00 00 8B F9 FF FF
88 01 4E 02 4F 02 00 00 42 59 FF FF 00 00 00 00
00 00 00 00 00 00 01 00 00 00 00 00 A3 E4 FF FF
85 01 50 02 53 02 00 00 A2 BF FF FF 00 00 00 00
02 00 51 02 52 02 00 00 CA F5 FF FF 00 00 00 00
00 00 00 00 00 00 01 00 00 00 00 00 FB E3 FF FF
00 00 00 00 00 00 01 00 00 00 00 00 8D 22 00 00
00 00 00 00 00 00 01 00 00 00 00 00 D5 E7 FF FF
49 01 55 02 56 02 00 00 F9 99 FF FF 00 00 00 00
00 00 00 00 00 00 01 00 00 00 00 00 2E E5 FF FF
1B 00 57 02 5C 02 00 00 2D FF FF FF 00 00 00 00
60 01 58 02 5B 02 00 00 F5 F9 FF FF 00 00 00 00
7F 01 59 02 5A 02 00 00 CA 3A 00 00 00 00 00 00
00 00 00 00 00 00 01 00 00 00 00 00 50 0A 00 00
00 00 00 00 00 00 01 00 00 00 00 00 51 1F 00 00
00 00 00 00 00 00 01 00 00 00 00 00 17 E5 FF FF
F2 00 5D 02 62 02 00 00 21 FF FF FF 00 00 00 00
81 01 5E 02 5F 02 00 00 B5 E2 FF FF 00 00 00 00
00 00 00 00 00 00 01 00 00 00 00 00 C1 DF FF FF
43 00 60 02 61 02 00 00 2E 00 00 00 00 00 00 00
00 00 00 00 00 00 01 00 00 00 00 00 B7 1F 00 00
00 00 00 00 00 00 01 00 00 00 00 00 37 E3 FF FF
00 00 00 00 00 00 01 00 00 00 00 00 E7 E4 FF FF
60 01 64 02 6D 02 00 00 F5 F9 FF FF 00 00 00 00
0B 00 65 02 68 02 00 00 DC FE FF FF 00 00 00 00
1B 00 66 02 67 02 00 00 7A FD FF FF 00 00 00 00
00 00 00 00 00 00 01 00 00 00 00 00 2C E4 FF FF
00 00 00 00 00 00 01 00 00 00 00 00 69 E3 FF FF
41 00 69 02 6C 02 00 00 B6 FF FF FF 00 00 00 00
62 01 6A 02 6B 02 00 00 84 F3 FF FF 00 00 00 00
00 00 00 00 00 00 01 00 00 00 00 00 0E E1 FF FF
00 00 00 00 00 00 01 00 00 00 00 00 CE E2 FF FF
00 00 00 00 00 00 01 00 00 00 00 00 AA DF FF FF
C3 00 6E 02 6F 02 00 00 38 FF FF FF 00 00 00 00
00 00 00 00 00 00 01 00 00 00 00 00 E5 1F 00 00
E2 00 70 02 71 02 00 00 74 FF FF FF 00 00 00 00
00 00 00 00 00 00 01 00 00 00 00 00 38 1F 00 00
00 00 00 00 00 00 01 00 00 00 00 00 C1 1E 00 00
79 01 73 02 7C 02 00 00 62 A0 FF FF 00 00 00 00
16 01 74 02 75 02 00 00 B2 FF 00 00 00 00 00 00
00 00 00 00 00 00 01 00 00 00 00 00 33 E5 FF FF
00 00 76 02 79 02 00 00 0E 0B FF FF 00 00 00 00
79 01 77 02 78 02 00 00 10 27 FF FF 00 00 00 00
00 00 00 00 00 00 01 00 00 00 00 00 0A E5 FF FF
00 00 00 00 00 00 01 00 00 00 00 00 D3 20 00 00
83 01 7A 02 7B 02 00 00 FD F7 FF FF 00 00 00 00
00 00 00 00 00 00 01 00 00 00 00 00 EA E2 FF FF
00 00 00 00 00 00 01 00 00 00 00 00 FC 15 00 00
70 01 7D 02 80 02 00 00 CE BC FF FF 00 00 00 00
43 01 7E 02 7F 02 00 00 C6 FD FF FF 00 00 00 00
00 00 00 00 00 00 01 00 00 00 00 00 02 E6 FF FF
00 00 00 00 00 00 01 00 00 00 00 00 B4 34 00 00
00 00 00 00 00 00 01 00 00 00 00 00 15 E5 FF FF
14 01 82 02 83 02 00 00 BF 10 FF FF 00 00 00 00
00 00 00 00 00 00 01 00 00 00 00 00 78 20 00 00
89 01 84 02 8F 02 00 00 7A EB FF FF 00 00 00 00
BB 00 85 02 8E 02 00 00 E6 FF FF FF 00 00 00 00
7F 01 86 02 87 02 00 00 74 3C 00 00 00 00 00 00
00 00 00 00 00 00 01 00 00 00 00 00 6E EB FF FF
89 01 88 02 8D 02 00 00 09 7C FF FF 00 00 00 00
03 00 89 02 8C 02 00 00 C1 FC FF FF 00 00 00 00
79 01 8A 02 8B 02 00 00 98 3F FF FF 00 00 00 00
00 00 00 00 00 00 01 00 00 00 00 00 89 1B 00 00
00 00 00 00 00 00 01 00 00 00 00 00 66 E4 FF FF
00 00 00 00 00 00 01 00 00 00 00 00 1A 26 00 00
00 00 00 00 00 00 01 00 00 00 00 00 F0 E3 FF FF
00 00 00 00 00 00 01 00 00 00 00 00 73 48 00 00
00 00 00 00 00 00 01 00 00 00 00 00 15 E5 FF FF
7F 01 91 02 92 02 00 00 5B 30 00 00 00 00 00 00
00 00 00 00 00 00 01 00 00 00 00 00 94 20 00 00
7F 01 93 02 9A 02 00 00 F7 3A 00 00 00 00 00 00
F6 00 94 02 95 02 00 00 66 1F 00 00 00 00 00 00
00 00 00 00 00 00 01 00 00 00 00 00 A3 E5 FF FF
26 01 96 02 99 02 00 00 B4 90 01 00 00 00 00 00
00 00 97 02 98 02 00 00 83 1A FF FF 00 00 00 00
00 00 00 00 00 00 01 00 00 00 00 00 7B FD FF FF
00 00 00 00 00 00 01 00 00 00 00 00 19 24 00 00
00 00 00 00 00 00 01 00 00 00 00 00 E8 E4 FF FF
78 01 9B 02 9C 02 00 00 4F 73 FF FF 00 00 00 00
00 00 00 00 00 00 01 00 00 00 00 00 B6 E4 FF FF
7D 01 9D 02 9E 02 00 00 71 E3 FF FF 00 00 00 00
00 00 00 00 00 00 01 00 00 00 00 00 E2 19 00 00
00 00 00 00 00 00 01 00 00 00 00 00 BE E7 FF FF
49 01 A0 02 A1 02 00 00 F9 99 FF FF 00 00 00 00
00 00 00 00 00 00 01 00 00 00 00 00 62 E5 FF FF
1B 00 A2 02 A7 02 00 00 2D FF FF FF 00 00 00 00
13 01 A3 02 A6 02 00 00 D2 FE FF FF 00 00 00 00
7F 01 A4 02 A5 02 00 00 CA 3A 00 00 00 00 00 00
00 00 00 00 00 00 01 00 00 00 00 00 2B 0A 00 00
00 00 00 00 00 00 01 00 00 00 00 00 24 1E 00 00
00 00 00 00 00 00 01 00 00 00 00 00 43 FD FF FF
F2 00 A8 02 AD 02 00 00 21 FF FF FF 00 00 00 00
81 01 A9 02 AA 02 00 00 B5 E2 FF FF 00 00 00 00
00 00 00 00 00 00 01 00 00 00 00 00 79 E0 FF FF
53 01 AB 02 AC 02 00 00 E9 FF FF FF 00 00 00 00
00 00 00 00 00 00 01 00 00 00 00 00 73 1B 00 00
00 00 00 00 00 00 01 00 00 00 00 00 0E E4 FF FF
00 00 00 00 00 00 01 00 00 00 00 00 17 E5 FF FF
60 01 AF 02 B8 02 00 00 F5 F9 FF FF 00 00 00 00
0B 00 B0 02 B3 02 00 00 DC FE FF FF 00 00 00 00
1B 00 B1 02 B2 02 00 00 7A FD FF FF 00 00 00 00
00 00 00 00 00 00 01 00 00 00 00 00 90 E4 FF FF
00 00 00 00 00 00 01 00 00 00 00 00 E1 E3 FF FF
81 00 B4 02 B7 02 00 00 38 FF FF FF 00 00 00 00
62 01 B5 02 B6 02 00 00 84 F3 FF FF 00 00 00 00
00 00 00 00 00 00 01 00 00 00 00 00 A2 E1 FF FF
00 00 00 00 00 00 01 00 00 00 00 00 1D E3 FF FF
00 00 00 00 00 00 01 00 00 00 00 00 35 E0 FF FF
BB 00 B9 02 BA 02 00 00 31 FF FF FF 00 00 00 00
00 00 00 00 00 00 01 00 00 00 00 00 B0 1E 00 00
F2 00 BB 02 BC 02 00 00 21 FF FF FF 00 00 00 00
00 00 00 00 00 00 01 00 00 00 00 00 34 1E 00 00
00 00 00 00 00 00 01 00 00 00 00 00 BB 1D 00 00
62 01 BE 02 CB 02 00 00 84 F3 FF FF 00 00 00 00
16 01 BF 02 C0 02 00 00 B2 FF 00 00 00 00 00 00
00 00 00 00 00 00 01 00 00 00 00 00 67 E5 FF FF
00 00 C1 02 C4 02 00 00 3E 10 FF FF 00 00 00 00
89 01 C2 02 C3 02 00 00 CF 27 FF FF 00 00 00 00
00 00 00 00 00 00 01 00 00 00 00 00 32 E5 FF FF
00 00 00 00 00 00 01 00 00 00 00 00 35 1E 00 00
83 01 C5 02 C6 02 00 00 A2 FA FF FF 00 00 00 00
00 00 00 00 00 00 01 00 00 00 00 00 0A E6 FF FF
11 00 C7 02 CA 02 00 00 BB E4 FF FF 00 00 00 00
F0 00 C8 02 C9 02 00 00 22 41 FF FF 00 00 00 00
00 00 00 00 00 00 01 00 00 00 00 00 FE 1A 00 00
00 00 00 00 00 00 01 00 00 00 00 00 A8 E4 FF FF
00 00 00 00 00 00 01 00 00 00 00 00 DF 43 00 00
00 00 00 00 00 00 01 00 00 00 00 00 CD E7 FF FF
14 01 CD 02 CE 02 00 00 BF 10 FF FF 00 00 00 00
00 00 00 00 00 00 01 00 00 00 00 00 0C 1F 00 00
89 01 CF 02 DA 02 00 00 7A EB FF FF 00 00 00 00
BB 00 D0 02 D9 02 00 00 E6 FF FF FF 00 00 00 00
89 01 D1 02 D8 02 00 00 09 7C FF FF 00 00 00 00
03 00 D2 02 D3 02 00 00 42 F4 FF FF 00 00 00 00
00 00 00 00 00 00 01 00 00 00 00 00 4A E7 FF FF
81 01 D4 02 D5 02 00 00 95 39 FF FF 00 00 00 00
00 00 00 00 00 00 01 00 00 00 00 00 3D 23 00 00
3D 00 D6 02 D7 02 00 00 45 45 FF FF 00 00 00 00
00 00 00 00 00 00 01 00 00 00 00 00 DE E8 FF FF
00 00 00 00 00 00 01 00 00 00 00 00 B6 26 00 00
00 00 00 00 00 00 01 00 00 00 00 00 C8 E4 FF FF
00 00 00 00 00 00 01 00 00 00 00 00 94 3D 00 00
00 00 00 00 00 00 01 00 00 00 00 00 47 E5 FF FF
77 01 DC 02 DD 02 00 00 96 4E 00 00 00 00 00 00
00 00 00 00 00 00 01 00 00 00 00 00 50 1E 00 00
7F 01 DE 02 E3 02 00 00 F7 3A 00 00 00 00 00 00
FE 00 DF 02 E0 02 00 00 79 58 00 00 00 00 00 00
00 00 00 00 00 00 01 00 00 00 00 00 3C E5 FF FF
08 00 E1 02 E2 02 00 00 09 23 FF FF 00 00 00 00
00 00 00 00 00 00 01 00 00 00 00 00 96 F4 FF FF
00 00 00 00 00 00 01 00 00 00 00 00 49 22 00 00
78 01 E4 02 E5 02 00 00 4F 73 FF FF 00 00 00 00
00 00 00 00 00 00 01 00 00 00 00 00 F3 E4 FF FF
7D 01 E6 02 E7 02 00 00 AD E2 FF FF 00 00 00 00
00 00 00 00 00 00 01 00 00 00 00 00 73 1B 00 00
5D 01 E8 02 E9 02 00 00 C0 83 01 00 00 00 00 00
00 00 00 00 00 00 01 00 00 00 00 00 E9 FD FF FF
00 00 00 00 00 00 01 00 00 00 00 00 EB E5 FF FF
F8 FC FF FF A5 00 00 00 17 02 00 00 8D 00 00 00
D9 03 00 00 4C 9C FF FF F1 6F FF FF DA E7 FF FF
BF FC FF FF 9F 00 00 00 64 02 00 00 64 00 00 00
83 DE FF FF AC 8C FF FF E2 54 FF FF 6D CF FF FF
B7 FC FF FF 8E 00 00 00 D6 01 00 00 9C 00 00 00
48 BD FF FF 29 80 FF FF ED 41 FF FF F9 B9 FF FF
7C FC FF FF 7F 00 00 00 72 01 00 00 8E 00 00 00
35 A1 FF FF 1C 76 FF FF 0D 34 FF FF 5D A7 FF FF
54 FC FF FF 6B 00 00 00 59 01 00 00 6A 00 00 00
37 89 FF FF AD 6D FF FF DD 29 FF FF 6E 97 FF FF
47 FC FF FF 6D 00 00 00 C4 01 00 00 94 00 00 00
1C 75 FF FF 74 66 FF FF 5A 22 FF FF BE 89 FF FF
63 FC FF FF 7A 00 00 00 CB 01 00 00 75 00 00 00
BD 64 FF FF 5A 60 FF FF B8 1C FF FF FE 7D FF FF
89 FC FF FF 76 00 00 00 82 01 00 00 34 00 00 00
62 57 FF FF 24 5B FF FF 39 18 FF FF F1 73 FF FF
9A FC FF FF 6A 00 00 00 E9 00 00 00 06 00 00 00
62 4C FF FF A9 56 FF FF AD 14 FF FF 6D 6B FF FF
63 FC FF FF 62 00 00 00 6A 00 00 00 47 00 00 00
6F 43 FF FF D7 52 FF FF E2 11 FF FF 29 64 FF FF
52 FC FF FF 5A 00 00 00 F9 FF FF FF 23 00 00 00
1C 3C FF FF 88 4F FF FF A0 0F FF FF D6 5D FF FF
AD FC FF FF 76 00 00 00 A2 FF FF FF DE FF FF FF
0A 36 FF FF AA 4C FF FF C5 0D FF FF 83 58 FF FF
35 FD FF FF 8E 00 00 00 69 FF FF FF A8 FF FF FF
EC 30 FF FF 23 4A FF FF 3E 0C FF FF C5 53 FF FF
36 FD FF FF 98 00 00 00 5F FF FF FF 7D FF FF FF
A1 2C FF FF ED 47 FF FF F8 0A FF FF A0 4F FF FF
0F FE FF FF CB 00 00 00 30 FF FF FF CE FF FF FF
0D 29 FF FF F9 45 FF FF EC 09 FF FF FA 4B FF FF
6A FE FF FF 19 01 00 00 0F FF FF FF C5 FF FF FF
05 26 FF FF 3B 44 FF FF 09 09 FF FF D0 48 FF FF
36 FE FF FF 09 01 00 00 FE FE FF FF 98 FF FF FF
77 23 FF FF AD 42 FF FF 4F 08 FF FF 04 46 FF FF
4B FE FF FF 16 01 00 00 F3 FE FF FF 64 FF FF FF
FA 22 FF FF 8A 42 FF FF 18 08 FF FF 70 46 FF FF
26 FE FF FF 20 01 00 00 E6 FE FF FF B0 FF FF FF
39 2C FF FF 83 48 FF FF 59 0A FF FF BA 5B FF FF
E8 FD FF FF 22 01 00 00 EF FE FF FF AB FF FF FF
8F 3A FF FF 2D 50 FF FF 1F 0E FF FF 92 7C FF FF
16 FE FF FF 1D 01 00 00 C5 FE FF FF E2 FF FF FF
60 4D FF FF EC 58 FF FF 62 13 FF FF F4 A0 FF FF
3B FE FF FF 20 01 00 00 7F FE FF FF CC FF FF FF
45 65 FF FF E0 62 FF FF CA 1A FF FF E6 C5 FF FF
AD FD FF FF 10 01 00 00 D7 FE FF FF F6 FF FF FF
74 82 FF FF 2B 6E FF FF E4 24 FF FF 9C E9 FF FF
14 FD FF FF F5 00 00 00 F5 FE FF FF EE FF FF FF
60 A4 FF FF E3 7A FF FF 38 32 FF FF 65 0A 00 00
DA FC FF FF D4 00 00 00 A5 FE FF FF 02 00 00 00
CC C9 FF FF 26 89 FF FF E2 43 FF FF 19 26 00 00
29 FC FF FF B1 00 00 00 75 FF FF FF 1B 00 00 00
07 F1 FF FF 27 99 FF FF FE 5A FF FF 3D 3D 00 00
79 FB FF FF AA 00 00 00 84 01 00 00 3B 00 00 00
B5 17 00 00 13 AB FF FF 22 78 FF FF 02 50 00 00
C3 FA FF FF 98 00 00 00 F8 01 00 00 16 00 00 00
D2 3B 00 00 FA BE FF FF 0C 9C FF FF FC 5E 00 00
7F FA FF FF 7D 00 00 00 0F 02 00 00 00 00 00 00
22 5C 00 00 0C D5 FF FF DD C7 FF FF D6 6A 00 00
46 FA FF FF 63 00 00 00 A0 01 00 00 F7 FF FF FF
C2 77 00 00 B6 ED FF FF E3 FA FF FF 16 74 00 00
F6 F9 FF FF 3F 00 00 00 EA 00 00 00 F0 FF FF FF
B5 8E 00 00 23 09 00 00 F1 33 00 00 91 7B 00 00
64 F9 FF FF 0E 00 00 00 4F 00 00 00 CA FF FF FF
B0 A0 00 00 D8 27 00 00 73 72 00 00 2F 81 00 00
65 F9 FF FF 00 00 00 00 F3 FF FF FF 13 00 00 00
9D AF 00 00 12 4A 00 00 06 B5 00 00 A5 85 00 00
60 F9 FF FF 0A 00 00 00 C8 FF FF FF 46 00 00 00
2B BB 00 00 8E 70 00 00 03 F6 00 00 E5 88 00 00
6C F9 FF FF 06 00 00 00 BB FF FF FF 49 00 00 00
AA C3 00 00 E2 9A 00 00 FA 33 01 00 9A 8B 00 00
A2 F9 FF FF FA FF FF FF 7D FF FF FF 3A 00 00 00
41 CA 00 00 CF C9 00 00 0E 6E 01 00 AB 8D 00 00
E6 F8 FF FF DA FF FF FF 38 FF FF FF 48 00 00 00
5B CF 00 00 17 FE 00 00 C7 A2 01 00 65 8F 00 00
4F F8 FF FF BE FF FF FF 39 FF FF FF 50 00 00 00
4A D3 00 00 27 38 01 00 6A D0 01 00 E0 90 00 00
61 F8 FF FF B8 FF FF FF 07 FF FF FF 11 00 00 00
5E D6 00 00 8F 79 01 00 3D F8 01 00 EA 91 00 00
4B F7 FF FF 78 FF FF FF B8 FE FF FF EE FF FF FF
78 D8 00 00 90 C1 01 00 D0 19 02 00 EC 92 00 00
42 F6 FF FF 3D FF FF FF 6E FE FF FF C3 FF FF FF
6D DA 00 00 D4 10 02 00 DE 35 02 00 BE 93 00 00
A0 F5 FF FF 05 FF FF FF 3E FE FF FF EB FF FF FF
E3 DB 00 00 CA 67 02 00 52 4C 02 00 59 94 00 00
16 F5 FF FF CA FE FF FF FD FD FF FF 2C 00 00 00
E7 DF 00 00 03 7C 02 00 D3 59 02 00 D9 94 00 00
FF F3 FF FF 88 FE FF FF 87 FD FF FF 32 00 00 00
D1 D6 00 00 E6 83 01 00 CC 05 02 00 5F 8E 00 00
D8 F2 FF FF 38 FE FF FF 3A FD FF FF A7 00 00 00
6B CA 00 00 67 D3 00 00 28 88 01 00 50 82 00 00
1A F2 FF FF F5 FD FF FF F9 FC FF FF 8E 00 00 00
7F B7 00 00 B5 65 00 00 87 FD 00 00 1E 70 00 00
53 F1 FF FF C1 FD FF FF 29 FD FF FF 60 00 00 00
E0 9C 00 00 23 1E 00 00 99 7C 00 00 4E 58 00 00
83 F0 FF FF 90 FD FF FF 71 FD FF FF 95 00 00 00
24 7B 00 00 9A EC FF FF 45 15 00 00 8F 3C 00 00
E3 EF FF FF 4A FD FF FF 0E FD FF FF BF 00 00 00
46 54 00 00 64 C9 FF FF 5D C9 FF FF 56 1F 00 00
37 EF FF FF FC FC FF FF D2 FC FF FF 91 00 00 00
74 2B 00 00 6A AF FF FF 3F 93 FF FF 6B 02 00 00
AB D7 FE FF 2D 4A 00 00 E6 C7 00 00 42 8B 00 00
E3 09 FF FF 2E 12 01 00 93 B3 00 00 79 B4 00 00
B9 35 FF FF 23 F7 FD FF 72 9A 00 00 8A BE 00 00
B8 B0 FF FF 09 5E 00 00 DC B5 01 00 90 0F 01 00
30 A0 00 00 11 2A 02 00 9E F4 00 00 76 EB FE FF
05 68 FF FF 79 DC 00 00 C1 F4 FF FF 47 31 01 00
75 1A 01 00 60 B8 FE FF ED A5 00 00 E8 CC FE FF
62 12 01 00 A5 71 FE FF 1B 4A FF FF B2 64 FF FF
E7 8F 00 00 69 8F 00 00 A7 60 FF FF 7D FD FF FF
23 00 00 00 B4 0E 00 00 C8 2E 02 00 56 B7 FF FF
C1 EF FF FF CC 3F 01 00 EE FC 01 00 56 F2 FF FF
C7 C2 FF FF E1 0F 01 00 F8 0E 00 00 3B D0 00 00
F3 E1 00 00 02 53 00 00 FC 7D 00 00 CD D4 FF FF
20 F5 00 00 AA 79 FE FF 3D 21 01 00 D4 B6 FF FF
32 61 00 00 C6 1C FE FF B2 F4 FF FF 75 C7 01 00
1F 7F FE FF 69 99 00 00 73 68 FF FF 5F 96 01 00
C1 EC 02 00 27 0D 00 00 6A 03 02 00 13 D0 FE FF
D5 AD 00 00 73 17 01 00 39 17 FE FF 84 C2 FF FF
49 D5 00 00 28 1E 01 00 34 00 00 00 3C BC FE FF
1A C0 00 00 BB 63 00 00 D6 C3 FF FF 90 F2 FF FF
7A 40 00 00 D6 22 00 00 14 3D 01 00 E0 F7 FF FF
95 AE FE FF A1 FD FF FF 2A 85 00 00 3B 35 01 00
4C B1 FF FF 4E 29 FF FF 2A 20 00 00 DE 56 FF FF
87 28 00 00 53 70 02 00 8C 70 00 00 36 C5 00 00
74 AB FE FF 39 F0 00 00 54 6C FF FF F1 36 00 00
0D 0E FF FF 54 38 02 00 32 08 FF FF CB 2C 00 00
08 98 01 00 0F 87 00 00 D1 F0 FF FF 78 C3 FD FF
FC FC 00 00 17 74 02 00 87 7B 02 00 F3 7F 00 00
E7 25 FF FF 6F 36 00 00 7B 1B FF FF ED E1 00 00
53 32 01 00 36 33 00 00 A2 9E FF FF 2F 25 00 00
E2 06 01 00 6C 09 FE FF 30 46 FF FF B9 EC 00 00
17 03 00 00 E9 19 FF FF 70 00 00 00 57 C5 FF FF
00 00 00 00 00 00 00 00 00 00 00 00 00 00 00 00
00 00 00 00 00 00 00 00 00 00 00 00 00 00 00 00
00 00 00 00 00 00 00 00 00 00 00 00 00 00 00 00
00 00 00 00 00 00 00 00 00 00 00 00 00 00 00 00
00 00 00 00 00 00 00 00 00 00 00 00 00 00 00 00
00 00 00 00 00 00 00 00 00 01 00 00 01 00 00 01
00 00 00 00 00 00 00 00 00 00 00 00 00 00 00 00
00 00 00 00 00 00 00 00 00 00 00 00 00 00 00 00
00 01 00 00 01 00 00 01 00 00 00 00 00 00 00 00
00 00 00 00 00 00 00 00 00 00 00 00 00 00 00 00
00 00 00 00 00 00 00 00 00 00 00 00 00 00 00 00
00 00 00 00 00 00 00 00 00 00 00 00 00 00 00 00
00 00 00 00 00 00 00 00 00 00 00 00 00 00 00 00
00 00 00 00 00 00 00 00 00 00 00 00 00 00 00 00
00 00 00 00 00 00 00 00 00 00 00 00 00 00 00 00
00 00 00 00 00 00 00 00 00 00 00 00 00 00 00 00
00 00 01 00 01 00 01 00 00 01 00 01 00 01 00 01
00 00 00 00 00 00 00 00 00 00 00 00 00 00 00 00
00 00 00 00 00 01 00 01 00 00 01 00 00 00 00 00
00 00 00 00 00 00 00 00 00 00 00 00 00 00 00 00
00 00 00 00 00 00 00 00 00 00 00 00 00 00 00 00
00 00 00 00 00 00 00 00 00 00 00 00 00 00 00 00
00 00 00 00 00 00 00 00 00 00 00 00 00 00 00 00
00 00 00 00 00 00 00 00 00 00 00 00 00 00 00 00
00 00 00 00 00 01 01 00 01 00 01 01 01 01 00 01
01 00 00 00 00 00 00 00 00 00 00 00 00 00 00 00
00 00 00 00 00 00 00 00 01 01 01 00 01 01 01 00
00 00 00 00 00 00 00 00 00 00 00 00 00 00 00 00
00 00 00 00 00 00 00 00 00 00 00 00 00 00 00 00
00 00 00 00 00 00 00 00 00 00 00 00 00 00 00 00
00 00 00 00 00 00 00 00 00 00 00 00 00 00 00 00
00 00 00 00 00 00 00 00 00 00 00 00 00 00 00 00
00 00 00 00 00 00 00 00 00 00 01 01 00 00 00 00
00 00 00 01 00 00 00 00 00 00 00 00 00 00 00 00
00 00 00 00 00 00 00 00 00 00 00 00 00 00 00 00
00 00 00 00 00 00 00 00 00 00 00 00 00 00 00 00
00 00 00 00 00 00 00 00 00 00 00 00 00 00 00 00
00 00 00 00 00 00 00 00 00 00 00 00 00 00 00 00
00 00 00 00 00 00 00 00 00 00 00 00 00 00 00 00
00 00 00 00 00 00 00 00 00 00 00 00 00 00 00 00
00 00 00 00 00 00 00 00 00 00 00 00 00 00 00 00
00 00 00 00 00 00 00 00 00 00 00 00 00 00 00 00
00 00 00 00 00 00 00 00 00 00 00 00 00 00 00 00
00 00 00 00 00 00 00 00 00 00 00 00 00 00 00 00
00 00 00 00 00 00 00 00 00 00 00 00 00 00 00 00
01 00 00 00 00 00 00 00 00 00 00 00 00 00 00 00
00 00 00 00 00 00 00 00 00 00 01 00 01 00 00 00
00 00 00 00 00 00 00 00 00 00 00 00 00 00 00 00
00 00 00 00 00 00 00 00 00 00 00 00 00 00 00 00
00 00 00 00 00 00 00 00 00 00 00 00 00 00 00 00
00 00 00 00 00 00 00 00 00 00 00 00 00 00 00 00
00 00 00 00 00 00 00 00 00 00 00 00 00 00 00 00
00 00 00 00 00 00 00 00 00 00 00 00 01 00 00 00
00 00 00 00 00 00 00 00 00 00 00 00 00 00 00 00
00 00 00 00 00 00 00 00 00 00 00 01 00 00 01 00
00 01 00 00 01 00 00 00 00 00 00 00 00 00 00 00
00 00 00 00 00 00 00 00 00 00 00 00 00 00 00 00
00 00 00 00 00 00 00 00 00 00 00 00 00 00 00 00
00 00 00 00 00 00 00 00 00 00 00 00 00 00 00 00
00 00 00 00 00 00 00 00 00 00 00 00 00 00 00 00
00 00 00 00 00 00 00 00 00 00 00 00 00 00 00 00
00 00 00 00 00 00 00 00 00 00 00 00 00 00 00 00
00 00 00 00 00 00 00 00 00 00 01 00 01 00 00 00
00 00 00 00 00 00 00 00 00 00 00 00 00 00 00 00
00 00 00 00 00 00 00 00 00 00 00 00 01 00 00 00
00 00 00 00 00 00 00 00 00 00 00 00 00 00 00 00
00 00 00 00 00 00 00 00 00 00 00 00 00 00 00 00
00 00 00 00 00 00 00 00 00 00 00 00 00 00 00 00
00 00 00 00 00 00 00 00 00 00 00 00 00 00 00 00
00 00 00 00 00 00 00 00 00 00 00 00 00 00 00 00
00 00 00 00 00 00 00 00 00 00 00 00 00 00 00 01
00 00 00 00 00 01 00 00 00 00 00 00 00 00 00 00
00 00 00 00 00 00 00 00 00 00 00 00 00 00 00 00
00 00 00 00 00 00 00 00 00 00 00 00 00 00 00 00
00 00 00 00 00 00 00 00 00 00 00 00 00 00 00 00
00 00 00 00 00 00 00 00 00 00 00 00 00 00 00 00
00 00 00 00 00 00 00 00 00 00 00 00 00 00 00 00
00 00 00 00 00 00 00 00 00 00 00 00 00 00 00 00
00 00 00 00 00 00 00 00 00 00 00 00 00 00 00 00
00 00 00 00 00 00 00 00 00 00 00 00 00 00 00 00
00 00 00 00 00 00 00 00 00 00 00 00 00 00 00 00
00 00 00 00 00 00 00 00 00 00 00 00 00 00 00 00
00 00 00 00 00 00 00 00 00 00 00 00 00 00 00 00
00 00 00 00 00 00 00 00 00 00 00 00 00 00 00 00
00 00 00 00 00 00 00 00 00 00 00 00 00 00 00 00
00 00 00 00 00 00 00 00 00 00 00 00 00 00 00 00
00 00 00 00 00 00 00 00 00 00 00 00 00 00 00 00
00 00 00 00 00 00 00 00 00 00 00 00 00 00 00 00
00 00 00 00 00 00 00 00 00 00 00 00 00 00 00 00
00 00 00 00 00 00 00 00 00 00 00 00 00 00 00 00
00 00 00 00 00 00 00 00 00 00 00 00 00 00 01 00
00 01 00 00 01 00 01 00 00 01 00 00 00 00 00 00
00 00 00 00 00 00 00 00 00 00 00 00 00 00 00 00
00 01 00 01 00 00 01 00 00 00 00 00 00 00 00 00
00 00 00 00 00 00 00 00 00 00 00 00 00 00 00 00
00 00 00 00 00 00 00 00 00 00 00 00 00 00 00 00
00 00 00 00 00 00 00 00 00 00 00 00 00 00 00 00
00 00 00 00 00 00 00 00 00 00 00 00 00 00 00 00
00 00 00 00 00 00 00 00 00 00 00 00 00 00 00 01
00 01 00 01 00 01 00 00 00 00 00 00 00 00 00 00
00 00 00 00 00 00 00 00 00 00 00 00 00 00 00 00
00 00 00 00 00 00 00 00 00 00 00 00 00 00 00 00
00 00 00 00 00 00 00 00 00 00 00 00 00 00 01 00
00 00 00 00 00 00 00 00 00 00 00 00 00 00 00 00
00 00 00 00 00 00 00 00 00 00 00 00 00 00 00 00
00 00 00 00 00 00 00 00 00 00 00 00 00 00 00 00
00 00 00 00 00 00 00 00 00 00 00 00 00 00 00 00
00 00 00 00 00 00 00 00 00 00 00 00 00 00 00 00
00 00 00 00 00 00 00 00 00 00 00 00 00 00 00 00
00 00 00 00 00 00 00 00 00 00 00 00 00 00 00 00
00 00 00 00 00 00 00 00 00 00 01 00 00 01 01 00
01 00 00 00 00 00 00 00 00 00 00 00 00 00 00 00
00 00 00 00 00 00 00 00 00 00 00 00 00 00 00 00
00 00 00 00 00 00 00 00 00 00 00 00 00 00 00 00
00 00 00 00 00 00 00 00 00 00 00 00 00 00 00 00
00 00 00 00 00 00 00 00 00 00 00 00 00 00 00 00
00 00 00 00 00 00 00 00 00 00 00 00 00 00 00 00
00 00 00 00 00 00 00 00 01 00 00 01 00 01 00 00
00 00 00 00 00 00 00 00 00 00 00 00 00 00 00 00
00 00 00 00 00 00 00 00 00 00 00 00 00 00 00 00
00 00 00 00 00 00 00 00 00 00 00 00 00 00 00 00
00 00 00 00 00 00 00 00 00 00 00 00 01 00 00 00
00 00 00 00 00 00 00 00 00 00 00 00 00 00 00 00
00 00 00 00 00 00 00 00 00 00 00 00 00 00 00 00
00 00 00 00 00 00 00 00 00 00 00 00 00 00 00 00
00 00 00 00 00 00 00 00 00 00 00 00 00 00 00 00
00 00 00 00 00 00 00 00 00 00 00 00 00 00 00 00
00 00 00 00 00 00 00 00 00 00 00 00 00 00 00 00
00 00 00 00 01 00 00 01 00 00 01 00 00 01 00 00
01 00 01 00 00 00 00 00 00 00 00 00 00 00 00 00
00 00 00 00 00 00 00 00 00 00 00 01 00 00 01 00
01 00 00 00 00 00 00 00 00 00 00 00 00 00 00 00
00 00 00 00 00 00 00 00 00 00 00 00 00 00 00 00
00 00 00 00 00 00 00 00 00 00 00 00 00 00 00 00
00 00 00 00 00 00 00 00 00 00 00 00 00 00 00 00
00 00 00 00 00 00 00 00 00 00 00 00 00 00 00 00
00 00 00 00 00 00 01 00 01 01 01 00 00 00 00 00
00 00 00 00 00 00 00 00 00 00 00 00 00 00 00 00
00 00 00 01 00 01 01 01 00 00 00 00 00 00 00 00
00 00 00 00 00 00 00 00 00 00 00 00 00 00 00 00
00 00 00 00 00 00 00 00 00 00 00 00 00 00 00 00
00 00 00 00 00 00 00 00 00 00 00 00 00 00 00 00
00 00 00 00 00 00 00 00 00 00 00 00 00 00 00 00
00 00 00 00 00 00 00 00 00 00 00 00 00 00 00 00
00 00 00 00 00 00 00 00 00 00 00 00 00 00 00 00
00 00 00 00 00 00 00 00 00 00 00 00 00 00 00 00
00 00 00 00 00 00 00 00 00 00 00 00 00 00 00 00
00 00 00 00 00 00 00 00 00 00 00 00 00 00 00 00
00 00 00 00 00 00 00 00 00 00 00 00 00 00 00 00
00 00 00 00 00 00 00 00 00 00 00 00 00 00 00 00
02 97 FF FF A0 8F EE FF EE 22 00 00 D9 DA FF FF
19 3D 00 00 58 81 00 00 F3 DD FF FF DB FF FF FF
00 00 00 00 00 00 00 00 0D 0A 00 00 59 0A 00 00
00 00 00 00 00 00 00 00 3B FF FF FF 67 0A 00 00
01 1C FE FF ED 9B AF FF FA F7 FF FF 7A F1 FF FF
27 E3 FF FF EF C2 FF FF 44 E9 FF FF 96 F6 FF FF
C6 C5 FF FF 63 49 00 00 69 DB FF FF 20 EC F9 FF
36 D8 FF FF 47 21 00 00 7D 2A 00 00 F3 59 00 00
00 00 00 00 00 00 00 00 4C FE FF FF 05 FB FF FF
00 00 00 00 00 00 00 00 17 EF FF FF 65 EE FF FF
68 4D 00 00 B6 19 00 00 71 C9 FF FF 07 29 00 00
C8 08 00 00 51 0C 00 00 4D C6 FF FF AE E2 FF FF
00 00 00 00 00 00 00 00 54 04 00 00 6F A1 FF FF
00 00 00 00 00 00 00 00 E6 FB FF FF 82 0D 00 00
44 5A 00 00 12 4F FF FF 55 18 00 00 C0 5A 01 00
9D 2A 00 00 9C 0F 00 00 E6 81 FF FF 01 CC FF FF
16 DC FF FF 6E B3 FF FF 7F DF FE FF 61 E4 FF FF
63 E6 FF FF A7 C9 FF FF F8 89 FF FF C8 E2 FF FF
69 F7 FF FF 11 F1 FF FF F1 1C 00 00 24 EE FF FF
63 FA FF FF CA FA FF FF 56 F0 FF FF FC ED FF FF
A2 26 FF FF 30 35 00 00 38 D6 FF FF 4A 1D 00 00
0A 29 FF FF D3 EC FF FF 65 FE FF FF 82 05 00 00
42 25 00 00 34 30 06 00 AF FF FF FF 02 BA FF FF
90 1B 00 00 5B 3A 00 00 C8 00 00 00 F1 E6 FF FF
51 E7 FF FF ED 16 00 00 91 D7 FF FF 93 3C 00 00
10 FF FF FF F0 F4 FF FF CB 2B 00 00 A6 1E 00 00
56 2E FC FF A1 9C 5D FF D0 2F 00 00 BA B7 FF FF
27 DA FF FF E1 AF FF FF AE 13 00 00 66 F2 FF FF
A0 F9 FF FF C7 ED FE FF 08 C1 FF FF 88 26 00 00
56 FB FF FF 1F F6 FF FF 73 F2 FF FF 71 0B 00 00
EF 20 00 00 13 FC FF FF B7 F6 FF FF 72 FE FF FF
F8 18 00 00 BD F8 FF FF E5 F3 FF FF 07 F3 FF FF
64 AC 00 00 4B A2 1C 00 D5 D2 FF FF E5 2A 00 00
22 08 00 00 38 11 00 00 20 02 00 00 AC 05 00 00
00 00 00 00 00 00 00 00 F3 0C 00 00 08 EE FF FF
00 00 00 00 00 00 00 00 44 F4 FF FF 1F F9 FF FF
C3 4A 03 00 31 FB 8B 00 1F 02 00 00 35 F0 FF FF
3B 32 00 00 56 6A 00 00 37 FE FF FF 10 F5 FF FF
FF DC FF FF F3 86 00 00 91 81 02 00 1D 90 6A 00
16 E9 FF FF 74 D1 FF FF A8 CB FF FF 30 91 FF FF
00 00 00 00 00 00 00 00 67 F2 FF FF D4 B5 FF FF
00 00 00 00 00 00 00 00 56 FF FF FF DB E3 FF FF
6E 03 00 00 4A 20 00 00 D9 E2 FF FF 86 CC FF FF
D6 FE FF FF FC FF FF FF 51 0B 00 00 76 FF FF FF
00 00 00 00 00 00 00 00 C9 30 00 00 B0 BC FF FF
00 00 00 00 00 00 00 00 CF 24 00 00 72 F0 FF FF
3A 07 00 00 8E 85 00 00 91 50 FF FF A8 F3 FD FF
DD 1A 00 00 DD FE FF FF 72 52 00 00 29 0D 00 00
C1 01 00 00 D0 DB FF FF F4 59 01 00 31 6A 00 00
1B 02 00 00 B8 F6 FF FF 3E F0 FF FF 05 40 00 00
27 F9 FF FF 79 E9 FF FF 5A B9 FF FF D5 1A 00 00
AF FB FF FF B4 FA FF FF B6 1A 00 00 54 23 00 00
66 AF FF FF 78 D6 FF FF 79 0F 00 00 50 27 00 00
4A B0 FF FF 09 FF FF FF A1 0A 00 00 F4 FF FF FF
F2 68 05 00 63 09 E6 00 10 04 00 00 E2 1D 00 00
05 2C 00 00 30 5D 00 00 AC 02 00 00 67 05 00 00
98 BB FF FF EE 0F 00 00 EF BC FF FF CF FE FF FF
60 DF FF FF 30 DA FF FF D3 C5 FF FF AC F3 FF FF
6E 96 0F 00 4F CD 96 02 2A D2 FF FF 1E 01 00 00
79 9A 00 00 04 47 01 00 D9 EF FF FF C1 04 00 00
9F FA FF FF 0E 10 FF FF 83 0F 00 00 CE E9 FF FF
38 FC FF FF CC F7 FF FF B8 02 00 00 0D 00 00 00
1D 1C 00 00 D9 03 00 00 70 F9 FF FF A6 FE FF FF
E3 15 00 00 35 0F 00 00 28 01 00 00 0A 01 00 00
7E EA FF FF 89 6D FC FF 46 0B 00 00 F6 00 00 00
CF F1 FF FF F4 E1 FF FF 4C 10 00 00 81 E7 FF FF
00 00 00 00 00 00 00 00 CE 11 00 00 93 34 00 00
00 00 00 00 00 00 00 00 E8 FD FF FF 92 2A 00 00
6C E2 FF FF 4A 16 FB FF CC E5 FF FF 5B FE FF FF
3D FE FF FF 45 FC FF FF 8C 1C 00 00 1C 07 00 00
4C 2E 00 00 D1 9D FF FF D2 1D 00 00 04 F4 04 00
56 1D 00 00 CB 00 00 00 54 01 00 00 D0 02 00 00
00 00 00 00 00 00 00 00 92 1C 00 00 AA 69 00 00
00 00 00 00 00 00 00 00 A0 05 00 00 AD 52 00 00
F4 0D 00 00 C2 EF FF FF 64 28 00 00 A7 E7 FF FF
CD FD FF FF 48 F9 FF FF 93 22 00 00 5E 1C 00 00
00 00 00 00 00 00 00 00 63 BD FF FF 6F 3C 00 00
00 00 00 00 00 00 00 00 FE CE FF FF DE 18 00 00
4C D7 FF FF E8 4C FF FF C4 19 00 00 3A 0F 02 00
64 DF FF FF 90 FD FF FF CE F0 FF FF 28 38 00 00
C4 DF FF FF A7 9C 00 00 CE 4D 00 00 0F DD FF FF
3A F5 FF FF 91 33 00 00 EB 6C 00 00 1E F5 FF FF
17 F7 FF FF 1C BD FF FF 66 19 00 00 79 0E 00 00
F1 16 00 00 2D 00 00 00 DC 11 00 00 95 05 00 00
A1 D1 FF FF F2 D2 FF FF 27 24 00 00 8D F2 FF FF
24 D2 FF FF B2 37 00 00 F2 12 00 00 2A 04 00 00
8A 10 FE FF 67 B4 AD FF C9 09 00 00 ED ED FF FF
98 E8 FF FF 74 CE FF FF 66 0E 00 00 DF 22 00 00
CD 26 00 00 D2 FC FF FF 72 2C 00 00 95 CC FF FF
B8 02 00 00 73 1F 00 00 C1 F4 FF FF E5 ED FF FF
A8 8E FD FF A5 21 98 FF 98 1C 00 00 22 30 00 00
CB E7 FF FF C1 CC FF FF 56 FD FF FF D4 04 00 00
A5 D7 FF FF D3 A3 F9 FF B0 35 00 00 D4 DB FF FF
F3 E3 FF FF B4 C6 FF FF 68 0B 00 00 27 00 00 00
F2 E8 FF FF 23 F0 FF FF 52 D2 FF FF 73 F5 FF FF
4C EB FF FF 51 DA FF FF 58 F1 FF FF F7 EC FF FF
CD F4 FF FF C4 23 FE FF BB 0D 00 00 D8 24 00 00
C9 F0 FF FF CA DF FF FF E6 FE FF FF D5 1B 00 00
00 00 00 00 00 00 00 00 93 F9 FF FF B9 F3 FF FF
00 00 00 00 00 00 00 00 FE 07 00 00 5D F1 FF FF
03 A7 FF FF 11 38 F1 FF 5C 20 00 00 E8 04 00 00
B2 FA FF FF C6 F4 FF FF 27 FB FF FF 28 F9 FF FF
04 47 00 00 42 D8 FF FF 8F 1E 01 00 B8 98 2F 00
F8 36 00 00 76 02 00 00 1F 10 00 00 21 22 00 00
00 00 00 00 00 00 00 00 93 07 00 00 1B D1 FF FF
00 00 00 00 00 00 00 00 3A 0B 00 00 D4 EC FF FF
A0 DE FF FF AF F9 FF FF D1 F7 FF FF BC E1 FF FF
D3 F0 FF FF 15 F3 FF FF F4 00 00 00 79 F9 FF FF
00 00 00 00 00 00 00 00 75 ED FF FF E7 3A 00 00
00 00 00 00 00 00 00 00 2A 00 00 00 5B 02 00 00
61 53 00 00 1D C2 00 00 3A 19 00 00 01 37 FE FF
72 2C 00 00 17 4D 00 00 37 2E 00 00 42 F9 FF FF
12 17 00 00 51 5F 00 00 F9 68 00 00 7A 31 00 00
0C 03 00 00 D4 13 00 00 3A 2A 00 00 41 1D 00 00
DA 2E 00 00 32 84 00 00 02 DD FF FF 11 04 00 00
09 0B 00 00 62 1B 00 00 BA D7 FF FF 3D E4 FF FF
E9 7D 01 00 69 FE FF FF 98 F1 FF FF 4A 0A 00 00
AD 79 01 00 20 2E 00 00 D9 FC FF FF C4 0D 00 00
A3 11 FF FF 84 68 D8 FF 97 D9 FF FF 62 05 00 00
DC F0 FF FF F3 DF FF FF 83 F6 FF FF 6F F6 FF FF
3A EA FF FF E4 45 00 00 49 7B 00 00 FF FA FF FF
1B F1 FF FF E0 3B 00 00 0C 12 00 00 81 0F 00 00
1D 32 FE FF 0F 48 B3 FF 0F BE FF FF FF 13 00 00
1F EE FF FF 26 DA FF FF 79 F7 FF FF 60 FF FF FF
4F 39 00 00 FE 3A 09 00 56 E0 FF FF 59 D7 FF FF
20 28 00 00 05 53 00 00 6C F8 FF FF 0E DB FF FF
51 F7 FF FF 05 03 00 00 F4 4B 00 00 1E 10 00 00
FF F6 FF FF 60 21 00 00 87 2D 00 00 99 34 00 00
4E DD FF FF C8 3C FA FF 3C F1 FF FF 75 D4 FF FF
2D D8 FF FF B2 AB FF FF BB 10 00 00 23 F7 FF FF
00 00 00 00 00 00 00 00 9F DD FF FF 52 DF FF FF
00 00 00 00 00 00 00 00 9B 06 00 00 8B E0 FF FF
CD 0F FF FF 87 1A D8 FF BE FF FF FF 0D 1B 00 00
AF F1 FF FF B1 E1 FF FF D2 00 00 00 16 14 00 00
EC E7 FF FF 97 B9 FF FF A5 66 FC FF 07 F7 66 FF
65 EA FF FF 03 0A 00 00 68 F8 FF FF ED EF FF FF
00 00 00 00 00 00 00 00 29 EB FF FF 61 14 00 00
00 00 00 00 00 00 00 00 B8 00 00 00 40 EE FF FF
96 C2 FF FF 8E DC FF FF 81 33 00 00 10 41 00 00
C2 09 00 00 57 07 00 00 DA 0A 00 00 05 08 00 00
00 00 00 00 00 00 00 00 0C 20 00 00 8A 2A 00 00
00 00 00 00 00 00 00 00 23 10 00 00 D4 E6 FF FF
D4 73 FF FF 59 1C 00 00 1D 64 00 00 5D 6B 00 00
B0 AE FF FF E0 A6 FF FF A3 0C 00 00 6C F5 FF FF
53 2B 00 00 C9 74 FF FF C6 0F FF FF E5 A2 FF FF
3C 1F 00 00 3B F8 FF FF A5 EE FF FF D4 CA FF FF
7F E9 FF FF 28 E4 FF FF 4D 33 00 00 7D E4 FF FF
F3 E7 FF FF F4 EE FF FF 5E 0B 00 00 DF 04 00 00
6F DA FF FF FD 22 00 00 91 04 00 00 8E BE FF FF
DA DA FF FF 52 AE FF FF 2F E7 FF FF 9C E8 FF FF
A0 4F FD FF 7E A9 8D FF E0 18 00 00 CC 34 00 00
F6 DE FF FF 0E BA FF FF A3 F7 FF FF 5B FA FF FF
10 4C 00 00 6F 96 FF FF C5 C3 FF FF 0A FD FF FF
BD 2D 00 00 8D D5 FF FF 94 07 00 00 47 F0 FF FF
78 7A F8 FF 5C 2C C0 FE 5E 23 00 00 07 03 00 00
76 B5 FF FF 34 62 FF FF AA 07 00 00 A5 04 00 00
CC FA FF FF 5A 23 FF FF 6E 19 00 00 7D 3C 00 00
5F FC FF FF 5D F8 FF FF 02 07 00 00 4C 19 00 00
B0 E2 FF FF EC 0C 00 00 94 F1 FF FF 57 FD FF FF
D9 EE FF FF 5D FC FF FF 14 EC FF FF 5F EA FF FF
B7 03 04 00 E3 D6 01 00 DE A5 FA FF 0E EF FE FF
7A 90 00 00 1F 03 92 02 50 02 25 02 05 02 EC 01
D6 01 C4 01 B4 01 A6 01 99 01 8D 01 82 01 79 01
6F 01 67 01 5F 01 57 01 50 01 4A 01 43 01 3D 01
37 01 32 01 2C 01 27 01 22 01 1E 01 19 01 15 01
10 01 0C 01 08 01 04 01 01 01 FD 00 F9 00 F6 00
F2 00 EF 00 EC 00 E9 00 E6 00 E3 00 E0 00 DD 00
DA 00 D8 00 D5 00 D2 00 D0 00 CD 00 CB 00 C8 00
C6 00 C4 00 C1 00 BF 00 BD 00 BB 00 B9 00 B7 00
B4 00 B2 00 B0 00 AE 00 AD 00 AB 00 A9 00 A7 00
A5 00 A3 00 A1 00 A0 00 9E 00 9C 00 9B 00 99 00
97 00 96 00 94 00 93 00 91 00 8F 00 8E 00 8C 00
8B 00 89 00 88 00 87 00 85 00 84 00 82 00 81 00
80 00 7E 00 7D 00 7C 00 7A 00 79 00 78 00 76 00
75 00 74 00 73 00 71 00 70 00 6F 00 6E 00 6D 00
6C 00 6A 00 69 00 68 00 67 00 66 00 65 00 64 00
63 00 62 00 60 00 5F 00 5E 00 5D 00 5C 00 5B 00
5A 00 59 00 58 00 57 00 56 00 55 00 54 00 53 00
52 00 51 00 50 00 50 00 4F 00 4E 00 4D 00 4C 00
4B 00 4A 00 49 00 48 00 47 00 47 00 46 00 45 00
44 00 43 00 42 00 41 00 41 00 40 00 3F 00 3E 00
3D 00 3D 00 3C 00 3B 00 3A 00 39 00 39 00 38 00
37 00 36 00 36 00 35 00 34 00 33 00 33 00 32 00
31 00 30 00 30 00 2F 00 2E 00 2D 00 2D 00 2C 00
2B 00 2B 00 2A 00 29 00 29 00 28 00 27 00 27 00
26 00 25 00 24 00 24 00 23 00 23 00 22 00 21 00
21 00 20 00 1F 00 1F 00 1E 00 1D 00 1D 00 1C 00
1C 00 1B 00 1A 00 1A 00 19 00 18 00 18 00 17 00
17 00 16 00 15 00 15 00 14 00 14 00 13 00 13 00
12 00 11 00 11 00 10 00 10 00 0F 00 0F 00 0E 00
0D 00 0D 00 0C 00 0C 00 0B 00 0B 00 0A 00 0A 00
09 00 09 00 08 00 07 00 07 00 06 00 06 00 05 00
05 00 04 00 04 00 03 00 03 00 02 00 02 00 01 00
01 00 01 00 00 00 00 00 00 00 00 00 00 00 00 00
00 00 00 00 00 00 00 00 00 00 00 00 00 00 00 00
00 00 00 00 00 00 00 00 00 00 00 00 00 00 00 00
00 00 00 00 00 00 00 00 00 00 00 00 00 00 00 00
00 00 00 00 00 00 00 00 00 00 00 00 00 00 00 00
00 00 00 00 00 00 00 00 00 00 00 00 00 00 00 00
00 00 00 00 00 00 00 00 00 00 00 00 00 00 00 00
00 00 00 00 00 00 00 00 00 00 00 00 00 00 00 00
00 00 00 00 00 00 00 00 00 00 00 00 00 00 00 00
@00008500
A3 E7 00 00 EE FA 00 00
@00008508
67 45 23 01 00 00 00 00
@00008600
63 04 05 08 37 1E 00 00 13 0E 8E BB 13 08 00 00
13 03 00 00 93 08 00 00 13 07 00 00 B7 0E 01 00
B7 F6 00 00 93 86 06 A6 13 06 00 01 93 05 00 00
93 F7 16 00 B3 07 F0 40 B3 F7 E7 00 13 06 F6 FF
B3 85 F5 00 13 17 17 00 93 D6 16 00 E3 12 06 FE
63 5E 10 01 93 88 F8 FF 13 07 00 00 13 08 18 00
E3 10 05 FD 13 05 03 00 67 80 00 00 93 D5 05 01
33 87 C5 01 E3 44 D7 FF 13 03 13 00 13 07 00 00
93 08 D0 07 6F F0 9F FD 13 05 00 00 67 80 00 00
