sample_index,board_seconds,volts,volts_ch2,host_time_us
5749366,9330.33,1.29179,0.780879,9517299638
5749367,9330.33,1.35385,0.776849,9517299647
5749368,9330.33,1.36835,0.763956,9517299648
5749369,9330.33,1.39253,0.777655,9517299649
5749370,9330.33,1.41832,0.778461,9517299650
5749371,9330.33,1.4296,0.775238,9517299651
5749372,9330.33,1.42073,0.777655,9517299651
5749373,9330.34,1.37802,0.778461,9517299652
5749374,9330.34,1.39736,0.777655,9517299653
5749375,9330.34,1.34176,0.791355,9517299654
5749376,9330.34,1.34095,0.777655,9517299655
5749377,9330.34,1.37238,0.776849,9517299655
5749378,9330.34,1.40139,0.776849,9517299656
5749379,9330.34,1.3748,0.780073,9517299657
5749380,9330.34,1.38125,0.763956,9517299658
5749381,9330.34,1.38125,0.776849,9517299659
5749382,9330.34,1.36916,0.783296,9517299660
5749383,9330.35,1.29582,0.784102,9517299660
5749384,9330.35,1.32322,0.780879,9517299661
5749385,9330.35,1.35143,0.777655,9517299662
5749386,9330.35,1.34901,0.777655,9517312857
5749387,9330.35,1.37157,0.776849,9517312863
5749388,9330.35,1.35223,0.785714,9517312864
5749389,9330.35,1.39253,0.783296,9517312865
5749390,9330.35,1.39253,0.788131,9517312866
5749391,9330.35,1.41993,0.784102,9517312866
5749392,9330.35,1.39253,0.780073,9517312867
5749393,9330.36,1.37157,0.776849,9517312868
5749394,9330.36,1.34982,0.778461,9517312869
5749395,9330.36,1.32806,0.777655,9517312870
5749396,9330.36,1.36674,0.776849,9517312870
5749397,9330.36,1.36674,0.777655,9517312871
5749398,9330.36,1.36755,0.784102,9517312872
5749399,9330.36,1.29582,0.777655,9517312873
5749400,9330.36,1.31678,0.781684,9517329308
5749401,9330.36,1.32967,0.777655,9517329315
5749402,9330.36,1.37157,0.776849,9517329316
5749403,9330.37,1.37963,0.777655,9517329317
5749404,9330.37,1.36835,0.783296,9517329318
5749405,9330.37,1.36835,0.78652,9517329319
5749406,9330.37,1.39253,0.777655,9517329319
5749407,9330.37,1.39414,0.776849,9517329320
5749408,9330.37,1.34579,0.776849,9517329321
5749409,9330.37,1.39253,0.780879,9517329322
5749410,9330.37,1.38125,0.770402,9517329323
5749411,9330.37,1.3748,0.776849,9517329323
5749412,9330.38,1.39414,0.780073,9517329324
5749413,9330.38,1.40139,0.777655,9517329325
5749414,9330.38,1.37802,0.776849,9517329326
5749415,9330.38,1.37722,0.778461,9517329327
5749416,9330.38,1.29099,0.792967,9517349211
5749417,9330.38,1.34095,0.773626,9517349217
5749418,9330.38,1.3748,0.776849,9517349218
5749419,9330.38,1.37238,0.778461,9517349219
5749420,9330.38,1.39253,0.784102,9517349220
5749421,9330.38,1.40462,0.780879,9517349221
5749422,9330.39,1.36755,0.777655,9517349222
5749423,9330.39,1.37157,0.776849,9517349223
5749424,9330.39,1.39333,0.778461,9517349224
5749425,9330.39,1.31678,0.778461,9517349225
5749426,9330.39,1.31678,0.778461,9517349226
5749427,9330.39,1.37399,0.792967,9517349226
5749428,9330.39,1.37802,0.780073,9517349227
5749429,9330.39,1.40703,0.759926,9517349228
5749430,9330.39,1.40462,0.773626,9517349229
5749431,9330.39,1.39414,0.767179,9517349230
5749432,9330.4,1.39817,0.778461,9517349230
5749433,9330.4,1.38125,0.778461,9517349231
5749434,9330.4,1.38205,0.763956,9517349232
5749435,9330.4,1.39253,0.775238,9517349233
5749436,9330.4,1.32,0.776849,9517365961
5749437,9330.4,1.35868,0.777655,9517365971
5749438,9330.4,1.35546,0.777655,9517365974
5749439,9330.4,1.39414,0.776849,9517365975
5749440,9330.4,1.39253,0.792967,9517365977
5749441,9330.4,1.39736,0.788131,9517365978
5749442,9330.41,1.34901,0.776849,9517365979
5749443,9330.41,1.34095,0.777655,9517365980
5749444,9330.41,1.29824,0.776849,9517365982
5749445,9330.41,1.30711,0.79619,9517365983
5749446,9330.41,1.37157,0.777655,9517365984
5749447,9330.41,1.34901,0.773626,9517365985
5749448,9330.41,1.36835,0.775238,9517365986
5749449,9330.41,1.36835,0.778461,9517365988
5749450,9330.41,1.34256,0.778461,9517365989
5749451,9330.41,1.39897,0.778461,9517365990
5749452,9330.42,1.35304,0.777655,9517365991
5749453,9330.42,1.3208,0.780879,9517382753
5749454,9330.42,1.28938,0.776849,9517382763
5749455,9330.42,1.33128,0.779267,9517382765
5749456,9330.42,1.37319,0.779267,9517382766
5749457,9330.42,1.39736,0.778461,9517382768
5749458,9330.42,1.37399,0.778461,9517382769
5749459,9330.42,1.41832,0.776849,9517382770
5749460,9330.42,1.39253,0.778461,9517382771
5749461,9330.42,1.3482,0.792161,9517382772
5749462,9330.42,1.41832,0.777655,9517382773
5749463,9330.43,1.37319,0.778461,9517382774
5749464,9330.43,1.40703,0.778461,9517382775
5749465,9330.43,1.39253,0.776849,9517382777
5749466,9330.43,1.35868,0.781684,9517382778
5749467,9330.43,1.38205,0.778461,9517382779
5749468,9330.43,1.37963,0.765567,9517382780
5749469,9330.43,1.3611,0.778461,9517399269
5749470,9330.43,1.35546,0.778461,9517399278
5749471,9330.43,1.36674,0.774432,9517399281
5749472,9330.43,1.37157,0.777655,9517399282
5749473,9330.44,1.39253,0.777655,9517399283
5749474,9330.44,1.38125,0.776849,9517399284
5749475,9330.44,1.36674,0.785714,9517399285
5749476,9330.44,1.34982,0.792967,9517399286
5749477,9330.44,1.39817,0.759926,9517399288
5749478,9330.44,1.36674,0.778461,9517399289
5749479,9330.44,1.36835,0.780879,9517399290
5749480,9330.44,1.41026,0.780073,9517399291
5749481,9330.44,1.40381,0.78652,9517399292
5749482,9330.44,1.36674,0.780879,9517399294
5749483,9330.45,1.40462,0.776849,9517399295
5749484,9330.45,1.34095,0.788937,9517399296
5749485,9330.45,1.39414,0.778461,9517399297
5749486,9330.45,1.31516,0.776849,9517415924
5749487,9330.45,1.34982,0.777655,9517415933
5749488,9330.45,1.36674,0.783296,9517415935
5749489,9330.45,1.35707,0.788937,9517415937
5749490,9330.45,1.41832,0.776849,9517415938
5749491,9330.45,1.42396,0.759926,9517415939
5749492,9330.45,1.38769,0.776849,9517415940
5749493,9330.46,1.3748,0.779267,9517415941
5749494,9330.46,1.37963,0.776043,9517415942
5749495,9330.46,1.39253,0.792967,9517415944
5749496,9330.46,1.39414,0.776849,9517415945
5749497,9330.46,1.39253,0.783296,9517415946
5749498,9330.46,1.3756,0.777655,9517415947
5749499,9330.46,1.38608,0.776849,9517415948
5749500,9330.46,1.39414,0.780879,9517415949
5749501,9330.46,1.35304,0.776849,9517415951
5749502,9330.47,1.3482,0.775238,9517415952
5749503,9330.47,1.34982,0.788131,9517432592
5749504,9330.47,1.39253,0.776849,9517432598
5749505,9330.47,1.38205,0.778461,9517432599
5749506,9330.47,1.39172,0.777655,9517432600
5749507,9330.47,1.35868,0.776849,9517432602
5749508,9330.47,1.37802,0.772014,9517432602
5749509,9330.47,1.39253,0.789743,9517432603
5749510,9330.47,1.39253,0.785714,9517432604
5749511,9330.47,1.36835,0.77282,9517432605
5749512,9330.48,1.33773,0.776849,9517432606
5749513,9330.48,1.31516,0.773626,9517432607
5749514,9330.48,1.34095,0.777655,9517432608
5749515,9330.48,1.39736,0.767179,9517432608
5749516,9330.48,1.38205,0.777655,9517432609
5749517,9330.48,1.39414,0.780879,9517432610
5749518,9330.48,1.37802,0.776849,9517432611
5749519,9330.48,1.32403,0.764761,9517449337
5749520,9330.48,1.34982,0.780073,9517449341
5749521,9330.48,1.37963,0.778461,9517449342
5749522,9330.49,1.35385,0.777655,9517449342
5749523,9330.49,1.39253,0.776849,9517449343
5749524,9330.49,1.37883,0.778461,9517449344
5749525,9330.49,1.3619,0.778461,9517449345
5749526,9330.49,1.34095,0.777655,9517449346
5749527,9330.49,1.38125,0.776849,9517449347
5749528,9330.49,1.39253,0.763956,9517449348
5749529,9330.49,1.40703,0.776849,9517449348
5749530,9330.49,1.41751,0.784102,9517449349
5749531,9330.49,1.39253,0.780073,9517449350
5749532,9330.5,1.39253,0.777655,9517449351
5749533,9330.5,1.41832,0.773626,9517449352
5749534,9330.5,1.39414,0.775238,9517449352
5749535,9330.5,1.35223,0.773626,9517449353
5749536,9330.5,1.31758,0.776849,9517466038
5749537,9330.5,1.37157,0.784908,9517466044
5749538,9330.5,1.3748,0.773626,9517466045
5749539,9330.5,1.39253,0.776849,9517466046
5749540,9330.5,1.41187,0.778461,9517466047
5749541,9330.5,1.37963,0.773626,9517466048
5749542,9330.5,1.35304,0.788131,9517466049
5749543,9330.51,1.36674,0.776849,9517466049
5749544,9330.51,1.3474,0.776849,9517466050
5749545,9330.51,1.36674,0.780073,9517466051
5749546,9330.51,1.36674,0.777655,9517466052
5749547,9330.51,1.36835,0.780879,9517466053
5749548,9330.51,1.37883,0.780073,9517466054
5749549,9330.51,1.39253,0.780879,9517466055
5749550,9330.51,1.39897,0.775238,9517466056
5749551,9330.51,1.39736,0.780879,9517466056
5749552,9330.51,1.36835,0.778461,9517466090
5749553,9330.52,1.31678,0.780879,9517482667
5749554,9330.52,1.39495,0.780073,9517482672
5749555,9330.52,1.39414,0.776849,9517482674
5749556,9330.52,1.38527,0.778461,9517482675
5749557,9330.52,1.34982,0.778461,9517482675
5749558,9330.52,1.42476,0.77282,9517482676
5749559,9330.52,1.41912,0.776849,9517482677
5749560,9330.52,1.39575,0.776849,9517482678
5749561,9330.52,1.39253,0.780879,9517482679
5749562,9330.52,1.37157,0.776849,9517482680
5749563,9330.53,1.36835,0.767179,9517482680
5749564,9330.53,1.3748,0.778461,9517482681
5749565,9330.53,1.3748,0.778461,9517482682
5749566,9330.53,1.36835,0.780073,9517482683
5749567,9330.53,1.36996,0.780879,9517482683
5749568,9330.53,1.39414,0.777655,9517482684
5749569,9330.53,1.34256,0.776849,9517499315
5749570,9330.53,1.3756,0.792967,9517499321
5749571,9330.53,1.39495,0.78652,9517499322
5749572,9330.53,1.39817,0.778461,9517499323
5749573,9330.54,1.41993,0.776849,9517499324
5749574,9330.54,1.38205,0.780879,9517499325
5749575,9330.54,1.34659,0.776849,9517499325
5749576,9330.54,1.34579,0.776849,9517499326
5749577,9330.54,1.39736,0.785714,9517499327
5749578,9330.54,1.39414,0.793772,9517499328
5749579,9330.54,1.36674,0.785714,9517499329
5749580,9330.54,1.39414,0.778461,9517499329
5749581,9330.54,1.39495,0.779267,9517499330
5749582,9330.55,1.34659,0.777655,9517499331
5749583,9330.55,1.36674,0.792161,9517499332
5749584,9330.55,1.35868,0.780879,9517499332
5749585,9330.55,1.3474,0.777655,9517499333
5749586,9330.55,1.29099,0.776849,9517516043
5749587,9330.55,1.35626,0.776849,9517516049
5749588,9330.55,1.36916,0.780073,9517516050
5749589,9330.55,1.40059,0.780879,9517516051
5749590,9330.55,1.40703,0.777655,9517516052
5749591,9330.55,1.42396,0.778461,9517516053
5749592,9330.56,1.42315,0.780879,9517516054
5749593,9330.56,1.39253,0.775238,9517516055
5749594,9330.56,1.39253,0.780879,9517516055
5749595,9330.56,1.42073,0.778461,9517516056
5749596,9330.56,1.39253,0.780073,9517516057
5749597,9330.56,1.37722,0.780073,9517516058
5749598,9330.56,1.39253,0.776849,9517516059
5749599,9330.56,1.38286,0.778461,9517516059
5749600,9330.56,1.37802,0.776849,9517516060
5749601,9330.56,1.36674,0.773626,9517516061
5749602,9330.57,1.35062,0.767179,9517516062
5749603,9330.57,1.30066,0.777655,9517532685
5749604,9330.57,1.39495,0.778461,9517532691
5749605,9330.57,1.31516,0.792967,9517532692
5749606,9330.57,1.34417,0.759926,9517532693
5749607,9330.57,1.34256,0.780879,9517532694
5749608,9330.57,1.41832,0.759926,9517532695
5749609,9330.57,1.41993,0.778461,9517532696
5749610,9330.57,1.39414,0.777655,9517532696
5749611,9330.57,1.40784,0.780879,9517532697
5749612,9330.58,1.39414,0.776849,9517532698
5749613,9330.58,1.40059,0.778461,9517532699
5749614,9330.58,1.39414,0.776849,9517532700
5749615,9330.58,1.39736,0.777655,9517532701
5749616,9330.58,1.37641,0.776849,9517532701
5749617,9330.58,1.39414,0.776849,9517532702
5749618,9330.58,1.39253,0.779267,9517532703
5749619,9330.58,1.32,0.792967,9517549375
5749620,9330.58,1.29099,0.787326,9517549381
5749621,9330.58,1.31516,0.776849,9517549382
5749622,9330.58,1.35223,0.776849,9517549383
5749623,9330.59,1.34579,0.775238,9517549384
5749624,9330.59,1.36835,0.776849,9517549385
5749625,9330.59,1.36996,0.777655,9517549385
5749626,9330.59,1.34095,0.789743,9517549386
5749627,9330.59,1.34579,0.783296,9517549387
5749628,9330.59,1.37802,0.779267,9517549388
5749629,9330.59,1.40381,0.779267,9517549389
5749630,9330.59,1.39736,0.780879,9517549390
5749631,9330.59,1.41106,0.776849,9517549390
5749632,9330.59,1.40542,0.777655,9517549391
5749633,9330.6,1.39253,0.776849,9517549392
5749634,9330.6,1.40059,0.767179,9517549393
5749635,9330.6,1.40784,0.778461,9517549394
5749636,9330.6,1.31516,0.773626,9517566062
5749637,9330.6,1.37157,0.777655,9517566067
5749638,9330.6,1.39253,0.778461,9517566068
5749639,9330.6,1.40381,0.777655,9517566069
5749640,9330.6,1.39414,0.773626,9517566070
5749641,9330.6,1.39736,0.778461,9517566071
5749642,9330.6,1.37157,0.777655,9517566072
5749643,9330.61,1.34095,0.777655,9517566073
5749644,9330.61,1.37157,0.780879,9517566073
5749645,9330.61,1.40542,0.777655,9517566074
5749646,9330.61,1.39575,0.776849,9517566075
5749647,9330.61,1.41832,0.780073,9517566076
5749648,9330.61,1.39414,0.780073,9517566077
5749649,9330.61,1.40059,0.777655,9517566078
5749650,9330.61,1.39333,0.776849,9517566078
5749651,9330.61,1.42557,0.784908,9517566079
5749652,9330.61,1.34498,0.778461,9517566080
5749653,9330.62,1.31355,0.778461,9517582677
5749654,9330.62,1.39253,0.776849,9517582683
5749655,9330.62,1.39414,0.784102,9517582684
5749656,9330.62,1.39333,0.776849,9517582685
5749657,9330.62,1.36835,0.776849,9517582686
5749658,9330.62,1.41832,0.77282,9517582687
5749659,9330.62,1.38447,0.777655,9517582688
5749660,9330.62,1.38125,0.792967,9517582688
5749661,9330.62,1.39575,0.780879,9517582689
5749662,9330.62,1.38125,0.785714,9517582690
5749663,9330.63,1.39333,0.775238,9517582691
5749664,9330.63,1.39414,0.778461,9517582692
5749665,9330.63,1.36835,0.784908,9517582692
5749666,9330.63,1.40059,0.785714,9517582693
5749667,9330.63,1.39253,0.778461,9517582694
5749668,9330.63,1.40542,0.777655,9517582695
5749669,9330.63,1.34256,0.775238,9517599349
5749670,9330.63,1.36674,0.784908,9517599354
5749671,9330.63,1.39897,0.778461,9517599356
5749672,9330.64,1.39736,0.767179,9517599356
5749673,9330.64,1.39253,0.792967,9517599357
5749674,9330.64,1.39817,0.759926,9517599358
5749675,9330.64,1.36755,0.776849,9517599359
5749676,9330.64,1.35546,0.778461,9517599360
5749677,9330.64,1.3748,0.780879,9517599361
5749678,9330.64,1.39978,0.784908,9517599362
5749679,9330.64,1.37077,0.777655,9517599367
5749680,9330.64,1.36755,0.780879,9517599368
5749681,9330.64,1.37077,0.777655,9517599369
5749682,9330.65,1.41912,0.777655,9517599369
5749683,9330.65,1.36674,0.776849,9517599370
5749684,9330.65,1.38286,0.778461,9517599371
5749685,9330.65,1.39253,0.776849,9517599372
5749686,9330.65,1.29824,0.78652,9517616045
5749687,9330.65,1.36835,0.775238,9517616051
5749688,9330.65,1.37802,0.788131,9517616052
5749689,9330.65,1.39253,0.776849,9517616053
5749690,9330.65,1.40703,0.778461,9517616054
5749691,9330.65,1.41993,0.776849,9517616055
5749692,9330.66,1.37157,0.778461,9517616056
5749693,9330.66,1.38447,0.778461,9517616056
5749694,9330.66,1.37802,0.778461,9517616057
5749695,9330.66,1.39253,0.776849,9517616058
5749696,9330.66,1.36674,0.778461,9517616059
5749697,9330.66,1.37157,0.773626,9517616060
5749698,9330.66,1.39253,0.777655,9517616060
5749699,9330.66,1.38608,0.77282,9517616061
5749700,9330.66,1.35546,0.776849,9517616062
5749701,9330.66,1.39253,0.759926,9517616063
5749702,9330.67,1.36674,0.776849,9517616064
5749703,9330.67,1.31597,0.778461,9517632644
5749704,9330.67,1.37963,0.791355,9517632650
5749705,9330.67,1.40381,0.776043,9517632651
5749706,9330.67,1.39897,0.785714,9517632652
5749707,9330.67,1.39253,0.780879,9517632653
5749708,9330.67,1.41832,0.777655,9517632654
5749709,9330.67,1.39253,0.776849,9517632655
5749710,9330.67,1.41832,0.776849,9517632655
5749711,9330.67,1.40059,0.776849,9517632656
5749712,9330.67,1.41428,0.759926,9517632657
5749713,9330.68,1.39978,0.778461,9517632658
5749714,9330.68,1.36674,0.777655,9517632659
5749715,9330.68,1.38125,0.778461,9517632659
5749716,9330.68,1.403,0.784908,9517632660
5749717,9330.68,1.41026,0.777655,9517632661
5749718,9330.68,1.4022,0.767179,9517632662
5749719,9330.68,1.32806,0.776849,9517649462
5749720,9330.68,1.34095,0.783296,9517649469
5749721,9330.68,1.34256,0.776849,9517649470
5749722,9330.68,1.39978,0.759926,9517649471
5749723,9330.69,1.32645,0.773626,9517649472
5749724,9330.69,1.38125,0.776849,9517649472
5749725,9330.69,1.32242,0.776849,9517649473
5749726,9330.69,1.35546,0.776849,9517649474
5749727,9330.69,1.34095,0.776849,9517649475
5749728,9330.69,1.32725,0.776849,9517649476
5749729,9330.69,1.32645,0.773626,9517649476
5749730,9330.69,1.3748,0.776849,9517649477
5749731,9330.69,1.36674,0.776849,9517649478
5749732,9330.69,1.42476,0.785714,9517649479
5749733,9330.7,1.37157,0.777655,9517649479
5749734,9330.7,1.41993,0.788937,9517649480
5749735,9330.7,1.40139,0.789743,9517649481
5749736,9330.7,1.29582,0.778461,9517666116
5749737,9330.7,1.37802,0.777655,9517666122
5749738,9330.7,1.37077,0.776849,9517666124
5749739,9330.7,1.36674,0.776849,9517666151
5749740,9330.7,1.41832,0.776849,9517666152
5749741,9330.7,1.39253,0.777655,9517666153
5749742,9330.7,1.36835,0.775238,9517666154
5749743,9330.71,1.34256,0.777655,9517666155
5749744,9330.71,1.37399,0.777655,9517666156
5749745,9330.71,1.38125,0.776849,9517666156
5749746,9330.71,1.37802,0.776849,9517666157
5749747,9330.71,1.39736,0.778461,9517666158
5749748,9330.71,1.39253,0.777655,9517666159
5749749,9330.71,1.39253,0.776849,9517666159
5749750,9330.71,1.37883,0.776849,9517666160
5749751,9330.71,1.35304,0.78249,9517666161
5749752,9330.72,1.36835,0.777655,9517666162
5749753,9330.72,1.28938,0.777655,9517682776
5749754,9330.72,1.39736,0.776849,9517682783
5749755,9330.72,1.40703,0.777655,9517682784
5749756,9330.72,1.39253,0.776849,9517682785
5749757,9330.72,1.39414,0.773626,9517682786
5749758,9330.72,1.40703,0.777655,9517682787
5749759,9330.72,1.43121,0.776849,9517682788
5749760,9330.72,1.38125,0.788131,9517682789
5749761,9330.72,1.34901,0.777655,9517682790
5749762,9330.73,1.37802,0.791355,9517682790
5749763,9330.73,1.40139,0.775238,9517682791
5749764,9330.73,1.40059,0.790549,9517682792
5749765,9330.73,1.36593,0.770402,9517682793
5749766,9330.73,1.37157,0.776849,9517682794
5749767,9330.73,1.37802,0.777655,9517682795
5749768,9330.73,1.38447,0.773626,9517682795
5749769,9330.73,1.34901,0.776849,9517699392
5749770,9330.73,1.3748,0.776849,9517699398
5749771,9330.73,1.37963,0.778461,9517699399
5749772,9330.74,1.41832,0.759926,9517699400
5749773,9330.74,1.38205,0.773626,9517699401
5749774,9330.74,1.39414,0.773626,9517699402
5749775,9330.74,1.34095,0.776849,9517699402
5749776,9330.74,1.34659,0.773626,9517699403
5749777,9330.74,1.41832,0.780879,9517699404
5749778,9330.74,1.39253,0.765567,9517699405
5749779,9330.74,1.34095,0.778461,9517699406
5749780,9330.74,1.39253,0.792967,9517699407
5749781,9330.74,1.39253,0.776849,9517699408
5749782,9330.75,1.38769,0.776849,9517699408
5749783,9330.75,1.39495,0.78652,9517699409
5749784,9330.75,1.34901,0.777655,9517699410
5749785,9330.75,1.36674,0.773626,9517699411
5749786,9330.75,1.2652,0.774432,9517716097
5749787,9330.75,1.37399,0.780879,9517716102
5749788,9330.75,1.36835,0.780073,9517716103
5749789,9330.75,1.39414,0.780073,9517716104
5749790,9330.75,1.39253,0.780073,9517716105
5749791,9330.75,1.41912,0.773626,9517716106
5749792,9330.75,1.39253,0.777655,9517716107
5749793,9330.76,1.34095,0.787326,9517716108
5749794,9330.76,1.36674,0.777655,9517716109
5749795,9330.76,1.40059,0.777655,9517716109
5749796,9330.76,1.40542,0.781684,9517716110
5749797,9330.76,1.35546,0.783296,9517716111
5749798,9330.76,1.37157,0.776849,9517716112
5749799,9330.76,1.3756,0.778461,9517716113
5749800,9330.76,1.39414,0.773626,9517716114
5749801,9330.76,1.35868,0.776849,9517716115
5749802,9330.76,1.38769,0.776849,9517716115
5749803,9330.77,1.30227,0.777655,9517732778
5749804,9330.77,1.39253,0.777655,9517732783
5749805,9330.77,1.36835,0.776849,9517732785
5749806,9330.77,1.32806,0.776849,9517732785
5749807,9330.77,1.36674,0.778461,9517732786
5749808,9330.77,1.41026,0.777655,9517732787
5749809,9330.77,1.40059,0.764761,9517732788
5749810,9330.77,1.39414,0.779267,9517732789
5749811,9330.77,1.39414,0.779267,9517732790
5749812,9330.77,1.39575,0.777655,9517732790
5749813,9330.78,1.40381,0.777655,9517732791
5749814,9330.78,1.37157,0.776849,9517732792
5749815,9330.78,1.37963,0.780879,9517732793
5749816,9330.78,1.37802,0.776849,9517732794
5749817,9330.78,1.37157,0.778461,9517732794
5749818,9330.78,1.39414,0.776849,9517732795
5749819,9330.78,1.31597,0.777655,9517749466
5749820,9330.78,1.27487,0.778461,9517749472
5749821,9330.78,1.32967,0.780073,9517749473
5749822,9330.78,1.32645,0.776849,9517749474
5749823,9330.79,1.35546,0.773626,9517749475
5749824,9330.79,1.3756,0.776849,9517749476
5749825,9330.79,1.36674,0.777655,9517749477
5749826,9330.79,1.34901,0.776849,9517749477
5749827,9330.79,1.39253,0.777655,9517749478
5749828,9330.79,1.37319,0.767179,9517749479
5749829,9330.79,1.38125,0.778461,9517749480
5749830,9330.79,1.40381,0.774432,9517749481
5749831,9330.79,1.39414,0.779267,9517749482
5749832,9330.8,1.39575,0.773626,9517749482
5749833,9330.8,1.39656,0.78652,9517749483
5749834,9330.8,1.36835,0.773626,9517749484
5749835,9330.8,1.39253,0.774432,9517749485
5749836,9330.8,1.32,0.777655,9517766099
5749837,9330.8,1.33289,0.775238,9517766104
5749838,9330.8,1.39253,0.780073,9517766106
5749839,9330.8,1.41832,0.777655,9517766107
5749840,9330.8,1.39253,0.776849,9517766108
5749841,9330.8,1.37399,0.791355,9517766108
5749842,9330.81,1.35546,0.776849,9517766109
5749843,9330.81,1.34901,0.779267,9517766110
5749844,9330.81,1.40139,0.779267,9517766111
5749845,9330.81,1.32161,0.792967,9517766112
5749846,9330.81,1.39978,0.777655,9517766113
5749847,9330.81,1.40139,0.780073,9517766114
5749848,9330.81,1.37802,0.778461,9517766114
5749849,9330.81,1.39253,0.774432,9517766115
5749850,9330.81,1.36916,0.783296,9517766116
5749851,9330.81,1.40703,0.779267,9517766117
5749852,9330.82,1.36916,0.778461,9517766118
5749853,9330.82,1.34579,0.778461,9517782802
5749854,9330.82,1.37883,0.767179,9517782807
5749855,9330.82,1.38125,0.777655,9517782808
5749856,9330.82,1.35546,0.780073,9517782809
5749857,9330.82,1.36674,0.778461,9517782810
5749858,9330.82,1.36835,0.794578,9517782811
5749859,9330.82,1.403,0.77282,9517782812
5749860,9330.82,1.39253,0.776849,9517782813
5749861,9330.82,1.39978,0.776849,9517782814
5749862,9330.83,1.35868,0.78652,9517782815
5749863,9330.83,1.40139,0.776849,9517782815
5749864,9330.83,1.36996,0.778461,9517782816
5749865,9330.83,1.37802,0.776849,9517782817
5749866,9330.83,1.36674,0.778461,9517782818
5749867,9330.83,1.40623,0.776849,9517782819
5749868,9330.83,1.36674,0.778461,9517782820
5749869,9330.83,1.36674,0.778461,9517782820
5749870,9330.83,1.36835,0.776849,9517799406
5749871,9330.83,1.41832,0.776849,9517799411
5749872,9330.83,1.37319,0.775238,9517799412
5749873,9330.84,1.39414,0.777655,9517799413
5749874,9330.84,1.37399,0.776849,9517799414
5749875,9330.84,1.3756,0.780879,9517799415
5749876,9330.84,1.39253,0.778461,9517799416
5749877,9330.84,1.31678,0.776849,9517799417
5749878,9330.84,1.34982,0.78652,9517799418
5749879,9330.84,1.39253,0.777655,9517799418
5749880,9330.84,1.37883,0.776849,9517799419
5749881,9330.84,1.39736,0.776849,9517799420
5749882,9330.84,1.36674,0.776849,9517799421
5749883,9330.85,1.35223,0.780879,9517799421
5749884,9330.85,1.36674,0.776849,9517799422
5749885,9330.85,1.40784,0.792967,9517799423
5749886,9330.85,1.2652,0.776849,9517816162
5749887,9330.85,1.36674,0.783296,9517816174
5749888,9330.85,1.35223,0.776849,9517816175
5749889,9330.85,1.32161,0.780073,9517816176
5749890,9330.85,1.39253,0.778461,9517816177
5749891,9330.85,1.44007,0.794578,9517816178
5749892,9330.85,1.39253,0.776849,9517816179
5749893,9330.86,1.39253,0.780073,9517816180
5749894,9330.86,1.39495,0.780073,9517816180
5749895,9330.86,1.39092,0.778461,9517816181
5749896,9330.86,1.40864,0.767179,9517816182
5749897,9330.86,1.34579,0.759926,9517816183
5749898,9330.86,1.36916,0.777655,9517816184
5749899,9330.86,1.39736,0.778461,9517816184
5749900,9330.86,1.34176,0.777655,9517816185
5749901,9330.86,1.34337,0.776849,9517816186
5749902,9330.86,1.39897,0.777655,9517816187
5749903,9330.87,1.29099,0.777655,9517832690
5749904,9330.87,1.33289,0.780073,9517832696
5749905,9330.87,1.33289,0.776849,9517832697
5749906,9330.87,1.35868,0.785714,9517832698
5749907,9330.87,1.36674,0.776849,9517832699
5749908,9330.87,1.38286,0.777655,9517832700
5749909,9330.87,1.3756,0.776849,9517832701
5749910,9330.87,1.39253,0.777655,9517832701
5749911,9330.87,1.39575,0.776849,9517832702
5749912,9330.88,1.39333,0.776849,9517832703
5749913,9330.88,1.39253,0.777655,9517832704
5749914,9330.88,1.39253,0.777655,9517832705
5749915,9330.88,1.39736,0.777655,9517832705
5749916,9330.88,1.38527,0.779267,9517832706
5749917,9330.88,1.39736,0.792967,9517832707
5749918,9330.88,1.39736,0.788937,9517832708
5749919,9330.88,1.34901,0.778461,9517849358
5749920,9330.88,1.31516,0.773626,9517849363
5749921,9330.88,1.39253,0.776849,9517849364
5749922,9330.89,1.39253,0.776849,9517849365
5749923,9330.89,1.37238,0.776849,9517849366
5749924,9330.89,1.37802,0.776849,9517849367
5749925,9330.89,1.35304,0.778461,9517849367
5749926,9330.89,1.35304,0.777655,9517849388
5749927,9330.89,1.36916,0.792967,9517849389
5749928,9330.89,1.36674,0.791355,9517849389
5749929,9330.89,1.39253,0.777655,9517849390
5749930,9330.89,1.39736,0.779267,9517849391
5749931,9330.89,1.36916,0.773626,9517849392
5749932,9330.9,1.39253,0.777655,9517849393
5749933,9330.9,1.36835,0.776849,9517849393
5749934,9330.9,1.38044,0.78249,9517849394
5749935,9330.9,1.34579,0.777655,9517849395
5749936,9330.9,1.29018,0.773626,9517866227
5749937,9330.9,1.3482,0.780879,9517866233
5749938,9330.9,1.35223,0.783296,9517866234
5749939,9330.9,1.3482,0.777655,9517866235
5749940,9330.9,1.39172,0.776849,9517866236
5749941,9330.9,1.35546,0.780879,9517866237
5749942,9330.91,1.34095,0.759926,9517866237
5749943,9330.91,1.34095,0.764761,9517866238
5749944,9330.91,1.37883,0.778461,9517866239
5749945,9330.91,1.39414,0.778461,9517866240
5749946,9330.91,1.32403,0.776849,9517866240
5749947,9330.91,1.37157,0.776849,9517866241
5749948,9330.91,1.39736,0.775238,9517866242
5749949,9330.91,1.40059,0.785714,9517866243
5749950,9330.91,1.34579,0.776849,9517866244
5749951,9330.91,1.40542,0.776849,9517866244
5749952,9330.92,1.42396,0.778461,9517866245
5749953,9330.92,1.32645,0.778461,9517882849
5749954,9330.92,1.39253,0.778461,9517882854
5749955,9330.92,1.39253,0.777655,9517882855
5749956,9330.92,1.39736,0.775238,9517882856
5749957,9330.92,1.36916,0.777655,9517882857
5749958,9330.92,1.4304,0.780879,9517882857
5749959,9330.92,1.41026,0.778461,9517882858
5749960,9330.92,1.3756,0.780879,9517882859
5749961,9330.92,1.3756,0.78652,9517882860
5749962,9330.92,1.36835,0.780879,9517882861
5749963,9330.93,1.39253,0.763956,9517882862
5749964,9330.93,1.41832,0.783296,9517882862
5749965,9330.93,1.39414,0.778461,9517882863
5749966,9330.93,1.35223,0.776849,9517882864
5749967,9330.93,1.36674,0.788131,9517882865
5749968,9330.93,1.37641,0.79619,9517882866
5749969,9330.93,1.38125,0.778461,9517882867
5749970,9330.93,1.37963,0.778461,9517899510
5749971,9330.93,1.40703,0.773626,9517899516
5749972,9330.93,1.42637,0.778461,9517899517
5749973,9330.94,1.43121,0.765567,9517899518
5749974,9330.94,1.38044,0.776849,9517899519
5749975,9330.94,1.40462,0.777655,9517899519
5749976,9330.94,1.39414,0.773626,9517899520
5749977,9330.94,1.40059,0.780073,9517899521
5749978,9330.94,1.32725,0.788131,9517899522
5749979,9330.94,1.32806,0.776849,9517899523
5749980,9330.94,1.40784,0.780073,9517899524
5749981,9330.94,1.32,0.776849,9517899524
5749982,9330.94,1.39897,0.777655,9517899525
5749983,9330.95,1.39656,0.784102,9517899526
5749984,9330.95,1.39495,0.778461,9517899527
5749985,9330.95,1.39253,0.778461,9517899528
5749986,9330.95,1.34095,0.775238,9517916146
5749987,9330.95,1.37157,0.777655,9517916151
5749988,9330.95,1.38527,0.777655,9517916152
5749989,9330.95,1.37963,0.777655,9517916153
5749990,9330.95,1.39253,0.788937,9517916154
5749991,9330.95,1.39333,0.773626,9517916155
5749992,9330.95,1.32967,0.784908,9517916156
5749993,9330.96,1.34337,0.778461,9517916157
5749994,9330.96,1.35626,0.777655,9517916158
5749995,9330.96,1.41832,0.780879,9517916158
5749996,9330.96,1.23055,0.776849,9517916159
5749997,9330.96,1.3474,0.776849,9517916160
5749998,9330.96,1.37399,0.776849,9517916161
5749999,9330.96,1.40703,0.779267,9517916162
5750000,9330.96,1.39253,0.783296,9517916163
5750001,9330.96,1.41832,0.759926,9517916163
5750002,9330.97,1.39253,0.785714,9517916164
5750003,9330.97,1.32,0.776849,9517932742
5750004,9330.97,1.37238,0.776849,9517932748
5750005,9330.97,1.41832,0.775238,9517932749
5750006,9330.97,1.37077,0.776849,9517932750
5750007,9330.97,1.30147,0.773626,9517932751
5750008,9330.97,1.34579,0.776849,9517932752
5750009,9330.97,1.39736,0.780073,9517932753
5750010,9330.97,1.40542,0.776849,9517932754
5750011,9330.97,1.36916,0.776849,9517932755
5750012,9330.98,1.40381,0.780879,9517932755
5750013,9330.98,1.30388,0.780073,9517932756
5750014,9330.98,1.39414,0.78652,9517932757
5750015,9330.98,1.32725,0.776849,9517932758
5750016,9330.98,1.39575,0.778461,9517932759
5750017,9330.98,1.34417,0.776849,9517932760
5750018,9330.98,1.39575,0.780073,9517932760
5750019,9330.98,1.29744,0.779267,9517949363
5750020,9330.98,1.34176,0.781684,9517949369
5750021,9330.98,1.35304,0.780879,9517949370
5750022,9330.99,1.35868,0.780073,9517949371
5750023,9330.99,1.39978,0.780073,9517949372
5750024,9330.99,1.40542,0.780073,9517949373
5750025,9330.99,1.41832,0.780879,9517949374
5750026,9330.99,1.39736,0.78652,9517949374
5750027,9330.99,1.3748,0.778461,9517949375
5750028,9330.99,1.38769,0.777655,9517949376
5750029,9330.99,1.39253,0.776849,9517949377
5750030,9330.99,1.41832,0.775238,9517949378
5750031,9330.99,1.39253,0.777655,9517949379
5750032,9331,1.39978,0.773626,9517949380
5750033,9331,1.32645,0.777655,9517949380
5750034,9331,1.37883,0.776849,9517949381
5750035,9331,1.29099,0.779267,9517949382
5750036,9331,1.27487,0.777655,9517966088
5750037,9331,1.29179,0.777655,9517966094
5750038,9331,1.36674,0.776849,9517966095
5750039,9331,1.36674,0.776849,9517966096
5750040,9331,1.35546,0.773626,9517966097
5750041,9331,1.41993,0.778461,9517966098
5750042,9331,1.36835,0.778461,9517966099
5750043,9331.01,1.28938,0.776849,9517966100
5750044,9331.01,1.39736,0.776849,9517966100
5750045,9331.01,1.29502,0.765567,9517966101
5750046,9331.01,1.36755,0.776849,9517966102
5750047,9331.01,1.40703,0.783296,9517966103
5750048,9331.01,1.31597,0.776849,9517966104
5750049,9331.01,1.39897,0.776849,9517966105
5750050,9331.01,1.45216,0.790549,9517966105
5750051,9331.01,1.41106,0.777655,9517966106
5750052,9331.01,1.35385,0.778461,9517966107
5750053,9331.02,1.36674,0.767985,9517982786
5750054,9331.02,1.39414,0.773626,9517982792
5750055,9331.02,1.29099,0.763956,9517982793
5750056,9331.02,1.36835,0.772014,9517982794
5750057,9331.02,1.40703,0.776849,9517982795
5750058,9331.02,1.39414,0.776849,9517982796
5750059,9331.02,1.31516,0.780879,9517982797
5750060,9331.02,1.39897,0.776849,9517982798
5750061,9331.02,1.40139,0.778461,9517982799
5750062,9331.02,1.34095,0.777655,9517982800
5750063,9331.03,1.34982,0.776849,9517982800
5750064,9331.03,1.37802,0.776849,9517982801
5750065,9331.03,1.39253,0.777655,9517982802
5750066,9331.03,1.31678,0.778461,9517982803
5750067,9331.03,1.41026,0.780073,9517982804
5750068,9331.03,1.42798,0.776849,9517982804
5750069,9331.03,1.28938,0.777655,9517982805
5750070,9331.03,1.35223,0.780879,9517999343
5750071,9331.03,1.41993,0.777655,9517999348
5750072,9331.03,1.4296,0.778461,9517999349
5750073,9331.04,1.39253,0.776849,9517999350
5750074,9331.04,1.44249,0.778461,9517999351
5750075,9331.04,1.44894,0.759926,9517999352
5750076,9331.04,1.32645,0.778461,9517999353
5750077,9331.04,1.36916,0.776849,9517999354
5750078,9331.04,1.39253,0.778461,9517999355
5750079,9331.04,1.41993,0.778461,9517999356
5750080,9331.04,1.32645,0.777655,9517999356
5750081,9331.04,1.39414,0.79619,9517999357
5750082,9331.05,1.40462,0.759926,9517999358
5750083,9331.05,1.35223,0.759926,9517999359
5750084,9331.05,1.37802,0.776043,9517999360
5750085,9331.05,1.40542,0.780073,9517999360
5750086,9331.05,1.30711,0.783296,9518016130
5750087,9331.05,1.29099,0.785714,9518016136
5750088,9331.05,1.39253,0.785714,9518016137
5750089,9331.05,1.41993,0.780879,9518016138
5750090,9331.05,1.39092,0.775238,9518016139
5750091,9331.05,1.41832,0.777655,9518016140
5750092,9331.06,1.39414,0.776849,9518016140
5750093,9331.06,1.37963,0.777655,9518016141
5750094,9331.06,1.39253,0.778461,9518016142
5750095,9331.06,1.41993,0.780879,9518016143
5750096,9331.06,1.39897,0.776849,9518016144
5750097,9331.06,1.37157,0.777655,9518016145
5750098,9331.06,1.40784,0.777655,9518016145
5750099,9331.06,1.34256,0.777655,9518016146
5750100,9331.06,1.40381,0.785714,9518016147
5750101,9331.06,1.41026,0.788131,9518016148
5750102,9331.07,1.39575,0.778461,9518016149
5750103,9331.07,1.34256,0.778461,9518032903
5750104,9331.07,1.39011,0.78652,9518032910
5750105,9331.07,1.36029,0.770402,9518032911
5750106,9331.07,1.42476,0.780073,9518032912
5750107,9331.07,1.36996,0.788131,9518032913
5750108,9331.07,1.40703,0.780073,9518032914
5750109,9331.07,1.34095,0.778461,9518032914
5750110,9331.07,1.41832,0.775238,9518032915
5750111,9331.08,1.39253,0.776849,9518032916
5750112,9331.08,1.36593,0.788131,9518032917
5750113,9331.08,1.43282,0.778461,9518032918
5750114,9331.08,1.41832,0.776849,9518032937
5750115,9331.08,1.39253,0.779267,9518032938
5750116,9331.08,1.37157,0.773626,9518032939
5750117,9331.08,1.40139,0.785714,9518032940
5750118,9331.08,1.34579,0.776849,9518032941
5750119,9331.08,1.26842,0.776849,9518049650
5750120,9331.08,1.32645,0.776849,9518049655
5750121,9331.08,1.40381,0.776849,9518049656
5750122,9331.09,1.38769,0.777655,9518049657
5750123,9331.09,1.34579,0.777655,9518049658
5750124,9331.09,1.38125,0.780073,9518049659
5750125,9331.09,1.41832,0.780073,9518049660
5750126,9331.09,1.27165,0.767179,9518049661
5750127,9331.09,1.39253,0.783296,9518049662
5750128,9331.09,1.39736,0.778461,9518049662
5750129,9331.09,1.42073,0.777655,9518049663
5750130,9331.09,1.38125,0.776849,9518049664
5750131,9331.09,1.28454,0.776849,9518049665
5750132,9331.1,1.41912,0.776849,9518049666
5750133,9331.1,1.29421,0.777655,9518049666
5750134,9331.1,1.43121,0.792967,9518049667
5750135,9331.1,1.34579,0.776849,9518066356
5750136,9331.1,1.39897,0.776849,9518066362
5750137,9331.1,1.41832,0.778461,9518066363
5750138,9331.1,1.42315,0.792967,9518066364
5750139,9331.1,1.39414,0.78652,9518066365
5750140,9331.1,1.36996,0.776849,9518066366
5750141,9331.1,1.37641,0.778461,9518066367
5750142,9331.11,1.28938,0.759926,9518066367
5750143,9331.11,1.35385,0.776849,9518066368
5750144,9331.11,1.40703,0.776849,9518066369
5750145,9331.11,1.32967,0.759926,9518066370
5750146,9331.11,1.39253,0.764761,9518066371
5750147,9331.11,1.40139,0.792967,9518066372
5750148,9331.11,1.35385,0.776849,9518066373
5750149,9331.11,1.41993,0.780879,9518066373
5750150,9331.11,1.403,0.776849,9518066374
5750151,9331.11,1.31516,0.763956,9518066375
5750152,9331.12,1.34095,0.776849,9518083005
5750153,9331.12,1.34095,0.778461,9518083010
5750154,9331.12,1.32242,0.773626,9518083011
5750155,9331.12,1.42315,0.779267,9518083012
5750156,9331.12,1.34256,0.783296,9518083013
5750157,9331.12,1.39495,0.779267,9518083014
5750158,9331.12,1.37319,0.780879,9518083015
5750159,9331.12,1.31678,0.788937,9518083016
5750160,9331.12,1.37802,0.785714,9518083017
5750161,9331.12,1.36996,0.779267,9518083018
5750162,9331.13,1.33289,0.777655,9518083019
5750163,9331.13,1.37077,0.776849,9518083019
5750164,9331.13,1.35546,0.778461,9518083020
5750165,9331.13,1.39253,0.777655,9518083021
5750166,9331.13,1.39414,0.776043,9518083022
5750167,9331.13,1.36674,0.776849,9518083022
5750168,9331.13,1.39736,0.776849,9518083023
5750169,9331.13,1.36674,0.778461,9518099718
5750170,9331.13,1.40462,0.776849,9518099732
5750171,9331.14,1.37963,0.775238,9518099735
5750172,9331.14,1.39253,0.777655,9518099736
5750173,9331.14,1.40703,0.779267,9518099737
5750174,9331.14,1.4304,0.780073,9518099738
5750175,9331.14,1.42315,0.767179,9518099740
5750176,9331.14,1.3474,0.785714,9518099741
5750177,9331.14,1.36755,0.792161,9518099742
5750178,9331.14,1.35546,0.780073,9518099743
5750179,9331.14,1.35465,0.776849,9518099745
5750180,9331.14,1.38205,0.783296,9518099746
5750181,9331.15,1.41993,0.776849,9518099747
5750182,9331.15,1.34982,0.778461,9518099748
5750183,9331.15,1.30066,0.777655,9518099749
5750184,9331.15,1.3756,0.777655,9518099751
5750185,9331.15,1.3748,0.776849,9518116404
5750186,9331.15,1.30388,0.779267,9518116412
5750187,9331.15,1.39414,0.780073,9518116414
5750188,9331.15,1.41832,0.776849,9518116415
5750189,9331.15,1.34417,0.778461,9518116415
5750190,9331.15,1.44652,0.783296,9518116416
5750191,9331.16,1.3748,0.776849,9518116417
5750192,9331.16,1.26359,0.785714,9518116418
5750193,9331.16,1.37157,0.776849,9518116419
5750194,9331.16,1.30469,0.776849,9518116419
5750195,9331.16,1.3885,0.785714,9518116420
5750196,9331.16,1.41993,0.776849,9518116421
5750197,9331.16,1.35385,0.778461,9518116422
5750198,9331.16,1.36029,0.784102,9518116423
5750199,9331.16,1.3748,0.783296,9518116424
5750200,9331.16,1.34579,0.778461,9518116425
5750201,9331.17,1.40059,0.777655,9518116425
5750202,9331.17,1.27971,0.778461,9518132969
5750203,9331.17,1.31678,0.78249,9518132975
5750204,9331.17,1.35949,0.759926,9518132976
5750205,9331.17,1.36996,0.776849,9518132977
5750206,9331.17,1.36674,0.779267,9518132977
5750207,9331.17,1.37157,0.773626,9518132978
5750208,9331.17,1.3474,0.78652,9518132979
5750209,9331.17,1.36916,0.778461,9518132980
5750210,9331.17,1.40059,0.778461,9518132981
5750211,9331.17,1.41187,0.776849,9518132982
5750212,9331.18,1.43282,0.776849,9518132982
5750213,9331.18,1.39172,0.78652,9518132983
5750214,9331.18,1.41832,0.792967,9518132984
5750215,9331.18,1.41993,0.780073,9518132985
5750216,9331.18,1.39414,0.777655,9518132986
5750217,9331.18,1.39817,0.776849,9518132986
5750218,9331.18,1.37963,0.776849,9518132987
5750219,9331.18,1.35385,0.776849,9518149628
5750220,9331.18,1.37157,0.780879,9518149634
5750221,9331.18,1.34417,0.775238,9518149635
5750222,9331.19,1.3611,0.773626,9518149636
5750223,9331.19,1.44571,0.792967,9518149637
5750224,9331.19,1.35223,0.780073,9518149637
5750225,9331.19,1.36674,0.773626,9518149638
5750226,9331.19,1.38125,0.780879,9518149639
5750227,9331.19,1.29099,0.776849,9518149640
5750228,9331.19,1.40381,0.77282,9518149641
5750229,9331.19,1.41832,0.776849,9518149642
5750230,9331.19,1.32403,0.773626,9518149643
5750231,9331.19,1.41832,0.780879,9518149643
5750232,9331.2,1.33128,0.777655,9518149644
5750233,9331.2,1.31597,0.780073,9518149645
5750234,9331.2,1.41832,0.79619,9518149646
5750235,9331.2,1.29099,0.780073,9518166295
5750236,9331.2,1.31678,0.777655,9518166300
5750237,9331.2,1.34579,0.776849,9518166302
5750238,9331.2,1.34095,0.789743,9518166303
5750239,9331.2,1.39333,0.759926,9518166303
5750240,9331.2,1.34901,0.78249,9518166304
5750241,9331.2,1.30872,0.783296,9518166305
5750242,9331.21,1.39253,0.778461,9518166306
5750243,9331.21,1.34579,0.783296,9518166307
5750244,9331.21,1.31839,0.759926,9518166308
5750245,9331.21,1.41993,0.776849,9518166309
5750246,9331.21,1.36835,0.776849,9518166309
5750247,9331.21,1.35707,0.785714,9518166310
5750248,9331.21,1.41832,0.778461,9518166311
5750249,9331.21,1.36835,0.775238,9518166312
5750250,9331.21,1.4441,0.777655,9518166313
5750251,9331.22,1.41993,0.780073,9518166313
5750252,9331.22,1.34256,0.777655,9518182958
5750253,9331.22,1.39736,0.773626,9518182963
5750254,9331.22,1.40784,0.780073,9518182964
5750255,9331.22,1.41993,0.776849,9518182965
5750256,9331.22,1.40059,0.776849,9518182966
5750257,9331.22,1.39978,0.779267,9518182967
5750258,9331.22,1.35223,0.780879,9518182968
5750259,9331.22,1.34095,0.780073,9518182969
5750260,9331.22,1.39253,0.780879,9518182970
5750261,9331.23,1.38205,0.780073,9518182970
5750262,9331.23,1.36593,0.776849,9518182971
5750263,9331.23,1.39253,0.778461,9518182972
5750264,9331.23,1.39253,0.777655,9518182973
5750265,9331.23,1.34982,0.778461,9518182974
5750266,9331.23,1.36674,0.776849,9518182975
5750267,9331.23,1.41912,0.776849,9518182976
5750268,9331.23,1.32242,0.773626,9518182976
5750269,9331.23,1.35707,0.778461,9518199622
5750270,9331.23,1.39333,0.785714,9518199628
5750271,9331.24,1.32322,0.77282,9518199629
5750272,9331.24,1.42637,0.778461,9518199630
5750273,9331.24,1.34095,0.783296,9518199631
5750274,9331.24,1.31839,0.780879,9518199631
5750275,9331.24,1.40139,0.780879,9518199632
5750276,9331.24,1.31678,0.776849,9518199634
5750277,9331.24,1.34579,0.777655,9518199635
5750278,9331.24,1.42476,0.776849,9518199636
5750279,9331.24,1.30227,0.777655,9518199637
5750280,9331.24,1.3748,0.778461,9518199638
5750281,9331.25,1.33934,0.776849,9518199638
5750282,9331.25,1.32,0.776849,9518199639
5750283,9331.25,1.34579,0.776849,9518199640
5750284,9331.25,1.35385,0.767179,9518199641
5750285,9331.25,1.30711,0.773626,9518216310
5750286,9331.25,1.37157,0.773626,9518216316
5750287,9331.25,1.34579,0.770402,9518216318
5750288,9331.25,1.37238,0.778461,9518216319
5750289,9331.25,1.39253,0.777655,9518216320
5750290,9331.25,1.38205,0.776849,9518216320
5750291,9331.25,1.40542,0.777655,9518216321
5750292,9331.26,1.38769,0.778461,9518216322
5750293,9331.26,1.38447,0.777655,9518216323
5750294,9331.26,1.44733,0.777655,9518216324
5750295,9331.26,1.45216,0.776849,9518216324
5750296,9331.26,1.39253,0.783296,9518216325
5750297,9331.26,1.40542,0.780879,9518216326
5750298,9331.26,1.39253,0.785714,9518216327
5750299,9331.26,1.42557,0.773626,9518216328
5750300,9331.26,1.37157,0.776849,9518216328
5750301,9331.26,1.38205,0.780073,9518216352
5750302,9331.27,1.31516,0.776849,9518232972
5750303,9331.27,1.35385,0.777655,9518232977
5750304,9331.27,1.36835,0.779267,9518232978
5750305,9331.27,1.4296,0.778461,9518232979
5750306,9331.27,1.34095,0.776849,9518232980
5750307,9331.27,1.3748,0.783296,9518232981
5750308,9331.27,1.39495,0.778461,9518232982
5750309,9331.27,1.30066,0.775238,9518232983
5750310,9331.27,1.37883,0.773626,9518232984
5750311,9331.27,1.41026,0.778461,9518232985
5750312,9331.28,1.31919,0.777655,9518232985
5750313,9331.28,1.42315,0.776849,9518232991
5750314,9331.28,1.34579,0.777655,9518232992
5750315,9331.28,1.31516,0.778461,9518232992
5750316,9331.28,1.42315,0.780879,9518232993
5750317,9331.28,1.32242,0.780073,9518232994
5750318,9331.28,1.30147,0.788131,9518232995
5750319,9331.28,1.34095,0.773626,9518249577
5750320,9331.28,1.32,0.78652,9518249583
5750321,9331.28,1.37157,0.777655,9518249584
5750322,9331.29,1.31678,0.777655,9518249585
5750323,9331.29,1.35385,0.767179,9518249586
5750324,9331.29,1.34095,0.780879,9518249586
5750325,9331.29,1.35546,0.773626,9518249587
5750326,9331.29,1.36674,0.776849,9518249588
5750327,9331.29,1.39253,0.780073,9518249589
5750328,9331.29,1.38447,0.773626,9518249590
5750329,9331.29,1.39253,0.776849,9518249591
5750330,9331.29,1.4304,0.78652,9518249592
5750331,9331.3,1.39897,0.776849,9518249593
5750332,9331.3,1.39978,0.776849,9518249593
5750333,9331.3,1.42476,0.777655,9518249594
5750334,9331.3,1.41832,0.777655,9518249595
5750335,9331.3,1.34982,0.777655,9518266495
5750336,9331.3,1.34901,0.78652,9518266501
5750337,9331.3,1.39253,0.778461,9518266502
5750338,9331.3,1.37883,0.776849,9518266503
5750339,9331.3,1.39414,0.778461,9518266504
5750340,9331.3,1.40784,0.79619,9518266505
5750341,9331.31,1.37319,0.776849,9518266506
5750342,9331.31,1.37319,0.777655,9518266506
5750343,9331.31,1.36674,0.774432,9518266507
5750344,9331.31,1.34095,0.783296,9518266508
5750345,9331.31,1.36674,0.780879,9518266509
5750346,9331.31,1.39253,0.777655,9518266510
5750347,9331.31,1.34901,0.778461,9518266511
5750348,9331.31,1.39253,0.780879,9518266512
5750349,9331.31,1.44894,0.780879,9518266513
5750350,9331.31,1.42476,0.776849,9518266513
5750351,9331.32,1.3474,0.777655,9518266514
5750352,9331.32,1.34417,0.776849,9518283168
5750353,9331.32,1.34337,0.777655,9518283174
5750354,9331.32,1.29582,0.777655,9518283175
5750355,9331.32,1.31678,0.776849,9518283176
5750356,9331.32,1.41348,0.778461,9518283177
5750357,9331.32,1.34579,0.784102,9518283178
5750358,9331.32,1.36835,0.777655,9518283179
5750359,9331.32,1.36674,0.777655,9518283179
5750360,9331.32,1.41751,0.776849,9518283180
5750361,9331.33,1.41832,0.776849,9518283181
5750362,9331.33,1.41832,0.776849,9518283182
5750363,9331.33,1.38205,0.776849,9518283183
5750364,9331.33,1.27004,0.777655,9518283183
5750365,9331.33,1.39172,0.776849,9518283184
5750366,9331.33,1.37399,0.778461,9518283185
5750367,9331.33,1.32645,0.785714,9518283186
5750368,9331.33,1.40059,0.776849,9518283187
5750369,9331.33,1.35546,0.778461,9518299711
5750370,9331.33,1.38125,0.780073,9518299716
5750371,9331.33,1.37157,0.776849,9518299717
5750372,9331.34,1.37399,0.777655,9518299718
5750373,9331.34,1.39897,0.779267,9518299719
5750374,9331.34,1.39736,0.776849,9518299720
5750375,9331.34,1.4304,0.779267,9518299721
5750376,9331.34,1.35707,0.779267,9518299722
5750377,9331.34,1.34095,0.775238,9518299723
5750378,9331.34,1.41832,0.777655,9518299723
5750379,9331.34,1.37802,0.777655,9518299724
5750380,9331.34,1.41832,0.780879,9518299725
5750381,9331.34,1.37883,0.777655,9518299726
5750382,9331.35,1.29421,0.776043,9518299727
5750383,9331.35,1.39495,0.776849,9518299727
5750384,9331.35,1.37722,0.776043,9518299728
5750385,9331.35,1.26359,0.776849,9518299731
5750386,9331.35,1.32322,0.777655,9518316390
5750387,9331.35,1.39253,0.780879,9518316395
5750388,9331.35,1.3482,0.777655,9518316397
5750389,9331.35,1.40542,0.778461,9518316398
5750390,9331.35,1.34095,0.776849,9518316399
5750391,9331.35,1.40542,0.779267,9518316399
5750392,9331.36,1.40059,0.776849,9518316400
5750393,9331.36,1.32806,0.773626,9518316401
5750394,9331.36,1.42315,0.780073,9518316402
5750395,9331.36,1.34901,0.777655,9518316403
5750396,9331.36,1.24908,0.776849,9518316404
5750397,9331.36,1.41187,0.773626,9518316405
5750398,9331.36,1.3748,0.788937,9518316405
5750399,9331.36,1.36835,0.777655,9518316406
5750400,9331.36,1.28454,0.778461,9518316407
5750401,9331.36,1.35546,0.777655,9518316408
5750402,9331.37,1.31516,0.778461,9518332946
5750403,9331.37,1.2652,0.776849,9518332951
5750404,9331.37,1.37399,0.783296,9518332953
5750405,9331.37,1.39253,0.778461,9518332954
5750406,9331.37,1.27648,0.778461,9518332955
5750407,9331.37,1.39253,0.778461,9518332956
5750408,9331.37,1.36835,0.777655,9518332956
5750409,9331.37,1.34901,0.776849,9518332957
5750410,9331.37,1.37319,0.776849,9518332958
5750411,9331.38,1.3748,0.776849,9518332959
5750412,9331.38,1.44571,0.78652,9518332960
5750413,9331.38,1.42637,0.777655,9518332961
5750414,9331.38,1.30388,0.78652,9518332962
5750415,9331.38,1.42154,0.792967,9518332963
5750416,9331.38,1.36835,0.775238,9518332964
5750417,9331.38,1.29744,0.780073,9518332964
5750418,9331.38,1.39736,0.778461,9518332965
5750419,9331.38,1.34095,0.778461,9518351665
5750420,9331.38,1.40381,0.778461,9518351669
5750421,9331.39,1.29099,0.776849,9518351670
5750422,9331.39,1.36835,0.777655,9518351671
5750423,9331.39,1.39253,0.776849,9518351672
5750424,9331.39,1.31516,0.785714,9518351672
5750425,9331.39,1.39092,0.776849,9518351673
5750426,9331.39,1.36916,0.785714,9518351674
5750427,9331.39,1.27568,0.759926,9518351675
5750428,9331.39,1.37319,0.780879,9518351676
5750429,9331.39,1.43443,0.78652,9518351676
5750430,9331.39,1.40139,0.777655,9518351677
5750431,9331.4,1.37883,0.78652,9518351678
5750432,9331.4,1.37238,0.774432,9518351679
5750433,9331.4,1.39092,0.784102,9518351680
5750434,9331.4,1.41832,0.764761,9518351681
5750435,9331.4,1.34901,0.777655,9518351682
5750436,9331.4,1.40542,0.776849,9518351682
5750437,9331.4,1.29421,0.776849,9518368530
5750438,9331.4,1.28938,0.783296,9518368539
5750439,9331.4,1.38286,0.776849,9518368540
5750440,9331.4,1.40784,0.776849,9518368541
5750441,9331.41,1.42315,0.777655,9518368542
5750442,9331.41,1.34095,0.776849,9518368543
5750443,9331.41,1.36755,0.777655,9518368544
5750444,9331.41,1.39092,0.778461,9518368544
5750445,9331.41,1.30066,0.779267,9518368545
5750446,9331.41,1.40462,0.759926,9518368546
5750447,9331.41,1.37077,0.778461,9518368547
5750448,9331.41,1.32161,0.776849,9518368548
5750449,9331.41,1.43121,0.778461,9518368548
5750450,9331.41,1.457,0.779267,9518368549
5750451,9331.42,1.39253,0.777655,9518368550
5750452,9331.42,1.39253,0.778461,9518368551
5750453,9331.42,1.40059,0.780073,9518368552
5750454,9331.42,1.34095,0.777655,9518385213
5750455,9331.42,1.39253,0.79619,9518385223
5750456,9331.42,1.34095,0.778461,9518385225
5750457,9331.42,1.41832,0.776849,9518385226
5750458,9331.42,1.28212,0.775238,9518385228
5750459,9331.42,1.28938,0.777655,9518385229
5750460,9331.42,1.4304,0.778461,9518385230
5750461,9331.42,1.41832,0.776849,9518385231
5750462,9331.43,1.41993,0.773626,9518385232
5750463,9331.43,1.35223,0.780073,9518385233
5750464,9331.43,1.37883,0.776849,9518385234
5750465,9331.43,1.39736,0.778461,9518385235
5750466,9331.43,1.28938,0.778461,9518385236
5750467,9331.43,1.43282,0.777655,9518385238
5750468,9331.43,1.39253,0.784908,9518385239
5750469,9331.43,1.30066,0.784908,9518385240
5750470,9331.43,1.40703,0.778461,9518385241
5750471,9331.43,1.35546,0.78249,9518401799
5750472,9331.44,1.33934,0.778461,9518401808
5750473,9331.44,1.35385,0.777655,9518401810
5750474,9331.44,1.41509,0.778461,9518401812
5750475,9331.44,1.43443,0.780073,9518401813
5750476,9331.44,1.37802,0.78249,9518401814
5750477,9331.44,1.36674,0.776849,9518401815
5750478,9331.44,1.40542,0.784908,9518401816
5750479,9331.44,1.2781,0.776849,9518401818
5750480,9331.44,1.32403,0.784102,9518401819
5750481,9331.44,1.4304,0.78249,9518401820
5750482,9331.45,1.39253,0.776849,9518401821
5750483,9331.45,1.41832,0.780879,9518401822
5750484,9331.45,1.33934,0.776043,9518401823
5750485,9331.45,1.39253,0.789743,9518401824
5750486,9331.45,1.41832,0.783296,9518401826
5750487,9331.45,1.26681,0.773626,9518401827
5750488,9331.45,1.34095,0.776849,9518418654
5750489,9331.45,1.34337,0.776849,9518418682
5750490,9331.45,1.28938,0.780879,9518418683
5750491,9331.45,1.44974,0.776849,9518418684
5750492,9331.46,1.41832,0.776849,9518418685
5750493,9331.46,1.34095,0.767179,9518418686
5750494,9331.46,1.34095,0.780073,9518418687
5750495,9331.46,1.39253,0.775238,9518418688
5750496,9331.46,1.40381,0.780879,9518418689
5750497,9331.46,1.4441,0.776849,9518418690
5750498,9331.46,1.31678,0.775238,9518418690
5750499,9331.46,1.38205,0.780073,9518418691
5750500,9331.46,1.27648,0.780073,9518418692
5750501,9331.47,1.37802,0.773626,9518418693
5750502,9331.47,1.39253,0.776849,9518418694
5750503,9331.47,1.39253,0.775238,9518418695
5750504,9331.47,1.36835,0.777655,9518435336
5750505,9331.47,1.32645,0.776849,9518435343
5750506,9331.47,1.39253,0.777655,9518435345
5750507,9331.47,1.4441,0.779267,9518435346
5750508,9331.47,1.26842,0.777655,9518435346
5750509,9331.47,1.35304,0.780073,9518435347
5750510,9331.47,1.36835,0.775238,9518435348
5750511,9331.48,1.22088,0.776849,9518435349
5750512,9331.48,1.37157,0.785714,9518435350
5750513,9331.48,1.35626,0.777655,9518435351
5750514,9331.48,1.35223,0.778461,9518435351
5750515,9331.48,1.34982,0.785714,9518435352
5750516,9331.48,1.41993,0.776849,9518435353
5750517,9331.48,1.4296,0.777655,9518435354
5750518,9331.48,1.43282,0.775238,9518435355
5750519,9331.48,1.32403,0.776849,9518435356
5750520,9331.48,1.40784,0.780879,9518435357
5750521,9331.49,1.21685,0.763956,9518451785
5750522,9331.49,1.38447,0.767179,9518451790
5750523,9331.49,1.37399,0.778461,9518451791
5750524,9331.49,1.39897,0.777655,9518451792
5750525,9331.49,1.39253,0.776849,9518451793
5750526,9331.49,1.3474,0.778461,9518451794
5750527,9331.49,1.37157,0.776849,9518451795
5750528,9331.49,1.39736,0.776849,9518451796
5750529,9331.49,1.2652,0.788131,9518451796
5750530,9331.49,1.42315,0.778461,9518451797
5750531,9331.5,1.34337,0.778461,9518451798
5750532,9331.5,1.34417,0.776849,9518451799
5750533,9331.5,1.41832,0.779267,9518451800
5750534,9331.5,1.43121,0.759926,9518451801
5750535,9331.5,1.37157,0.775238,9518451802
5750536,9331.5,1.34095,0.777655,9518451803
5750537,9331.5,1.3474,0.776849,9518451803
5750538,9331.5,1.36674,0.780879,9518468572
5750539,9331.5,1.37963,0.759926,9518468578
5750540,9331.5,1.34095,0.777655,9518468579
5750541,9331.5,1.41187,0.778461,9518468580
5750542,9331.51,1.28938,0.775238,9518468581
5750543,9331.51,1.3748,0.776849,9518468582
5750544,9331.51,1.39253,0.778461,9518468583
5750545,9331.51,1.39253,0.776849,9518468583
5750546,9331.51,1.42476,0.776849,9518468584
5750547,9331.51,1.35626,0.778461,9518468585
5750548,9331.51,1.40139,0.79619,9518468586
5750549,9331.51,1.44894,0.759926,9518468587
5750550,9331.51,1.29421,0.777655,9518468588
5750551,9331.51,1.41832,0.780879,9518468588
5750552,9331.52,1.34256,0.776849,9518468589
5750553,9331.52,1.31597,0.777655,9518468590
5750554,9331.52,1.36835,0.776849,9518485171
5750555,9331.52,1.37883,0.763956,9518485176
5750556,9331.52,1.35385,0.780879,9518485177
5750557,9331.52,1.35223,0.765567,9518485178
5750558,9331.52,1.38125,0.776849,9518485179
5750559,9331.52,1.33128,0.77282,9518485180
5750560,9331.52,1.29099,0.776849,9518485181
5750561,9331.52,1.31516,0.777655,9518485182
5750562,9331.53,1.403,0.778461,9518485183
5750563,9331.53,1.2652,0.780879,9518485184
5750564,9331.53,1.39736,0.776849,9518485185
5750565,9331.53,1.39253,0.775238,9518485185
5750566,9331.53,1.40864,0.780073,9518485186
5750567,9331.53,1.41912,0.776849,9518485187
5750568,9331.53,1.39253,0.759926,9518485188
5750569,9331.53,1.42476,0.776849,9518485189
5750570,9331.53,1.43121,0.783296,9518485189
5750571,9331.53,1.2233,0.776849,9518501931
5750572,9331.54,1.34579,0.776849,9518501937
5750573,9331.54,1.29099,0.770402,9518501938
5750574,9331.54,1.36029,0.776849,9518501939
5750575,9331.54,1.41832,0.780879,9518501940
5750576,9331.54,1.41832,0.78652,9518501941
5750577,9331.54,1.37319,0.77282,9518501942
5750578,9331.54,1.34095,0.777655,9518501943
5750579,9331.54,1.39172,0.777655,9518501943
5750580,9331.54,1.39253,0.767179,9518501944
5750581,9331.55,1.2781,0.776849,9518501945
5750582,9331.55,1.34579,0.776849,9518501946
5750583,9331.55,1.42396,0.759926,9518501947
5750584,9331.55,1.26842,0.77282,9518501947
5750585,9331.55,1.41912,0.759926,9518501948
5750586,9331.55,1.39736,0.776849,9518501949
5750587,9331.55,1.36674,0.773626,9518501950
5750588,9331.55,1.37802,0.767179,9518518612
5750589,9331.55,1.36835,0.777655,9518518618
5750590,9331.55,1.40703,0.776849,9518518619
5750591,9331.56,1.41832,0.777655,9518518620
5750592,9331.56,1.30872,0.776849,9518518621
5750593,9331.56,1.39414,0.79619,9518518622
5750594,9331.56,1.37157,0.776849,9518518623
5750595,9331.56,1.39253,0.773626,9518518623
5750596,9331.56,1.38608,0.777655,9518518624
5750597,9331.56,1.39253,0.780073,9518518625
5750598,9331.56,1.34095,0.780879,9518518626
5750599,9331.56,1.39253,0.783296,9518518627
5750600,9331.56,1.41993,0.780879,9518518628
5750601,9331.57,1.41912,0.776849,9518518629
5750602,9331.57,1.29099,0.780879,9518518630
5750603,9331.57,1.32967,0.777655,9518518630
5750604,9331.57,1.37238,0.763956,9518535254
5750605,9331.57,1.27568,0.765567,9518535259
5750606,9331.57,1.4304,0.79619,9518535260
5750607,9331.57,1.41832,0.788131,9518535261
5750608,9331.57,1.3756,0.776849,9518535262
5750609,9331.57,1.39253,0.780073,9518535263
5750610,9331.57,1.36674,0.785714,9518535264
5750611,9331.58,1.40059,0.775238,9518535265
5750612,9331.58,1.34095,0.778461,9518535266
5750613,9331.58,1.31516,0.785714,9518535267
5750614,9331.58,1.40381,0.776849,9518535267
5750615,9331.58,1.37319,0.777655,9518535268
5750616,9331.58,1.39253,0.779267,9518535269
5750617,9331.58,1.43363,0.777655,9518535270
5750618,9331.58,1.39736,0.776849,9518535271
5750619,9331.58,1.38286,0.759926,9518535272
5750620,9331.58,1.35949,0.776849,9518535272
5750621,9331.58,1.31516,0.776849,9518551773
5750622,9331.59,1.37802,0.777655,9518551778
5750623,9331.59,1.24425,0.773626,9518551779
5750624,9331.59,1.34256,0.777655,9518551780
5750625,9331.59,1.41993,0.759926,9518551781
5750626,9331.59,1.26359,0.778461,9518551782
5750627,9331.59,1.42073,0.777655,9518551782
5750628,9331.59,1.41832,0.777655,9518551783
5750629,9331.59,1.40542,0.780073,9518551784
5750630,9331.59,1.4433,0.776849,9518551785
5750631,9331.59,1.36755,0.778461,9518551786
5750632,9331.6,1.39333,0.776849,9518551786
5750633,9331.6,1.34095,0.777655,9518551787
5750634,9331.6,1.34417,0.780879,9518551788
5750635,9331.6,1.40462,0.780879,9518551789
5750636,9331.6,1.38125,0.763956,9518551790
5750637,9331.6,1.35385,0.780879,9518551791
5750638,9331.6,1.3748,0.763956,9518568581
5750639,9331.6,1.38447,0.777655,9518568586
5750640,9331.6,1.34901,0.780879,9518568588
5750641,9331.6,1.34498,0.770402,9518568589
5750642,9331.61,1.36029,0.785714,9518568590
5750643,9331.61,1.39414,0.773626,9518568591
5750644,9331.61,1.29582,0.777655,9518568591
5750645,9331.61,1.37802,0.780073,9518568592
5750646,9331.61,1.42315,0.779267,9518568593
5750647,9331.61,1.24989,0.788937,9518568594
5750648,9331.61,1.41832,0.776849,9518568595
5750649,9331.61,1.43765,0.776849,9518568596
5750650,9331.61,1.39092,0.777655,9518568596
5750651,9331.61,1.43121,0.767179,9518568597
5750652,9331.62,1.3748,0.776849,9518568598
5750653,9331.62,1.40703,0.776849,9518568599
5750654,9331.62,1.28938,0.776849,9518585145
5750655,9331.62,1.30791,0.780073,9518585151
5750656,9331.62,1.40542,0.777655,9518585152
5750657,9331.62,1.35707,0.778461,9518585153
5750658,9331.62,1.33934,0.773626,9518585154
5750659,9331.62,1.37883,0.778461,9518585155
5750660,9331.62,1.39172,0.779267,9518585156
5750661,9331.62,1.39253,0.776849,9518585157
5750662,9331.63,1.33289,0.777655,9518585158
5750663,9331.63,1.39736,0.776849,9518585159
5750664,9331.63,1.37963,0.777655,9518585159
5750665,9331.63,1.27004,0.778461,9518585160
5750666,9331.63,1.40542,0.776849,9518585161
5750667,9331.63,1.43121,0.777655,9518585162
5750668,9331.63,1.28454,0.777655,9518585163
5750669,9331.63,1.457,0.777655,9518585163
5750670,9331.63,1.42718,0.780073,9518585164
5750671,9331.64,1.29663,0.776849,9518601915
5750672,9331.64,1.41832,0.778461,9518601921
5750673,9331.64,1.34579,0.789743,9518601922
5750674,9331.64,1.4304,0.776849,9518601923
5750675,9331.64,1.30227,0.785714,9518601923
5750676,9331.64,1.35707,0.773626,9518601948
5750677,9331.64,1.39575,0.764761,9518601949
5750678,9331.64,1.3482,0.78652,9518601950
5750679,9331.64,1.32322,0.780879,9518601951
5750680,9331.64,1.42315,0.776849,9518601952
5750681,9331.65,1.37963,0.776849,9518601953
5750682,9331.65,1.39253,0.777655,9518601954
5750683,9331.65,1.30711,0.778461,9518601955
5750684,9331.65,1.39414,0.773626,9518601955
5750685,9331.65,1.42154,0.778461,9518601956
5750686,9331.65,1.27648,0.779267,9518601957
5750687,9331.65,1.41026,0.780073,9518601958
5750688,9331.65,1.37238,0.778461,9518618625
5750689,9331.65,1.28938,0.777655,9518618630
5750690,9331.65,1.44007,0.776849,9518618632
5750691,9331.66,1.41832,0.783296,9518618632
5750692,9331.66,1.34337,0.773626,9518618633
5750693,9331.66,1.39897,0.788937,9518618634
5750694,9331.66,1.35707,0.776849,9518618635
5750695,9331.66,1.39978,0.776849,9518618636
5750696,9331.66,1.31516,0.776849,9518618637
5750697,9331.66,1.36996,0.776849,9518618637
5750698,9331.66,1.44571,0.775238,9518618638
5750699,9331.66,1.36674,0.776849,9518618639
5750700,9331.66,1.36674,0.785714,9518618640
5750701,9331.67,1.40462,0.777655,9518618641
5750702,9331.67,1.36835,0.776849,9518618641
5750703,9331.67,1.39897,0.778461,9518618642
5750704,9331.67,1.26923,0.779267,9518635083
5750705,9331.67,1.35385,0.776849,9518635090
5750706,9331.67,1.37157,0.780073,9518635091
5750707,9331.67,1.30549,0.780879,9518635092
5750708,9331.67,1.39575,0.778461,9518635093
5750709,9331.67,1.35223,0.778461,9518635094
5750710,9331.67,1.26842,0.778461,9518635095
5750711,9331.67,1.4441,0.788131,9518635096
5750712,9331.68,1.42073,0.783296,9518635097
5750713,9331.68,1.39495,0.776849,9518635097
5750714,9331.68,1.41106,0.777655,9518635098
5750715,9331.68,1.37238,0.759926,9518635099
5750716,9331.68,1.41832,0.780879,9518635100
5750717,9331.68,1.29341,0.783296,9518635101
5750718,9331.68,1.39736,0.778461,9518635101
5750719,9331.68,1.42637,0.777655,9518635102
5750720,9331.68,1.30469,0.765567,9518635103
5750721,9331.68,1.25069,0.779267,9518651963
5750722,9331.69,1.39253,0.776849,9518651970
5750723,9331.69,1.34095,0.792967,9518651971
5750724,9331.69,1.41832,0.780879,9518651972
5750725,9331.69,1.32967,0.776849,9518651973
5750726,9331.69,1.36674,0.788937,9518651974
5750727,9331.69,1.31516,0.783296,9518651975
5750728,9331.69,1.25069,0.780073,9518651976
5750729,9331.69,1.37963,0.783296,9518651977
5750730,9331.69,1.39253,0.78652,9518651978
5750731,9331.69,1.30791,0.775238,9518651979
5750732,9331.7,1.43282,0.785714,9518651979
5750733,9331.7,1.41993,0.776849,9518651980
5750734,9331.7,1.40139,0.780073,9518651981
5750735,9331.7,1.39575,0.777655,9518651982
5750736,9331.7,1.35546,0.780879,9518651983
5750737,9331.7,1.41187,0.773626,9518651984
5750738,9331.7,1.25875,0.780073,9518668623
5750739,9331.7,1.39897,0.776849,9518668629
5750740,9331.7,1.40703,0.792967,9518668630
5750741,9331.7,1.31758,0.777655,9518668631
5750742,9331.71,1.34095,0.776849,9518668631
5750743,9331.71,1.39414,0.775238,9518668632
5750744,9331.71,1.37963,0.776849,9518668633
5750745,9331.71,1.39414,0.780073,9518668634
5750746,9331.71,1.31516,0.78652,9518668635
5750747,9331.71,1.41751,0.776849,9518668636
5750748,9331.71,1.36916,0.777655,9518668637
5750749,9331.71,1.32967,0.779267,9518668638
5750750,9331.71,1.45216,0.776849,9518668639
5750751,9331.72,1.42073,0.776849,9518668640
5750752,9331.72,1.29099,0.777655,9518668640
5750753,9331.72,1.41832,0.778461,9518668641
5750754,9331.72,1.39253,0.778461,9518685145
5750755,9331.72,1.37802,0.780073,9518685152
5750756,9331.72,1.33934,0.776849,9518685153
5750757,9331.72,1.41832,0.780879,9518685154
5750758,9331.72,1.36674,0.778461,9518685155
5750759,9331.72,1.29018,0.777655,9518685156
5750760,9331.72,1.34095,0.777655,9518685156
5750761,9331.73,1.3208,0.777655,9518685157
5750762,9331.73,1.31678,0.783296,9518685158
5750763,9331.73,1.36674,0.777655,9518685159
5750764,9331.73,1.38608,0.776849,9518685160
5750765,9331.73,1.34579,0.77282,9518685161
5750766,9331.73,1.40381,0.785714,9518685162
5750767,9331.73,1.37319,0.776849,9518685163
5750768,9331.73,1.43121,0.78652,9518685163
5750769,9331.73,1.43604,0.774432,9518685164
5750770,9331.73,1.30066,0.776849,9518685165
5750771,9331.74,1.3482,0.774432,9518701964
5750772,9331.74,1.31678,0.776849,9518701976
5750773,9331.74,1.28938,0.777655,9518701978
5750774,9331.74,1.457,0.783296,9518701979
5750775,9331.74,1.41832,0.777655,9518701980
5750776,9331.74,1.39414,0.783296,9518701981
5750777,9331.74,1.38608,0.792967,9518701983
5750778,9331.74,1.36755,0.776849,9518701984
5750779,9331.74,1.40703,0.776849,9518701985
5750780,9331.74,1.31758,0.785714,9518701986
5750781,9331.75,1.40059,0.776043,9518701987
5750782,9331.75,1.36029,0.780879,9518701989
5750783,9331.75,1.30711,0.778461,9518701990
5750784,9331.75,1.34901,0.770402,9518701991
5750785,9331.75,1.35707,0.776849,9518701992
5750786,9331.75,1.30227,0.776849,9518701993
5750787,9331.75,1.32645,0.776849,9518701995
5750788,9331.75,1.30711,0.783296,9518718517
5750789,9331.75,1.40542,0.776849,9518718527
5750790,9331.75,1.4441,0.776849,9518718529
5750791,9331.75,1.34095,0.778461,9518718530
5750792,9331.76,1.47473,0.783296,9518718531
5750793,9331.76,1.31678,0.778461,9518718532
5750794,9331.76,1.32645,0.778461,9518718533
5750795,9331.76,1.4433,0.779267,9518718534
5750796,9331.76,1.43121,0.776849,9518718535
5750797,9331.76,1.43121,0.776849,9518718537
5750798,9331.76,1.32806,0.776849,9518718538
5750799,9331.76,1.40059,0.780879,9518718539
5750800,9331.76,1.40542,0.776043,9518718540
5750801,9331.76,1.31516,0.778461,9518718541
5750802,9331.77,1.39414,0.794578,9518718542
5750803,9331.77,1.35385,0.779267,9518718543
5750804,9331.77,1.22491,0.776849,9518735307
5750805,9331.77,1.32322,0.79619,9518735313
5750806,9331.77,1.39253,0.779267,9518735314
5750807,9331.77,1.35546,0.777655,9518735315
5750808,9331.77,1.35304,0.78249,9518735316
5750809,9331.77,1.36916,0.776849,9518735317
5750810,9331.77,1.41026,0.776849,9518735318
5750811,9331.77,1.45135,0.780879,9518735319
5750812,9331.78,1.34095,0.778461,9518735320
5750813,9331.78,1.45538,0.777655,9518735320
5750814,9331.78,1.30388,0.773626,9518735321
5750815,9331.78,1.28938,0.777655,9518735322
5750816,9331.78,1.40703,0.777655,9518735323
5750817,9331.78,1.41832,0.776849,9518735324
5750818,9331.78,1.42234,0.776849,9518735324
5750819,9331.78,1.30711,0.776043,9518735325
5750820,9331.78,1.41832,0.776849,9518735326
5750821,9331.78,1.30066,0.776849,9518751931
5750822,9331.79,1.27326,0.780879,9518751938
5750823,9331.79,1.36674,0.777655,9518751939
5750824,9331.79,1.39897,0.775238,9518751940
5750825,9331.79,1.23619,0.778461,9518751941
5750826,9331.79,1.36674,0.775238,9518751941
5750827,9331.79,1.41832,0.785714,9518751942
5750828,9331.79,1.3748,0.776849,9518751943
5750829,9331.79,1.39495,0.776849,9518751944
5750830,9331.79,1.37319,0.777655,9518751945
5750831,9331.8,1.39253,0.783296,9518751946
5750832,9331.8,1.43443,0.776849,9518751947
5750833,9331.8,1.31033,0.777655,9518751948
5750834,9331.8,1.39817,0.776849,9518751948
5750835,9331.8,1.29018,0.776849,9518751949
5750836,9331.8,1.2781,0.776849,9518751950
5750837,9331.8,1.45055,0.778461,9518751951
5750838,9331.8,1.34982,0.778461,9518768679
5750839,9331.8,1.41912,0.776849,9518768685
5750840,9331.8,1.31516,0.777655,9518768686
5750841,9331.81,1.39253,0.777655,9518768687
5750842,9331.81,1.39253,0.777655,9518768688
5750843,9331.81,1.2781,0.778461,9518768689
5750844,9331.81,1.3748,0.792967,9518768690
5750845,9331.81,1.35385,0.776849,9518768691
5750846,9331.81,1.26762,0.776849,9518768691
5750847,9331.81,1.38769,0.777655,9518768692
5750848,9331.81,1.39897,0.776849,9518768693
5750849,9331.81,1.37319,0.783296,9518768694
5750850,9331.81,1.39253,0.776849,9518768695
5750851,9331.82,1.39253,0.777655,9518768696
5750852,9331.82,1.39817,0.785714,9518768696
5750853,9331.82,1.42476,0.777655,9518768697
5750854,9331.82,1.26923,0.776849,9518768699
5750855,9331.82,1.39172,0.776849,9518785217
5750856,9331.82,1.29582,0.780879,9518785223
5750857,9331.82,1.36674,0.792967,9518785224
5750858,9331.82,1.41993,0.776043,9518785225
5750859,9331.82,1.39253,0.792161,9518785226
5750860,9331.82,1.37157,0.777655,9518785226
5750861,9331.83,1.35385,0.777655,9518785227
5750862,9331.83,1.36674,0.776849,9518785228
5750863,9331.83,1.41832,0.773626,9518785257
5750864,9331.83,1.29099,0.776849,9518785258
5750865,9331.83,1.39414,0.783296,9518785258
5750866,9331.83,1.36674,0.777655,9518785259
5750867,9331.83,1.28938,0.778461,9518785260
5750868,9331.83,1.43363,0.779267,9518785261
5750869,9331.83,1.39736,0.777655,9518785262
5750870,9331.83,1.40139,0.776849,9518785262
5750871,9331.83,1.30147,0.777655,9518801962
5750872,9331.84,1.36674,0.777655,9518801966
5750873,9331.84,1.39253,0.784102,9518801967
5750874,9331.84,1.41993,0.78652,9518801968
5750875,9331.84,1.29179,0.776849,9518801969
5750876,9331.84,1.39172,0.777655,9518801970
5750877,9331.84,1.31678,0.778461,9518801971
5750878,9331.84,1.39253,0.780073,9518801972
5750879,9331.84,1.42073,0.763956,9518801973
5750880,9331.84,1.42073,0.778461,9518801973
5750881,9331.84,1.39897,0.779267,9518801974
5750882,9331.85,1.32967,0.777655,9518801975
5750883,9331.85,1.39253,0.780073,9518801976
5750884,9331.85,1.42476,0.778461,9518801977
5750885,9331.85,1.27729,0.77282,9518801977
5750886,9331.85,1.36674,0.78652,9518801978
5750887,9331.85,1.36835,0.777655,9518801979
5750888,9331.85,1.25311,0.776849,9518818518
5750889,9331.85,1.4167,0.776849,9518818522
5750890,9331.85,1.40381,0.780073,9518818523
5750891,9331.85,1.41832,0.784908,9518818524
5750892,9331.86,1.39253,0.776849,9518818525
5750893,9331.86,1.41026,0.779267,9518818526
5750894,9331.86,1.41832,0.765567,9518818527
5750895,9331.86,1.39736,0.778461,9518818528
5750896,9331.86,1.27648,0.778461,9518818529
5750897,9331.86,1.4304,0.776849,9518818530
5750898,9331.86,1.26359,0.780879,9518818531
5750899,9331.86,1.37157,0.773626,9518818531
5750900,9331.86,1.39253,0.777655,9518818532
5750901,9331.86,1.3756,0.776849,9518818533
5750902,9331.87,1.39253,0.776849,9518818534
5750903,9331.87,1.30388,0.779267,9518818534
5750904,9331.87,1.35385,0.777655,9518835200
5750905,9331.87,1.36674,0.777655,9518835204
5750906,9331.87,1.28857,0.783296,9518835204
5750907,9331.87,1.35546,0.778461,9518835205
5750908,9331.87,1.34256,0.776849,9518835206
5750909,9331.87,1.2781,0.775238,9518835207
5750910,9331.87,1.41832,0.776849,9518835208
5750911,9331.88,1.41026,0.780879,9518835209
5750912,9331.88,1.39897,0.778461,9518835209
5750913,9331.88,1.34095,0.776849,9518835210
5750914,9331.88,1.39575,0.777655,9518835211
5750915,9331.88,1.40059,0.780073,9518835212
5750916,9331.88,1.3748,0.780879,9518835213
5750917,9331.88,1.34095,0.778461,9518835213
5750918,9331.88,1.42637,0.780879,9518835214
5750919,9331.88,1.29099,0.773626,9518835215
5750920,9331.88,1.41832,0.777655,9518835216
5750921,9331.89,1.30711,0.763956,9518851860
5750922,9331.89,1.36835,0.776849,9518851867
5750923,9331.89,1.31597,0.777655,9518851868
5750924,9331.89,1.31516,0.776849,9518851869
5750925,9331.89,1.35626,0.776849,9518851870
5750926,9331.89,1.35304,0.785714,9518851870
5750927,9331.89,1.27487,0.780879,9518851871
5750928,9331.89,1.39897,0.778461,9518851872
5750929,9331.89,1.40542,0.78652,9518851873
5750930,9331.89,1.31678,0.777655,9518851874
5750931,9331.9,1.41993,0.777655,9518851875
5750932,9331.9,1.4441,0.780879,9518851876
5750933,9331.9,1.3619,0.777655,9518851877
5750934,9331.9,1.39253,0.776849,9518851878
5750935,9331.9,1.403,0.775238,9518851879
5750936,9331.9,1.36835,0.776849,9518851879
5750937,9331.9,1.26762,0.776849,9518851880
5750938,9331.9,1.24908,0.777655,9518868589
5750939,9331.9,1.43604,0.780073,9518868594
5750940,9331.9,1.29582,0.776849,9518868595
5750941,9331.91,1.41026,0.778461,9518868596
5750942,9331.91,1.42637,0.777655,9518868597
5750943,9331.91,1.3748,0.777655,9518868597
5750944,9331.91,1.40059,0.785714,9518868598
5750945,9331.91,1.35062,0.780073,9518868599
5750946,9331.91,1.42315,0.765567,9518868600
5750947,9331.91,1.39736,0.775238,9518868601
5750948,9331.91,1.29099,0.775238,9518868602
5750949,9331.91,1.41832,0.778461,9518868602
5750950,9331.91,1.403,0.780879,9518868603
5750951,9331.92,1.34256,0.780073,9518868604
5750952,9331.92,1.39253,0.780073,9518868605
5750953,9331.92,1.41106,0.780073,9518868606
5750954,9331.92,1.34256,0.776849,9518885317
5750955,9331.92,1.35304,0.792967,9518885326
5750956,9331.92,1.41832,0.778461,9518885327
5750957,9331.92,1.42315,0.788131,9518885328
5750958,9331.92,1.26923,0.779267,9518885329
5750959,9331.92,1.30711,0.777655,9518885329
5750960,9331.92,1.41832,0.784102,9518885330
5750961,9331.92,1.28938,0.780073,9518885331
5750962,9331.93,1.39736,0.794578,9518885332
5750963,9331.93,1.41832,0.780073,9518885333
5750964,9331.93,1.37077,0.780879,9518885334
5750965,9331.93,1.38527,0.78249,9518885334
5750966,9331.93,1.34095,0.780879,9518885335
5750967,9331.93,1.42476,0.780879,9518885336
5750968,9331.93,1.40703,0.780879,9518885337
5750969,9331.93,1.31678,0.77282,9518885338
5750970,9331.93,1.39736,0.783296,9518885339
5750971,9331.93,1.34176,0.776043,9518901961
5750972,9331.94,1.32322,0.780073,9518901965
5750973,9331.94,1.36916,0.774432,9518901966
5750974,9331.94,1.403,0.776043,9518901967
5750975,9331.94,1.34659,0.785714,9518901968
5750976,9331.94,1.35465,0.780073,9518901969
5750977,9331.94,1.39736,0.775238,9518901970
5750978,9331.94,1.38044,0.778461,9518901970
5750979,9331.94,1.30147,0.776849,9518901971
5750980,9331.94,1.30227,0.777655,9518901972
5750981,9331.94,1.41348,0.791355,9518901973
5750982,9331.95,1.27084,0.778461,9518901973
5750983,9331.95,1.39736,0.784908,9518901974
5750984,9331.95,1.39253,0.778461,9518901975
5750985,9331.95,1.38205,0.773626,9518901976
5750986,9331.95,1.37802,0.78652,9518901977
5750987,9331.95,1.34095,0.776849,9518901977
5750988,9331.95,1.35868,0.77282,9518918635
5750989,9331.95,1.39253,0.776849,9518918639
5750990,9331.95,1.29582,0.759926,9518918640
5750991,9331.95,1.41993,0.776849,9518918641
5750992,9331.96,1.39092,0.778461,9518918641
5750993,9331.96,1.29341,0.780879,9518918642
5750994,9331.96,1.37157,0.78652,9518918643
5750995,9331.96,1.42315,0.773626,9518918644
5750996,9331.96,1.31839,0.792161,9518918645
5750997,9331.96,1.42154,0.767179,9518918646
5750998,9331.96,1.39253,0.776849,9518918647
5750999,9331.96,1.32,0.784102,9518918647
5751000,9331.96,1.35546,0.776849,9518918648
5751001,9331.97,1.40462,0.777655,9518918649
5751002,9331.97,1.41993,0.77282,9518918650
5751003,9331.97,1.27648,0.785714,9518918651
5751004,9331.97,1.34015,0.776849,9518935267
5751005,9331.97,1.35385,0.783296,9518935271
5751006,9331.97,1.29744,0.792967,9518935272
5751007,9331.97,1.39253,0.785714,9518935274
5751008,9331.97,1.36674,0.759926,9518935275
5751009,9331.97,1.39817,0.789743,9518935275
5751010,9331.97,1.3756,0.778461,9518935276
5751011,9331.98,1.38125,0.777655,9518935277
5751012,9331.98,1.42315,0.776849,9518935278
5751013,9331.98,1.29341,0.774432,9518935279
5751014,9331.98,1.42557,0.777655,9518935279
5751015,9331.98,1.34095,0.777655,9518935280
5751016,9331.98,1.40703,0.785714,9518935281
5751017,9331.98,1.42315,0.764761,9518935282
5751018,9331.98,1.35868,0.776849,9518935282
5751019,9331.98,1.40864,0.776849,9518935283
5751020,9331.98,1.39253,0.776849,9518935284
5751021,9331.99,1.32322,0.780879,9518951878
5751022,9331.99,1.29018,0.773626,9518951883
5751023,9331.99,1.32806,0.776849,9518951884
5751024,9331.99,1.38769,0.783296,9518951885
5751025,9331.99,1.26681,0.785714,9518951885
5751026,9331.99,1.39414,0.776849,9518951886
5751027,9331.99,1.37238,0.778461,9518951887
5751028,9331.99,1.33289,0.778461,9518951888
5751029,9331.99,1.39172,0.770402,9518951889
5751030,9331.99,1.43604,0.776849,9518951890
5751031,9332,1.44652,0.775238,9518951890
5751032,9332,1.26842,0.776043,9518951891
5751033,9332,1.39575,0.776849,9518951892
5751034,9332,1.39333,0.759926,9518951893
5751035,9332,1.28938,0.779267,9518951894
5751036,9332,1.39172,0.776849,9518951895
5751037,9332,1.37963,0.773626,9518951896
5751038,9332,1.30388,0.780879,9518968646
5751039,9332,1.32,0.792967,9518968651
5751040,9332,1.3748,0.777655,9518968657
5751041,9332,1.43282,0.778461,9518968658
5751042,9332.01,1.26923,0.777655,9518968659
5751043,9332.01,1.39253,0.792967,9518968660
5751044,9332.01,1.34256,0.78652,9518968660
5751045,9332.01,1.32806,0.780073,9518968661
5751046,9332.01,1.37641,0.776849,9518968662
5751047,9332.01,1.34982,0.783296,9518968663
5751048,9332.01,1.42476,0.783296,9518968664
5751049,9332.01,1.37157,0.776849,9518968665
5751050,9332.01,1.39253,0.785714,9518968666
5751051,9332.01,1.36916,0.783296,9518968683
5751052,9332.02,1.3337,0.777655,9518968684
5751053,9332.02,1.41993,0.773626,9518968685
5751054,9332.02,1.28938,0.785714,9518968688
5751055,9332.02,1.36674,0.773626,9518985363
5751056,9332.02,1.36835,0.778461,9518985369
5751057,9332.02,1.31919,0.778461,9518985371
5751058,9332.02,1.37238,0.779267,9518985372
5751059,9332.02,1.37802,0.788937,9518985373
5751060,9332.02,1.39253,0.778461,9518985374
5751061,9332.02,1.28938,0.778461,9518985379
5751062,9332.03,1.37157,0.776849,9518985380
5751063,9332.03,1.41832,0.776849,9518985381
5751064,9332.03,1.28132,0.776849,9518985381
5751065,9332.03,1.41832,0.785714,9518985382
5751066,9332.03,1.39414,0.776849,9518985383
5751067,9332.03,1.3474,0.788131,9518985384
5751068,9332.03,1.36835,0.770402,9518985384
5751069,9332.03,1.44894,0.776849,9518985385
5751070,9332.03,1.41832,0.779267,9518985386
5751071,9332.03,1.22168,0.780879,9519001956
5751072,9332.04,1.34579,0.778461,9519001961
5751073,9332.04,1.38286,0.777655,9519001962
5751074,9332.04,1.31516,0.773626,9519001963
5751075,9332.04,1.36916,0.779267,9519001964
5751076,9332.04,1.32645,0.774432,9519001964
5751077,9332.04,1.35546,0.778461,9519001965
5751078,9332.04,1.35546,0.776849,9519001966
5751079,9332.04,1.40059,0.776849,9519001967
5751080,9332.04,1.39333,0.777655,9519001968
5751081,9332.05,1.28938,0.776849,9519001969
5751082,9332.05,1.42315,0.77282,9519001970
5751083,9332.05,1.31678,0.778461,9519001970
5751084,9332.05,1.35787,0.776849,9519001971
5751085,9332.05,1.36916,0.785714,9519001972
5751086,9332.05,1.34579,0.778461,9519001973
5751087,9332.05,1.40462,0.778461,9519001974
5751088,9332.05,1.36674,0.783296,9519018566
5751089,9332.05,1.41993,0.778461,9519018570
5751090,9332.05,1.34337,0.777655,9519018571
5751091,9332.06,1.37963,0.778461,9519018572
5751092,9332.06,1.41832,0.778461,9519018573
5751093,9332.06,1.29824,0.788937,9519018574
5751094,9332.06,1.41187,0.780879,9519018575
5751095,9332.06,1.39414,0.780073,9519018575
5751096,9332.06,1.34337,0.776849,9519018576
5751097,9332.06,1.39736,0.79619,9519018577
5751098,9332.06,1.35868,0.776849,9519018578
5751099,9332.06,1.43121,0.779267,9519018579
5751100,9332.06,1.2652,0.777655,9519018580
5751101,9332.07,1.38769,0.783296,9519018580
5751102,9332.07,1.37802,0.775238,9519018581
5751103,9332.07,1.26842,0.777655,9519018582
5751104,9332.07,1.3474,0.776849,9519035350
5751105,9332.07,1.32806,0.777655,9519035356
5751106,9332.07,1.36996,0.776849,9519035358
5751107,9332.07,1.34659,0.776849,9519035359
5751108,9332.07,1.43121,0.778461,9519035359
5751109,9332.07,1.42073,0.778461,9519035360
5751110,9332.07,1.29582,0.780073,9519035361
5751111,9332.08,1.41993,0.785714,9519035362
5751112,9332.08,1.31516,0.764761,9519035363
5751113,9332.08,1.34095,0.778461,9519035364
5751114,9332.08,1.4296,0.777655,9519035365
5751115,9332.08,1.39253,0.763956,9519035365
5751116,9332.08,1.41026,0.776849,9519035366
5751117,9332.08,1.36674,0.778461,9519035367
5751118,9332.08,1.37802,0.778461,9519035368
5751119,9332.08,1.37238,0.777655,9519035369
5751120,9332.08,1.30308,0.776849,9519035369
5751121,9332.08,1.34417,0.778461,9519051904
5751122,9332.09,1.27648,0.783296,9519051909
5751123,9332.09,1.36835,0.783296,9519051911
5751124,9332.09,1.3611,0.77282,9519051912
5751125,9332.09,1.24183,0.776849,9519051913
5751126,9332.09,1.36674,0.776849,9519051914
5751127,9332.09,1.41832,0.783296,9519051914
5751128,9332.09,1.4304,0.776043,9519051915
5751129,9332.09,1.32161,0.776043,9519051916
5751130,9332.09,1.39172,0.778461,9519051917
5751131,9332.09,1.41832,0.776849,9519051918
5751132,9332.1,1.31516,0.777655,9519051918
5751133,9332.1,1.43282,0.778461,9519051919
5751134,9332.1,1.39253,0.773626,9519051920
5751135,9332.1,1.34095,0.778461,9519051921
5751136,9332.1,1.35546,0.776849,9519051922
5751137,9332.1,1.39253,0.777655,9519051923
5751138,9332.1,1.39253,0.778461,9519068538
5751139,9332.1,1.27004,0.788131,9519068543
5751140,9332.1,1.39656,0.776849,9519068544
5751141,9332.1,1.39495,0.776849,9519068545
5751142,9332.11,1.32403,0.778461,9519068546
5751143,9332.11,1.39253,0.777655,9519068546
5751144,9332.11,1.37963,0.777655,9519068547
5751145,9332.11,1.42718,0.777655,9519068548
5751146,9332.11,1.39092,0.788131,9519068549
5751147,9332.11,1.41832,0.788937,9519068550
5751148,9332.11,1.40059,0.776849,9519068551
5751149,9332.11,1.29179,0.776849,9519068552
5751150,9332.11,1.43765,0.779267,9519068552
5751151,9332.11,1.36674,0.777655,9519068553
5751152,9332.12,1.3756,0.776849,9519068554
5751153,9332.12,1.39897,0.776849,9519068555
5751154,9332.12,1.31516,0.777655,9519085248
5751155,9332.12,1.39736,0.779267,9519085254
5751156,9332.12,1.39253,0.79619,9519085255
5751157,9332.12,1.38286,0.778461,9519085256
5751158,9332.12,1.32,0.777655,9519085257
5751159,9332.12,1.30147,0.778461,9519085258
5751160,9332.12,1.39253,0.776849,9519085259
5751161,9332.12,1.26842,0.777655,9519085260
5751162,9332.13,1.38447,0.777655,9519085261
5751163,9332.13,1.37963,0.783296,9519085261
5751164,9332.13,1.31678,0.776849,9519085262
5751165,9332.13,1.37802,0.778461,9519085263
5751166,9332.13,1.40381,0.780879,9519085264
5751167,9332.13,1.42315,0.776849,9519085265
5751168,9332.13,1.28454,0.767179,9519085266
5751169,9332.13,1.39414,0.776849,9519085267
5751170,9332.13,1.39736,0.784102,9519085267
5751171,9332.14,1.24747,0.779267,9519102401
5751172,9332.14,1.37238,0.776849,9519102410
5751173,9332.14,1.36835,0.780073,9519102411
5751174,9332.14,1.37319,0.777655,9519102412
5751175,9332.14,1.35385,0.78652,9519102413
5751176,9332.14,1.3619,0.778461,9519102414
5751177,9332.14,1.36674,0.776849,9519102414
5751178,9332.14,1.22491,0.776849,9519102415
5751179,9332.14,1.35868,0.777655,9519102416
5751180,9332.14,1.34256,0.777655,9519102417
5751181,9332.15,1.34256,0.775238,9519102417
5751182,9332.15,1.4022,0.780879,9519102418
5751183,9332.15,1.38447,0.780879,9519102419
5751184,9332.15,1.40703,0.777655,9519102420
5751185,9332.15,1.38286,0.776849,9519102421
5751186,9332.15,1.34901,0.776849,9519102422
5751187,9332.15,1.36835,0.777655,9519102423
5751188,9332.15,1.26842,0.777655,9519118911
5751189,9332.15,1.43282,0.780879,9519118922
5751190,9332.15,1.34579,0.777655,9519118925
5751191,9332.16,1.4296,0.785714,9519118926
5751192,9332.16,1.40059,0.776849,9519118927
5751193,9332.16,1.31516,0.780879,9519118928
5751194,9332.16,1.34417,0.785714,9519118930
5751195,9332.16,1.40381,0.764761,9519118931
5751196,9332.16,1.43121,0.776849,9519118932
5751197,9332.16,1.31516,0.776043,9519118933
5751198,9332.16,1.403,0.775238,9519118934
5751199,9332.16,1.42637,0.774432,9519118935
5751200,9332.16,1.31516,0.792967,9519118936
5751201,9332.17,1.40059,0.785714,9519118938
5751202,9332.17,1.40542,0.776849,9519118939
5751203,9332.17,1.34256,0.778461,9519118940
5751204,9332.17,1.34256,0.777655,9519118941
5751205,9332.17,1.32,0.773626,9519135699
5751206,9332.17,1.39253,0.792161,9519135705
5751207,9332.17,1.28938,0.776849,9519135707
5751208,9332.17,1.3748,0.776849,9519135708
5751209,9332.17,1.39736,0.777655,9519135709
5751210,9332.17,1.28938,0.776849,9519135709
5751211,9332.17,1.40381,0.775238,9519135710
5751212,9332.18,1.39736,0.778461,9519135711
5751213,9332.18,1.39414,0.773626,9519135712
5751214,9332.18,1.36755,0.78652,9519135713
5751215,9332.18,1.38447,0.78652,9519135714
5751216,9332.18,1.40059,0.783296,9519135715
5751217,9332.18,1.28938,0.780879,9519135715
5751218,9332.18,1.41993,0.777655,9519135716
5751219,9332.18,1.33289,0.778461,9519135717
5751220,9332.18,1.36674,0.777655,9519135718
5751221,9332.18,1.33612,0.778461,9519135718
5751222,9332.19,1.2926,0.773626,9519152227
5751223,9332.19,1.41832,0.777655,9519152233
5751224,9332.19,1.38125,0.778461,9519152234
5751225,9332.19,1.34982,0.780073,9519152235
5751226,9332.19,1.31678,0.785714,9519152236
5751227,9332.19,1.34337,0.777655,9519152237
5751228,9332.19,1.39817,0.780879,9519152238
5751229,9332.19,1.32967,0.759926,9519152239
5751230,9332.19,1.42154,0.779267,9519152240
5751231,9332.19,1.41993,0.776849,9519152241
5751232,9332.2,1.31516,0.787326,9519152241
5751233,9332.2,1.39253,0.776849,9519152242
5751234,9332.2,1.38447,0.776849,9519152243
5751235,9332.2,1.41832,0.785714,9519152244
5751236,9332.2,1.26681,0.780879,9519152245
5751237,9332.2,1.36674,0.777655,9519152245
5751238,9332.2,1.31839,0.773626,9519168710
5751239,9332.2,1.29663,0.776849,9519168741
5751240,9332.2,1.38447,0.776849,9519168742
5751241,9332.2,1.3474,0.777655,9519168743
5751242,9332.21,1.34095,0.776849,9519168744
5751243,9332.21,1.34337,0.776849,9519168745
5751244,9332.21,1.39736,0.777655,9519168745
5751245,9332.21,1.40542,0.776849,9519168746
5751246,9332.21,1.25069,0.778461,9519168747
5751247,9332.21,1.39253,0.778461,9519168748
5751248,9332.21,1.35304,0.784102,9519168749
5751249,9332.21,1.35385,0.785714,9519168750
5751250,9332.21,1.42476,0.776849,9519168751
5751251,9332.22,1.39414,0.775238,9519168752
5751252,9332.22,1.42637,0.776849,9519168753
5751253,9332.22,1.36916,0.780879,9519168753
5751254,9332.22,1.35868,0.788131,9519168754
5751255,9332.22,1.3474,0.780879,9519185352
5751256,9332.22,1.31516,0.788937,9519185357
5751257,9332.22,1.41026,0.779267,9519185358
5751258,9332.22,1.29985,0.778461,9519185359
5751259,9332.22,1.39817,0.778461,9519185360
5751260,9332.22,1.37157,0.777655,9519185361
5751261,9332.23,1.30066,0.776849,9519185362
5751262,9332.23,1.40059,0.767179,9519185363
5751263,9332.23,1.37157,0.780879,9519185363
5751264,9332.23,1.39253,0.777655,9519185364
5751265,9332.23,1.29824,0.791355,9519185365
5751266,9332.23,1.39253,0.78652,9519185366
5751267,9332.23,1.42073,0.777655,9519185367
5751268,9332.23,1.32,0.778461,9519185367
5751269,9332.23,1.39736,0.776849,9519185368
5751270,9332.23,1.41187,0.778461,9519185369
5751271,9332.24,1.30711,0.780073,9519202195
5751272,9332.24,1.36835,0.777655,9519202204
5751273,9332.24,1.39253,0.776043,9519202206
5751274,9332.24,1.41993,0.777655,9519202207
5751275,9332.24,1.27648,0.776849,9519202209
5751276,9332.24,1.3474,0.778461,9519202210
5751277,9332.24,1.39253,0.767179,9519202211
5751278,9332.24,1.31516,0.778461,9519202212
5751279,9332.24,1.41832,0.776849,9519202213
5751280,9332.24,1.39736,0.776849,9519202214
5751281,9332.25,1.36835,0.79619,9519202215
5751282,9332.25,1.35223,0.780879,9519202217
5751283,9332.25,1.39897,0.778461,9519202218
5751284,9332.25,1.39253,0.776849,9519202219
5751285,9332.25,1.28938,0.777655,9519202220
5751286,9332.25,1.43121,0.776849,9519202221
5751287,9332.25,1.34095,0.784908,9519202222
5751288,9332.25,1.3208,0.776849,9519218786
5751289,9332.25,1.40059,0.780073,9519218795
5751290,9332.25,1.35868,0.777655,9519218797
5751291,9332.25,1.41993,0.780879,9519218799
5751292,9332.26,1.38608,0.778461,9519218800
5751293,9332.26,1.36835,0.778461,9519218802
5751294,9332.26,1.32967,0.776849,9519218803
5751295,9332.26,1.3619,0.773626,9519218804
5751296,9332.26,1.42557,0.783296,9519218805
5751297,9332.26,1.29099,0.778461,9519218806
5751298,9332.26,1.39978,0.780879,9519218808
5751299,9332.26,1.40542,0.774432,9519218809
5751300,9332.26,1.29744,0.777655,9519218810
5751301,9332.26,1.37157,0.775238,9519218811
5751302,9332.27,1.39736,0.773626,9519218812
5751303,9332.27,1.43765,0.777655,9519218813
5751304,9332.27,1.26842,0.778461,9519218814
5751305,9332.27,1.31597,0.77282,9519235465
5751306,9332.27,1.38125,0.777655,9519235474
5751307,9332.27,1.30066,0.773626,9519235477
5751308,9332.27,1.42073,0.778461,9519235478
5751309,9332.27,1.37641,0.776849,9519235479
5751310,9332.27,1.35868,0.776849,9519235481
5751311,9332.27,1.39253,0.776849,9519235482
5751312,9332.28,1.41993,0.785714,9519235483
5751313,9332.28,1.36674,0.780073,9519235484
5751314,9332.28,1.26359,0.776849,9519235486
5751315,9332.28,1.403,0.776849,9519235487
5751316,9332.28,1.34256,0.773626,9519235488
5751317,9332.28,1.32967,0.780879,9519235489
5751318,9332.28,1.39414,0.776849,9519235490
5751319,9332.28,1.38608,0.78652,9519235491
5751320,9332.28,1.4022,0.776849,9519235492
5751321,9332.28,1.34982,0.778461,9519252112
5751322,9332.29,1.34901,0.776849,9519252121
5751323,9332.29,1.36835,0.776849,9519252124
5751324,9332.29,1.2926,0.778461,9519252125
5751325,9332.29,1.35143,0.791355,9519252126
5751326,9332.29,1.24908,0.776849,9519252128
5751327,9332.29,1.39575,0.785714,9519252129
5751328,9332.29,1.4296,0.780879,9519252130
5751329,9332.29,1.34982,0.777655,9519252131
5751330,9332.29,1.44007,0.780073,9519252132
5751331,9332.3,1.42637,0.79619,9519252134
5751332,9332.3,1.40703,0.777655,9519252279
5751333,9332.3,1.32161,0.785714,9519252281
5751334,9332.3,1.37399,0.778461,9519252282
5751335,9332.3,1.39736,0.783296,9519252283
5751336,9332.3,1.30147,0.788131,9519252284
5751337,9332.3,1.40462,0.778461,9519252285
5751338,9332.3,1.32322,0.785714,9519268828
5751339,9332.3,1.3474,0.763956,9519268840
5751340,9332.3,1.34095,0.780879,9519268842
5751341,9332.31,1.36593,0.778461,9519268844
5751342,9332.31,1.37802,0.778461,9519268845
5751343,9332.31,1.21363,0.776849,9519268846
5751344,9332.31,1.37157,0.777655,9519268847
5751345,9332.31,1.36674,0.784102,9519268848
5751346,9332.31,1.30066,0.776849,9519268849
5751347,9332.31,1.39253,0.780073,9519268850
5751348,9332.31,1.41832,0.778461,9519268852
5751349,9332.31,1.39495,0.776849,9519268853
5751350,9332.31,1.36996,0.780879,9519268854
5751351,9332.32,1.37802,0.78652,9519268855
5751352,9332.32,1.38447,0.778461,9519268856
5751353,9332.32,1.24989,0.780879,9519268857
5751354,9332.32,1.41832,0.759926,9519268859
5751355,9332.32,1.2781,0.763956,9519285573
5751356,9332.32,1.35062,0.776849,9519285582
5751357,9332.32,1.39253,0.790549,9519285584
5751358,9332.32,1.3345,0.777655,9519285586
5751359,9332.32,1.41106,0.780879,9519285587
5751360,9332.32,1.36835,0.773626,9519285588
5751361,9332.33,1.39253,0.780879,9519285589
5751362,9332.33,1.32,0.777655,9519285590
5751363,9332.33,1.32645,0.776849,9519285592
5751364,9332.33,1.39817,0.78652,9519285593
5751365,9332.33,1.29179,0.777655,9519285594
5751366,9332.33,1.39575,0.777655,9519285595
5751367,9332.33,1.42154,0.776849,9519285596
5751368,9332.33,1.32403,0.776849,9519285597
5751369,9332.33,1.37963,0.776849,9519285598
5751370,9332.33,1.40542,0.770402,9519285600
5751371,9332.33,1.41026,0.776849,9519302245
5751372,9332.34,1.26359,0.777655,9519302254
5751373,9332.34,1.36755,0.776849,9519302256
5751374,9332.34,1.41832,0.776849,9519302257
5751375,9332.34,1.27165,0.763956,9519302258
5751376,9332.34,1.37399,0.776849,9519302259
5751377,9332.34,1.36674,0.776849,9519302261
5751378,9332.34,1.36593,0.776849,9519302262
5751379,9332.34,1.36835,0.79619,9519302263
5751380,9332.34,1.4296,0.767179,9519302264
5751381,9332.34,1.39253,0.777655,9519302265
5751382,9332.35,1.2652,0.780879,9519302266
5751383,9332.35,1.40542,0.767179,9519302267
5751384,9332.35,1.36835,0.777655,9519302268
5751385,9332.35,1.3474,0.792967,9519302269
5751386,9332.35,1.41993,0.778461,9519302271
5751387,9332.35,1.35868,0.777655,9519302272
5751388,9332.35,1.36835,0.777655,9519318898
5751389,9332.35,1.37157,0.776849,9519318909
5751390,9332.35,1.40462,0.788937,9519318912
5751391,9332.35,1.39414,0.778461,9519318913
5751392,9332.36,1.29421,0.759926,9519318914
5751393,9332.36,1.40059,0.784908,9519318915
5751394,9332.36,1.29985,0.778461,9519318916
5751395,9332.36,1.39253,0.777655,9519318917
5751396,9332.36,1.37157,0.777655,9519318919
5751397,9332.36,1.29421,0.777655,9519318920
5751398,9332.36,1.39575,0.773626,9519318921
5751399,9332.36,1.38125,0.778461,9519318922
5751400,9332.36,1.37238,0.763956,9519318923
5751401,9332.36,1.29502,0.77282,9519318925
5751402,9332.37,1.34901,0.778461,9519318926
5751403,9332.37,1.35223,0.777655,9519318927
5751404,9332.37,1.26359,0.785714,9519318929
5751405,9332.37,1.31678,0.776849,9519335591
5751406,9332.37,1.39253,0.776849,9519335600
5751407,9332.37,1.30388,0.775238,9519335603
5751408,9332.37,1.34256,0.776849,9519335604
5751409,9332.37,1.39817,0.779267,9519335605
5751410,9332.37,1.42476,0.792967,9519335607
5751411,9332.38,1.28938,0.779267,9519335608
5751412,9332.38,1.39253,0.778461,9519335609
5751413,9332.38,1.36674,0.778461,9519335610
5751414,9332.38,1.29099,0.784102,9519335611
5751415,9332.38,1.41832,0.778461,9519335613
5751416,9332.38,1.37157,0.777655,9519335614
5751417,9332.38,1.39253,0.788131,9519335615
5751418,9332.38,1.37157,0.777655,9519335617
5751419,9332.38,1.41832,0.778461,9519335618
5751420,9332.38,1.37319,0.784908,9519335619
5751421,9332.39,1.22974,0.765567,9519353147
5751422,9332.39,1.35949,0.785714,9519353306
5751423,9332.39,1.34095,0.792967,9519353310
5751424,9332.39,1.36674,0.763956,9519353311
5751425,9332.39,1.35304,0.777655,9519353312
5751426,9332.39,1.34095,0.777655,9519353335
5751427,9332.39,1.41993,0.764761,9519353335
5751428,9332.39,1.40059,0.776849,9519353336
5751429,9332.39,1.41832,0.777655,9519353337
5751430,9332.39,1.36271,0.778461,9519353338
5751431,9332.4,1.36674,0.79619,9519353339
5751432,9332.4,1.44571,0.778461,9519353340
5751433,9332.4,1.31516,0.799413,9519353340
5751434,9332.4,1.4296,0.778461,9519353341
5751435,9332.4,1.39253,0.773626,9519353342
5751436,9332.4,1.32967,0.780879,9519353343
5751437,9332.4,1.37157,0.776849,9519353344
5751438,9332.4,1.39253,0.778461,9519353345
5751439,9332.4,1.35868,0.776849,9519369890
5751440,9332.4,1.28938,0.778461,9519369899
5751441,9332.41,1.34982,0.776849,9519369901
5751442,9332.41,1.36674,0.776043,9519369903
5751443,9332.41,1.25231,0.776849,9519369904
5751444,9332.41,1.38205,0.777655,9519369905
5751445,9332.41,1.35868,0.778461,9519369906
5751446,9332.41,1.36835,0.777655,9519369908
5751447,9332.41,1.35949,0.778461,9519369909
5751448,9332.41,1.40381,0.778461,9519369910
5751449,9332.41,1.41187,0.777655,9519369911
5751450,9332.41,1.26359,0.776849,9519369913
5751451,9332.42,1.41832,0.778461,9519369914
5751452,9332.42,1.34256,0.777655,9519369915
5751453,9332.42,1.34417,0.780879,9519369916
5751454,9332.42,1.36674,0.784102,9519369917
5751455,9332.42,1.39253,0.777655,9519369919
5751456,9332.42,1.39253,0.776849,9519386540
5751457,9332.42,1.39253,0.784102,9519386549
5751458,9332.42,1.40139,0.778461,9519386552
5751459,9332.42,1.37802,0.778461,9519386554
5751460,9332.42,1.29099,0.778461,9519386555
5751461,9332.42,1.40703,0.777655,9519386556
5751462,9332.43,1.32242,0.779267,9519386558
5751463,9332.43,1.35546,0.779267,9519386559
5751464,9332.43,1.39414,0.778461,9519386560
5751465,9332.43,1.30388,0.784102,9519386561
5751466,9332.43,1.39414,0.788937,9519386562
5751467,9332.43,1.41832,0.773626,9519386564
5751468,9332.43,1.42315,0.765567,9519386565
5751469,9332.43,1.32161,0.776849,9519386566
5751470,9332.43,1.36996,0.776849,9519386567
5751471,9332.43,1.39172,0.777655,9519386568
5751472,9332.44,1.27084,0.776849,9519403222
5751473,9332.44,1.34256,0.777655,9519403231
5751474,9332.44,1.39414,0.777655,9519403233
5751475,9332.44,1.34095,0.78652,9519403235
5751476,9332.44,1.34256,0.778461,9519403236
5751477,9332.44,1.42315,0.776849,9519403237
5751478,9332.44,1.41993,0.775238,9519403238
5751479,9332.44,1.26601,0.776849,9519403240
5751480,9332.44,1.39897,0.780879,9519403241
5751481,9332.44,1.39333,0.784908,9519403242
5751482,9332.45,1.29824,0.777655,9519403243
5751483,9332.45,1.38125,0.777655,9519403245
5751484,9332.45,1.34095,0.775238,9519403246
5751485,9332.45,1.35868,0.776849,9519403247
5751486,9332.45,1.35707,0.778461,9519403248
5751487,9332.45,1.41912,0.777655,9519403249
5751488,9332.45,1.40059,0.777655,9519403250
5751489,9332.45,1.2241,0.772014,9519419954
5751490,9332.45,1.41993,0.776849,9519419963
5751491,9332.45,1.31678,0.778461,9519419965
5751492,9332.46,1.34256,0.778461,9519419967
5751493,9332.46,1.36755,0.776849,9519419968
5751494,9332.46,1.35304,0.78652,9519419969
5751495,9332.46,1.41832,0.789743,9519419970
5751496,9332.46,1.39736,0.776849,9519419971
5751497,9332.46,1.42154,0.777655,9519419972
5751498,9332.46,1.31033,0.792967,9519419974
5751499,9332.46,1.32725,0.777655,9519419975
5751500,9332.46,1.39414,0.777655,9519419976
5751501,9332.47,1.23135,0.763956,9519419977
5751502,9332.47,1.3756,0.778461,9519419978
5751503,9332.47,1.39897,0.776849,9519419980
5751504,9332.47,1.28938,0.776849,9519419981
5751505,9332.47,1.37963,0.780879,9519419982
5751506,9332.47,1.34256,0.777655,9519436716
5751507,9332.47,1.40784,0.784102,9519436723
5751508,9332.47,1.29099,0.785714,9519436724
5751509,9332.47,1.37963,0.780879,9519436725
5751510,9332.47,1.42154,0.778461,9519436726
5751511,9332.48,1.2378,0.777655,9519436727
5751512,9332.48,1.35626,0.792967,9519436728
5751513,9332.48,1.34095,0.789743,9519436729
5751514,9332.48,1.32,0.792967,9519436730
5751515,9332.48,1.36674,0.783296,9519436730
5751516,9332.48,1.39253,0.784102,9519436731
5751517,9332.48,1.40381,0.775238,9519436732
5751518,9332.48,1.2652,0.785714,9519436733
5751519,9332.48,1.39817,0.779267,9519436734
5751520,9332.48,1.36835,0.767179,9519436734
5751521,9332.49,1.32,0.783296,9519436735
5751522,9332.49,1.3482,0.777655,9519436736
5751523,9332.49,1.34256,0.777655,9519453131
5751524,9332.49,1.39414,0.777655,9519453136
5751525,9332.49,1.32,0.785714,9519453137
5751526,9332.49,1.39253,0.773626,9519453138
5751527,9332.49,1.36029,0.788937,9519453139
5751528,9332.49,1.31839,0.777655,9519453140
5751529,9332.49,1.45297,0.778461,9519453140
5751530,9332.49,1.32645,0.776849,9519453141
5751531,9332.5,1.4296,0.780879,9519453142
5751532,9332.5,1.40059,0.778461,9519453143
5751533,9332.5,1.32,0.780879,9519453144
5751534,9332.5,1.42154,0.777655,9519453144
5751535,9332.5,1.39817,0.777655,9519453145
5751536,9332.5,1.41832,0.780879,9519453146
5751537,9332.5,1.31516,0.778461,9519453147
5751538,9332.5,1.38205,0.776849,9519453148
5751539,9332.5,1.34095,0.773626,9519469799
5751540,9332.5,1.2652,0.780879,9519469803
5751541,9332.5,1.39253,0.776849,9519469803
5751542,9332.51,1.37157,0.759926,9519469804
5751543,9332.51,1.30469,0.792967,9519469805
5751544,9332.51,1.32806,0.785714,9519469806
5751545,9332.51,1.39575,0.779267,9519469807
5751546,9332.51,1.41832,0.770402,9519469808
5751547,9332.51,1.2652,0.778461,9519469809
5751548,9332.51,1.37157,0.777655,9519469810
5751549,9332.51,1.39253,0.775238,9519469811
5751550,9332.51,1.32725,0.778461,9519469811
5751551,9332.51,1.39253,0.776849,9519469812
5751552,9332.52,1.36755,0.773626,9519469813
5751553,9332.52,1.39495,0.765567,9519469814
5751554,9332.52,1.36996,0.776043,9519469814
5751555,9332.52,1.41832,0.778461,9519469815
5751556,9332.52,1.37077,0.777655,9519486439
5751557,9332.52,1.28938,0.785714,9519486445
5751558,9332.52,1.4296,0.777655,9519486446
5751559,9332.52,1.34579,0.759926,9519486447
5751560,9332.52,1.37157,0.777655,9519486448
5751561,9332.52,1.37319,0.777655,9519486449
5751562,9332.53,1.34095,0.776849,9519486450
5751563,9332.53,1.40703,0.783296,9519486451
5751564,9332.53,1.37319,0.780073,9519486452
5751565,9332.53,1.35385,0.776849,9519486453
5751566,9332.53,1.32967,0.778461,9519486454
5751567,9332.53,1.34095,0.777655,9519486454
5751568,9332.53,1.40462,0.778461,9519486455
5751569,9332.53,1.32806,0.788937,9519486456
5751570,9332.53,1.42396,0.776849,9519486457
5751571,9332.53,1.43282,0.777655,9519486458
5751572,9332.54,1.29179,0.777655,9519503110
5751573,9332.54,1.37802,0.776849,9519503115
5751574,9332.54,1.39414,0.778461,9519503116
5751575,9332.54,1.39414,0.767179,9519503117
5751576,9332.54,1.26359,0.780879,9519503117
5751577,9332.54,1.38125,0.776849,9519503118
5751578,9332.54,1.36835,0.767179,9519503119
5751579,9332.54,1.28938,0.78249,9519503120
5751580,9332.54,1.39736,0.777655,9519503121
5751581,9332.55,1.36835,0.777655,9519503122
5751582,9332.55,1.35546,0.783296,9519503122
5751583,9332.55,1.34256,0.776849,9519503123
5751584,9332.55,1.40623,0.777655,9519503124
5751585,9332.55,1.41832,0.785714,9519503125
5751586,9332.55,1.2652,0.776849,9519503126
5751587,9332.55,1.39253,0.778461,9519503127
5751588,9332.55,1.35868,0.780879,9519503127
5751589,9332.55,1.2652,0.778461,9519519781
5751590,9332.55,1.39253,0.776849,9519519791
5751591,9332.56,1.36755,0.791355,9519519793
5751592,9332.56,1.39495,0.776849,9519519794
5751593,9332.56,1.34095,0.794578,9519519796
5751594,9332.56,1.36029,0.777655,9519519797
5751595,9332.56,1.39333,0.778461,9519519798
5751596,9332.56,1.29502,0.773626,9519519799
5751597,9332.56,1.42476,0.777655,9519519800
5751598,9332.56,1.30388,0.784908,9519519801
5751599,9332.56,1.35868,0.777655,9519519802
5751600,9332.56,1.39253,0.776849,9519519803
5751601,9332.57,1.29744,0.776849,9519519805
5751602,9332.57,1.3756,0.783296,9519519806
5751603,9332.57,1.37319,0.777655,9519519807
5751604,9332.57,1.36674,0.764761,9519519808
5751605,9332.57,1.29179,0.773626,9519519809
5751606,9332.57,1.28938,0.772014,9519536522
5751607,9332.57,1.38447,0.776849,9519536532
5751608,9332.57,1.30066,0.773626,9519536534
5751609,9332.57,1.4304,0.777655,9519536536
5751610,9332.57,1.39414,0.776849,9519536537
5751611,9332.58,1.36674,0.785714,9519536538
5751612,9332.58,1.3748,0.785714,9519536539
5751613,9332.58,1.41993,0.777655,9519536565
5751614,9332.58,1.41832,0.783296,9519536567
5751615,9332.58,1.24747,0.780879,9519536568
5751616,9332.58,1.36674,0.776849,9519536570
5751617,9332.58,1.36835,0.780073,9519536571
5751618,9332.58,1.29018,0.778461,9519536572
5751619,9332.58,1.42798,0.777655,9519536574
5751620,9332.58,1.36835,0.78249,9519536575
5751621,9332.58,1.34579,0.767179,9519536576
5751622,9332.59,1.29824,0.780073,9519553161
5751623,9332.59,1.35868,0.776849,9519553171
5751624,9332.59,1.39253,0.783296,9519553173
5751625,9332.59,1.2378,0.776849,9519553174
5751626,9332.59,1.39253,0.779267,9519553176
5751627,9332.59,1.34337,0.780073,9519553177
5751628,9332.59,1.36674,0.774432,9519553178
5751629,9332.59,1.41832,0.775238,9519553180
5751630,9332.59,1.37399,0.776849,9519553181
5751631,9332.59,1.43121,0.777655,9519553182
5751632,9332.6,1.36674,0.77282,9519553183
5751633,9332.6,1.39978,0.780073,9519553185
5751634,9332.6,1.33612,0.780073,9519553186
5751635,9332.6,1.31516,0.785714,9519553187
5751636,9332.6,1.40703,0.777655,9519553188
5751637,9332.6,1.31597,0.778461,9519553189
5751638,9332.6,1.39736,0.779267,9519553191
5751639,9332.6,1.35062,0.776849,9519569863
5751640,9332.6,1.32161,0.777655,9519569871
5751641,9332.6,1.36593,0.776849,9519569873
5751642,9332.61,1.37238,0.776849,9519569875
5751643,9332.61,1.39253,0.777655,9519569876
5751644,9332.61,1.23619,0.777655,9519569877
5751645,9332.61,1.37722,0.785714,9519569878
5751646,9332.61,1.37802,0.773626,9519569879
5751647,9332.61,1.29421,0.776849,9519569881
5751648,9332.61,1.41993,0.79619,9519569882
5751649,9332.61,1.41832,0.785714,9519569883
5751650,9332.61,1.37963,0.78652,9519569884
5751651,9332.61,1.35062,0.776849,9519569886
5751652,9332.62,1.43201,0.779267,9519569887
5751653,9332.62,1.40139,0.78249,9519569888
5751654,9332.62,1.2652,0.78652,9519569889
5751655,9332.62,1.38125,0.788937,9519569890
5751656,9332.62,1.29099,0.776849,9519586668
5751657,9332.62,1.31516,0.779267,9519586677
5751658,9332.62,1.38125,0.776849,9519586680
5751659,9332.62,1.36674,0.778461,9519586681
5751660,9332.62,1.39817,0.776849,9519586682
5751661,9332.62,1.35546,0.779267,9519586683
5751662,9332.63,1.35223,0.777655,9519586685
5751663,9332.63,1.36996,0.776849,9519586686
5751664,9332.63,1.30872,0.777655,9519586687
5751665,9332.63,1.41993,0.776849,9519586688
5751666,9332.63,1.32806,0.759926,9519586689
5751667,9332.63,1.39414,0.777655,9519586690
5751668,9332.63,1.39414,0.778461,9519586691
5751669,9332.63,1.34337,0.759926,9519586692
5751670,9332.63,1.41832,0.779267,9519586694
5751671,9332.64,1.39253,0.777655,9519586695
5751672,9332.64,1.36916,0.777655,9519586699
5751673,9332.64,1.26923,0.776849,9519603350
5751674,9332.64,1.3748,0.780879,9519603359
5751675,9332.64,1.39656,0.776849,9519603361
5751676,9332.64,1.27648,0.776043,9519603363
5751677,9332.64,1.35304,0.777655,9519603364
5751678,9332.64,1.39414,0.779267,9519603365
5751679,9332.64,1.34256,0.777655,9519603366
5751680,9332.64,1.38125,0.778461,9519603368
5751681,9332.65,1.39253,0.78652,9519603369
5751682,9332.65,1.40462,0.773626,9519603370
5751683,9332.65,1.26923,0.776043,9519603371
5751684,9332.65,1.39253,0.777655,9519603373
5751685,9332.65,1.37883,0.78652,9519603374
5751686,9332.65,1.29744,0.778461,9519603375
5751687,9332.65,1.37157,0.780879,9519603376
5751688,9332.65,1.39253,0.778461,9519603377
5751689,9332.65,1.30147,0.781684,9519620134
5751690,9332.65,1.34095,0.785714,9519620216
5751691,9332.66,1.41993,0.780073,9519620217
5751692,9332.66,1.38125,0.783296,9519620218
5751693,9332.66,1.26359,0.781684,9519620219
5751694,9332.66,1.42315,0.780879,9519620220
5751695,9332.66,1.37157,0.785714,9519620221
5751696,9332.66,1.37077,0.792967,9519620222
5751697,9332.66,1.40864,0.780073,9519620222
5751698,9332.66,1.36674,0.783296,9519620223
5751699,9332.66,1.43121,0.779267,9519620224
5751700,9332.66,1.3756,0.780073,9519620225
5751701,9332.67,1.39978,0.780073,9519620226
5751702,9332.67,1.34095,0.776849,9519620226
5751703,9332.67,1.34417,0.776849,9519620227
5751704,9332.67,1.40703,0.778461,9519620228
5751705,9332.67,1.29018,0.776849,9519620229
5751706,9332.67,1.31758,0.780073,9519636652
5751707,9332.67,1.38447,0.792967,9519636661
5751708,9332.67,1.32725,0.779267,9519636663
5751709,9332.67,1.41832,0.777655,9519636664
5751710,9332.67,1.39736,0.780879,9519636665
5751711,9332.67,1.39333,0.784908,9519636666
5751712,9332.68,1.29099,0.776849,9519636668
5751713,9332.68,1.3756,0.784102,9519636669
5751714,9332.68,1.3748,0.778461,9519636670
5751715,9332.68,1.29018,0.777655,9519636671
5751716,9332.68,1.38205,0.777655,9519636672
5751717,9332.68,1.38447,0.780879,9519636674
5751718,9332.68,1.34095,0.773626,9519636675
5751719,9332.68,1.34498,0.778461,9519636676
5751720,9332.68,1.42073,0.778461,9519636677
5751721,9332.68,1.39575,0.776849,9519636678
5751722,9332.69,1.26037,0.776043,9519653307
5751723,9332.69,1.34095,0.776849,9519653314
5751724,9332.69,1.34095,0.77282,9519653315
5751725,9332.69,1.29421,0.777655,9519653316
5751726,9332.69,1.41026,0.776849,9519653317
5751727,9332.69,1.30711,0.776849,9519653318
5751728,9332.69,1.37157,0.780879,9519653319
5751729,9332.69,1.3345,0.776849,9519653320
5751730,9332.69,1.37963,0.777655,9519653321
5751731,9332.69,1.3756,0.777655,9519653321
5751732,9332.7,1.27165,0.788131,9519653322
5751733,9332.7,1.43604,0.776849,9519653323
5751734,9332.7,1.31516,0.780879,9519653324
5751735,9332.7,1.39736,0.778461,9519653325
5751736,9332.7,1.41026,0.776849,9519653326
5751737,9332.7,1.32161,0.776849,9519653327
5751738,9332.7,1.40059,0.775238,9519653327
5751739,9332.7,1.34176,0.777655,9519670003
5751740,9332.7,1.36755,0.777655,9519670008
5751741,9332.7,1.28454,0.776849,9519670009
5751742,9332.71,1.32483,0.792967,9519670010
5751743,9332.71,1.36674,0.776849,9519670010
5751744,9332.71,1.2652,0.776849,9519670011
5751745,9332.71,1.39575,0.775238,9519670012
5751746,9332.71,1.39414,0.776849,9519670013
5751747,9332.71,1.34095,0.777655,9519670014
5751748,9332.71,1.39253,0.776849,9519670014
5751749,9332.71,1.39736,0.779267,9519670015
5751750,9332.71,1.41912,0.773626,9519670016
5751751,9332.72,1.2652,0.776849,9519670017
5751752,9332.72,1.37722,0.777655,9519670017
5751753,9332.72,1.37883,0.785714,9519670018
5751754,9332.72,1.29663,0.785714,9519670019
5751755,9332.72,1.37883,0.783296,9519670020
5751756,9332.72,1.31516,0.773626,9519686651
5751757,9332.72,1.35707,0.791355,9519686655
5751758,9332.72,1.35546,0.763956,9519686656
5751759,9332.72,1.3748,0.775238,9519686657
5751760,9332.72,1.39897,0.776849,9519686658
5751761,9332.73,1.26923,0.785714,9519686659
5751762,9332.73,1.41026,0.783296,9519686660
5751763,9332.73,1.34095,0.778461,9519686660
5751764,9332.73,1.35304,0.78249,9519686661
5751765,9332.73,1.38044,0.778461,9519686662
5751766,9332.73,1.36674,0.776849,9519686663
5751767,9332.73,1.40864,0.784102,9519686664
5751768,9332.73,1.39414,0.778461,9519686664
5751769,9332.73,1.38447,0.776043,9519686665
5751770,9332.73,1.34337,0.773626,9519686666
5751771,9332.74,1.31516,0.778461,9519686667
5751772,9332.74,1.3748,0.777655,9519703273
5751773,9332.74,1.28938,0.776849,9519703278
5751774,9332.74,1.39253,0.776849,9519703279
5751775,9332.74,1.39253,0.776849,9519703280
5751776,9332.74,1.32806,0.778461,9519703281
5751777,9332.74,1.35546,0.763956,9519703282
5751778,9332.74,1.39575,0.777655,9519703283
5751779,9332.74,1.40703,0.776849,9519703283
5751780,9332.74,1.28938,0.779267,9519703284
5751781,9332.75,1.36674,0.776849,9519703285
5751782,9332.75,1.39333,0.780879,9519703286
5751783,9332.75,1.26359,0.770402,9519703286
5751784,9332.75,1.36674,0.776849,9519703287
5751785,9332.75,1.35304,0.778461,9519703288
5751786,9332.75,1.36916,0.776849,9519703289
5751787,9332.75,1.34176,0.765567,9519703290
5751788,9332.75,1.41832,0.776849,9519703290
5751789,9332.75,1.34417,0.777655,9519719940
5751790,9332.75,1.28938,0.778461,9519719943
5751791,9332.75,1.41993,0.767179,9519719944
5751792,9332.76,1.36674,0.780073,9519719945
5751793,9332.76,1.29421,0.783296,9519719946
5751794,9332.76,1.37802,0.778461,9519719947
5751795,9332.76,1.36674,0.785714,9519719947
5751796,9332.76,1.40542,0.773626,9519719948
5751797,9332.76,1.36674,0.776849,9519719949
5751798,9332.76,1.39253,0.778461,9519719950
5751799,9332.76,1.3748,0.777655,9519719951
5751800,9332.76,1.28938,0.784102,9519719973
5751801,9332.76,1.4022,0.780073,9519719974
5751802,9332.77,1.31516,0.780073,9519719975
5751803,9332.77,1.3748,0.776043,9519719975
5751804,9332.77,1.37963,0.780073,9519719976
5751805,9332.77,1.34095,0.767179,9519719977
5751806,9332.77,1.31516,0.780073,9519736652
5751807,9332.77,1.35465,0.759926,9519736656
5751808,9332.77,1.40381,0.773626,9519736657
5751809,9332.77,1.34417,0.778461,9519736658
5751810,9332.77,1.34337,0.785714,9519736659
5751811,9332.77,1.43765,0.778461,9519736660
5751812,9332.78,1.31678,0.780073,9519736661
5751813,9332.78,1.41912,0.783296,9519736661
5751814,9332.78,1.37157,0.773626,9519736662
5751815,9332.78,1.3474,0.776849,9519736663
5751816,9332.78,1.35304,0.776849,9519736664
5751817,9332.78,1.39414,0.780073,9519736665
5751818,9332.78,1.42315,0.79619,9519736666
5751819,9332.78,1.27084,0.780073,9519736666
5751820,9332.78,1.34579,0.776043,9519736667
5751821,9332.78,1.37157,0.776849,9519736668
5751822,9332.79,1.24505,0.777655,9519753288
5751823,9332.79,1.34095,0.776849,9519753293
5751824,9332.79,1.35546,0.777655,9519753294
5751825,9332.79,1.35546,0.777655,9519753294
5751826,9332.79,1.34337,0.775238,9519753295
5751827,9332.79,1.40059,0.773626,9519753296
5751828,9332.79,1.37802,0.777655,9519753297
5751829,9332.79,1.31516,0.778461,9519753298
5751830,9332.79,1.42718,0.780073,9519753299
5751831,9332.8,1.32725,0.780073,9519753299
5751832,9332.8,1.36916,0.783296,9519753300
5751833,9332.8,1.37883,0.776849,9519753301
5751834,9332.8,1.36916,0.780073,9519753302
5751835,9332.8,1.43121,0.776849,9519753303
5751836,9332.8,1.36835,0.783296,9519753303
5751837,9332.8,1.38447,0.778461,9519753304
5751838,9332.8,1.34256,0.778461,9519753305
5751839,9332.8,1.24264,0.776849,9519769973
5751840,9332.8,1.38286,0.776849,9519769976
5751841,9332.81,1.28938,0.778461,9519769977
5751842,9332.81,1.3756,0.775238,9519769978
5751843,9332.81,1.34256,0.78249,9519769979
5751844,9332.81,1.30066,0.778461,9519769980
5751845,9332.81,1.36674,0.776849,9519769980
5751846,9332.81,1.39253,0.777655,9519769981
5751847,9332.81,1.40703,0.776849,9519769982
5751848,9332.81,1.26842,0.776849,9519769983
5751849,9332.81,1.38447,0.777655,9519769983
5751850,9332.81,1.42476,0.763956,9519769984
5751851,9332.82,1.2926,0.778461,9519769985
5751852,9332.82,1.39414,0.778461,9519769986
5751853,9332.82,1.40059,0.783296,9519769986
5751854,9332.82,1.34337,0.780073,9519769987
5751855,9332.82,1.32645,0.778461,9519769988
5751856,9332.82,1.35304,0.792967,9519786585
5751857,9332.82,1.38125,0.778461,9519786589
5751858,9332.82,1.24667,0.776849,9519786590
5751859,9332.82,1.3619,0.78652,9519786591
5751860,9332.82,1.34256,0.776849,9519786591
5751861,9332.83,1.31033,0.776849,9519786592
5751862,9332.83,1.39253,0.785714,9519786593
5751863,9332.83,1.37238,0.784102,9519786594
5751864,9332.83,1.3748,0.775238,9519786595
5751865,9332.83,1.29744,0.759926,9519786595
5751866,9332.83,1.31597,0.779267,9519786596
5751867,9332.83,1.39817,0.778461,9519786597
5751868,9332.83,1.30066,0.776849,9519786598
5751869,9332.83,1.44007,0.777655,9519786599
5751870,9332.83,1.35546,0.778461,9519786599
5751871,9332.83,1.40703,0.776849,9519786600
5751872,9332.84,1.3474,0.776849,9519803257
5751873,9332.84,1.30549,0.773626,9519803264
5751874,9332.84,1.39897,0.778461,9519803266
5751875,9332.84,1.41993,0.777655,9519803266
5751876,9332.84,1.39897,0.780879,9519803267
5751877,9332.84,1.27648,0.789743,9519803268
5751878,9332.84,1.31516,0.776849,9519803269
5751879,9332.84,1.39495,0.789743,9519803270
5751880,9332.84,1.31597,0.776849,9519803271
5751881,9332.84,1.37157,0.778461,9519803272
5751882,9332.85,1.39495,0.778461,9519803273
5751883,9332.85,1.31678,0.775238,9519803273
5751884,9332.85,1.36835,0.77282,9519803274
5751885,9332.85,1.3748,0.777655,9519803275
5751886,9332.85,1.44007,0.780879,9519803276
5751887,9332.85,1.2652,0.776849,9519803277
5751888,9332.85,1.38125,0.779267,9519803277
5751889,9332.85,1.34337,0.775238,9519819925
5751890,9332.85,1.29824,0.77282,9519819930
5751891,9332.85,1.39253,0.780073,9519819931
5751892,9332.86,1.36674,0.777655,9519819932
5751893,9332.86,1.32967,0.776849,9519819933
5751894,9332.86,1.37238,0.780073,9519819934
5751895,9332.86,1.38286,0.780073,9519819935
5751896,9332.86,1.39736,0.778461,9519819936
5751897,9332.86,1.26359,0.788937,9519819937
5751898,9332.86,1.39897,0.785714,9519819937
5751899,9332.86,1.32322,0.773626,9519819938
5751900,9332.86,1.32322,0.778461,9519819939
5751901,9332.86,1.39414,0.759926,9519819940
5751902,9332.87,1.32725,0.777655,9519819941
5751903,9332.87,1.39092,0.777655,9519819941
5751904,9332.87,1.3748,0.776849,9519819942
5751905,9332.87,1.31678,0.777655,9519819943
5751906,9332.87,1.26923,0.776849,9519836532
5751907,9332.87,1.29502,0.778461,9519836537
5751908,9332.87,1.41026,0.777655,9519836538
5751909,9332.87,1.29341,0.778461,9519836539
5751910,9332.87,1.403,0.773626,9519836540
5751911,9332.88,1.39736,0.775238,9519836541
5751912,9332.88,1.30388,0.792161,9519836542
5751913,9332.88,1.39333,0.777655,9519836543
5751914,9332.88,1.36835,0.777655,9519836543
5751915,9332.88,1.3748,0.776849,9519836544
5751916,9332.88,1.28938,0.770402,9519836545
5751917,9332.88,1.36755,0.763956,9519836546
5751918,9332.88,1.37157,0.777655,9519836547
5751919,9332.88,1.28938,0.777655,9519836548
5751920,9332.88,1.39253,0.780879,9519836548
5751921,9332.89,1.36996,0.780073,9519836549
5751922,9332.89,1.31516,0.776849,9519853178
5751923,9332.89,1.29421,0.780073,9519853181
5751924,9332.89,1.36674,0.776849,9519853182
5751925,9332.89,1.39253,0.784102,9519853183
5751926,9332.89,1.22652,0.776849,9519853184
5751927,9332.89,1.37157,0.776849,9519853185
5751928,9332.89,1.36593,0.777655,9519853186
5751929,9332.89,1.30147,0.781684,9519853187
5751930,9332.89,1.39333,0.789743,9519853188
5751931,9332.9,1.37399,0.788937,9519853188
5751932,9332.9,1.39253,0.777655,9519853189
5751933,9332.9,1.35143,0.776849,9519853190
5751934,9332.9,1.39495,0.780073,9519853191
5751935,9332.9,1.37802,0.785714,9519853191
5751936,9332.9,1.30227,0.778461,9519853192
5751937,9332.9,1.40703,0.776849,9519853193
5751938,9332.9,1.31516,0.783296,9519853194
5751939,9332.9,1.32806,0.775238,9519869853
5751940,9332.9,1.36674,0.777655,9519869856
5751941,9332.91,1.3208,0.777655,9519869857
5751942,9332.91,1.38044,0.788131,9519869858
5751943,9332.91,1.3474,0.776849,9519869859
5751944,9332.91,1.34579,0.776849,9519869860
5751945,9332.91,1.27648,0.775238,9519869861
5751946,9332.91,1.35385,0.764761,9519869862
5751947,9332.91,1.41832,0.778461,9519869863
5751948,9332.91,1.28938,0.776849,9519869863
5751949,9332.91,1.42073,0.780879,9519869864
5751950,9332.91,1.40703,0.776849,9519869865
5751951,9332.92,1.30388,0.785714,9519869866
5751952,9332.92,1.37399,0.759926,9519869867
5751953,9332.92,1.39575,0.776849,9519869868
5751954,9332.92,1.42396,0.776849,9519869868
5751955,9332.92,1.27084,0.776849,9519869869
5751956,9332.92,1.31678,0.778461,9519886533
5751957,9332.92,1.37399,0.777655,9519886536
5751958,9332.92,1.26601,0.775238,9519886537
5751959,9332.92,1.39333,0.775238,9519886538
5751960,9332.92,1.36996,0.777655,9519886539
5751961,9332.92,1.34579,0.783296,9519886539
5751962,9332.93,1.34417,0.777655,9519886540
5751963,9332.93,1.39253,0.79619,9519886541
5751964,9332.93,1.39414,0.778461,9519886542
5751965,9332.93,1.22974,0.778461,9519886543
5751966,9332.93,1.39253,0.778461,9519886543
5751967,9332.93,1.34256,0.777655,9519886544
5751968,9332.93,1.3748,0.776849,9519886545
5751969,9332.93,1.39736,0.77282,9519886546
5751970,9332.93,1.36835,0.776849,9519886547
5751971,9332.93,1.42396,0.788937,9519886547
5751972,9332.94,1.36916,0.776849,9519903164
5751973,9332.94,1.38527,0.777655,9519903169
5751974,9332.94,1.37157,0.78249,9519903170
5751975,9332.94,1.32322,0.78652,9519903171
5751976,9332.94,1.39333,0.780073,9519903172
5751977,9332.94,1.31678,0.776849,9519903173
5751978,9332.94,1.39817,0.779267,9519903174
5751979,9332.94,1.3893,0.776849,9519903175
5751980,9332.94,1.28938,0.777655,9519903175
5751981,9332.94,1.3748,0.777655,9519903176
5751982,9332.95,1.37238,0.776849,9519903177
5751983,9332.95,1.39253,0.788131,9519903178
5751984,9332.95,1.28938,0.777655,9519903179
5751985,9332.95,1.34337,0.773626,9519903180
5751986,9332.95,1.36835,0.780879,9519903180
5751987,9332.95,1.27568,0.778461,9519903181
5751988,9332.95,1.40542,0.792967,9519903200
5751989,9332.95,1.34256,0.759926,9519919845
5751990,9332.95,1.34579,0.778461,9519919848
5751991,9332.95,1.35546,0.777655,9519919849
5751992,9332.96,1.39414,0.778461,9519919850
5751993,9332.96,1.39414,0.785714,9519919851
5751994,9332.96,1.2652,0.778461,9519919852
5751995,9332.96,1.39414,0.777655,9519919852
5751996,9332.96,1.35385,0.776849,9519919853
5751997,9332.96,1.34417,0.784102,9519919854
5751998,9332.96,1.40462,0.788131,9519919855
5751999,9332.96,1.37319,0.777655,9519919856
5752000,9332.96,1.31033,0.778461,9519919857
5752001,9332.97,1.71648,0.777655,9519919857
5752002,9332.97,1.72776,0.776849,9519919858
5752003,9332.97,1.72776,0.773626,9519919859
5752004,9332.97,1.72776,0.792967,9519919860
5752005,9332.97,1.72776,0.776849,9519919860
5752006,9332.97,1.70198,0.778461,9519936574
5752007,9332.97,1.67619,0.792967,9519936583
5752008,9332.97,1.59238,0.777655,9519936584
5752009,9332.97,1.50535,0.785714,9519936585
5752010,9332.97,1.34256,0.776849,9519936586
5752011,9332.98,1.17011,0.780073,9519936587
5752012,9332.98,1.017,0.79619,9519936587
5752013,9332.98,0.837289,0.777655,9519936588
5752014,9332.98,0.661611,0.776849,9519936589
5752015,9332.98,0.539926,0.778461,9519936590
5752016,9332.98,0.475457,0.776849,9519936591
5752017,9332.98,0.434358,0.776849,9519936592
5752018,9332.98,0.424688,0.778461,9519936592
5752019,9332.98,0.423882,0.776849,9519936593
5752020,9332.98,0.404542,0.784102,9519936594
5752021,9332.99,0.394871,0.789743,9519936595
5752022,9332.99,0.390036,0.776849,9519936597
5752023,9332.99,0.386813,0.783296,9519953363
5752024,9332.99,0.38923,0.763956,9519953369
5752025,9332.99,0.388424,0.778461,9519953369
5752026,9332.99,0.398095,0.780879,9519953371
5752027,9332.99,0.387619,0.78652,9519953372
5752028,9332.99,0.409377,0.776849,9519953373
5752029,9332.99,0.418241,0.770402,9519953374
5752030,9332.99,0.420659,0.792967,9519953374
5752031,9333,0.464175,0.776849,9519953375
5752032,9333,0.521391,0.773626,9519953376
5752033,9333,0.610842,0.776849,9519953377
5752034,9333,0.781684,0.776849,9519953378
5752035,9333,0.968644,0.783296,9519953379
5752036,9333,1.12015,0.790549,9519953380
5752037,9333,1.29099,0.763956,9519953381
5752038,9333,1.44249,0.777655,9519953382
5752039,9333,1.48278,0.773626,9519970086
5752040,9333,1.57626,0.777655,9519970093
5752041,9333,1.55209,0.776849,9519970094
5752042,9333.01,1.58674,0.779267,9519970095
5752043,9333.01,1.57788,0.776849,9519970096
5752044,9333.01,1.59963,0.759926,9519970097
5752045,9333.01,1.57304,0.778461,9519970098
5752046,9333.01,1.56176,0.780073,9519970099
5752047,9333.01,1.55934,0.780879,9519970100
5752048,9333.01,1.49568,0.776849,9519970101
5752049,9333.01,1.457,0.778461,9519970102
5752050,9333.01,1.41832,0.780073,9519970102
5752051,9333.01,1.32806,0.778461,9519970103
5752052,9333.02,1.24989,0.773626,9519970104
5752053,9333.02,1.14029,0.776849,9519970105
5752054,9333.02,1.06938,0.777655,9519970106
5752055,9333.02,1.02022,0.776849,9519970106
5752056,9333.02,0.853406,0.780073,9519986735
5752057,9333.02,0.8526,0.780879,9519986740
5752058,9333.02,0.801025,0.780879,9519986741
5752059,9333.02,0.708351,0.780879,9519986742
5752060,9333.02,0.676117,0.776849,9519986743
5752061,9333.02,0.610842,0.776849,9519986744
5752062,9333.03,0.575384,0.778461,9519986745
5752063,9333.03,0.563296,0.777655,9519986746
5752064,9333.03,0.541538,0.776849,9519986746
5752065,9333.03,0.546373,0.777655,9519986747
5752066,9333.03,0.527838,0.780879,9519986748
5752067,9333.03,0.51575,0.776849,9519986749
5752068,9333.03,0.52945,0.780879,9519986750
5752069,9333.03,0.494798,0.785714,9519986751
5752070,9333.03,0.511721,0.776849,9519986752
5752071,9333.03,0.489157,0.763956,9519986752
5752072,9333.04,0.460146,0.785714,9519986753
5752073,9333.04,0.448864,0.775238,9520003401
5752074,9333.04,0.44,0.779267,9520003406
5752075,9333.04,0.438388,0.780073,9520003407
5752076,9333.04,0.438388,0.773626,9520003408
5752077,9333.04,0.427106,0.780879,9520003409
5752078,9333.04,0.427912,0.785714,9520003410
5752079,9333.04,0.428717,0.776849,9520003410
5752080,9333.04,0.424688,0.779267,9520003411
5752081,9333.05,0.4263,0.776849,9520003412
5752082,9333.05,0.423882,0.773626,9520003413
5752083,9333.05,0.410183,0.783296,9520003414
5752084,9333.05,0.428717,0.779267,9520003414
5752085,9333.05,0.430329,0.778461,9520003415
5752086,9333.05,0.423882,0.778461,9520003416
5752087,9333.05,0.420659,0.763956,9520003417
5752088,9333.05,0.438388,0.767179,9520003417
5752089,9333.05,0.4263,0.759926,9520020036
5752090,9333.05,0.44,0.785714,9520020042
5752091,9333.06,0.44967,0.788131,9520020043
5752092,9333.06,0.464175,0.781684,9520020044
5752093,9333.06,0.472234,0.776043,9520020045
5752094,9333.06,0.489963,0.776849,9520020046
5752095,9333.06,0.51575,0.763956,9520020046
5752096,9333.06,0.498827,0.776849,9520020047
5752097,9333.06,0.493992,0.776849,9520020048
5752098,9333.06,0.502857,0.780073,9520020049
5752099,9333.06,0.51575,0.784102,9520020050
5752100,9333.06,0.510915,0.776849,9520020050
5752101,9333.07,0.491575,0.776849,9520020051
5752102,9333.07,0.49641,0.776849,9520020052
5752103,9333.07,0.471428,0.777655,9520020053
5752104,9333.07,0.468205,0.780879,9520020054
5752105,9333.07,0.446446,0.778461,9520020054
5752106,9333.07,0.43597,0.77282,9520036715
5752107,9333.07,0.432747,0.792967,9520036719
5752108,9333.07,0.438388,0.785714,9520036720
5752109,9333.07,0.438388,0.792967,9520036721
5752110,9333.07,0.425494,0.770402,9520036722
5752111,9333.08,0.425494,0.765567,9520036723
5752112,9333.08,0.415824,0.777655,9520036724
5752113,9333.08,0.421465,0.780073,9520036724
5752114,9333.08,0.425494,0.778461,9520036725
5752115,9333.08,0.418241,0.777655,9520036726
5752116,9333.08,0.427912,0.776849,9520036727
5752117,9333.08,0.425494,0.767179,9520036728
5752118,9333.08,0.410989,0.780879,9520036728
5752119,9333.08,0.414212,0.776849,9520036729
5752120,9333.08,0.424688,0.773626,9520036730
5752121,9333.08,0.419047,0.777655,9520036731
5752122,9333.09,0.427106,0.773626,9520036732
5752123,9333.09,0.427106,0.778461,9520053383
5752124,9333.09,0.438388,0.777655,9520053389
5752125,9333.09,0.431941,0.777655,9520053390
5752126,9333.09,0.44,0.778461,9520053390
5752127,9333.09,0.453699,0.763956,9520053391
5752128,9333.09,0.435164,0.780879,9520053392
5752129,9333.09,0.464175,0.776849,9520053393
5752130,9333.09,0.465787,0.776849,9520053394
5752131,9333.09,0.455311,0.777655,9520053395
5752132,9333.1,0.456117,0.779267,9520053396
5752133,9333.1,0.455311,0.776849,9520053396
5752134,9333.1,0.464175,0.779267,9520053397
5752135,9333.1,0.444029,0.776849,9520053398
5752136,9333.1,0.464175,0.780879,9520053399
5752137,9333.1,0.456117,0.780073,9520053400
5752138,9333.1,0.464175,0.779267,9520053400
5752139,9333.1,0.456117,0.776849,9520070100
5752140,9333.1,0.450476,0.777655,9520070106
5752141,9333.1,0.446446,0.78652,9520070107
5752142,9333.11,0.469816,0.788131,9520070108
5752143,9333.11,0.467399,0.775238,9520070109
5752144,9333.11,0.477069,0.776849,9520070110
5752145,9333.11,0.485128,0.780879,9520070110
5752146,9333.11,0.494798,0.776849,9520070112
5752147,9333.11,0.51575,0.759926,9520070113
5752148,9333.11,0.507692,0.785714,9520070114
5752149,9333.11,0.518974,0.784908,9520070115
5752150,9333.11,0.517362,0.776849,9520070115
5752151,9333.11,0.51575,0.776849,9520070116
5752152,9333.12,0.543956,0.776849,9520070117
5752153,9333.12,0.531062,0.777655,9520070118
5752154,9333.12,0.525421,0.773626,9520070118
5752155,9333.12,0.541538,0.79619,9520070119
5752156,9333.12,0.510915,0.79619,9520086638
5752157,9333.12,0.541538,0.78652,9520086642
5752158,9333.12,0.550402,0.778461,9520086643
5752159,9333.12,0.550402,0.780073,9520086644
5752160,9333.12,0.541538,0.778461,9520086644
5752161,9333.12,0.56249,0.780879,9520086645
5752162,9333.13,0.567326,0.780073,9520086646
5752163,9333.13,0.565714,0.780073,9520086647
5752164,9333.13,0.586666,0.776849,9520086648
5752165,9333.13,0.578608,0.773626,9520086648
5752166,9333.13,0.59956,0.78652,9520086649
5752167,9333.13,0.65597,0.776849,9520086650
5752168,9333.13,0.647106,0.787326,9520086651
5752169,9333.13,0.701098,0.780073,9520086652
5752170,9333.13,0.734945,0.783296,9520086653
5752171,9333.14,0.747838,0.776849,9520086653
5752172,9333.14,0.773626,0.776849,9520086654
5752173,9333.14,0.750256,0.785714,9520103596
5752174,9333.14,0.791355,0.777655,9520103606
5752175,9333.14,0.808278,0.785714,9520103607
5752176,9333.14,0.823589,0.778461,9520103608
5752177,9333.14,0.788131,0.777655,9520103609
5752178,9333.14,0.804249,0.776849,9520103610
5752179,9333.14,0.760732,0.787326,9520103611
5752180,9333.14,0.791355,0.778461,9520103612
5752181,9333.15,0.78249,0.778461,9520103613
5752182,9333.15,0.801025,0.777655,9520103614
5752183,9333.15,0.78652,0.778461,9520103614
5752184,9333.15,0.783296,0.780073,9520103615
5752185,9333.15,0.773626,0.777655,9520103616
5752186,9333.15,0.788131,0.777655,9520103617
5752187,9333.15,0.792161,0.780073,9520103618
5752188,9333.15,0.784908,0.785714,9520103618
5752189,9333.15,0.722051,0.778461,9520103619
5752190,9333.15,0.760732,0.778461,9520120277
5752191,9333.16,0.756703,0.776849,9520120286
5752192,9333.16,0.760732,0.778461,9520120287
5752193,9333.16,0.770402,0.776849,9520120288
5752194,9333.16,0.741391,0.792967,9520120289
5752195,9333.16,0.755897,0.776849,9520120290
5752196,9333.16,0.818754,0.778461,9520120291
5752197,9333.16,0.844542,0.776849,9520120292
5752198,9333.16,0.830842,0.773626,9520120293
5752199,9333.16,0.859853,0.780879,9520120293
5752200,9333.16,0.843736,0.778461,9520120294
5752201,9333.17,0.850989,0.776849,9520120295
5752202,9333.17,0.879194,0.777655,9520120296
5752203,9333.17,0.877582,0.792967,9520120296
5752204,9333.17,0.902564,0.776849,9520120297
5752205,9333.17,0.920293,0.776849,9520120298
5752206,9333.17,0.857435,0.791355,9520136811
5752207,9333.17,0.882417,0.776849,9520136817
5752208,9333.17,0.928351,0.778461,9520136818
5752209,9333.17,0.910622,0.783296,9520136819
5752210,9333.17,0.933186,0.777655,9520136820
5752211,9333.17,0.934798,0.776849,9520136820
5752212,9333.18,0.933186,0.776849,9520136821
5752213,9333.18,0.929963,0.778461,9520136822
5752214,9333.18,0.956556,0.778461,9520136823
5752215,9333.18,0.933186,0.776849,9520136823
5752216,9333.18,0.963809,0.777655,9520136825
5752217,9333.18,0.971062,0.785714,9520136826
5752218,9333.18,0.95575,0.776849,9520136826
5752219,9333.18,0.965421,0.776849,9520136827
5752220,9333.18,0.958974,0.777655,9520136828
5752221,9333.18,0.981538,0.778461,9520136829
5752222,9333.19,1.00571,0.783296,9520136830
5752223,9333.19,0.965421,0.777655,9520153477
5752224,9333.19,0.997655,0.776849,9520153484
5752225,9333.19,1.02183,0.778461,9520153485
5752226,9333.19,1.04762,0.780879,9520153486
5752227,9333.19,1.05729,0.783296,9520153487
5752228,9333.19,1.10886,0.778461,9520153488
5752229,9333.19,1.11128,0.778461,9520153489
5752230,9333.19,1.06857,0.785714,9520153490
5752231,9333.19,1.10886,0.777655,9520153490
5752232,9333.2,1.13465,0.776849,9520153491
5752233,9333.2,1.17333,0.776849,9520153492
5752234,9333.2,1.15238,0.777655,9520153493
5752235,9333.2,1.13949,0.791355,9520153494
5752236,9333.2,1.17172,0.788131,9520153494
5752237,9333.2,1.1685,0.776849,9520153495
5752238,9333.2,1.16527,0.776849,9520153496
5752239,9333.2,1.16205,0.777655,9520170115
5752240,9333.2,1.19912,0.777655,9520170121
5752241,9333.2,1.19106,0.776849,9520170122
5752242,9333.21,1.12337,0.78652,9520170123
5752243,9333.21,1.15399,0.792967,9520170123
5752244,9333.21,1.2241,0.775238,9520170124
5752245,9333.21,1.22974,0.778461,9520170125
5752246,9333.21,1.24264,0.777655,9520170126
5752247,9333.21,1.23458,0.792967,9520170127
5752248,9333.21,1.26359,0.779267,9520170127
5752249,9333.21,1.27568,0.778461,9520170128
5752250,9333.21,1.30549,0.78652,9520170129
5752251,9333.22,1.30388,0.778461,9520170130
5752252,9333.22,1.31516,0.777655,9520170130
5752253,9333.22,1.31516,0.759926,9520170131
5752254,9333.22,1.29421,0.778461,9520170132
5752255,9333.22,1.30711,0.780879,9520170133
5752256,9333.22,1.21363,0.780073,9520186867
5752257,9333.22,1.28938,0.776849,9520186871
5752258,9333.22,1.32,0.792161,9520186872
5752259,9333.22,1.29099,0.789743,9520186873
5752260,9333.22,1.26842,0.776849,9520186874
5752261,9333.23,1.32403,0.777655,9520186875
5752262,9333.23,1.30469,0.778461,9520186876
5752263,9333.23,1.32725,0.783296,9520186877
5752264,9333.23,1.31516,0.765567,9520186877
5752265,9333.23,1.31597,0.775238,9520186878
5752266,9333.23,1.3208,0.779267,9520186879
5752267,9333.23,1.34337,0.775238,9520186880
5752268,9333.23,1.34095,0.773626,9520186881
5752269,9333.23,1.34337,0.779267,9520186881
5752270,9333.23,1.35385,0.777655,9520186882
5752271,9333.24,1.34901,0.788131,9520186883
5752272,9333.24,1.35304,0.779267,9520186884
5752273,9333.24,1.31516,0.788131,9520203511
5752274,9333.24,1.34095,0.775238,9520203515
5752275,9333.24,1.3337,0.776849,9520203516
5752276,9333.24,1.34095,0.776849,9520203517
5752277,9333.24,1.34095,0.783296,9520203518
5752278,9333.24,1.33289,0.777655,9520203519
5752279,9333.24,1.34095,0.78652,9520203520
5752280,9333.24,1.31033,0.788131,9520203521
5752281,9333.25,1.3474,0.776849,9520203522
5752282,9333.25,1.34337,0.777655,9520203523
5752283,9333.25,1.34095,0.789743,9520203523
5752284,9333.25,1.32322,0.791355,9520203525
5752285,9333.25,1.34095,0.785714,9520203526
5752286,9333.25,1.34579,0.78249,9520203527
5752287,9333.25,1.34901,0.776849,9520203528
5752288,9333.25,1.35626,0.773626,9520203529
5752289,9333.25,1.32806,0.773626,9520220127
5752290,9333.25,1.35385,0.778461,9520220132
5752291,9333.25,1.36674,0.779267,9520220133
5752292,9333.26,1.34256,0.784102,9520220134
5752293,9333.26,1.34095,0.777655,9520220135
5752294,9333.26,1.33289,0.789743,9520220136
5752295,9333.26,1.35304,0.776849,9520220137
5752296,9333.26,1.35385,0.780073,9520220137
5752297,9333.26,1.3482,0.78652,9520220138
5752298,9333.26,1.32967,0.777655,9520220139
5752299,9333.26,1.37319,0.774432,9520220140
5752300,9333.26,1.36674,0.776849,9520220141
5752301,9333.26,1.39414,0.776849,9520220142
5752302,9333.27,1.38527,0.776849,9520220143
5752303,9333.27,1.36674,0.775238,9520220144
5752304,9333.27,1.34982,0.775238,9520220144
5752305,9333.27,1.37399,0.777655,9520220145
5752306,9333.27,1.30549,0.777655,9520236703
5752307,9333.27,1.35868,0.78652,9520236708
5752308,9333.27,1.35949,0.780073,9520236709
5752309,9333.27,1.39172,0.776849,9520236710
5752310,9333.27,1.37157,0.78652,9520236711
5752311,9333.27,1.35626,0.79619,9520236711
5752312,9333.28,1.37802,0.776849,9520236712
5752313,9333.28,1.3756,0.777655,9520236713
5752314,9333.28,1.37319,0.777655,9520236714
5752315,9333.28,1.35385,0.773626,9520236715
5752316,9333.28,1.37157,0.776849,9520236715
5752317,9333.28,1.37238,0.783296,9520236716
5752318,9333.28,1.3619,0.776849,9520236717
5752319,9333.28,1.39253,0.780879,9520236718
5752320,9333.28,1.34256,0.777655,9520236719
5752321,9333.28,1.34901,0.783296,9520236720
5752322,9333.29,1.39656,0.776849,9520236721
5752323,9333.29,1.34579,0.770402,9520253431
5752324,9333.29,1.35385,0.777655,9520253436
5752325,9333.29,1.34579,0.776849,9520253437
5752326,9333.29,1.34176,0.778461,9520253437
5752327,9333.29,1.37399,0.78652,9520253438
5752328,9333.29,1.39253,0.776849,9520253439
5752329,9333.29,1.37802,0.778461,9520253440
5752330,9333.29,1.39253,0.783296,9520253441
5752331,9333.3,1.36755,0.775238,9520253441
5752332,9333.3,1.36674,0.759926,9520253442
5752333,9333.3,1.36835,0.785714,9520253443
5752334,9333.3,1.34579,0.767179,9520253444
5752335,9333.3,1.34337,0.79619,9520253445
5752336,9333.3,1.34982,0.778461,9520253445
5752337,9333.3,1.34176,0.775238,9520253446
5752338,9333.3,1.32645,0.77282,9520253447
5752339,9333.3,1.29744,0.776849,9520270130
5752340,9333.3,1.30711,0.780879,9520270135
5752341,9333.31,1.29824,0.773626,9520270136
5752342,9333.31,1.30549,0.763956,9520270137
5752343,9333.31,1.32403,0.766373,9520270138
5752344,9333.31,1.30147,0.777655,9520270139
5752345,9333.31,1.34901,0.777655,9520270140
5752346,9333.31,1.34337,0.777655,9520270141
5752347,9333.31,1.32645,0.778461,9520270141
5752348,9333.31,1.34579,0.780073,9520270142
5752349,9333.31,1.38125,0.765567,9520270143
5752350,9333.31,1.37157,0.777655,9520270144
5752351,9333.32,1.36916,0.785714,9520270145
5752352,9333.32,1.3482,0.777655,9520270145
5752353,9333.32,1.36674,0.785714,9520270146
5752354,9333.32,1.31516,0.777655,9520270147
5752355,9333.32,1.32967,0.788131,9520270148
5752356,9333.32,1.26842,0.776849,9520286872
5752357,9333.32,1.34176,0.776043,9520286878
5752358,9333.32,1.34095,0.788131,9520286879
5752359,9333.32,1.32,0.780073,9520286902
5752360,9333.32,1.31839,0.776043,9520286903
5752361,9333.33,1.34095,0.777655,9520286904
5752362,9333.33,1.34095,0.773626,9520286905
5752363,9333.33,1.32725,0.787326,9520286905
5752364,9333.33,1.34176,0.780879,9520286906
5752365,9333.33,1.36835,0.785714,9520286907
5752366,9333.33,1.35304,0.776849,9520286908
5752367,9333.33,1.39253,0.773626,9520286909
5752368,9333.33,1.35385,0.780879,9520286909
5752369,9333.33,1.36835,0.778461,9520286910
5752370,9333.33,1.39575,0.777655,9520286911
5752371,9333.33,1.39736,0.780879,9520286912
5752372,9333.34,1.40703,0.778461,9520286912
5752373,9333.34,1.30469,0.778461,9520303447
5752374,9333.34,1.35304,0.778461,9520303453
5752375,9333.34,1.37157,0.776849,9520303454
5752376,9333.34,1.36835,0.79619,9520303455
5752377,9333.34,1.37802,0.776043,9520303456
5752378,9333.34,1.39495,0.778461,9520303457
5752379,9333.34,1.41832,0.778461,9520303458
5752380,9333.34,1.37802,0.777655,9520303459
5752381,9333.34,1.38205,0.790549,9520303460
5752382,9333.35,1.35223,0.778461,9520303460
5752383,9333.35,1.36674,0.778461,9520303461
5752384,9333.35,1.34901,0.777655,9520303462
5752385,9333.35,1.34256,0.778461,9520303463
5752386,9333.35,1.31597,0.776849,9520303464
5752387,9333.35,1.33289,0.776849,9520303465
5752388,9333.35,1.34982,0.776849,9520303465
5752389,9333.35,1.3208,0.780879,9520320197
5752390,9333.35,1.34095,0.780879,9520320209
5752391,9333.35,1.34901,0.780073,9520320212
5752392,9333.36,1.34579,0.776849,9520320213
5752393,9333.36,1.37883,0.780073,9520320214
5752394,9333.36,1.36835,0.776849,9520320215
5752395,9333.36,1.32645,0.777655,9520320217
5752396,9333.36,1.35546,0.784102,9520320218
5752397,9333.36,1.34498,0.776849,9520320219
5752398,9333.36,1.31516,0.777655,9520320220
5752399,9333.36,1.34417,0.776849,9520320221
5752400,9333.36,1.34095,0.777655,9520320222
5752401,9333.36,1.32806,0.778461,9520320223
5752402,9333.37,1.32161,0.778461,9520320224
5752403,9333.37,1.34095,0.776849,9520320226
5752404,9333.37,1.30388,0.780073,9520320227
5752405,9333.37,1.3208,0.780073,9520320228
5752406,9333.37,1.28938,0.776849,9520336848
5752407,9333.37,1.34176,0.788937,9520336857
5752408,9333.37,1.34095,0.78652,9520336860
5752409,9333.37,1.34579,0.773626,9520336861
5752410,9333.37,1.3474,0.780073,9520336862
5752411,9333.38,1.35949,0.776849,9520336863
5752412,9333.38,1.36674,0.776849,9520336864
5752413,9333.38,1.39253,0.776849,9520336865
5752414,9333.38,1.37963,0.785714,9520336866
5752415,9333.38,1.37399,0.780879,9520336868
5752416,9333.38,1.37802,0.776849,9520336869
5752417,9333.38,1.35385,0.759926,9520336870
5752418,9333.38,1.37319,0.777655,9520336871
5752419,9333.38,1.3748,0.788131,9520336872
5752420,9333.38,1.35304,0.779267,9520336873
5752421,9333.39,1.35143,0.776849,9520336874
5752422,9333.39,1.36674,0.777655,9520336875
5752423,9333.39,1.31678,0.777655,9520354020
5752424,9333.39,1.37883,0.777655,9520354028
5752425,9333.39,1.34095,0.78652,9520354031
5752426,9333.39,1.36674,0.778461,9520354032
5752427,9333.39,1.34256,0.776849,9520354033
5752428,9333.39,1.36674,0.777655,9520354034
5752429,9333.39,1.35304,0.776849,9520354036
5752430,9333.39,1.36916,0.778461,9520354037
5752431,9333.4,1.32,0.767179,9520354038
5752432,9333.4,1.29744,0.79619,9520354039
5752433,9333.4,1.3619,0.776849,9520354040
5752434,9333.4,1.35707,0.778461,9520354041
5752435,9333.4,1.39253,0.778461,9520354043
5752436,9333.4,1.3756,0.780073,9520354044
5752437,9333.4,1.34982,0.778461,9520354045
5752438,9333.4,1.34095,0.791355,9520354046
5752439,9333.4,1.36835,0.778461,9520354047
5752440,9333.4,1.33289,0.776849,9520370855
5752441,9333.41,1.34579,0.773626,9520370861
5752442,9333.41,1.37157,0.778461,9520370862
5752443,9333.41,1.34095,0.784102,9520370863
5752444,9333.41,1.32725,0.778461,9520370864
5752445,9333.41,1.37963,0.777655,9520370865
5752446,9333.41,1.38769,0.79619,9520370866
5752447,9333.41,1.39253,0.777655,9520370867
5752448,9333.41,1.4167,0.780073,9520370868
5752449,9333.41,1.41832,0.777655,9520370869
5752450,9333.41,1.42315,0.777655,9520370870
5752451,9333.42,1.39414,0.788937,9520370871
5752452,9333.42,1.40059,0.776849,9520370871
5752453,9333.42,1.37399,0.78249,9520370872
5752454,9333.42,1.37238,0.779267,9520370873
5752455,9333.42,1.37077,0.759926,9520370874
5752456,9333.42,1.39253,0.777655,9520370875
5752457,9333.42,1.35385,0.777655,9520387493
5752458,9333.42,1.36029,0.780073,9520387498
5752459,9333.42,1.35626,0.789743,9520387499
5752460,9333.42,1.34579,0.777655,9520387500
5752461,9333.42,1.35223,0.783296,9520387501
5752462,9333.43,1.36674,0.780879,9520387502
5752463,9333.43,1.34095,0.780073,9520387503
5752464,9333.43,1.36674,0.777655,9520387504
5752465,9333.43,1.36674,0.780879,9520387504
5752466,9333.43,1.37319,0.774432,9520387505
5752467,9333.43,1.37963,0.784102,9520387506
5752468,9333.43,1.3756,0.78652,9520387507
5752469,9333.43,1.39253,0.777655,9520387508
5752470,9333.43,1.36835,0.778461,9520387509
5752471,9333.43,1.39414,0.777655,9520387510
5752472,9333.44,1.36835,0.776849,9520387510
5752473,9333.44,1.3482,0.776849,9520404092
5752474,9333.44,1.34095,0.777655,9520404097
5752475,9333.44,1.36835,0.778461,9520404098
5752476,9333.44,1.37963,0.78652,9520404099
5752477,9333.44,1.30227,0.778461,9520404100
5752478,9333.44,1.30227,0.778461,9520404101
5752479,9333.44,1.34579,0.777655,9520404102
5752480,9333.44,1.35546,0.778461,9520404102
5752481,9333.44,1.34256,0.783296,9520404103
5752482,9333.45,1.3482,0.777655,9520404104
5752483,9333.45,1.3474,0.779267,9520404105
5752484,9333.45,1.34095,0.784102,9520404105
5752485,9333.45,1.34095,0.775238,9520404106
5752486,9333.45,1.34256,0.778461,9520404107
5752487,9333.45,1.35868,0.780879,9520404108
5752488,9333.45,1.36674,0.776849,9520404109
5752489,9333.45,1.36996,0.773626,9520404110
5752490,9333.45,1.32242,0.776849,9520420839
5752491,9333.45,1.35626,0.778461,9520420844
5752492,9333.46,1.35143,0.785714,9520420845
5752493,9333.46,1.36916,0.784102,9520420846
5752494,9333.46,1.36835,0.78652,9520420847
5752495,9333.46,1.39253,0.776849,9520420848
5752496,9333.46,1.36916,0.78652,9520420849
5752497,9333.46,1.36674,0.783296,9520420849
5752498,9333.46,1.36674,0.778461,9520420850
5752499,9333.46,1.35304,0.777655,9520420851
5752500,9333.46,1.34417,0.776849,9520420852
5752501,9333.47,1.34095,0.776849,9520420853
5752502,9333.47,1.3482,0.776849,9520420854
5752503,9333.47,1.34579,0.776849,9520420854
5752504,9333.47,1.33612,0.792967,9520420855
5752505,9333.47,1.34901,0.784102,9520420856
5752506,9333.47,1.36674,0.785714,9520420857
5752507,9333.47,1.28938,0.779267,9520437601
5752508,9333.47,1.36674,0.792967,9520437607
5752509,9333.47,1.35223,0.775238,9520437609
5752510,9333.47,1.34095,0.777655,9520437610
5752511,9333.48,1.33612,0.776849,9520437610
5752512,9333.48,1.30469,0.759926,9520437611
5752513,9333.48,1.29744,0.778461,9520437612
5752514,9333.48,1.34256,0.778461,9520437613
5752515,9333.48,1.39253,0.776849,9520437614
5752516,9333.48,1.38125,0.791355,9520437615
5752517,9333.48,1.39736,0.780879,9520437615
5752518,9333.48,1.39414,0.773626,9520437616
5752519,9333.48,1.39978,0.777655,9520437617
5752520,9333.48,1.38205,0.776849,9520437618
5752521,9333.49,1.37802,0.776849,9520437619
5752522,9333.49,1.41832,0.777655,9520437619
5752523,9333.49,1.36835,0.776849,9520437620
5752524,9333.49,1.35304,0.765567,9520454203
5752525,9333.49,1.39253,0.776849,9520454209
5752526,9333.49,1.40542,0.776849,9520454210
5752527,9333.49,1.39736,0.792967,9520454211
5752528,9333.49,1.40703,0.780073,9520454212
5752529,9333.49,1.41993,0.776849,9520454213
5752530,9333.49,1.41832,0.776849,9520454214
5752531,9333.5,1.38205,0.777655,9520454215
5752532,9333.5,1.39736,0.779267,9520454215
5752533,9333.5,1.38447,0.775238,9520454216
5752534,9333.5,1.36835,0.776849,9520454217
5752535,9333.5,1.36029,0.78652,9520454218
5752536,9333.5,1.36674,0.780073,9520454219
5752537,9333.5,1.34901,0.777655,9520454220
5752538,9333.5,1.37157,0.775238,9520454221
5752539,9333.5,1.34901,0.783296,9520454222
5752540,9333.5,1.30147,0.776849,9520470687
5752541,9333.5,1.34095,0.779267,9520470692
5752542,9333.51,1.34095,0.780879,9520470693
5752543,9333.51,1.34256,0.778461,9520470694
5752544,9333.51,1.33289,0.778461,9520470695
5752545,9333.51,1.31839,0.776849,9520470696
5752546,9333.51,1.35304,0.776849,9520470717
5752547,9333.51,1.34095,0.776849,9520470718
5752548,9333.51,1.36835,0.773626,9520470720
5752549,9333.51,1.36593,0.779267,9520470721
5752550,9333.51,1.36674,0.777655,9520470722
5752551,9333.51,1.37319,0.765567,9520470723
5752552,9333.52,1.37157,0.777655,9520470724
5752553,9333.52,1.35868,0.773626,9520470725
5752554,9333.52,1.36835,0.775238,9520470725
5752555,9333.52,1.35868,0.778461,9520470726
5752556,9333.52,1.34337,0.776849,9520470727
5752557,9333.52,1.32806,0.779267,9520487528
5752558,9333.52,1.34659,0.776849,9520487533
5752559,9333.52,1.34337,0.776849,9520487534
5752560,9333.52,1.32322,0.776849,9520487535
5752561,9333.52,1.35385,0.773626,9520487536
5752562,9333.53,1.36674,0.792967,9520487537
5752563,9333.53,1.35304,0.779267,9520487538
5752564,9333.53,1.35143,0.785714,9520487538
5752565,9333.53,1.35304,0.778461,9520487539
5752566,9333.53,1.36674,0.776849,9520487540
5752567,9333.53,1.37238,0.780073,9520487541
5752568,9333.53,1.37641,0.777655,9520487542
5752569,9333.53,1.40381,0.776849,9520487543
5752570,9333.53,1.43363,0.780073,9520487543
5752571,9333.53,1.40703,0.792967,9520487544
5752572,9333.54,1.39495,0.777655,9520487545
5752573,9333.54,1.3474,0.792967,9520504238
5752574,9333.54,1.35385,0.780073,9520504243
5752575,9333.54,1.39253,0.777655,9520504244
5752576,9333.54,1.34901,0.79619,9520504245
5752577,9333.54,1.37319,0.773626,9520504246
5752578,9333.54,1.35626,0.780879,9520504247
5752579,9333.54,1.37157,0.776849,9520504248
5752580,9333.54,1.35304,0.780073,9520504249
5752581,9333.55,1.34337,0.780073,9520504249
5752582,9333.55,1.34256,0.780879,9520504250
5752583,9333.55,1.34579,0.776849,9520504251
5752584,9333.55,1.34901,0.783296,9520504252
5752585,9333.55,1.34256,0.776849,9520504253
5752586,9333.55,1.35223,0.777655,9520504253
5752587,9333.55,1.35385,0.775238,9520504254
5752588,9333.55,1.35787,0.780073,9520504255
5752589,9333.55,1.38608,0.767179,9520504256
5752590,9333.55,1.29099,0.791355,9520520848
5752591,9333.56,1.32322,0.780879,9520520854
5752592,9333.56,1.34095,0.778461,9520520855
5752593,9333.56,1.34901,0.778461,9520520856
5752594,9333.56,1.35546,0.774432,9520520857
5752595,9333.56,1.35707,0.787326,9520520858
5752596,9333.56,1.36835,0.778461,9520520859
5752597,9333.56,1.35304,0.780073,9520520860
5752598,9333.56,1.36674,0.778461,9520520860
5752599,9333.56,1.34256,0.779267,9520520861
5752600,9333.56,1.34095,0.776849,9520520862
5752601,9333.57,1.32967,0.777655,9520520863
5752602,9333.57,1.34982,0.783296,9520520864
5752603,9333.57,1.34901,0.776849,9520520864
5752604,9333.57,1.34337,0.776849,9520520865
5752605,9333.57,1.34579,0.774432,9520520866
5752606,9333.57,1.36916,0.780879,9520520867
5752607,9333.57,1.31516,0.776849,9520537484
5752608,9333.57,1.39253,0.776849,9520537490
5752609,9333.57,1.37319,0.776849,9520537490
5752610,9333.57,1.34579,0.776849,9520537491
5752611,9333.58,1.39495,0.776849,9520537492
5752612,9333.58,1.36674,0.759926,9520537493
5752613,9333.58,1.3748,0.777655,9520537494
5752614,9333.58,1.37077,0.777655,9520537495
5752615,9333.58,1.36916,0.777655,9520537495
5752616,9333.58,1.37802,0.778461,9520537501
5752617,9333.58,1.3748,0.778461,9520537502
5752618,9333.58,1.38447,0.776849,9520537502
5752619,9333.58,1.34337,0.778461,9520537503
5752620,9333.58,1.32806,0.777655,9520537504
5752621,9333.58,1.36996,0.777655,9520537505
5752622,9333.59,1.35304,0.785714,9520537505
5752623,9333.59,1.32967,0.780879,9520554180
5752624,9333.59,1.32161,0.776849,9520554185
5752625,9333.59,1.36674,0.778461,9520554186
5752626,9333.59,1.35223,0.785714,9520554187
5752627,9333.59,1.35304,0.778461,9520554188
5752628,9333.59,1.36674,0.776849,9520554189
5752629,9333.59,1.37157,0.776849,9520554190
5752630,9333.59,1.35304,0.780879,9520554190
5752631,9333.59,1.3482,0.777655,9520554191
5752632,9333.6,1.30147,0.778461,9520554192
5752633,9333.6,1.3208,0.767985,9520554193
5752634,9333.6,1.35385,0.784908,9520554194
5752635,9333.6,1.34095,0.773626,9520554195
5752636,9333.6,1.36674,0.791355,9520554196
5752637,9333.6,1.36835,0.777655,9520554197
5752638,9333.6,1.39253,0.777655,9520554197
5752639,9333.6,1.36755,0.783296,9520554198
5752640,9333.6,1.28938,0.780073,9520570779
5752641,9333.6,1.35949,0.767179,9520570785
5752642,9333.61,1.34579,0.776849,9520570786
5752643,9333.61,1.35304,0.780073,9520570787
5752644,9333.61,1.35062,0.778461,9520570788
5752645,9333.61,1.37157,0.785714,9520570789
5752646,9333.61,1.39897,0.777655,9520570789
5752647,9333.61,1.39897,0.776849,9520570790
5752648,9333.61,1.42073,0.776849,9520570791
5752649,9333.61,1.39253,0.776849,9520570792
5752650,9333.61,1.40462,0.765567,9520570793
5752651,9333.61,1.38125,0.785714,9520570794
5752652,9333.62,1.40703,0.784908,9520570794
5752653,9333.62,1.39575,0.776849,9520570795
5752654,9333.62,1.40703,0.777655,9520570796
5752655,9333.62,1.37157,0.776849,9520570797
5752656,9333.62,1.39253,0.775238,9520570798
5752657,9333.62,1.36674,0.776849,9520587520
5752658,9333.62,1.39253,0.777655,9520587525
5752659,9333.62,1.3619,0.780879,9520587527
5752660,9333.62,1.39253,0.779267,9520587528
5752661,9333.62,1.37157,0.775238,9520587529
5752662,9333.63,1.37319,0.778461,9520587529
5752663,9333.63,1.37238,0.778461,9520587530
5752664,9333.63,1.37722,0.763956,9520587531
5752665,9333.63,1.39253,0.777655,9520587532
5752666,9333.63,1.39495,0.778461,9520587533
5752667,9333.63,1.40139,0.789743,9520587533
5752668,9333.63,1.40381,0.792967,9520587534
5752669,9333.63,1.39253,0.776849,9520587535
5752670,9333.63,1.41026,0.777655,9520587536
5752671,9333.64,1.39736,0.779267,9520587537
5752672,9333.64,1.37157,0.781684,9520587537
5752673,9333.64,1.36674,0.78652,9520604197
5752674,9333.64,1.35385,0.792967,9520604202
5752675,9333.64,1.38125,0.777655,9520604203
5752676,9333.64,1.36674,0.773626,9520604204
5752677,9333.64,1.34579,0.778461,9520604205
5752678,9333.64,1.35546,0.780073,9520604206
5752679,9333.64,1.36674,0.775238,9520604206
5752680,9333.64,1.37963,0.776849,9520604207
5752681,9333.65,1.36674,0.780879,9520604208
5752682,9333.65,1.36674,0.777655,9520604209
5752683,9333.65,1.35385,0.780073,9520604210
5752684,9333.65,1.31516,0.776849,9520604210
5752685,9333.65,1.34659,0.777655,9520604211
5752686,9333.65,1.36916,0.778461,9520604212
5752687,9333.65,1.35546,0.773626,9520604213
5752688,9333.65,1.3748,0.776849,9520604213
5752689,9333.65,1.36674,0.777655,9520604214
5752690,9333.65,1.29179,0.778461,9520620785
5752691,9333.66,1.35868,0.783296,9520620790
5752692,9333.66,1.34095,0.784908,9520620792
5752693,9333.66,1.35143,0.765567,9520620793
5752694,9333.66,1.35304,0.777655,9520620794
5752695,9333.66,1.37319,0.777655,9520620795
5752696,9333.66,1.39253,0.777655,9520620796
5752697,9333.66,1.3885,0.776849,9520620798
5752698,9333.66,1.35868,0.777655,9520620799
5752699,9333.66,1.34417,0.776849,9520620800
5752700,9333.66,1.35062,0.773626,9520620802
5752701,9333.67,1.34901,0.777655,9520620803
5752702,9333.67,1.3482,0.776849,9520620804
5752703,9333.67,1.34095,0.777655,9520620805
5752704,9333.67,1.34417,0.776849,9520620806
5752705,9333.67,1.34256,0.777655,9520620807
5752706,9333.67,1.37963,0.775238,9520620808
5752707,9333.67,1.34095,0.776849,9520637522
5752708,9333.67,1.34982,0.765567,9520637528
5752709,9333.67,1.35546,0.778461,9520637529
5752710,9333.67,1.39253,0.777655,9520637530
5752711,9333.67,1.36029,0.777655,9520637531
5752712,9333.68,1.36835,0.774432,9520637531
5752713,9333.68,1.3756,0.777655,9520637532
5752714,9333.68,1.36996,0.780879,9520637533
5752715,9333.68,1.36755,0.778461,9520637534
5752716,9333.68,1.34901,0.791355,9520637535
5752717,9333.68,1.35949,0.780879,9520637536
5752718,9333.68,1.37963,0.777655,9520637536
5752719,9333.68,1.36674,0.777655,9520637537
5752720,9333.68,1.35385,0.777655,9520637538
5752721,9333.68,1.36674,0.776849,9520637539
5752722,9333.69,1.34256,0.777655,9520637540
5752723,9333.69,1.31678,0.777655,9520637542
5752724,9333.69,1.34417,0.778461,9520654230
5752725,9333.69,1.35546,0.777655,9520654237
5752726,9333.69,1.36674,0.779267,9520654238
5752727,9333.69,1.27004,0.777655,9520654239
5752728,9333.69,1.31516,0.765567,9520654240
5752729,9333.69,1.32806,0.779267,9520654241
5752730,9333.69,1.39253,0.776849,9520654242
5752731,9333.69,1.39414,0.773626,9520654242
5752732,9333.7,1.39253,0.785714,9520654243
5752733,9333.7,1.40381,0.778461,9520654265
5752734,9333.7,1.39575,0.773626,9520654266
5752735,9333.7,1.39253,0.776849,9520654267
5752736,9333.7,1.3756,0.773626,9520654268
5752737,9333.7,1.36674,0.780879,9520654269
5752738,9333.7,1.37883,0.780879,9520654270
5752739,9333.7,1.39414,0.778461,9520654270
5752740,9333.7,1.32403,0.778461,9520670911
5752741,9333.7,1.3748,0.775238,9520670916
5752742,9333.71,1.36674,0.777655,9520670917
5752743,9333.71,1.39736,0.780073,9520670918
5752744,9333.71,1.37963,0.759926,9520670919
5752745,9333.71,1.38125,0.780879,9520670919
5752746,9333.71,1.39253,0.777655,9520670920
5752747,9333.71,1.36674,0.776849,9520670921
5752748,9333.71,1.40703,0.785714,9520670922
5752749,9333.71,1.40381,0.776849,9520670923
5752750,9333.71,1.39817,0.777655,9520670924
5752751,9333.72,1.36674,0.777655,9520670924
5752752,9333.72,1.36916,0.774432,9520670925
5752753,9333.72,1.37157,0.784102,9520670926
5752754,9333.72,1.37238,0.783296,9520670927
5752755,9333.72,1.34659,0.780073,9520670927
5752756,9333.72,1.35385,0.778461,9520670928
5752757,9333.72,1.28374,0.775238,9520687535
5752758,9333.72,1.34337,0.775238,9520687540
5752759,9333.72,1.34095,0.776849,9520687541
5752760,9333.72,1.32403,0.780073,9520687542
5752761,9333.73,1.34095,0.778461,9520687543
5752762,9333.73,1.32,0.783296,9520687544
5752763,9333.73,1.34176,0.776849,9520687545
5752764,9333.73,1.34579,0.780879,9520687545
5752765,9333.73,1.34176,0.780879,9520687546
5752766,9333.73,1.35223,0.775238,9520687547
5752767,9333.73,1.33934,0.785714,9520687548
5752768,9333.73,1.38125,0.767179,9520687549
5752769,9333.73,1.38447,0.783296,9520687549
5752770,9333.73,1.39253,0.778461,9520687550
5752771,9333.74,1.35868,0.776849,9520687551
5752772,9333.74,1.37883,0.777655,9520687552
5752773,9333.74,1.35385,0.783296,9520687552
5752774,9333.74,1.35385,0.777655,9520704119
5752775,9333.74,1.37319,0.776849,9520704126
5752776,9333.74,1.3474,0.773626,9520704128
5752777,9333.74,1.34579,0.778461,9520704129
5752778,9333.74,1.36674,0.776849,9520704130
5752779,9333.74,1.34579,0.777655,9520704132
5752780,9333.74,1.36674,0.780073,9520704134
5752781,9333.75,1.34095,0.776849,9520704135
5752782,9333.75,1.3345,0.776849,9520704137
5752783,9333.75,1.37157,0.778461,9520704139
5752784,9333.75,1.36271,0.777655,9520704140
5752785,9333.75,1.34095,0.776849,9520704142
5752786,9333.75,1.34579,0.788937,9520704143
5752787,9333.75,1.37157,0.777655,9520704145
5752788,9333.75,1.34901,0.777655,9520704146
5752789,9333.75,1.36916,0.78652,9520704148
5752790,9333.75,1.30147,0.777655,9520720838
5752791,9333.75,1.37399,0.777655,9520720844
5752792,9333.76,1.34901,0.780879,9520720845
5752793,9333.76,1.37238,0.767179,9520720846
5752794,9333.76,1.35385,0.777655,9520720847
5752795,9333.76,1.32806,0.777655,9520720848
5752796,9333.76,1.31678,0.776849,9520720849
5752797,9333.76,1.39575,0.777655,9520720850
5752798,9333.76,1.36916,0.778461,9520720851
5752799,9333.76,1.36674,0.759926,9520720851
5752800,9333.76,1.36674,0.776849,9520720852
5752801,9333.76,1.3748,0.777655,9520720853
5752802,9333.77,1.36916,0.759926,9520720854
5752803,9333.77,1.36996,0.780073,9520720855
5752804,9333.77,1.36674,0.777655,9520720856
5752805,9333.77,1.35868,0.779267,9520720856
5752806,9333.77,1.39575,0.773626,9520720857
5752807,9333.77,1.31678,0.778461,9520737547
5752808,9333.77,1.32,0.792967,9520737553
5752809,9333.77,1.34579,0.77282,9520737554
5752810,9333.77,1.39414,0.767985,9520737555
5752811,9333.77,1.3756,0.776849,9520737556
5752812,9333.78,1.39253,0.780073,9520737557
5752813,9333.78,1.32322,0.776849,9520737558
5752814,9333.78,1.36835,0.778461,9520737558
5752815,9333.78,1.35223,0.780073,9520737559
5752816,9333.78,1.38205,0.780073,9520737560
5752817,9333.78,1.37157,0.780879,9520737561
5752818,9333.78,1.39253,0.776849,9520737562
5752819,9333.78,1.36835,0.788131,9520737562
5752820,9333.78,1.38286,0.776849,9520737563
5752821,9333.78,1.36674,0.776849,9520737564
5752822,9333.79,1.34176,0.778461,9520737565
5752823,9333.79,1.37238,0.792967,9520737565
5752824,9333.79,1.30711,0.780073,9520754102
5752825,9333.79,1.34659,0.779267,9520754108
5752826,9333.79,1.32403,0.776849,9520754109
5752827,9333.79,1.35546,0.780073,9520754110
5752828,9333.79,1.36835,0.763956,9520754111
5752829,9333.79,1.36674,0.776849,9520754112
5752830,9333.79,1.39253,0.776849,9520754112
5752831,9333.8,1.37883,0.783296,9520754113
5752832,9333.8,1.36916,0.783296,9520754114
5752833,9333.8,1.38125,0.777655,9520754115
5752834,9333.8,1.37157,0.778461,9520754116
5752835,9333.8,1.35546,0.763956,9520754116
5752836,9333.8,1.37963,0.776849,9520754117
5752837,9333.8,1.35546,0.780073,9520754118
5752838,9333.8,1.35626,0.780073,9520754119
5752839,9333.8,1.36835,0.777655,9520754120
5752840,9333.8,1.29179,0.779267,9520770885
5752841,9333.81,1.32,0.780879,9520770891
5752842,9333.81,1.37157,0.776849,9520770892
5752843,9333.81,1.3208,0.776849,9520770893
5752844,9333.81,1.34982,0.785714,9520770894
5752845,9333.81,1.36835,0.788937,9520770895
5752846,9333.81,1.37319,0.778461,9520770896
5752847,9333.81,1.37802,0.775238,9520770897
5752848,9333.81,1.39414,0.776043,9520770897
5752849,9333.81,1.40059,0.776849,9520770898
5752850,9333.81,1.39978,0.773626,9520770899
5752851,9333.82,1.37399,0.774432,9520770900
5752852,9333.82,1.35062,0.776849,9520770901
5752853,9333.82,1.36835,0.777655,9520770902
5752854,9333.82,1.36835,0.776849,9520770902
5752855,9333.82,1.37963,0.777655,9520770903
5752856,9333.82,1.39172,0.777655,9520770904
5752857,9333.82,1.32403,0.776849,9520787547
5752858,9333.82,1.36674,0.777655,9520787552
5752859,9333.82,1.35546,0.779267,9520787554
5752860,9333.82,1.37157,0.776849,9520787554
5752861,9333.83,1.36835,0.778461,9520787555
5752862,9333.83,1.37238,0.780879,9520787556
5752863,9333.83,1.37802,0.776849,9520787557
5752864,9333.83,1.34659,0.776849,9520787558
5752865,9333.83,1.34176,0.79619,9520787559
5752866,9333.83,1.34095,0.777655,9520787560
5752867,9333.83,1.39253,0.776849,9520787561
5752868,9333.83,1.39333,0.780073,9520787561
5752869,9333.83,1.4022,0.778461,9520787562
5752870,9333.83,1.35304,0.780879,9520787563
5752871,9333.83,1.37157,0.788131,9520787564
5752872,9333.84,1.36996,0.778461,9520787565
5752873,9333.84,1.37238,0.775238,9520787566
5752874,9333.84,1.36674,0.78652,9520804220
5752875,9333.84,1.39253,0.774432,9520804226
5752876,9333.84,1.37802,0.789743,9520804228
5752877,9333.84,1.36029,0.778461,9520804229
5752878,9333.84,1.35304,0.792967,9520804230
5752879,9333.84,1.36916,0.778461,9520804231
5752880,9333.84,1.35546,0.778461,9520804231
5752881,9333.84,1.35143,0.773626,9520804232
5752882,9333.85,1.36996,0.777655,9520804233
5752883,9333.85,1.36674,0.777655,9520804234
5752884,9333.85,1.31436,0.777655,9520804234
5752885,9333.85,1.34417,0.778461,9520804235
5752886,9333.85,1.32,0.783296,9520804236
5752887,9333.85,1.32564,0.776849,9520804237
5752888,9333.85,1.3748,0.777655,9520804238
5752889,9333.85,1.39253,0.778461,9520804239
5752890,9333.85,1.32725,0.776849,9520820946
5752891,9333.85,1.36674,0.776849,9520820952
5752892,9333.86,1.33934,0.776849,9520820953
5752893,9333.86,1.37319,0.777655,9520820954
5752894,9333.86,1.35546,0.778461,9520820955
5752895,9333.86,1.3748,0.777655,9520820955
5752896,9333.86,1.3748,0.780073,9520820956
5752897,9333.86,1.35223,0.778461,9520820957
5752898,9333.86,1.34901,0.776849,9520820958
5752899,9333.86,1.34256,0.776043,9520820959
5752900,9333.86,1.32967,0.791355,9520820960
5752901,9333.86,1.34659,0.776849,9520820961
5752902,9333.87,1.31919,0.78652,9520820961
5752903,9333.87,1.30872,0.776849,9520820962
5752904,9333.87,1.31678,0.783296,9520820963
5752905,9333.87,1.34095,0.767179,9520820964
5752906,9333.87,1.3474,0.780879,9520820965
5752907,9333.87,1.28938,0.777655,9520837534
5752908,9333.87,1.32322,0.776849,9520837539
5752909,9333.87,1.32725,0.776849,9520837541
5752910,9333.87,1.37319,0.785714,9520837541
5752911,9333.88,1.3474,0.778461,9520837542
5752912,9333.88,1.33934,0.779267,9520837543
5752913,9333.88,1.39414,0.780879,9520837544
5752914,9333.88,1.35304,0.780879,9520837545
5752915,9333.88,1.34579,0.778461,9520837546
5752916,9333.88,1.37963,0.778461,9520837546
5752917,9333.88,1.39253,0.780879,9520837547
5752918,9333.88,1.35868,0.789743,9520837548
5752919,9333.88,1.37157,0.778461,9520837549
5752920,9333.88,1.36674,0.777655,9520837567
5752921,9333.89,1.35304,0.759926,9520837568
5752922,9333.89,1.36916,0.776849,9520837569
5752923,9333.89,1.35223,0.778461,9520837570
5752924,9333.89,1.34095,0.776043,9520854204
5752925,9333.89,1.34982,0.779267,9520854209
5752926,9333.89,1.34579,0.776849,9520854210
5752927,9333.89,1.36674,0.777655,9520854211
5752928,9333.89,1.3893,0.778461,9520854212
5752929,9333.89,1.39253,0.778461,9520854213
5752930,9333.89,1.39092,0.780879,9520854214
5752931,9333.9,1.37963,0.78652,9520854215
5752932,9333.9,1.39414,0.776849,9520854216
5752933,9333.9,1.39253,0.780073,9520854217
5752934,9333.9,1.37802,0.777655,9520854217
5752935,9333.9,1.36835,0.778461,9520854218
5752936,9333.9,1.37157,0.785714,9520854219
5752937,9333.9,1.36674,0.788131,9520854220
5752938,9333.9,1.39253,0.778461,9520854221
5752939,9333.9,1.36835,0.780879,9520854221
5752940,9333.9,1.32161,0.777655,9520870934
5752941,9333.91,1.34095,0.777655,9520870940
5752942,9333.91,1.34256,0.767179,9520870941
5752943,9333.91,1.34095,0.780073,9520870942
5752944,9333.91,1.35626,0.776849,9520870943
5752945,9333.91,1.36674,0.788937,9520870943
5752946,9333.91,1.35546,0.778461,9520870944
5752947,9333.91,1.37399,0.788937,9520870945
5752948,9333.91,1.36996,0.778461,9520870946
5752949,9333.91,1.36674,0.776043,9520870947
5752950,9333.91,1.36674,0.763956,9520870948
5752951,9333.92,1.36674,0.777655,9520870948
5752952,9333.92,1.36674,0.778461,9520870949
5752953,9333.92,1.37963,0.778461,9520870950
5752954,9333.92,1.37963,0.780879,9520870951
5752955,9333.92,1.35385,0.779267,9520870952
5752956,9333.92,1.36674,0.776849,9520870952
5752957,9333.92,1.30711,0.776849,9520887608
5752958,9333.92,1.34095,0.790549,9520887614
5752959,9333.92,1.31516,0.778461,9520887615
5752960,9333.92,1.34095,0.776849,9520887616
5752961,9333.92,1.34982,0.773626,9520887617
5752962,9333.93,1.35546,0.773626,9520887617
5752963,9333.93,1.35626,0.778461,9520887618
5752964,9333.93,1.36996,0.785714,9520887619
5752965,9333.93,1.35223,0.776849,9520887620
5752966,9333.93,1.36674,0.777655,9520887621
5752967,9333.93,1.36835,0.776849,9520887621
5752968,9333.93,1.39414,0.776849,9520887622
5752969,9333.93,1.4022,0.776849,9520887623
5752970,9333.93,1.41832,0.785714,9520887624
5752971,9333.93,1.37238,0.780879,9520887625
5752972,9333.94,1.41267,0.767179,9520887626
5752973,9333.94,1.39253,0.777655,9520887626
5752974,9333.94,1.36029,0.776849,9520904316
5752975,9333.94,1.36674,0.778461,9520904321
5752976,9333.94,1.37077,0.777655,9520904322
5752977,9333.94,1.33289,0.79619,9520904323
5752978,9333.94,1.3756,0.783296,9520904324
5752979,9333.94,1.38447,0.770402,9520904325
5752980,9333.94,1.36755,0.773626,9520904326
5752981,9333.94,1.36674,0.776849,9520904327
5752982,9333.95,1.36674,0.776849,9520904328
5752983,9333.95,1.32725,0.788131,9520904328
5752984,9333.95,1.31678,0.779267,9520904329
5752985,9333.95,1.31516,0.777655,9520904330
5752986,9333.95,1.35385,0.776043,9520904331
5752987,9333.95,1.36674,0.777655,9520904332
5752988,9333.95,1.36755,0.777655,9520904333
5752989,9333.95,1.36916,0.776849,9520904333
5752990,9333.95,1.32806,0.778461,9520920988
5752991,9333.95,1.34901,0.776849,9520920993
5752992,9333.96,1.36674,0.777655,9520920994
5752993,9333.96,1.34901,0.775238,9520920995
5752994,9333.96,1.36996,0.776849,9520920996
5752995,9333.96,1.36674,0.780073,9520920997
5752996,9333.96,1.30227,0.780073,9520920998
5752997,9333.96,1.32645,0.777655,9520920999
5752998,9333.96,1.36674,0.778461,9520921005
5752999,9333.96,1.34498,0.759926,9520921006
5753000,9333.96,1.36835,0.779267,9520921007
5753001,9333.97,1.34659,0.78652,9520921008
5753002,9333.97,1.35223,0.763956,9520921009
5753003,9333.97,1.37319,0.780073,9520921009
5753004,9333.97,1.35707,0.778461,9520921010
5753005,9333.97,1.36674,0.777655,9520921011
5753006,9333.97,1.38447,0.777655,9520921012
5753007,9333.97,1.34256,0.775238,9520937629
5753008,9333.97,1.39253,0.79619,9520937634
5753009,9333.97,1.38125,0.776849,9520937635
5753010,9333.97,1.41832,0.788937,9520937636
5753011,9333.98,1.41993,0.777655,9520937637
5753012,9333.98,1.41026,0.785714,9520937638
5753013,9333.98,1.38769,0.759926,9520937639
5753014,9333.98,1.4167,0.776849,9520937640
5753015,9333.98,1.39253,0.778461,9520937641
5753016,9333.98,1.41832,0.776043,9520937642
5753017,9333.98,1.42154,0.777655,9520937643
5753018,9333.98,1.42476,0.779267,9520937643
5753019,9333.98,1.41832,0.776849,9520937644
5753020,9333.98,1.39414,0.789743,9520937645
5753021,9333.99,1.39253,0.779267,9520937646
5753022,9333.99,1.41832,0.78652,9520937646
5753023,9333.99,1.38527,0.777655,9520937647
5753024,9333.99,1.33934,0.775238,9520954340
5753025,9333.99,1.36674,0.778461,9520954345
5753026,9333.99,1.34901,0.776849,9520954346
5753027,9333.99,1.3619,0.777655,9520954347
5753028,9333.99,1.36674,0.776849,9520954348
5753029,9333.99,1.42476,0.792967,9520954349
5753030,9333.99,1.38447,0.776849,9520954350
5753031,9334,1.38608,0.783296,9520954350
5753032,9334,1.36835,0.780879,9520954351
5753033,9334,1.38125,0.778461,9520954352
5753034,9334,1.39414,0.776849,9520954353
5753035,9334,1.37238,0.763956,9520954354
5753036,9334,1.36674,0.78652,9520954355
5753037,9334,1.38447,0.778461,9520954356
5753038,9334,1.36674,0.778461,9520954357
5753039,9334,1.39253,0.777655,9520954358
5753040,9334,1.30227,0.78249,9520970956
5753041,9334,1.32,0.776849,9520970961
5753042,9334.01,1.36674,0.777655,9520970963
5753043,9334.01,1.36996,0.778461,9520970963
5753044,9334.01,1.35868,0.777655,9520970964
5753045,9334.01,1.36674,0.780879,9520970965
5753046,9334.01,1.37963,0.780073,9520970966
5753047,9334.01,1.36916,0.778461,9520970967
5753048,9334.01,1.39575,0.775238,9520970968
5753049,9334.01,1.39333,0.759926,9520970969
5753050,9334.01,1.37157,0.780879,9520970969
5753051,9334.01,1.36996,0.783296,9520970970
5753052,9334.02,1.32564,0.79619,9520970971
5753053,9334.02,1.37802,0.784102,9520970972
5753054,9334.02,1.37319,0.778461,9520970973
5753055,9334.02,1.37963,0.778461,9520970974
5753056,9334.02,1.3474,0.780879,9520970974
5753057,9334.02,1.25231,0.778461,9520987591
5753058,9334.02,1.30066,0.776849,9520987596
5753059,9334.02,1.34417,0.780879,9520987598
5753060,9334.02,1.3482,0.777655,9520987599
5753061,9334.02,1.29421,0.784102,9520987599
5753062,9334.03,1.30066,0.777655,9520987600
5753063,9334.03,1.32,0.79619,9520987601
5753064,9334.03,1.32161,0.792967,9520987602
5753065,9334.03,1.30872,0.776849,9520987603
5753066,9334.03,1.34095,0.777655,9520987604
5753067,9334.03,1.32403,0.788131,9520987605
5753068,9334.03,1.34337,0.779267,9520987605
5753069,9334.03,1.36674,0.773626,9520987606
5753070,9334.03,1.34659,0.779267,9520987607
5753071,9334.03,1.34095,0.779267,9520987608
5753072,9334.04,1.35546,0.776849,9520987609
5753073,9334.04,1.3748,0.778461,9520987609
5753074,9334.04,1.34095,0.775238,9521004360
5753075,9334.04,1.37077,0.780879,9521004365
5753076,9334.04,1.3748,0.777655,9521004366
5753077,9334.04,1.34095,0.78652,9521004368
5753078,9334.04,1.36755,0.776849,9521004369
5753079,9334.04,1.35868,0.779267,9521004369
5753080,9334.04,1.36996,0.784102,9521004370
5753081,9334.05,1.37238,0.776849,9521004371
5753082,9334.05,1.38205,0.780073,9521004372
5753083,9334.05,1.39897,0.785714,9521004373
5753084,9334.05,1.37963,0.778461,9521004374
5753085,9334.05,1.39253,0.777655,9521004374
5753086,9334.05,1.36674,0.780879,9521004375
5753087,9334.05,1.39253,0.780073,9521004376
5753088,9334.05,1.39736,0.780073,9521004377
5753089,9334.05,1.40381,0.780879,9521004378
5753090,9334.05,1.3748,0.780879,9521020991
5753091,9334.06,1.37319,0.785714,9521020997
5753092,9334.06,1.37963,0.780879,9521020998
5753093,9334.06,1.40542,0.783296,9521020999
5753094,9334.06,1.37802,0.784102,9521021005
5753095,9334.06,1.38286,0.778461,9521021006
5753096,9334.06,1.39253,0.778461,9521021007
5753097,9334.06,1.39253,0.776849,9521021008
5753098,9334.06,1.39253,0.78249,9521021009
5753099,9334.06,1.36674,0.788937,9521021010
5753100,9334.06,1.36835,0.777655,9521021010
5753101,9334.07,1.36674,0.776849,9521021011
5753102,9334.07,1.34982,0.773626,9521021012
5753103,9334.07,1.32725,0.776849,9521021013
5753104,9334.07,1.36674,0.776849,9521021014
5753105,9334.07,1.32645,0.777655,9521021014
5753106,9334.07,1.35223,0.767179,9521021015
5753107,9334.07,1.29179,0.759926,9521037737
5753108,9334.07,1.32806,0.783296,9521037767
5753109,9334.07,1.35787,0.792967,9521037768
5753110,9334.07,1.34659,0.780879,9521037769
5753111,9334.08,1.34659,0.79619,9521037770
5753112,9334.08,1.35949,0.783296,9521037771
5753113,9334.08,1.34337,0.780879,9521037772
5753114,9334.08,1.36674,0.780073,9521037772
5753115,9334.08,1.34095,0.776849,9521037773
5753116,9334.08,1.36835,0.776849,9521037774
5753117,9334.08,1.3748,0.776849,9521037775
5753118,9334.08,1.37319,0.779267,9521037776
5753119,9334.08,1.36674,0.776849,9521037777
5753120,9334.08,1.34095,0.778461,9521037777
5753121,9334.08,1.34417,0.784102,9521037778
5753122,9334.09,1.39253,0.767179,9521037779
5753123,9334.09,1.37238,0.778461,9521037780
5753124,9334.09,1.29421,0.792967,9521054381
5753125,9334.09,1.34095,0.779267,9521054385
5753126,9334.09,1.33934,0.778461,9521054386
5753127,9334.09,1.3756,0.776849,9521054388
5753128,9334.09,1.37883,0.776849,9521054388
5753129,9334.09,1.42073,0.776849,9521054389
5753130,9334.09,1.41832,0.777655,9521054390
5753131,9334.09,1.4441,0.777655,9521054391
5753132,9334.1,1.38125,0.777655,9521054392
5753133,9334.1,1.39253,0.780879,9521054392
5753134,9334.1,1.36835,0.776849,9521054393
5753135,9334.1,1.37157,0.778461,9521054394
5753136,9334.1,1.38125,0.792967,9521054395
5753137,9334.1,1.39253,0.785714,9521054396
5753138,9334.1,1.40703,0.776849,9521054397
5753139,9334.1,1.3756,0.777655,9521054398
5753140,9334.1,1.34901,0.776849,9521071034
5753141,9334.1,1.37238,0.791355,9521071040
5753142,9334.11,1.4167,0.777655,9521071041
5753143,9334.11,1.48198,0.776849,9521071042
5753144,9334.11,1.5263,0.778461,9521071043
5753145,9334.11,1.55692,0.776849,9521071044
5753146,9334.11,1.5811,0.779267,9521071045
5753147,9334.11,1.57788,0.776849,9521071046
5753148,9334.11,1.57304,0.777655,9521071046
5753149,9334.11,1.5545,0.778461,9521071047
5753150,9334.11,1.53355,0.780879,9521071048
5753151,9334.11,1.5537,0.777655,9521071049
5753152,9334.12,1.50051,0.759926,9521071050
5753153,9334.12,1.49568,0.788131,9521071051
5753154,9334.12,1.46183,0.778461,9521071051
5753155,9334.12,1.44249,0.776849,9521071052
5753156,9334.12,1.4715,0.785714,9521071053
5753157,9334.12,1.37963,0.777655,9521087758
5753158,9334.12,1.39817,0.777655,9521087768
5753159,9334.12,1.41832,0.776849,9521087769
5753160,9334.12,1.39253,0.776849,9521087770
5753161,9334.12,1.37077,0.776849,9521087771
5753162,9334.13,1.37399,0.776849,9521087772
5753163,9334.13,1.40059,0.759926,9521087773
5753164,9334.13,1.36674,0.778461,9521087774
5753165,9334.13,1.35304,0.776849,9521087775
5753166,9334.13,1.39253,0.778461,9521087776
5753167,9334.13,1.39253,0.776849,9521087776
5753168,9334.13,1.39897,0.776849,9521087777
5753169,9334.13,1.39253,0.780879,9521087778
5753170,9334.13,1.39736,0.776849,9521087779
5753171,9334.14,1.39253,0.777655,9521087779
5753172,9334.14,1.3748,0.776849,9521087780
5753173,9334.14,1.3748,0.763956,9521087781
5753174,9334.14,1.30711,0.792967,9521104432
5753175,9334.14,1.34256,0.777655,9521104441
5753176,9334.14,1.35385,0.777655,9521104443
5753177,9334.14,1.27971,0.776849,9521104444
5753178,9334.14,1.30066,0.777655,9521104445
5753179,9334.14,1.30469,0.784102,9521104445
5753180,9334.14,1.31516,0.783296,9521104446
5753181,9334.15,1.32322,0.776849,9521104447
5753182,9334.15,1.38125,0.759926,9521104449
5753183,9334.15,1.36674,0.785714,9521104449
5753184,9334.15,1.39253,0.778461,9521104450
5753185,9334.15,1.29582,0.777655,9521104451
5753186,9334.15,1.31839,0.785714,9521104452
5753187,9334.15,1.35626,0.759926,9521104453
5753188,9334.15,1.37399,0.776849,9521104453
5753189,9334.15,1.36835,0.776849,9521104454
5753190,9334.15,1.34095,0.776849,9521121119
5753191,9334.16,1.35223,0.777655,9521121125
5753192,9334.16,1.34417,0.759926,9521121126
5753193,9334.16,1.35304,0.783296,9521121127
5753194,9334.16,1.33934,0.783296,9521121128
5753195,9334.16,1.29421,0.777655,9521121128
5753196,9334.16,1.37319,0.776849,9521121129
5753197,9334.16,1.35385,0.780879,9521121130
5753198,9334.16,1.3756,0.779267,9521121131
5753199,9334.16,1.37963,0.780879,9521121132
5753200,9334.16,1.34579,0.778461,9521121133
5753201,9334.17,1.35223,0.780879,9521121134
5753202,9334.17,1.36835,0.775238,9521121134
5753203,9334.17,1.3619,0.776849,9521121135
5753204,9334.17,1.34095,0.778461,9521121136
5753205,9334.17,1.36674,0.778461,9521121137
5753206,9334.17,1.39253,0.780879,9521121138
5753207,9334.17,1.2781,0.778461,9521137785
5753208,9334.17,1.34176,0.778461,9521137791
5753209,9334.17,1.37157,0.777655,9521137792
5753210,9334.17,1.37802,0.773626,9521137793
5753211,9334.17,1.32403,0.776849,9521137794
5753212,9334.18,1.34337,0.792967,9521137794
5753213,9334.18,1.36996,0.778461,9521137795
5753214,9334.18,1.37157,0.785714,9521137796
5753215,9334.18,1.36674,0.778461,9521137797
5753216,9334.18,1.35707,0.778461,9521137798
5753217,9334.18,1.36674,0.779267,9521137798
5753218,9334.18,1.36029,0.778461,9521137799
5753219,9334.18,1.35868,0.778461,9521137800
5753220,9334.18,1.35223,0.777655,9521137801
5753221,9334.18,1.3474,0.777655,9521137801
5753222,9334.19,1.35223,0.778461,9521137802
5753223,9334.19,1.34659,0.780879,9521137803
5753224,9334.19,1.26601,0.781684,9521154314
5753225,9334.19,1.34095,0.780073,9521154320
5753226,9334.19,1.32806,0.778461,9521154322
5753227,9334.19,1.34256,0.773626,9521154323
5753228,9334.19,1.3474,0.780879,9521154324
5753229,9334.19,1.39333,0.785714,9521154324
5753230,9334.19,1.37157,0.777655,9521154325
5753231,9334.19,1.36674,0.778461,9521154326
5753232,9334.2,1.37963,0.780073,9521154327
5753233,9334.2,1.34659,0.780073,9521154327
5753234,9334.2,1.36835,0.780879,9521154328
5753235,9334.2,1.36916,0.785714,9521154329
5753236,9334.2,1.36996,0.788131,9521154330
5753237,9334.2,1.35304,0.778461,9521154331
5753238,9334.2,1.36674,0.780879,9521154332
5753239,9334.2,1.36674,0.79619,9521154332
5753240,9334.2,1.31597,0.780879,9521171105
5753241,9334.2,1.32725,0.767179,9521171110
5753242,9334.21,1.33128,0.778461,9521171111
5753243,9334.21,1.34659,0.778461,9521171112
5753244,9334.21,1.30147,0.778461,9521171113
5753245,9334.21,1.34095,0.776849,9521171114
5753246,9334.21,1.34095,0.773626,9521171114
5753247,9334.21,1.34256,0.792967,9521171115
5753248,9334.21,1.34659,0.777655,9521171116
5753249,9334.21,1.36996,0.776849,9521171117
5753250,9334.21,1.37319,0.775238,9521171118
5753251,9334.22,1.36835,0.778461,9521171118
5753252,9334.22,1.34095,0.780073,9521171119
5753253,9334.22,1.36996,0.778461,9521171120
5753254,9334.22,1.35546,0.780073,9521171121
5753255,9334.22,1.36674,0.780879,9521171121
5753256,9334.22,1.34901,0.78652,9521171122
5753257,9334.22,1.30711,0.792967,9521187590
5753258,9334.22,1.33289,0.776849,9521187596
5753259,9334.22,1.34579,0.778461,9521187597
5753260,9334.22,1.34982,0.777655,9521187598
5753261,9334.23,1.35223,0.776849,9521187599
5753262,9334.23,1.34579,0.776849,9521187600
5753263,9334.23,1.34095,0.792967,9521187601
5753264,9334.23,1.34256,0.777655,9521187602
5753265,9334.23,1.35062,0.773626,9521187603
5753266,9334.23,1.34256,0.78249,9521187604
5753267,9334.23,1.37077,0.780073,9521187605
5753268,9334.23,1.36593,0.778461,9521187605
5753269,9334.23,1.36835,0.777655,9521187606
5753270,9334.23,1.39253,0.776849,9521187607
5753271,9334.24,1.39253,0.775238,9521187608
5753272,9334.24,1.36674,0.776849,9521187609
5753273,9334.24,1.34498,0.777655,9521187609
5753274,9334.24,1.34095,0.791355,9521204514
5753275,9334.24,1.3482,0.779267,9521204523
5753276,9334.24,1.33934,0.780879,9521204525
5753277,9334.24,1.34982,0.780879,9521204526
5753278,9334.24,1.34256,0.780879,9521204528
5753279,9334.24,1.35546,0.785714,9521204529
5753280,9334.24,1.34256,0.779267,9521204530
5753281,9334.25,1.36674,0.778461,9521204531
5753282,9334.25,1.34095,0.777655,9521204532
5753283,9334.25,1.3474,0.783296,9521204533
5753284,9334.25,1.35304,0.778461,9521204534
5753285,9334.25,1.35304,0.776849,9521204535
5753286,9334.25,1.35385,0.783296,9521204537
5753287,9334.25,1.37238,0.776849,9521204538
5753288,9334.25,1.37157,0.780073,9521204539
5753289,9334.25,1.37238,0.773626,9521204541
5753290,9334.25,1.36674,0.77282,9521204542
5753291,9334.25,1.34095,0.775238,9521221108
5753292,9334.26,1.37963,0.778461,9521221116
5753293,9334.26,1.37319,0.776849,9521221118
5753294,9334.26,1.34901,0.776849,9521221120
5753295,9334.26,1.3756,0.780879,9521221152
5753296,9334.26,1.37319,0.780073,9521221155
5753297,9334.26,1.39172,0.785714,9521221156
5753298,9334.26,1.34579,0.776849,9521221157
5753299,9334.26,1.34095,0.777655,9521221158
5753300,9334.26,1.34337,0.767179,9521221159
5753301,9334.26,1.34337,0.78652,9521221160
5753302,9334.27,1.37399,0.773626,9521221161
5753303,9334.27,1.35143,0.780879,9521221163
5753304,9334.27,1.36916,0.776849,9521221164
5753305,9334.27,1.34579,0.776849,9521221165
5753306,9334.27,1.35868,0.779267,9521221166
5753307,9334.27,1.32403,0.777655,9521237761
5753308,9334.27,1.34095,0.778461,9521237770
5753309,9334.27,1.36674,0.773626,9521237772
5753310,9334.27,1.37802,0.777655,9521237773
5753311,9334.27,1.35143,0.764761,9521237774
5753312,9334.28,1.32806,0.776849,9521237775
5753313,9334.28,1.34256,0.777655,9521237776
5753314,9334.28,1.34982,0.78652,9521237777
5753315,9334.28,1.36674,0.776849,9521237779
5753316,9334.28,1.35868,0.776849,9521237780
5753317,9334.28,1.3748,0.763956,9521237781
5753318,9334.28,1.36674,0.783296,9521237782
5753319,9334.28,1.36674,0.777655,9521237783
5753320,9334.28,1.36835,0.763956,9521237784
5753321,9334.28,1.35546,0.788937,9521237785
5753322,9334.29,1.34579,0.776849,9521237786
5753323,9334.29,1.36674,0.776849,9521237787
5753324,9334.29,1.29179,0.776849,9521254530
5753325,9334.29,1.36835,0.759926,9521254535
5753326,9334.29,1.34095,0.780073,9521254537
5753327,9334.29,1.36996,0.773626,9521254538
5753328,9334.29,1.39253,0.78652,9521254539
5753329,9334.29,1.36835,0.785714,9521254540
5753330,9334.29,1.37319,0.788937,9521254541
5753331,9334.3,1.39817,0.780073,9521254541
5753332,9334.3,1.36835,0.773626,9521254542
5753333,9334.3,1.39253,0.777655,9521254543
5753334,9334.3,1.36674,0.780879,9521254544
5753335,9334.3,1.3756,0.777655,9521254545
5753336,9334.3,1.34659,0.767179,9521254545
5753337,9334.3,1.37157,0.780879,9521254546
5753338,9334.3,1.36916,0.776849,9521254547
5753339,9334.3,1.36996,0.776849,9521254548
5753340,9334.3,1.34095,0.774432,9521254549
5753341,9334.31,1.34095,0.780073,9521271232
5753342,9334.31,1.35304,0.777655,9521271238
5753343,9334.31,1.34095,0.775238,9521271239
5753344,9334.31,1.31597,0.778461,9521271240
5753345,9334.31,1.36674,0.780879,9521271241
5753346,9334.31,1.35385,0.776043,9521271242
5753347,9334.31,1.36916,0.780879,9521271243
5753348,9334.31,1.38125,0.78652,9521271243
5753349,9334.31,1.39978,0.776849,9521271244
5753350,9334.31,1.39897,0.780073,9521271245
5753351,9334.32,1.39253,0.780073,9521271246
5753352,9334.32,1.37238,0.789743,9521271247
5753353,9334.32,1.36513,0.776849,9521271248
5753354,9334.32,1.36674,0.777655,9521271249
5753355,9334.32,1.35868,0.779267,9521271250
5753356,9334.32,1.36674,0.773626,9521271250
5753357,9334.32,1.32967,0.776849,9521287886
5753358,9334.32,1.34901,0.785714,9521287895
5753359,9334.32,1.36674,0.775238,9521287897
5753360,9334.32,1.36674,0.778461,9521287898
5753361,9334.33,1.32,0.780073,9521287900
5753362,9334.33,1.31839,0.776849,9521287901
5753363,9334.33,1.35546,0.775238,9521287902
5753364,9334.33,1.36674,0.778461,9521287903
5753365,9334.33,1.39253,0.783296,9521287904
5753366,9334.33,1.35546,0.780879,9521287905
5753367,9334.33,1.36674,0.776849,9521287906
5753368,9334.33,1.36996,0.776849,9521287908
5753369,9334.33,1.40381,0.777655,9521287909
5753370,9334.33,1.39414,0.773626,9521287910
5753371,9334.33,1.37157,0.776849,9521287911
5753372,9334.34,1.34095,0.775238,9521287912
5753373,9334.34,1.32322,0.777655,9521287914
5753374,9334.34,1.30147,0.778461,9521304568
5753375,9334.34,1.37157,0.778461,9521304577
5753376,9334.34,1.35707,0.784102,9521304579
5753377,9334.34,1.36835,0.776849,9521304581
5753378,9334.34,1.36674,0.777655,9521304582
5753379,9334.34,1.37319,0.775238,9521304583
5753380,9334.34,1.36674,0.780879,9521304584
5753381,9334.34,1.34417,0.773626,9521304585
5753382,9334.35,1.36674,0.777655,9521304586
5753383,9334.35,1.36674,0.776849,9521304587
5753384,9334.35,1.39253,0.776849,9521304588
5753385,9334.35,1.34901,0.773626,9521304590
5753386,9334.35,1.37883,0.777655,9521304591
5753387,9334.35,1.35868,0.776849,9521304592
5753388,9334.35,1.37963,0.775238,9521304593
5753389,9334.35,1.39897,0.792967,9521304594
5753390,9334.35,1.3748,0.780879,9521304595
5753391,9334.35,1.32645,0.776849,9521321160
5753392,9334.36,1.36916,0.776849,9521321169
5753393,9334.36,1.35223,0.776849,9521321172
5753394,9334.36,1.33934,0.777655,9521321173
5753395,9334.36,1.36996,0.780073,9521321174
5753396,9334.36,1.35143,0.777655,9521321175
5753397,9334.36,1.35304,0.776849,9521321177
5753398,9334.36,1.33289,0.783296,9521321178
5753399,9334.36,1.3474,0.777655,9521321179
5753400,9334.36,1.36674,0.778461,9521321180
5753401,9334.36,1.32967,0.776849,9521321181
5753402,9334.37,1.35143,0.776849,9521321182
5753403,9334.37,1.34095,0.776849,9521321183
5753404,9334.37,1.35304,0.780073,9521321185
5753405,9334.37,1.34337,0.776849,9521321186
5753406,9334.37,1.36674,0.773626,9521321187
5753407,9334.37,1.32,0.776849,9521337868
5753408,9334.37,1.35868,0.777655,9521337877
5753409,9334.37,1.39414,0.792967,9521337880
5753410,9334.37,1.37157,0.783296,9521337881
5753411,9334.38,1.36674,0.778461,9521337882
5753412,9334.38,1.35385,0.791355,9521337884
5753413,9334.38,1.37963,0.775238,9521337885
5753414,9334.38,1.36835,0.784102,9521337886
5753415,9334.38,1.36835,0.777655,9521337889
5753416,9334.38,1.36755,0.780879,9521337890
5753417,9334.38,1.39253,0.780879,9521337892
5753418,9334.38,1.3748,0.778461,9521337893
5753419,9334.38,1.37157,0.778461,9521337894
5753420,9334.38,1.3748,0.777655,9521337895
5753421,9334.39,1.34579,0.776043,9521337896
5753422,9334.39,1.34579,0.776849,9521337897
5753423,9334.39,1.36271,0.778461,9521337898
5753424,9334.39,1.30549,0.777655,9521354831
5753425,9334.39,1.37963,0.776849,9521354840
5753426,9334.39,1.37157,0.778461,9521354843
5753427,9334.39,1.35223,0.776849,9521354844
5753428,9334.39,1.37077,0.792967,9521354845
5753429,9334.39,1.37157,0.777655,9521354846
5753430,9334.39,1.36835,0.778461,9521354847
5753431,9334.4,1.36674,0.776849,9521354848
5753432,9334.4,1.36674,0.776849,9521354850
5753433,9334.4,1.37802,0.77282,9521354851
5753434,9334.4,1.36593,0.777655,9521354852
5753435,9334.4,1.36996,0.773626,9521354854
5753436,9334.4,1.37963,0.778461,9521354855
5753437,9334.4,1.37802,0.780879,9521354856
5753438,9334.4,1.35868,0.777655,9521354857
5753439,9334.4,1.36674,0.778461,9521354858
5753440,9334.4,1.36674,0.779267,9521354859
5753441,9334.41,1.31839,0.776849,9521371485
5753442,9334.41,1.36835,0.78652,9521371494
5753443,9334.41,1.32967,0.780073,9521371496
5753444,9334.41,1.31516,0.785714,9521371497
5753445,9334.41,1.36674,0.777655,9521371499
5753446,9334.41,1.34337,0.783296,9521371500
5753447,9334.41,1.39253,0.777655,9521371501
5753448,9334.41,1.39414,0.776849,9521371502
5753449,9334.41,1.40462,0.776849,9521371503
5753450,9334.41,1.38447,0.773626,9521371504
5753451,9334.42,1.35626,0.776849,9521371506
5753452,9334.42,1.36029,0.780073,9521371507
5753453,9334.42,1.37883,0.781684,9521371508
5753454,9334.42,1.35304,0.783296,9521371509
5753455,9334.42,1.36835,0.778461,9521371510
5753456,9334.42,1.39253,0.773626,9521371512
5753457,9334.42,1.36674,0.776849,9521371513
5753458,9334.42,1.32645,0.777655,9521388201
5753459,9334.42,1.3756,0.779267,9521388209
5753460,9334.42,1.36835,0.778461,9521388211
5753461,9334.42,1.32725,0.78652,9521388213
5753462,9334.43,1.36916,0.778461,9521388214
5753463,9334.43,1.32806,0.785714,9521388215
5753464,9334.43,1.35304,0.776849,9521388216
5753465,9334.43,1.34901,0.778461,9521388217
5753466,9334.43,1.37238,0.780073,9521388218
5753467,9334.43,1.37802,0.776849,9521388220
5753468,9334.43,1.37802,0.775238,9521388221
5753469,9334.43,1.39736,0.778461,9521388222
5753470,9334.43,1.39736,0.776849,9521388223
5753471,9334.43,1.35223,0.776849,9521388224
5753472,9334.44,1.37157,0.784102,9521388225
5753473,9334.44,1.37883,0.778461,9521388226
5753474,9334.44,1.32645,0.779267,9521404840
5753475,9334.44,1.34095,0.777655,9521404848
5753476,9334.44,1.35626,0.763956,9521404849
5753477,9334.44,1.3756,0.776849,9521404850
5753478,9334.44,1.34337,0.774432,9521404851
5753479,9334.44,1.37157,0.788937,9521404852
5753480,9334.44,1.34659,0.780879,9521404852
5753481,9334.44,1.34256,0.776849,9521404853
5753482,9334.45,1.37157,0.778461,9521404854
5753483,9334.45,1.3482,0.785714,9521404881
5753484,9334.45,1.3474,0.777655,9521404882
5753485,9334.45,1.36674,0.785714,9521404883
5753486,9334.45,1.35143,0.777655,9521404884
5753487,9334.45,1.36835,0.778461,9521404885
5753488,9334.45,1.38205,0.777655,9521404885
5753489,9334.45,1.39575,0.778461,9521404886
5753490,9334.45,1.41832,0.778461,9521404887
5753491,9334.45,1.34256,0.778461,9521421494
5753492,9334.46,1.34417,0.779267,9521421498
5753493,9334.46,1.32645,0.776849,9521421499
5753494,9334.46,1.32725,0.780073,9521421499
5753495,9334.46,1.36835,0.777655,9521421500
5753496,9334.46,1.36674,0.777655,9521421501
5753497,9334.46,1.36674,0.778461,9521421502
5753498,9334.46,1.37802,0.777655,9521421503
5753499,9334.46,1.39253,0.777655,9521421504
5753500,9334.46,1.34417,0.773626,9521421504
5753501,9334.47,1.34659,0.777655,9521421505
5753502,9334.47,1.36674,0.778461,9521421506
5753503,9334.47,1.35868,0.785714,9521421506
5753504,9334.47,1.36835,0.777655,9521421507
5753505,9334.47,1.36674,0.777655,9521421508
5753506,9334.47,1.36674,0.763956,9521421509
5753507,9334.47,1.35626,0.783296,9521421509
5753508,9334.47,1.39253,0.792967,9521438113
5753509,9334.47,1.3748,0.776849,9521438118
5753510,9334.47,1.39333,0.764761,9521438119
5753511,9334.48,1.36835,0.778461,9521438120
5753512,9334.48,1.28857,0.779267,9521438121
5753513,9334.48,1.31516,0.770402,9521438122
5753514,9334.48,1.32806,0.776849,9521438123
5753515,9334.48,1.36835,0.784102,9521438124
5753516,9334.48,1.39253,0.773626,9521438124
5753517,9334.48,1.39897,0.776849,9521438125
5753518,9334.48,1.3748,0.785714,9521438126
5753519,9334.48,1.36513,0.785714,9521438127
5753520,9334.48,1.36593,0.77282,9521438128
5753521,9334.49,1.36674,0.783296,9521438129
5753522,9334.49,1.36674,0.778461,9521438129
5753523,9334.49,1.34901,0.792967,9521438130
5753524,9334.49,1.28938,0.777655,9521454721
5753525,9334.49,1.31597,0.777655,9521454725
5753526,9334.49,1.34095,0.777655,9521454726
5753527,9334.49,1.39817,0.785714,9521454727
5753528,9334.49,1.39817,0.780073,9521454728
5753529,9334.49,1.40542,0.793772,9521454729
5753530,9334.49,1.40381,0.777655,9521454730
5753531,9334.5,1.39253,0.777655,9521454731
5753532,9334.5,1.39253,0.778461,9521454731
5753533,9334.5,1.39575,0.777655,9521454732
5753534,9334.5,1.38447,0.775238,9521454733
5753535,9334.5,1.37157,0.778461,9521454734
5753536,9334.5,1.35304,0.776849,9521454735
5753537,9334.5,1.36755,0.776849,9521454736
5753538,9334.5,1.32725,0.777655,9521454737
5753539,9334.5,1.36835,0.778461,9521454738
5753540,9334.5,1.35304,0.778461,9521454738
5753541,9334.5,1.29502,0.766373,9521471576
5753542,9334.51,1.35304,0.776849,9521471582
5753543,9334.51,1.34095,0.777655,9521471583
5753544,9334.51,1.33048,0.774432,9521471584
5753545,9334.51,1.36755,0.777655,9521471585
5753546,9334.51,1.39253,0.778461,9521471586
5753547,9334.51,1.39333,0.776849,9521471587
5753548,9334.51,1.35385,0.776849,9521471588
5753549,9334.51,1.34256,0.776849,9521471588
5753550,9334.51,1.38125,0.776849,9521471589
5753551,9334.51,1.39414,0.779267,9521471590
5753552,9334.52,1.3756,0.778461,9521471591
5753553,9334.52,1.37883,0.778461,9521471592
5753554,9334.52,1.3748,0.775238,9521471592
5753555,9334.52,1.39575,0.780879,9521471593
5753556,9334.52,1.38125,0.776849,9521471594
5753557,9334.52,1.35304,0.777655,9521471595
5753558,9334.52,1.34256,0.776849,9521488174
5753559,9334.52,1.34095,0.78249,9521488179
5753560,9334.52,1.3756,0.779267,9521488181
5753561,9334.52,1.32967,0.776849,9521488182
5753562,9334.53,1.30388,0.780879,9521488183
5753563,9334.53,1.33289,0.776849,9521488183
5753564,9334.53,1.36674,0.776849,9521488184
5753565,9334.53,1.36674,0.779267,9521488185
5753566,9334.53,1.35787,0.776849,9521488186
5753567,9334.53,1.39736,0.792967,9521488186
5753568,9334.53,1.38125,0.785714,9521488187
5753569,9334.53,1.36271,0.778461,9521488188
5753570,9334.53,1.39414,0.776849,9521488189
5753571,9334.53,1.39575,0.776849,9521488190
5753572,9334.54,1.37157,0.785714,9521488190
5753573,9334.54,1.35949,0.776849,9521488191
5753574,9334.54,1.34095,0.778461,9521504867
5753575,9334.54,1.36835,0.788131,9521504871
5753576,9334.54,1.36835,0.777655,9521504872
5753577,9334.54,1.39414,0.780073,9521504873
5753578,9334.54,1.34498,0.777655,9521504874
5753579,9334.54,1.3756,0.763956,9521504875
5753580,9334.54,1.35546,0.779267,9521504876
5753581,9334.55,1.36029,0.773626,9521504877
5753582,9334.55,1.36674,0.773626,9521504878
5753583,9334.55,1.35868,0.775238,9521504879
5753584,9334.55,1.36674,0.788131,9521504879
5753585,9334.55,1.35546,0.778461,9521504880
5753586,9334.55,1.35385,0.776849,9521504881
5753587,9334.55,1.37963,0.785714,9521504882
5753588,9334.55,1.36674,0.783296,9521504882
5753589,9334.55,1.42798,0.780879,9521504883
5753590,9334.55,1.39253,0.777655,9521504884
5753591,9334.56,1.31516,0.776849,9521521615
5753592,9334.56,1.36996,0.777655,9521521619
5753593,9334.56,1.35385,0.776849,9521521620
5753594,9334.56,1.35546,0.785714,9521521620
5753595,9334.56,1.37157,0.780879,9521521621
5753596,9334.56,1.36835,0.777655,9521521622
5753597,9334.56,1.38447,0.783296,9521521623
5753598,9334.56,1.35223,0.773626,9521521624
5753599,9334.56,1.37883,0.780073,9521521625
5753600,9334.56,1.37963,0.776849,9521521625
5753601,9334.57,1.36674,0.773626,9521521626
5753602,9334.57,1.36674,0.777655,9521521627
5753603,9334.57,1.36835,0.777655,9521521628
5753604,9334.57,1.32967,0.773626,9521521629
5753605,9334.57,1.35868,0.78652,9521521629
5753606,9334.57,1.34337,0.777655,9521521630
5753607,9334.57,1.37802,0.776849,9521521631
5753608,9334.57,1.34176,0.780073,9521538337
5753609,9334.57,1.37399,0.778461,9521538341
5753610,9334.57,1.39253,0.776849,9521538341
5753611,9334.58,1.3748,0.776849,9521538342
5753612,9334.58,1.37802,0.785714,9521538343
5753613,9334.58,1.36674,0.775238,9521538344
5753614,9334.58,1.38125,0.788131,9521538345
5753615,9334.58,1.39253,0.776849,9521538345
5753616,9334.58,1.36996,0.776849,9521538346
5753617,9334.58,1.36674,0.776849,9521538347
5753618,9334.58,1.37963,0.777655,9521538348
5753619,9334.58,1.35868,0.78652,9521538349
5753620,9334.58,1.3756,0.778461,9521538349
5753621,9334.58,1.36996,0.776849,9521538350
5753622,9334.59,1.36674,0.776849,9521538351
5753623,9334.59,1.36755,0.776849,9521538352
5753624,9334.59,1.30227,0.776849,9521554894
5753625,9334.59,1.36674,0.773626,9521554897
5753626,9334.59,1.39253,0.776849,9521554898
5753627,9334.59,1.37802,0.777655,9521554899
5753628,9334.59,1.39333,0.776849,9521554900
5753629,9334.59,1.37883,0.770402,9521554901
5753630,9334.59,1.41832,0.780073,9521554902
5753631,9334.59,1.39414,0.778461,9521554903
5753632,9334.6,1.39253,0.778461,9521554903
5753633,9334.6,1.36674,0.779267,9521554904
5753634,9334.6,1.37238,0.777655,9521554905
5753635,9334.6,1.36835,0.776849,9521554906
5753636,9334.6,1.35385,0.78652,9521554907
5753637,9334.6,1.35223,0.78652,9521554908
5753638,9334.6,1.35304,0.779267,9521554909
5753639,9334.6,1.35546,0.776849,9521554909
5753640,9334.6,1.37319,0.780073,9521554911
5753641,9334.6,1.30227,0.785714,9521571625
5753642,9334.61,1.36674,0.779267,9521571628
5753643,9334.61,1.34095,0.778461,9521571629
5753644,9334.61,1.34095,0.759926,9521571630
5753645,9334.61,1.34498,0.776849,9521571631
5753646,9334.61,1.39414,0.777655,9521571632
5753647,9334.61,1.39414,0.776849,9521571633
5753648,9334.61,1.40381,0.770402,9521571634
5753649,9334.61,1.41832,0.776849,9521571634
5753650,9334.61,1.39253,0.774432,9521571635
5753651,9334.61,1.36674,0.778461,9521571636
5753652,9334.62,1.38125,0.764761,9521571637
5753653,9334.62,1.40381,0.778461,9521571638
5753654,9334.62,1.35626,0.783296,9521571638
5753655,9334.62,1.3756,0.773626,9521571639
5753656,9334.62,1.35223,0.776849,9521571640
5753657,9334.62,1.3748,0.776849,9521571641
5753658,9334.62,1.34176,0.773626,9521588200
5753659,9334.62,1.37883,0.78249,9521588205
5753660,9334.62,1.38205,0.778461,9521588206
5753661,9334.62,1.34095,0.780879,9521588207
5753662,9334.63,1.35385,0.778461,9521588208
5753663,9334.63,1.34095,0.778461,9521588209
5753664,9334.63,1.37963,0.775238,9521588210
5753665,9334.63,1.37157,0.785714,9521588211
5753666,9334.63,1.37157,0.776849,9521588212
5753667,9334.63,1.3748,0.789743,9521588212
5753668,9334.63,1.38044,0.777655,9521588213
5753669,9334.63,1.37157,0.779267,9521588214
5753670,9334.63,1.38447,0.776849,9521588235
5753671,9334.64,1.36029,0.79619,9521588236
5753672,9334.64,1.37319,0.783296,9521588237
5753673,9334.64,1.41832,0.783296,9521588238
5753674,9334.64,1.34256,0.776849,9521604937
5753675,9334.64,1.37238,0.777655,9521604941
5753676,9334.64,1.36674,0.777655,9521604942
5753677,9334.64,1.39736,0.778461,9521604943
5753678,9334.64,1.34579,0.777655,9521604943
5753679,9334.64,1.36674,0.776849,9521604944
5753680,9334.64,1.39253,0.77282,9521604945
5753681,9334.65,1.34579,0.776849,9521604946
5753682,9334.65,1.36674,0.776849,9521604947
5753683,9334.65,1.35304,0.778461,9521604947
5753684,9334.65,1.37399,0.780073,9521604948
5753685,9334.65,1.34417,0.784102,9521604949
5753686,9334.65,1.39253,0.777655,9521604950
5753687,9334.65,1.37319,0.776849,9521604951
5753688,9334.65,1.39414,0.779267,9521604952
5753689,9334.65,1.41832,0.780073,9521604953
5753690,9334.65,1.40542,0.78652,9521604953
5753691,9334.66,1.30147,0.780879,9521621437
5753692,9334.66,1.37802,0.777655,9521621442
5753693,9334.66,1.35868,0.780879,9521621444
5753694,9334.66,1.34901,0.776849,9521621445
5753695,9334.66,1.39253,0.776849,9521621445
5753696,9334.66,1.36835,0.78652,9521621446
5753697,9334.66,1.36674,0.776849,9521621447
5753698,9334.66,1.35223,0.776849,9521621448
5753699,9334.66,1.34095,0.776849,9521621449
5753700,9334.66,1.37399,0.775238,9521621451
5753701,9334.67,1.37157,0.778461,9521621452
5753702,9334.67,1.34579,0.777655,9521621452
5753703,9334.67,1.39253,0.759926,9521621453
5753704,9334.67,1.35949,0.780073,9521621454
5753705,9334.67,1.39253,0.778461,9521621455
5753706,9334.67,1.35304,0.777655,9521621456
5753707,9334.67,1.3208,0.776043,9521621457
5753708,9334.67,1.36674,0.778461,9521638173
5753709,9334.67,1.36674,0.779267,9521638177
5753710,9334.67,1.37963,0.792967,9521638178
5753711,9334.67,1.36674,0.778461,9521638179
5753712,9334.68,1.37963,0.778461,9521638180
5753713,9334.68,1.39253,0.778461,9521638181
5753714,9334.68,1.38205,0.783296,9521638181
5753715,9334.68,1.38125,0.777655,9521638182
5753716,9334.68,1.39575,0.777655,9521638183
5753717,9334.68,1.40784,0.773626,9521638184
5753718,9334.68,1.36674,0.784908,9521638185
5753719,9334.68,1.36835,0.778461,9521638185
5753720,9334.68,1.39253,0.780073,9521638186
5753721,9334.68,1.34176,0.780073,9521638187
5753722,9334.69,1.37319,0.777655,9521638188
5753723,9334.69,1.36835,0.777655,9521638189
5753724,9334.69,1.31597,0.777655,9521655063
5753725,9334.69,1.33934,0.780879,9521655072
5753726,9334.69,1.35304,0.779267,9521655073
5753727,9334.69,1.34579,0.779267,9521655074
5753728,9334.69,1.29421,0.78652,9521655075
5753729,9334.69,1.32,0.777655,9521655076
5753730,9334.69,1.37319,0.775238,9521655077
5753731,9334.69,1.37802,0.776849,9521655078
5753732,9334.7,1.39253,0.775238,9521655079
5753733,9334.7,1.40542,0.78652,9521655080
5753734,9334.7,1.35304,0.784102,9521655080
5753735,9334.7,1.39253,0.780073,9521655081
5753736,9334.7,1.37963,0.789743,9521655082
5753737,9334.7,1.39253,0.776849,9521655083
5753738,9334.7,1.34256,0.759926,9521655084
5753739,9334.7,1.35385,0.776849,9521655084
5753740,9334.7,1.36674,0.794578,9521655085
5753741,9334.7,1.28938,0.780073,9521671638
5753742,9334.71,1.35223,0.777655,9521671645
5753743,9334.71,1.35223,0.778461,9521671646
5753744,9334.71,1.34095,0.779267,9521671647
5753745,9334.71,1.3474,0.785714,9521671647
5753746,9334.71,1.39253,0.780879,9521671648
5753747,9334.71,1.39495,0.780073,9521671649
5753748,9334.71,1.38447,0.778461,9521671650
5753749,9334.71,1.39253,0.780879,9521671651
5753750,9334.71,1.35626,0.776849,9521671652
5753751,9334.72,1.37641,0.776043,9521671653
5753752,9334.72,1.38205,0.775238,9521671654
5753753,9334.72,1.36835,0.778461,9521671654
5753754,9334.72,1.39978,0.777655,9521671655
5753755,9334.72,1.4022,0.788937,9521671656
5753756,9334.72,1.39253,0.776849,9521671657
5753757,9334.72,1.39253,0.759926,9521671658
5753758,9334.72,1.35546,0.776849,9521688440
5753759,9334.72,1.3748,0.775238,9521688446
5753760,9334.72,1.36755,0.785714,9521688447
5753761,9334.73,1.35304,0.78652,9521688448
5753762,9334.73,1.38125,0.777655,9521688449
5753763,9334.73,1.37157,0.775238,9521688450
5753764,9334.73,1.38125,0.764761,9521688451
5753765,9334.73,1.37399,0.777655,9521688452
5753766,9334.73,1.36674,0.776849,9521688453
5753767,9334.73,1.36835,0.778461,9521688453
5753768,9334.73,1.38286,0.78652,9521688454
5753769,9334.73,1.39656,0.777655,9521688455
5753770,9334.73,1.39736,0.776849,9521688456
5753771,9334.74,1.40703,0.776849,9521688457
5753772,9334.74,1.35546,0.776849,9521688458
5753773,9334.74,1.3748,0.777655,9521688458
5753774,9334.74,1.35062,0.777655,9521688461
5753775,9334.74,1.37963,0.780879,9521704881
5753776,9334.74,1.34417,0.783296,9521704887
5753777,9334.74,1.37963,0.775238,9521704888
5753778,9334.74,1.39253,0.777655,9521704889
5753779,9334.74,1.3756,0.767179,9521704890
5753780,9334.74,1.39575,0.776849,9521704891
5753781,9334.75,1.3474,0.777655,9521704891
5753782,9334.75,1.34095,0.778461,9521704892
5753783,9334.75,1.35304,0.780073,9521704893
5753784,9334.75,1.3748,0.780073,9521704894
5753785,9334.75,1.34256,0.792967,9521704895
5753786,9334.75,1.36029,0.780879,9521704896
5753787,9334.75,1.36835,0.777655,9521704896
5753788,9334.75,1.37157,0.776849,9521704897
5753789,9334.75,1.39736,0.777655,9521704898
5753790,9334.75,1.40542,0.780073,9521704899
5753791,9334.75,1.29421,0.778461,9521721586
5753792,9334.76,1.36674,0.780879,9521721591
5753793,9334.76,1.36835,0.78652,9521721592
5753794,9334.76,1.35304,0.780879,9521721593
5753795,9334.76,1.34256,0.788937,9521721594
5753796,9334.76,1.36835,0.785714,9521721595
5753797,9334.76,1.39253,0.765567,9521721596
5753798,9334.76,1.39253,0.792967,9521721597
5753799,9334.76,1.39495,0.776849,9521721597
5753800,9334.76,1.38447,0.779267,9521721598
5753801,9334.76,1.39736,0.776849,9521721599
5753802,9334.77,1.36674,0.778461,9521721600
5753803,9334.77,1.3756,0.777655,9521721601
5753804,9334.77,1.39414,0.776849,9521721601
5753805,9334.77,1.36996,0.774432,9521721602
5753806,9334.77,1.35385,0.777655,9521721603
5753807,9334.77,1.39253,0.777655,9521721604
5753808,9334.77,1.34901,0.780073,9521738271
5753809,9334.77,1.39817,0.776849,9521738277
5753810,9334.77,1.39253,0.780879,9521738278
5753811,9334.77,1.36029,0.778461,9521738279
5753812,9334.78,1.38125,0.759926,9521738280
5753813,9334.78,1.37883,0.792967,9521738281
5753814,9334.78,1.37319,0.773626,9521738281
5753815,9334.78,1.36029,0.792967,9521738282
5753816,9334.78,1.38286,0.776849,9521738283
5753817,9334.78,1.39253,0.785714,9521738284
5753818,9334.78,1.36916,0.780879,9521738285
5753819,9334.78,1.3893,0.774432,9521738286
5753820,9334.78,1.35304,0.778461,9521738286
5753821,9334.78,1.34095,0.777655,9521738287
5753822,9334.79,1.34015,0.776849,9521738288
5753823,9334.79,1.34176,0.788131,9521738289
5753824,9334.79,1.34659,0.777655,9521755005
5753825,9334.79,1.31516,0.759926,9521755010
5753826,9334.79,1.37883,0.780073,9521755011
5753827,9334.79,1.39253,0.777655,9521755012
5753828,9334.79,1.34901,0.776849,9521755013
5753829,9334.79,1.35546,0.785714,9521755014
5753830,9334.79,1.39333,0.776849,9521755015
5753831,9334.8,1.39414,0.792967,9521755016
5753832,9334.8,1.36835,0.778461,9521755016
5753833,9334.8,1.39897,0.776849,9521755017
5753834,9334.8,1.36674,0.778461,9521755018
5753835,9334.8,1.38125,0.778461,9521755019
5753836,9334.8,1.39253,0.783296,9521755020
5753837,9334.8,1.33128,0.777655,9521755020
5753838,9334.8,1.36674,0.777655,9521755021
5753839,9334.8,1.35385,0.773626,9521755022
5753840,9334.8,1.37963,0.763956,9521755023
5753841,9334.81,1.29582,0.777655,9521771688
5753842,9334.81,1.32645,0.775238,9521771693
5753843,9334.81,1.36996,0.785714,9521771695
5753844,9334.81,1.36835,0.778461,9521771695
5753845,9334.81,1.36835,0.783296,9521771696
5753846,9334.81,1.36996,0.780879,9521771697
5753847,9334.81,1.36996,0.777655,9521771698
5753848,9334.81,1.41106,0.778461,9521771699
5753849,9334.81,1.41993,0.776849,9521771700
5753850,9334.81,1.39253,0.777655,9521771700
5753851,9334.82,1.34256,0.776849,9521771701
5753852,9334.82,1.38447,0.777655,9521771702
5753853,9334.82,1.39253,0.778461,9521771703
5753854,9334.82,1.36916,0.778461,9521771704
5753855,9334.82,1.39172,0.788937,9521771704
5753856,9334.82,1.39253,0.763956,9521771705
5753857,9334.82,1.33612,0.777655,9521771726
5753858,9334.82,1.30711,0.775238,9521788310
5753859,9334.82,1.34256,0.785714,9521788316
5753860,9334.82,1.34256,0.776849,9521788317
5753861,9334.83,1.36674,0.776849,9521788317
5753862,9334.83,1.3482,0.780073,9521788318
5753863,9334.83,1.29421,0.785714,9521788319
5753864,9334.83,1.35223,0.778461,9521788320
5753865,9334.83,1.3619,0.777655,9521788321
5753866,9334.83,1.35385,0.78652,9521788322
5753867,9334.83,1.35385,0.777655,9521788323
5753868,9334.83,1.41832,0.785714,9521788323
5753869,9334.83,1.3474,0.776849,9521788324
5753870,9334.83,1.41832,0.777655,9521788325
5753871,9334.83,1.43121,0.767179,9521788326
5753872,9334.84,1.38125,0.776849,9521788327
5753873,9334.84,1.39253,0.777655,9521788327
5753874,9334.84,1.3208,0.783296,9521804902
5753875,9334.84,1.35626,0.776849,9521804908
5753876,9334.84,1.34095,0.785714,9521804909
5753877,9334.84,1.35707,0.78652,9521804910
5753878,9334.84,1.34176,0.780073,9521804911
5753879,9334.84,1.34659,0.777655,9521804912
5753880,9334.84,1.35304,0.778461,9521804913
5753881,9334.84,1.36755,0.778461,9521804913
5753882,9334.85,1.35707,0.778461,9521804914
5753883,9334.85,1.36674,0.778461,9521804915
5753884,9334.85,1.39253,0.783296,9521804916
5753885,9334.85,1.35707,0.776849,9521804917
5753886,9334.85,1.36835,0.779267,9521804917
5753887,9334.85,1.3756,0.778461,9521804918
5753888,9334.85,1.32483,0.777655,9521804919
5753889,9334.85,1.36674,0.776043,9521804920
5753890,9334.85,1.39253,0.776849,9521804921
5753891,9334.85,1.34095,0.780073,9521821539
5753892,9334.86,1.36835,0.777655,9521821545
5753893,9334.86,1.34579,0.783296,9521821547
5753894,9334.86,1.34901,0.778461,9521821548
5753895,9334.86,1.3756,0.776849,9521821549
5753896,9334.86,1.37077,0.793772,9521821550
5753897,9334.86,1.34417,0.778461,9521821551
5753898,9334.86,1.36674,0.773626,9521821551
5753899,9334.86,1.36674,0.780073,9521821552
5753900,9334.86,1.29744,0.777655,9521821553
5753901,9334.86,1.35223,0.778461,9521821554
5753902,9334.87,1.36835,0.777655,9521821554
5753903,9334.87,1.38447,0.778461,9521821555
5753904,9334.87,1.36674,0.779267,9521821556
5753905,9334.87,1.35626,0.776849,9521821557
5753906,9334.87,1.37963,0.780073,9521821557
5753907,9334.87,1.39253,0.778461,9521821558
5753908,9334.87,1.33612,0.78652,9521838231
5753909,9334.87,1.40139,0.777655,9521838237
5753910,9334.87,1.37077,0.778461,9521838238
5753911,9334.88,1.34579,0.78652,9521838239
5753912,9334.88,1.39253,0.778461,9521838240
5753913,9334.88,1.36674,0.780879,9521838241
5753914,9334.88,1.32161,0.776849,9521838242
5753915,9334.88,1.36674,0.777655,9521838242
5753916,9334.88,1.39253,0.780879,9521838243
5753917,9334.88,1.35626,0.778461,9521838244
5753918,9334.88,1.35546,0.778461,9521838245
5753919,9334.88,1.37319,0.776849,9521838246
5753920,9334.88,1.36835,0.778461,9521838246
5753921,9334.89,1.35385,0.776849,9521838247
5753922,9334.89,1.36029,0.777655,9521838248
5753923,9334.89,1.35223,0.777655,9521838249
5753924,9334.89,1.29099,0.776849,9521855091
5753925,9334.89,1.29421,0.776849,9521855097
5753926,9334.89,1.30388,0.780073,9521855098
5753927,9334.89,1.34579,0.775238,9521855099
5753928,9334.89,1.36674,0.777655,9521855100
5753929,9334.89,1.39414,0.776849,9521855100
5753930,9334.89,1.37399,0.776849,9521855101
5753931,9334.9,1.36835,0.776849,9521855102
5753932,9334.9,1.36029,0.776849,9521855103
5753933,9334.9,1.35223,0.785714,9521855104
5753934,9334.9,1.3482,0.792967,9521855104
5753935,9334.9,1.36674,0.77282,9521855105
5753936,9334.9,1.3474,0.776849,9521855106
5753937,9334.9,1.35223,0.780073,9521855107
5753938,9334.9,1.38125,0.79619,9521855108
5753939,9334.9,1.40542,0.777655,9521855109
5753940,9334.9,1.39414,0.778461,9521855110
5753941,9334.91,1.32161,0.780073,9521871768
5753942,9334.91,1.36835,0.780073,9521871773
5753943,9334.91,1.35304,0.776849,9521871774
5753944,9334.91,1.37802,0.776849,9521871775
5753945,9334.91,1.37641,0.776849,9521871776
5753946,9334.91,1.41832,0.777655,9521871777
5753947,9334.91,1.39253,0.776849,9521871778
5753948,9334.91,1.39253,0.785714,9521871778
5753949,9334.91,1.40462,0.776849,9521871779
5753950,9334.91,1.41832,0.777655,9521871780
5753951,9334.92,1.4296,0.776849,9521871781
5753952,9334.92,1.37238,0.783296,9521871782
5753953,9334.92,1.3756,0.785714,9521871782
5753954,9334.92,1.39333,0.776849,9521871783
5753955,9334.92,1.40381,0.776849,9521871784
5753956,9334.92,1.42073,0.778461,9521871785
5753957,9334.92,1.40542,0.779267,9521871786
5753958,9334.92,1.31516,0.777655,9521888475
5753959,9334.92,1.34176,0.776849,9521888480
5753960,9334.92,1.32322,0.777655,9521888481
5753961,9334.92,1.36352,0.780879,9521888482
5753962,9334.93,1.38125,0.763956,9521888483
5753963,9334.93,1.32967,0.776849,9521888484
5753964,9334.93,1.35707,0.780073,9521888485
5753965,9334.93,1.37802,0.776849,9521888486
5753966,9334.93,1.39414,0.776849,9521888487
5753967,9334.93,1.39253,0.776849,9521888488
5753968,9334.93,1.39253,0.777655,9521888488
5753969,9334.93,1.41832,0.780073,9521888489
5753970,9334.93,1.37963,0.791355,9521888490
5753971,9334.93,1.37641,0.777655,9521888491
5753972,9334.94,1.36674,0.776849,9521888492
5753973,9334.94,1.39253,0.777655,9521888492
5753974,9334.94,1.32,0.777655,9521888494
5753975,9334.94,1.28938,0.776043,9521905112
5753976,9334.94,1.36674,0.778461,9521905117
5753977,9334.94,1.39575,0.780073,9521905118
5753978,9334.94,1.34095,0.775238,9521905119
5753979,9334.94,1.35304,0.776849,9521905120
5753980,9334.94,1.37157,0.776849,9521905121
5753981,9334.94,1.31516,0.777655,9521905122
5753982,9334.95,1.37883,0.776849,9521905123
5753983,9334.95,1.29824,0.779267,9521905125
5753984,9334.95,1.37963,0.765567,9521905126
5753985,9334.95,1.37157,0.778461,9521905126
5753986,9334.95,1.3748,0.783296,9521905127
5753987,9334.95,1.39817,0.778461,9521905128
5753988,9334.95,1.40542,0.763956,9521905129
5753989,9334.95,1.40542,0.780879,9521905129
5753990,9334.95,1.44571,0.783296,9521905130
5753991,9334.95,1.34982,0.779267,9521921787
5753992,9334.96,1.36916,0.778461,9521921792
5753993,9334.96,1.37157,0.774432,9521921793
5753994,9334.96,1.36674,0.78652,9521921794
5753995,9334.96,1.40462,0.792967,9521921795
5753996,9334.96,1.31678,0.776849,9521921796
5753997,9334.96,1.39253,0.778461,9521921797
5753998,9334.96,1.31516,0.78652,9521921798
5753999,9334.96,1.39172,0.777655,9521921799
5754000,9334.96,1.31516,0.776043,9521921799
5754001,9334.97,1.36916,0.780073,9521921800
5754002,9334.97,1.36674,0.759926,9521921801
5754003,9334.97,1.36674,0.778461,9521921802
5754004,9334.97,1.33934,0.778461,9521921803
5754005,9334.97,1.37157,0.776849,9521921804
5754006,9334.97,1.39414,0.783296,9521921805
5754007,9334.97,1.41832,0.778461,9521921805
5754008,9334.97,1.34095,0.773626,9521938318
5754009,9334.97,1.39978,0.777655,9521938323
5754010,9334.97,1.39736,0.777655,9521938324
5754011,9334.98,1.3619,0.778461,9521938325
5754012,9334.98,1.40542,0.788131,9521938326
5754013,9334.98,1.35546,0.776849,9521938327
5754014,9334.98,1.39253,0.785714,9521938328
5754015,9334.98,1.36674,0.788937,9521938329
5754016,9334.98,1.34095,0.780073,9521938330
5754017,9334.98,1.36996,0.778461,9521938330
5754018,9334.98,1.29582,0.777655,9521938331
5754019,9334.98,1.37238,0.777655,9521938332
5754020,9334.98,1.28938,0.778461,9521938333
5754021,9334.99,1.35385,0.776849,9521938334
5754022,9334.99,1.28938,0.792967,9521938335
5754023,9334.99,1.35223,0.773626,9521938335
5754024,9334.99,1.32806,0.778461,9521955045
5754025,9334.99,1.37963,0.776849,9521955049
5754026,9334.99,1.34982,0.776849,9521955050
5754027,9334.99,1.40381,0.776849,9521955051
5754028,9334.99,1.39253,0.785714,9521955051
5754029,9334.99,1.41832,0.777655,9521955052
5754030,9334.99,1.42154,0.776849,9521955053
5754031,9335,1.42637,0.78652,9521955054
5754032,9335,1.40784,0.776849,9521955055
5754033,9335,1.39253,0.775238,9521955056
5754034,9335,1.40059,0.780879,9521955057
5754035,9335,1.35626,0.778461,9521955058
5754036,9335,1.39253,0.78249,9521955058
5754037,9335,1.37157,0.777655,9521955059
5754038,9335,1.36835,0.776849,9521955060
5754039,9335,1.41832,0.775238,9521955061
5754040,9335,1.36674,0.777655,9521955062
5754041,9335,1.31516,0.776849,9521971835
5754042,9335.01,1.30227,0.78652,9521971841
5754043,9335.01,1.34095,0.780879,9521971843
5754044,9335.01,1.39253,0.78652,9521971844
5754045,9335.01,1.38125,0.759926,9521971867
5754046,9335.01,1.37963,0.778461,9521971868
5754047,9335.01,1.41832,0.785714,9521971869
5754048,9335.01,1.43282,0.776849,9521971869
5754049,9335.01,1.38447,0.777655,9521971870
5754050,9335.01,1.41832,0.780073,9521971871
5754051,9335.01,1.33048,0.788131,9521971872
5754052,9335.02,1.37157,0.780879,9521971873
5754053,9335.02,1.37963,0.777655,9521971873
5754054,9335.02,1.40139,0.78652,9521971874
5754055,9335.02,1.41026,0.780879,9521971875
5754056,9335.02,1.39414,0.779267,9521971876
5754057,9335.02,1.39495,0.776849,9521971876
5754058,9335.02,1.25392,0.776849,9521988433
5754059,9335.02,1.39333,0.789743,9521988438
5754060,9335.02,1.34095,0.775238,9521988439
5754061,9335.02,1.35546,0.789743,9521988440
5754062,9335.03,1.31033,0.780073,9521988441
5754063,9335.03,1.36996,0.780879,9521988442
5754064,9335.03,1.36674,0.776849,9521988443
5754065,9335.03,1.34982,0.792161,9521988443
5754066,9335.03,1.37883,0.779267,9521988444
5754067,9335.03,1.39817,0.780879,9521988445
5754068,9335.03,1.39897,0.777655,9521988446
5754069,9335.03,1.37883,0.788937,9521988447
5754070,9335.03,1.41832,0.776849,9521988448
5754071,9335.03,1.39253,0.784102,9521988448
5754072,9335.04,1.29179,0.777655,9521988449
5754073,9335.04,1.36674,0.780073,9521988450
5754074,9335.04,1.37157,0.778461,9521988451
5754075,9335.04,1.34579,0.778461,9522005217
5754076,9335.04,1.37238,0.792967,9522005224
5754077,9335.04,1.42154,0.792967,9522005225
5754078,9335.04,1.3748,0.778461,9522005227
5754079,9335.04,1.29744,0.780879,9522005228
5754080,9335.04,1.36755,0.759926,9522005229
5754081,9335.05,1.37319,0.778461,9522005229
5754082,9335.05,1.3748,0.776849,9522005230
5754083,9335.05,1.29179,0.776849,9522005231
5754084,9335.05,1.37963,0.783296,9522005232
5754085,9335.05,1.37883,0.776849,9522005233
5754086,9335.05,1.30711,0.777655,9522005234
5754087,9335.05,1.29099,0.776043,9522005235
5754088,9335.05,1.35949,0.783296,9522005236
5754089,9335.05,1.32645,0.779267,9522005237
5754090,9335.05,1.30227,0.776849,9522005237
5754091,9335.06,1.28293,0.792967,9522021959
5754092,9335.06,1.36835,0.773626,9522021965
5754093,9335.06,1.32,0.776849,9522021966
5754094,9335.06,1.37157,0.776849,9522021967
5754095,9335.06,1.41751,0.777655,9522021968
5754096,9335.06,1.39253,0.776849,9522021969
5754097,9335.06,1.34659,0.777655,9522021969
5754098,9335.06,1.39253,0.773626,9522021970
5754099,9335.06,1.40059,0.776849,9522021971
5754100,9335.06,1.31678,0.778461,9522021972
5754101,9335.07,1.32645,0.759926,9522021973
5754102,9335.07,1.40703,0.776849,9522021973
5754103,9335.07,1.36674,0.776849,9522021974
5754104,9335.07,1.30147,0.776849,9522021975
5754105,9335.07,1.39253,0.776849,9522021976
5754106,9335.07,1.39253,0.778461,9522021977
5754107,9335.07,1.32,0.780073,9522021978
5754108,9335.07,1.28938,0.776849,9522038632
5754109,9335.07,1.41832,0.792967,9522038637
5754110,9335.07,1.38205,0.783296,9522038638
5754111,9335.08,1.30066,0.780073,9522038639
5754112,9335.08,1.40059,0.788937,9522038640
5754113,9335.08,1.40703,0.767179,9522038641
5754114,9335.08,1.26923,0.778461,9522038642
5754115,9335.08,1.32806,0.780879,9522038643
5754116,9335.08,1.39253,0.79619,9522038644
5754117,9335.08,1.39253,0.773626,9522038645
5754118,9335.08,1.30147,0.785714,9522038645
5754119,9335.08,1.39817,0.767179,9522038646
5754120,9335.08,1.39575,0.777655,9522038647
5754121,9335.08,1.33934,0.776849,9522038648
5754122,9335.09,1.3208,0.780879,9522038649
5754123,9335.09,1.42476,0.780073,9522038650
5754124,9335.09,1.35868,0.784102,9522038650
5754125,9335.09,1.27487,0.778461,9522055258
5754126,9335.09,1.39575,0.776849,9522055263
5754127,9335.09,1.36996,0.780073,9522055265
5754128,9335.09,1.30227,0.785714,9522055266
5754129,9335.09,1.36674,0.776849,9522055266
5754130,9335.09,1.4296,0.778461,9522055267
5754131,9335.09,1.39575,0.759926,9522055268
5754132,9335.1,1.41751,0.779267,9522055269
5754133,9335.1,1.3474,0.776849,9522055270
5754134,9335.1,1.40703,0.780073,9522055270
5754135,9335.1,1.34095,0.778461,9522055271
5754136,9335.1,1.4296,0.778461,9522055272
5754137,9335.1,1.37319,0.776849,9522055273
5754138,9335.1,1.39736,0.778461,9522055274
5754139,9335.1,1.41832,0.777655,9522055274
5754140,9335.1,1.36835,0.777655,9522055275
5754141,9335.1,1.36674,0.778461,9522071814
5754142,9335.11,1.36674,0.778461,9522071823
5754143,9335.11,1.37157,0.776849,9522071825
5754144,9335.11,1.39575,0.773626,9522071827
5754145,9335.11,1.39253,0.780879,9522071828
5754146,9335.11,1.39414,0.78249,9522071829
5754147,9335.11,1.41832,0.778461,9522071831
5754148,9335.11,1.43846,0.780073,9522071832
5754149,9335.11,1.43846,0.776849,9522071833
5754150,9335.11,1.39414,0.780879,9522071834
5754151,9335.11,1.39495,0.791355,9522071835
5754152,9335.12,1.41993,0.78249,9522071837
5754153,9335.12,1.34256,0.780073,9522071838
5754154,9335.12,1.36513,0.778461,9522071839
5754155,9335.12,1.41832,0.778461,9522071840
5754156,9335.12,1.32,0.780879,9522071841
5754157,9335.12,1.38447,0.778461,9522071842
5754158,9335.12,1.32725,0.778461,9522088496
5754159,9335.12,1.2926,0.776849,9522088501
5754160,9335.12,1.37157,0.776849,9522088502
5754161,9335.12,1.32725,0.778461,9522088503
5754162,9335.13,1.28938,0.780879,9522088504
5754163,9335.13,1.39736,0.780879,9522088505
5754164,9335.13,1.29099,0.78652,9522088506
5754165,9335.13,1.30308,0.776849,9522088507
5754166,9335.13,1.39253,0.776849,9522088508
5754167,9335.13,1.31033,0.778461,9522088509
5754168,9335.13,1.39575,0.778461,9522088510
5754169,9335.13,1.37157,0.764761,9522088511
5754170,9335.13,1.35385,0.778461,9522088511
5754171,9335.14,1.41993,0.759926,9522088512
5754172,9335.14,1.34095,0.775238,9522088513
5754173,9335.14,1.37238,0.777655,9522088514
5754174,9335.14,1.39736,0.776849,9522088514
5754175,9335.14,1.32967,0.780879,9522105371
5754176,9335.14,1.37802,0.779267,9522105378
5754177,9335.14,1.35868,0.792967,9522105380
5754178,9335.14,1.29099,0.778461,9522105381
5754179,9335.14,1.35626,0.779267,9522105381
5754180,9335.14,1.31516,0.779267,9522105382
5754181,9335.15,1.34176,0.777655,9522105383
5754182,9335.15,1.40059,0.777655,9522105384
5754183,9335.15,1.37802,0.778461,9522105385
5754184,9335.15,1.40139,0.78249,9522105386
5754185,9335.15,1.39495,0.776849,9522105386
5754186,9335.15,1.41832,0.78652,9522105387
5754187,9335.15,1.40784,0.776849,9522105388
5754188,9335.15,1.36755,0.778461,9522105389
5754189,9335.15,1.40784,0.778461,9522105390
5754190,9335.15,1.41832,0.776849,9522105391
5754191,9335.16,1.34256,0.776849,9522105392
5754192,9335.16,1.35465,0.763956,9522121987
5754193,9335.16,1.40139,0.776849,9522121994
5754194,9335.16,1.35546,0.783296,9522121995
5754195,9335.16,1.32806,0.777655,9522121996
5754196,9335.16,1.39414,0.79619,9522121997
5754197,9335.16,1.32403,0.777655,9522121997
5754198,9335.16,1.39253,0.776849,9522121998
5754199,9335.16,1.38447,0.777655,9522121999
5754200,9335.16,1.30872,0.778461,9522122005
5754201,9335.17,1.41832,0.776849,9522122006
5754202,9335.17,1.3474,0.777655,9522122007
5754203,9335.17,1.2926,0.776849,9522122008
5754204,9335.17,1.41832,0.776849,9522122009
5754205,9335.17,1.34256,0.776849,9522122014
5754206,9335.17,1.37399,0.777655,9522122015
5754207,9335.17,1.41832,0.785714,9522122015
5754208,9335.17,1.25311,0.773626,9522138619
5754209,9335.17,1.35385,0.776849,9522138624
5754210,9335.17,1.34095,0.776849,9522138625
5754211,9335.17,1.34095,0.778461,9522138626
5754212,9335.18,1.39978,0.779267,9522138627
5754213,9335.18,1.35062,0.780073,9522138628
5754214,9335.18,1.34579,0.778461,9522138629
5754215,9335.18,1.40703,0.785714,9522138630
5754216,9335.18,1.37963,0.780879,9522138631
5754217,9335.18,1.40059,0.785714,9522138632
5754218,9335.18,1.41106,0.776849,9522138633
5754219,9335.18,1.39253,0.783296,9522138633
5754220,9335.18,1.38447,0.776849,9522138634
5754221,9335.18,1.39253,0.780879,9522138635
5754222,9335.19,1.39092,0.778461,9522138636
5754223,9335.19,1.39414,0.777655,9522138636
5754224,9335.19,1.37802,0.785714,9522138637
5754225,9335.19,1.34579,0.777655,9522155315
5754226,9335.19,1.39253,0.78249,9522155320
5754227,9335.19,1.37802,0.776849,9522155322
5754228,9335.19,1.37157,0.785714,9522155322
5754229,9335.19,1.41912,0.778461,9522155323
5754230,9335.19,1.42718,0.778461,9522155324
5754231,9335.19,1.41832,0.780073,9522155325
5754232,9335.2,1.3474,0.777655,9522155349
5754233,9335.2,1.37157,0.759926,9522155350
5754234,9335.2,1.43282,0.776849,9522155351
5754235,9335.2,1.34579,0.777655,9522155352
5754236,9335.2,1.35304,0.788937,9522155352
5754237,9335.2,1.41993,0.776849,9522155353
5754238,9335.2,1.28938,0.759926,9522155354
5754239,9335.2,1.36029,0.783296,9522155355
5754240,9335.2,1.39333,0.78249,9522155356
5754241,9335.2,1.2241,0.783296,9522171903
5754242,9335.21,1.37319,0.776849,9522171908
5754243,9335.21,1.32806,0.778461,9522171909
5754244,9335.21,1.32806,0.777655,9522171910
5754245,9335.21,1.40864,0.778461,9522171911
5754246,9335.21,1.29099,0.783296,9522171912
5754247,9335.21,1.35223,0.780073,9522171913
5754248,9335.21,1.37802,0.780073,9522171914
5754249,9335.21,1.33048,0.780073,9522171914
5754250,9335.21,1.39253,0.776849,9522171915
5754251,9335.22,1.35465,0.777655,9522171916
5754252,9335.22,1.30227,0.778461,9522171917
5754253,9335.22,1.39414,0.777655,9522171918
5754254,9335.22,1.3619,0.776849,9522171918
5754255,9335.22,1.36674,0.784102,9522171919
5754256,9335.22,1.39817,0.777655,9522171920
5754257,9335.22,1.36916,0.780879,9522171921
5754258,9335.22,1.30791,0.776849,9522188596
5754259,9335.22,1.37963,0.779267,9522188601
5754260,9335.22,1.34256,0.777655,9522188602
5754261,9335.23,1.35546,0.776849,9522188603
5754262,9335.23,1.39253,0.778461,9522188604
5754263,9335.23,1.36674,0.777655,9522188605
5754264,9335.23,1.41832,0.778461,9522188606
5754265,9335.23,1.37399,0.776849,9522188607
5754266,9335.23,1.3756,0.776849,9522188608
5754267,9335.23,1.41832,0.776849,9522188608
5754268,9335.23,1.40059,0.784102,9522188609
5754269,9335.23,1.42396,0.778461,9522188610
5754270,9335.23,1.39575,0.777655,9522188611
5754271,9335.24,1.42073,0.778461,9522188612
5754272,9335.24,1.42073,0.778461,9522188613
5754273,9335.24,1.41832,0.776849,9522188613
5754274,9335.24,1.39495,0.777655,9522188614
5754275,9335.24,1.36916,0.778461,9522205308
5754276,9335.24,1.3208,0.78652,9522205313
5754277,9335.24,1.34579,0.778461,9522205315
5754278,9335.24,1.39575,0.778461,9522205316
5754279,9335.24,1.31758,0.776849,9522205316
5754280,9335.24,1.40139,0.776849,9522205317
5754281,9335.25,1.36755,0.777655,9522205318
5754282,9335.25,1.30469,0.785714,9522205319
5754283,9335.25,1.40059,0.776849,9522205320
5754284,9335.25,1.32967,0.775238,9522205320
5754285,9335.25,1.31839,0.780879,9522205321
5754286,9335.25,1.39253,0.777655,9522205322
5754287,9335.25,1.3208,0.780073,9522205323
5754288,9335.25,1.37883,0.776849,9522205324
5754289,9335.25,1.39897,0.780073,9522205325
5754290,9335.25,1.34095,0.780879,9522205325
5754291,9335.25,1.37238,0.778461,9522221942
5754292,9335.26,1.28938,0.776849,9522221947
5754293,9335.26,1.34095,0.776849,9522221949
5754294,9335.26,1.40139,0.780879,9522221950
5754295,9335.26,1.35626,0.776849,9522221951
5754296,9335.26,1.39253,0.780073,9522221952
5754297,9335.26,1.41832,0.780073,9522221952
5754298,9335.26,1.34095,0.780073,9522221953
5754299,9335.26,1.37963,0.780073,9522221954
5754300,9335.26,1.37399,0.776849,9522221955
5754301,9335.26,1.39253,0.780073,9522221956
5754302,9335.27,1.41832,0.773626,9522221956
5754303,9335.27,1.32806,0.778461,9522221957
5754304,9335.27,1.36755,0.778461,9522221958
5754305,9335.27,1.40542,0.776849,9522221959
5754306,9335.27,1.39253,0.776849,9522221960
5754307,9335.27,1.39333,0.783296,9522221960
5754308,9335.27,1.34176,0.776849,9522238689
5754309,9335.27,1.39253,0.776849,9522238695
5754310,9335.27,1.40059,0.791355,9522238696
5754311,9335.27,1.39253,0.778461,9522238697
5754312,9335.28,1.35223,0.779267,9522238697
5754313,9335.28,1.39495,0.763956,9522238698
5754314,9335.28,1.38286,0.776849,9522238699
5754315,9335.28,1.32645,0.777655,9522238700
5754316,9335.28,1.3482,0.776849,9522238701
5754317,9335.28,1.34095,0.767179,9522238702
5754318,9335.28,1.37157,0.780879,9522238703
5754319,9335.28,1.40542,0.778461,9522238704
5754320,9335.28,1.29099,0.778461,9522238704
5754321,9335.28,1.37883,0.788937,9522238705
5754322,9335.29,1.36674,0.776849,9522238706
5754323,9335.29,1.29099,0.776849,9522238707
5754324,9335.29,1.39414,0.777655,9522238707
5754325,9335.29,1.26681,0.777655,9522255460
5754326,9335.29,1.29018,0.778461,9522255465
5754327,9335.29,1.40381,0.776849,9522255467
5754328,9335.29,1.32725,0.780879,9522255468
5754329,9335.29,1.39253,0.778461,9522255468
5754330,9335.29,1.42476,0.779267,9522255469
5754331,9335.3,1.32806,0.778461,9522255470
5754332,9335.3,1.40381,0.780879,9522255471
5754333,9335.3,1.36916,0.776849,9522255472
5754334,9335.3,1.36674,0.788937,9522255473
5754335,9335.3,1.4441,0.780073,9522255473
5754336,9335.3,1.35385,0.776849,9522255474
5754337,9335.3,1.37883,0.776849,9522255475
5754338,9335.3,1.42557,0.777655,9522255476
5754339,9335.3,1.39253,0.780073,9522255477
5754340,9335.3,1.36674,0.777655,9522255478
5754341,9335.31,1.3482,0.779267,9522255479
5754342,9335.31,1.36674,0.780879,9522271830
5754343,9335.31,1.39736,0.773626,9522271836
5754344,9335.31,1.39817,0.778461,9522271837
5754345,9335.31,1.36996,0.776849,9522271838
5754346,9335.31,1.4022,0.778461,9522271839
5754347,9335.31,1.42315,0.780073,9522271840
5754348,9335.31,1.40059,0.776849,9522271841
5754349,9335.31,1.43121,0.788131,9522271842
5754350,9335.31,1.41832,0.776849,9522271842
5754351,9335.32,1.41912,0.776849,9522271843
5754352,9335.32,1.37077,0.777655,9522271844
5754353,9335.32,1.31597,0.765567,9522271845
5754354,9335.32,1.29018,0.780879,9522271846
5754355,9335.32,1.35385,0.779267,9522271846
5754356,9335.32,1.38447,0.781684,9522271847
5754357,9335.32,1.29905,0.776849,9522271848
5754358,9335.32,1.27568,0.776849,9522288511
5754359,9335.32,1.39253,0.776849,9522288517
5754360,9335.32,1.34095,0.773626,9522288518
5754361,9335.33,1.39414,0.777655,9522288519
5754362,9335.33,1.38769,0.777655,9522288520
5754363,9335.33,1.3756,0.778461,9522288521
5754364,9335.33,1.36674,0.776849,9522288521
5754365,9335.33,1.39253,0.777655,9522288522
5754366,9335.33,1.36674,0.767179,9522288523
5754367,9335.33,1.32725,0.780879,9522288524
5754368,9335.33,1.42073,0.776849,9522288525
5754369,9335.33,1.37157,0.775238,9522288526
5754370,9335.33,1.34901,0.79619,9522288527
5754371,9335.33,1.37883,0.785714,9522288527
5754372,9335.34,1.40462,0.776849,9522288528
5754373,9335.34,1.36674,0.765567,9522288529
5754374,9335.34,1.41832,0.777655,9522288530
5754375,9335.34,1.33128,0.773626,9522305219
5754376,9335.34,1.34176,0.777655,9522305226
5754377,9335.34,1.35385,0.783296,9522305227
5754378,9335.34,1.39897,0.780879,9522305228
5754379,9335.34,1.35385,0.780073,9522305230
5754380,9335.34,1.42476,0.765567,9522305231
5754381,9335.34,1.36674,0.788937,9522305231
5754382,9335.35,1.30872,0.780879,9522305232
5754383,9335.35,1.39253,0.780879,9522305233
5754384,9335.35,1.36674,0.776849,9522305234
5754385,9335.35,1.39414,0.773626,9522305235
5754386,9335.35,1.36755,0.781684,9522305235
5754387,9335.35,1.39253,0.776849,9522305236
5754388,9335.35,1.41993,0.778461,9522305237
5754389,9335.35,1.34095,0.778461,9522305238
5754390,9335.35,1.42396,0.767985,9522305239
5754391,9335.35,1.31516,0.778461,9522321952
5754392,9335.36,1.21363,0.779267,9522321960
5754393,9335.36,1.36835,0.777655,9522321961
5754394,9335.36,1.42718,0.778461,9522321962
5754395,9335.36,1.36835,0.759926,9522321963
5754396,9335.36,1.39817,0.792967,9522321964
5754397,9335.36,1.36674,0.777655,9522321965
5754398,9335.36,1.39253,0.781684,9522321965
5754399,9335.36,1.30066,0.780073,9522321967
5754400,9335.36,1.33289,0.776849,9522321968
5754401,9335.36,1.39897,0.778461,9522321968
5754402,9335.37,1.34095,0.779267,9522321969
5754403,9335.37,1.27648,0.778461,9522321970
5754404,9335.37,1.38125,0.777655,9522321971
5754405,9335.37,1.36835,0.778461,9522321972
5754406,9335.37,1.39575,0.787326,9522321972
5754407,9335.37,1.32,0.778461,9522321973
5754408,9335.37,1.34095,0.778461,9522338494
5754409,9335.37,1.39736,0.776849,9522338499
5754410,9335.37,1.28938,0.78652,9522338501
5754411,9335.38,1.39172,0.778461,9522338501
5754412,9335.38,1.39253,0.778461,9522338502
5754413,9335.38,1.28938,0.780879,9522338503
5754414,9335.38,1.42154,0.776849,9522338504
5754415,9335.38,1.40462,0.774432,9522338505
5754416,9335.38,1.36835,0.776849,9522338506
5754417,9335.38,1.39253,0.780073,9522338506
5754418,9335.38,1.35465,0.792967,9522338507
5754419,9335.38,1.40542,0.776849,9522338530
5754420,9335.38,1.29018,0.778461,9522338531
5754421,9335.39,1.37802,0.778461,9522338532
5754422,9335.39,1.41832,0.778461,9522338533
5754423,9335.39,1.34176,0.776849,9522338533
5754424,9335.39,1.29582,0.780073,9522338534
5754425,9335.39,1.34982,0.792161,9522355423
5754426,9335.39,1.34256,0.777655,9522355432
5754427,9335.39,1.42315,0.785714,9522355434
5754428,9335.39,1.34095,0.776849,9522355436
5754429,9335.39,1.41912,0.776849,9522355437
5754430,9335.39,1.43927,0.780073,9522355438
5754431,9335.4,1.34176,0.78249,9522355439
5754432,9335.4,1.43121,0.778461,9522355441
5754433,9335.4,1.39817,0.780879,9522355442
5754434,9335.4,1.27487,0.773626,9522355443
5754435,9335.4,1.40784,0.778461,9522355444
5754436,9335.4,1.41832,0.773626,9522355445
5754437,9335.4,1.40139,0.765567,9522355446
5754438,9335.4,1.34256,0.778461,9522355448
5754439,9335.4,1.34901,0.776849,9522355449
5754440,9335.4,1.3619,0.788131,9522355450
5754441,9335.41,1.26359,0.778461,9522355451
5754442,9335.41,1.30388,0.778461,9522372120
5754443,9335.41,1.39897,0.778461,9522372126
5754444,9335.41,1.33289,0.776849,9522372127
5754445,9335.41,1.30711,0.784102,9522372128
5754446,9335.41,1.37802,0.777655,9522372129
5754447,9335.41,1.3748,0.778461,9522372130
5754448,9335.41,1.43604,0.783296,9522372131
5754449,9335.41,1.34498,0.773626,9522372132
5754450,9335.41,1.42315,0.778461,9522372133
5754451,9335.42,1.41832,0.777655,9522372134
5754452,9335.42,1.31516,0.780879,9522372135
5754453,9335.42,1.42315,0.765567,9522372135
5754454,9335.42,1.37722,0.777655,9522372136
5754455,9335.42,1.26601,0.767179,9522372137
5754456,9335.42,1.42315,0.783296,9522372138
5754457,9335.42,1.42396,0.776849,9522372139
5754458,9335.42,1.3208,0.776849,9522388877
5754459,9335.42,1.34579,0.777655,9522388886
5754460,9335.42,1.34579,0.763956,9522388889
5754461,9335.42,1.36674,0.776849,9522388890
5754462,9335.43,1.31516,0.776849,9522388891
5754463,9335.43,1.36674,0.776849,9522388892
5754464,9335.43,1.39253,0.773626,9522388893
5754465,9335.43,1.29018,0.778461,9522388895
5754466,9335.43,1.31678,0.776849,9522388896
5754467,9335.43,1.40381,0.776849,9522388897
5754468,9335.43,1.37963,0.775238,9522388898
5754469,9335.43,1.41912,0.777655,9522388899
5754470,9335.43,1.36674,0.776849,9522388900
5754471,9335.43,1.41832,0.776849,9522388901
5754472,9335.44,1.41832,0.773626,9522388902
5754473,9335.44,1.31678,0.781684,9522388903
5754474,9335.44,1.42557,0.778461,9522388904
5754475,9335.44,1.31516,0.778461,9522405534
5754476,9335.44,1.27648,0.777655,9522405540
5754477,9335.44,1.40462,0.779267,9522405541
5754478,9335.44,1.33934,0.759926,9522405542
5754479,9335.44,1.34095,0.779267,9522405543
5754480,9335.44,1.32967,0.776043,9522405543
5754481,9335.44,1.39253,0.778461,9522405544
5754482,9335.45,1.40381,0.788937,9522405545
5754483,9335.45,1.32483,0.776849,9522405546
5754484,9335.45,1.39253,0.783296,9522405547
5754485,9335.45,1.3748,0.778461,9522405548
5754486,9335.45,1.28938,0.79619,9522405549
5754487,9335.45,1.3619,0.779267,9522405550
5754488,9335.45,1.41832,0.780879,9522405551
5754489,9335.45,1.41832,0.773626,9522405551
5754490,9335.45,1.39736,0.778461,9522405552
5754491,9335.45,1.29421,0.780879,9522405553
5754492,9335.46,1.34095,0.776849,9522422118
5754493,9335.46,1.39736,0.767179,9522422143
5754494,9335.46,1.32322,0.776849,9522422145
5754495,9335.46,1.4441,0.776849,9522422146
5754496,9335.46,1.34095,0.776849,9522422146
5754497,9335.46,1.29099,0.777655,9522422147
5754498,9335.46,1.42396,0.777655,9522422148
5754499,9335.46,1.39656,0.778461,9522422149
5754500,9335.46,1.3756,0.776849,9522422150
5754501,9335.47,1.30549,0.788937,9522422151
5754502,9335.47,1.3756,0.759926,9522422151
5754503,9335.47,1.37238,0.776849,9522422152
5754504,9335.47,1.30066,0.778461,9522422153
5754505,9335.47,1.39253,0.778461,9522422154
5754506,9335.47,1.34982,0.767179,9522422155
5754507,9335.47,1.26842,0.776849,9522422156
5754508,9335.47,1.32645,0.777655,9522438740
5754509,9335.47,1.39817,0.776849,9522438746
5754510,9335.47,1.37883,0.776849,9522438747
5754511,9335.48,1.39736,0.773626,9522438748
5754512,9335.48,1.3208,0.785714,9522438749
5754513,9335.48,1.34337,0.778461,9522438750
5754514,9335.48,1.39253,0.767179,9522438751
5754515,9335.48,1.29824,0.778461,9522438751
5754516,9335.48,1.42396,0.780879,9522438752
5754517,9335.48,1.34095,0.777655,9522438753
5754518,9335.48,1.31516,0.776849,9522438754
5754519,9335.48,1.42073,0.776849,9522438755
5754520,9335.48,1.42154,0.783296,9522438755
5754521,9335.49,1.40059,0.773626,9522438756
5754522,9335.49,1.32725,0.776849,9522438757
5754523,9335.49,1.41832,0.78249,9522438758
5754524,9335.49,1.40381,0.777655,9522438759
5754525,9335.49,1.28938,0.783296,9522455330
5754526,9335.49,1.38769,0.788131,9522455357
5754527,9335.49,1.3756,0.767179,9522455368
5754528,9335.49,1.26842,0.775238,9522455380
5754529,9335.49,1.41832,0.780073,9522455386
5754530,9335.49,1.40542,0.764761,9522455386
5754531,9335.5,1.38447,0.780073,9522455387
5754532,9335.5,1.39495,0.780073,9522455388
5754533,9335.5,1.39253,0.780879,9522455389
5754534,9335.5,1.42637,0.780073,9522455390
5754535,9335.5,1.44894,0.768791,9522455391
5754536,9335.5,1.31839,0.776849,9522455391
5754537,9335.5,1.41832,0.78652,9522455392
5754538,9335.5,1.28132,0.767179,9522455393
5754539,9335.5,1.31516,0.780073,9522455394
5754540,9335.5,1.41832,0.776849,9522455395
5754541,9335.5,1.36029,0.783296,9522455396
5754542,9335.51,1.32645,0.785714,9522472022
5754543,9335.51,1.29099,0.784102,9522472026
5754544,9335.51,1.41832,0.777655,9522472027
5754545,9335.51,1.39414,0.776849,9522472028
5754546,9335.51,1.32322,0.783296,9522472029
5754547,9335.51,1.39817,0.784102,9522472030
5754548,9335.51,1.39333,0.759926,9522472030
5754549,9335.51,1.26439,0.773626,9522472031
5754550,9335.51,1.42557,0.777655,9522472032
5754551,9335.51,1.43121,0.777655,9522472033
5754552,9335.52,1.39817,0.788937,9522472034
5754553,9335.52,1.38447,0.776849,9522472034
5754554,9335.52,1.35546,0.778461,9522472035
5754555,9335.52,1.39414,0.792967,9522472036
5754556,9335.52,1.41832,0.776849,9522472037
5754557,9335.52,1.32645,0.778461,9522472037
5754558,9335.52,1.36835,0.770402,9522488657
5754559,9335.52,1.28938,0.779267,9522488662
5754560,9335.52,1.31919,0.778461,9522488663
5754561,9335.52,1.41993,0.780879,9522488663
5754562,9335.53,1.40703,0.780073,9522488664
5754563,9335.53,1.37157,0.778461,9522488665
5754564,9335.53,1.35223,0.780073,9522488666
5754565,9335.53,1.39414,0.759926,9522488667
5754566,9335.53,1.38125,0.780879,9522488667
5754567,9335.53,1.34095,0.776849,9522488668
5754568,9335.53,1.3748,0.776849,9522488669
5754569,9335.53,1.40542,0.776849,9522488670
5754570,9335.53,1.29905,0.78652,9522488671
5754571,9335.53,1.43685,0.778461,9522488672
5754572,9335.54,1.39414,0.777655,9522488673
5754573,9335.54,1.36996,0.784102,9522488673
5754574,9335.54,1.38205,0.779267,9522488674
5754575,9335.54,1.34095,0.785714,9522505339
5754576,9335.54,1.36674,0.778461,9522505345
5754577,9335.54,1.39414,0.777655,9522505347
5754578,9335.54,1.26842,0.780073,9522505348
5754579,9335.54,1.39414,0.778461,9522505350
5754580,9335.54,1.30066,0.780879,9522505351
5754581,9335.55,1.39736,0.780073,9522505352
5754582,9335.55,1.42637,0.778461,9522505354
5754583,9335.55,1.39575,0.776849,9522505355
5754584,9335.55,1.37319,0.78652,9522505356
5754585,9335.55,1.32725,0.773626,9522505358
5754586,9335.55,1.37399,0.775238,9522505359
5754587,9335.55,1.41912,0.775238,9522505360
5754588,9335.55,1.34095,0.776849,9522505362
5754589,9335.55,1.40381,0.777655,9522505363
5754590,9335.55,1.39414,0.780073,9522505364
5754591,9335.56,1.28132,0.778461,9522505365
5754592,9335.56,1.39253,0.776849,9522522080
5754593,9335.56,1.39414,0.783296,9522522084
5754594,9335.56,1.37157,0.780073,9522522085
5754595,9335.56,1.3756,0.776849,9522522086
5754596,9335.56,1.39253,0.778461,9522522087
5754597,9335.56,1.40542,0.778461,9522522087
5754598,9335.56,1.3756,0.777655,9522522088
5754599,9335.56,1.29421,0.778461,9522522089
5754600,9335.56,1.43121,0.778461,9522522090
5754601,9335.57,1.28938,0.776849,9522522091
5754602,9335.57,1.41912,0.777655,9522522091
5754603,9335.57,1.38527,0.79619,9522522092
5754604,9335.57,1.39172,0.783296,9522522093
5754605,9335.57,1.37802,0.780879,9522522094
5754606,9335.57,1.32,0.792161,9522522123
5754607,9335.57,1.42557,0.777655,9522522124
5754608,9335.57,1.37802,0.780879,9522538724
5754609,9335.57,1.29421,0.776849,9522538728
5754610,9335.57,1.37883,0.776849,9522538729
5754611,9335.58,1.41832,0.774432,9522538730
5754612,9335.58,1.31678,0.776849,9522538730
5754613,9335.58,1.41751,0.777655,9522538731
5754614,9335.58,1.40462,0.783296,9522538732
5754615,9335.58,1.36755,0.78652,9522538733
5754616,9335.58,1.40381,0.781684,9522538734
5754617,9335.58,1.40381,0.783296,9522538735
5754618,9335.58,1.39333,0.776849,9522538735
5754619,9335.58,1.36674,0.775238,9522538736
5754620,9335.58,1.31516,0.792967,9522538737
5754621,9335.58,1.42476,0.78652,9522538738
5754622,9335.59,1.29179,0.776849,9522538738
5754623,9335.59,1.39333,0.777655,9522538739
5754624,9335.59,1.40059,0.780073,9522538740
5754625,9335.59,1.30308,0.775238,9522555397
5754626,9335.59,1.35304,0.776849,9522555401
5754627,9335.59,1.30388,0.777655,9522555401
5754628,9335.59,1.37802,0.780879,9522555402
5754629,9335.59,1.42637,0.784102,9522555403
5754630,9335.59,1.32,0.776849,9522555404
5754631,9335.59,1.39253,0.778461,9522555405
5754632,9335.6,1.38447,0.779267,9522555406
5754633,9335.6,1.31758,0.763956,9522555407
5754634,9335.6,1.40139,0.776849,9522555408
5754635,9335.6,1.42798,0.783296,9522555408
5754636,9335.6,1.37319,0.778461,9522555409
5754637,9335.6,1.40381,0.778461,9522555410
5754638,9335.6,1.37319,0.784102,9522555411
5754639,9335.6,1.41832,0.776849,9522555412
5754640,9335.6,1.3474,0.776849,9522555413
5754641,9335.6,1.29421,0.776849,9522555413
5754642,9335.61,1.36996,0.778461,9522572061
5754643,9335.61,1.2926,0.785714,9522572065
5754644,9335.61,1.39253,0.773626,9522572066
5754645,9335.61,1.39253,0.767179,9522572067
5754646,9335.61,1.38447,0.773626,9522572068
5754647,9335.61,1.41106,0.777655,9522572069
5754648,9335.61,1.36674,0.780073,9522572070
5754649,9335.61,1.43121,0.778461,9522572071
5754650,9335.61,1.43121,0.780879,9522572071
5754651,9335.61,1.34095,0.783296,9522572072
5754652,9335.62,1.41832,0.792967,9522572073
5754653,9335.62,1.39736,0.776849,9522572074
5754654,9335.62,1.30791,0.777655,9522572075
5754655,9335.62,1.41832,0.776849,9522572075
5754656,9335.62,1.39897,0.778461,9522572076
5754657,9335.62,1.39495,0.780073,9522572077
5754658,9335.62,1.33934,0.773626,9522588745
5754659,9335.62,1.36835,0.785714,9522588751
5754660,9335.62,1.40381,0.777655,9522588754
5754661,9335.62,1.30872,0.79619,9522588755
5754662,9335.63,1.29663,0.776849,9522588756
5754663,9335.63,1.41993,0.777655,9522588756
5754664,9335.63,1.29582,0.783296,9522588757
5754665,9335.63,1.36835,0.780073,9522588758
5754666,9335.63,1.40703,0.777655,9522588759
5754667,9335.63,1.35223,0.792967,9522588760
5754668,9335.63,1.3748,0.776849,9522588760
5754669,9335.63,1.34579,0.783296,9522588761
5754670,9335.63,1.42073,0.777655,9522588762
5754671,9335.64,1.42154,0.776849,9522588763
5754672,9335.64,1.32,0.776849,9522588764
5754673,9335.64,1.39897,0.765567,9522588765
5754674,9335.64,1.39092,0.776849,9522588765
5754675,9335.64,1.237,0.777655,9522605450
5754676,9335.64,1.36835,0.773626,9522605456
5754677,9335.64,1.37802,0.777655,9522605457
5754678,9335.64,1.34095,0.780073,9522605458
5754679,9335.64,1.34095,0.779267,9522605459
5754680,9335.64,1.32967,0.773626,9522605460
5754681,9335.65,1.43121,0.778461,9522605461
5754682,9335.65,1.31678,0.776849,9522605461
5754683,9335.65,1.33934,0.775238,9522605462
5754684,9335.65,1.43443,0.792967,9522605463
5754685,9335.65,1.30388,0.783296,9522605464
5754686,9335.65,1.41993,0.783296,9522605465
5754687,9335.65,1.40784,0.778461,9522605465
5754688,9335.65,1.40381,0.776849,9522605466
5754689,9335.65,1.42637,0.773626,9522605467
5754690,9335.65,1.37319,0.777655,9522605468
5754691,9335.66,1.40381,0.78652,9522605469
5754692,9335.66,1.35385,0.776849,9522622143
5754693,9335.66,1.32403,0.778461,9522622147
5754694,9335.66,1.37963,0.776849,9522622148
5754695,9335.66,1.39253,0.780073,9522622149
5754696,9335.66,1.31678,0.759926,9522622150
5754697,9335.66,1.39736,0.78652,9522622151
5754698,9335.66,1.41993,0.777655,9522622152
5754699,9335.66,1.37722,0.780879,9522622153
5754700,9335.66,1.39253,0.778461,9522622155
5754701,9335.67,1.37157,0.773626,9522622155
5754702,9335.67,1.39897,0.777655,9522622156
5754703,9335.67,1.30066,0.776849,9522622157
5754704,9335.67,1.35304,0.778461,9522622158
5754705,9335.67,1.42879,0.776849,9522622159
5754706,9335.67,1.32725,0.777655,9522622159
5754707,9335.67,1.42476,0.78652,9522622160
5754708,9335.67,1.39253,0.777655,9522638766
5754709,9335.67,1.34901,0.780073,9522638770
5754710,9335.67,1.39414,0.780879,9522638771
5754711,9335.67,1.34095,0.777655,9522638772
5754712,9335.68,1.41912,0.788937,9522638773
5754713,9335.68,1.38286,0.778461,9522638774
5754714,9335.68,1.34095,0.777655,9522638775
5754715,9335.68,1.39897,0.773626,9522638775
5754716,9335.68,1.39978,0.780879,9522638776
5754717,9335.68,1.30388,0.780879,9522638777
5754718,9335.68,1.40542,0.780073,9522638778
5754719,9335.68,1.40381,0.777655,9522638779
5754720,9335.68,1.36674,0.776849,9522638779
5754721,9335.68,1.38125,0.777655,9522638780
5754722,9335.69,1.37802,0.776849,9522638781
5754723,9335.69,1.40139,0.776849,9522638782
5754724,9335.69,1.27407,0.788937,9522638783
5754725,9335.69,1.29502,0.776849,9522655544
5754726,9335.69,1.40864,0.776849,9522655551
5754727,9335.69,1.24667,0.776849,9522655552
5754728,9335.69,1.34579,0.780073,9522655553
5754729,9335.69,1.35223,0.778461,9522655554
5754730,9335.69,1.35868,0.792967,9522655555
5754731,9335.69,1.43927,0.775238,9522655555
5754732,9335.7,1.35626,0.781684,9522655556
5754733,9335.7,1.41832,0.778461,9522655557
5754734,9335.7,1.35868,0.777655,9522655558
5754735,9335.7,1.34095,0.778461,9522655559
5754736,9335.7,1.42073,0.778461,9522655560
5754737,9335.7,1.39414,0.780879,9522655561
5754738,9335.7,1.31516,0.776849,9522655562
5754739,9335.7,1.4296,0.776849,9522655563
5754740,9335.7,1.40623,0.780879,9522655563
5754741,9335.7,1.36674,0.777655,9522655564
5754742,9335.71,1.32161,0.779267,9522672098
5754743,9335.71,1.39253,0.780073,9522672103
5754744,9335.71,1.39736,0.77282,9522672104
5754745,9335.71,1.28938,0.777655,9522672105
5754746,9335.71,1.34901,0.779267,9522672106
5754747,9335.71,1.44007,0.777655,9522672107
5754748,9335.71,1.34579,0.784102,9522672108
5754749,9335.71,1.41993,0.776849,9522672109
5754750,9335.71,1.44249,0.773626,9522672109
5754751,9335.72,1.37963,0.776849,9522672110
5754752,9335.72,1.4304,0.780879,9522672111
5754753,9335.72,1.32,0.778461,9522672112
5754754,9335.72,1.40139,0.777655,9522672113
5754755,9335.72,1.32967,0.777655,9522672114
5754756,9335.72,1.36835,0.778461,9522672114
5754757,9335.72,1.4296,0.776849,9522672115
5754758,9335.72,1.32645,0.78652,9522688763
5754759,9335.72,1.28938,0.776849,9522688768
5754760,9335.72,1.36674,0.767179,9522688769
5754761,9335.73,1.39495,0.778461,9522688770
5754762,9335.73,1.36674,0.783296,9522688770
5754763,9335.73,1.36755,0.773626,9522688771
5754764,9335.73,1.36029,0.781684,9522688772
5754765,9335.73,1.39414,0.776849,9522688773
5754766,9335.73,1.29582,0.776849,9522688774
5754767,9335.73,1.38769,0.773626,9522688775
5754768,9335.73,1.40381,0.780879,9522688776
5754769,9335.73,1.3208,0.780073,9522688776
5754770,9335.73,1.45216,0.780073,9522688777
5754771,9335.74,1.44974,0.778461,9522688778
5754772,9335.74,1.36674,0.780073,9522688779
5754773,9335.74,1.42154,0.781684,9522688780
5754774,9335.74,1.34095,0.777655,9522688780
5754775,9335.74,1.31678,0.780073,9522705525
5754776,9335.74,1.32,0.777655,9522705531
5754777,9335.74,1.34579,0.770402,9522705533
5754778,9335.74,1.41187,0.778461,9522705534
5754779,9335.74,1.35385,0.776849,9522705535
5754780,9335.74,1.2781,0.777655,9522705535
5754781,9335.75,1.38125,0.763956,9522705536
5754782,9335.75,1.40542,0.776849,9522705537
5754783,9335.75,1.40784,0.78652,9522705538
5754784,9335.75,1.37641,0.779267,9522705539
5754785,9335.75,1.39897,0.791355,9522705540
5754786,9335.75,1.41832,0.784102,9522705541
5754787,9335.75,1.31516,0.780879,9522705542
5754788,9335.75,1.45216,0.792967,9522705542
5754789,9335.75,1.40381,0.776849,9522705543
5754790,9335.75,1.29099,0.776849,9522705544
5754791,9335.75,1.41832,0.785714,9522705545
5754792,9335.76,1.3756,0.776849,9522722118
5754793,9335.76,1.39495,0.785714,9522722123
5754794,9335.76,1.41832,0.778461,9522722154
5754795,9335.76,1.35223,0.778461,9522722155
5754796,9335.76,1.39092,0.778461,9522722155
5754797,9335.76,1.37319,0.776849,9522722156
5754798,9335.76,1.37319,0.777655,9522722157
5754799,9335.76,1.45216,0.777655,9522722158
5754800,9335.76,1.37963,0.777655,9522722159
5754801,9335.76,1.29099,0.773626,9522722160
5754802,9335.77,1.38125,0.784102,9522722160
5754803,9335.77,1.37157,0.776849,9522722161
5754804,9335.77,1.39736,0.777655,9522722162
5754805,9335.77,1.34095,0.785714,9522722163
5754806,9335.77,1.39414,0.777655,9522722164
5754807,9335.77,1.41832,0.773626,9522722164
5754808,9335.77,1.27165,0.776849,9522738799
5754809,9335.77,1.39333,0.779267,9522738808
5754810,9335.77,1.40703,0.776849,9522738809
5754811,9335.77,1.32322,0.792967,9522738810
5754812,9335.78,1.40059,0.778461,9522738811
5754813,9335.78,1.39253,0.776849,9522738812
5754814,9335.78,1.39414,0.774432,9522738813
5754815,9335.78,1.37319,0.764761,9522738814
5754816,9335.78,1.3748,0.777655,9522738815
5754817,9335.78,1.39092,0.780879,9522738815
5754818,9335.78,1.37319,0.780879,9522738816
5754819,9335.78,1.39253,0.776849,9522738817
5754820,9335.78,1.40542,0.785714,9522738818
5754821,9335.78,1.3208,0.778461,9522738819
5754822,9335.79,1.28938,0.783296,9522738820
5754823,9335.79,1.40059,0.788131,9522738821
5754824,9335.79,1.3756,0.774432,9522738822
5754825,9335.79,1.35385,0.792967,9522755524
5754826,9335.79,1.28454,0.780879,9522755528
5754827,9335.79,1.39253,0.778461,9522755529
5754828,9335.79,1.39897,0.780879,9522755530
5754829,9335.79,1.32806,0.78652,9522755531
5754830,9335.79,1.41832,0.78249,9522755531
5754831,9335.8,1.39253,0.777655,9522755532
5754832,9335.8,1.2789,0.776849,9522755533
5754833,9335.8,1.4296,0.776849,9522755534
5754834,9335.8,1.4441,0.776849,9522755535
5754835,9335.8,1.39414,0.777655,9522755536
5754836,9335.8,1.35223,0.774432,9522755536
5754837,9335.8,1.39495,0.777655,9522755537
5754838,9335.8,1.41832,0.777655,9522755538
5754839,9335.8,1.37238,0.780073,9522755539
5754840,9335.8,1.37319,0.780073,9522755540
5754841,9335.81,1.39817,0.780073,9522755541
5754842,9335.81,1.24264,0.776849,9522772165
5754843,9335.81,1.2515,0.776849,9522772169
5754844,9335.81,1.40139,0.778461,9522772170
5754845,9335.81,1.36996,0.777655,9522772171
5754846,9335.81,1.40381,0.777655,9522772172
5754847,9335.81,1.34095,0.783296,9522772173
5754848,9335.81,1.39736,0.780073,9522772174
5754849,9335.81,1.41832,0.780879,9522772175
5754850,9335.81,1.36674,0.780879,9522772175
5754851,9335.82,1.45538,0.777655,9522772176
5754852,9335.82,1.37963,0.778461,9522772177
5754853,9335.82,1.29179,0.777655,9522772178
5754854,9335.82,1.42154,0.780073,9522772178
5754855,9335.82,1.45135,0.778461,9522772179
5754856,9335.82,1.37883,0.776849,9522772180
5754857,9335.82,1.36755,0.788937,9522772181
5754858,9335.82,1.3208,0.780073,9522788816
5754859,9335.82,1.37157,0.778461,9522788822
5754860,9335.82,1.36674,0.777655,9522788823
5754861,9335.83,1.35385,0.774432,9522788824
5754862,9335.83,1.40703,0.780879,9522788825
5754863,9335.83,1.30147,0.780879,9522788826
5754864,9335.83,1.32725,0.780879,9522788827
5754865,9335.83,1.42557,0.783296,9522788829
5754866,9335.83,1.39253,0.778461,9522788829
5754867,9335.83,1.39253,0.785714,9522788830
5754868,9335.83,1.34337,0.778461,9522788831
5754869,9335.83,1.41832,0.785714,9522788832
5754870,9335.83,1.4441,0.783296,9522788833
5754871,9335.83,1.32161,0.777655,9522788833
5754872,9335.84,1.44571,0.778461,9522788834
5754873,9335.84,1.34095,0.773626,9522788835
5754874,9335.84,1.28938,0.776849,9522788836
5754875,9335.84,1.31516,0.778461,9522805531
5754876,9335.84,1.41993,0.776849,9522805537
5754877,9335.84,1.37238,0.776849,9522805538
5754878,9335.84,1.28938,0.783296,9522805539
5754879,9335.84,1.39253,0.792967,9522805540
5754880,9335.84,1.32645,0.785714,9522805540
5754881,9335.84,1.31516,0.776849,9522805541
5754882,9335.85,1.39253,0.778461,9522805542
5754883,9335.85,1.38205,0.792967,9522805543
5754884,9335.85,1.29099,0.776849,9522805544
5754885,9335.85,1.38447,0.777655,9522805545
5754886,9335.85,1.37802,0.776849,9522805546
5754887,9335.85,1.42637,0.778461,9522805546
5754888,9335.85,1.44894,0.778461,9522805547
5754889,9335.85,1.40059,0.763956,9522805548
5754890,9335.85,1.43685,0.779267,9522805549
5754891,9335.85,1.42315,0.773626,9522805549
5754892,9335.86,1.26681,0.778461,9522822180
5754893,9335.86,1.42718,0.785714,9522822184
5754894,9335.86,1.32806,0.778461,9522822185
5754895,9335.86,1.27487,0.778461,9522822186
5754896,9335.86,1.41832,0.778461,9522822187
5754897,9335.86,1.40139,0.784102,9522822188
5754898,9335.86,1.39253,0.779267,9522822189
5754899,9335.86,1.34095,0.778461,9522822190
5754900,9335.86,1.41832,0.770402,9522822190
5754901,9335.86,1.37802,0.778461,9522822191
5754902,9335.87,1.34095,0.788937,9522822192
5754903,9335.87,1.36835,0.79619,9522822193
5754904,9335.87,1.34015,0.780073,9522822194
5754905,9335.87,1.24344,0.778461,9522822195
5754906,9335.87,1.39897,0.780879,9522822196
5754907,9335.87,1.41832,0.778461,9522822197
5754908,9335.87,1.36835,0.785714,9522838827
5754909,9335.87,1.40542,0.779267,9522838831
5754910,9335.87,1.41993,0.778461,9522838832
5754911,9335.88,1.40381,0.777655,9522838833
5754912,9335.88,1.37802,0.780073,9522838834
5754913,9335.88,1.30147,0.777655,9522838835
5754914,9335.88,1.43604,0.780879,9522838836
5754915,9335.88,1.34337,0.778461,9522838836
5754916,9335.88,1.32645,0.778461,9522838837
5754917,9335.88,1.41026,0.778461,9522838838
5754918,9335.88,1.39817,0.776849,9522838839
5754919,9335.88,1.39333,0.776849,9522838839
5754920,9335.88,1.32806,0.777655,9522838840
5754921,9335.89,1.4304,0.780073,9522838841
5754922,9335.89,1.42476,0.763956,9522838842
5754923,9335.89,1.3748,0.776849,9522838843
5754924,9335.89,1.37802,0.775238,9522838843
5754925,9335.89,1.27568,0.776849,9522855494
5754926,9335.89,1.25714,0.785714,9522855498
5754927,9335.89,1.39253,0.780073,9522855499
5754928,9335.89,1.37319,0.778461,9522855500
5754929,9335.89,1.39897,0.773626,9522855501
5754930,9335.89,1.39495,0.759926,9522855501
5754931,9335.9,1.39253,0.777655,9522855502
5754932,9335.9,1.38044,0.778461,9522855503
5754933,9335.9,1.42718,0.779267,9522855504
5754934,9335.9,1.29744,0.77282,9522855505
5754935,9335.9,1.41832,0.776849,9522855505
5754936,9335.9,1.32806,0.776849,9522855506
5754937,9335.9,1.35707,0.78652,9522855507
5754938,9335.9,1.4296,0.776849,9522855508
5754939,9335.9,1.42798,0.776849,9522855509
5754940,9335.9,1.37802,0.778461,9522855510
5754941,9335.91,1.28938,0.776849,9522855510
5754942,9335.91,1.34095,0.776849,9522872205
5754943,9335.91,1.38286,0.776849,9522872209
5754944,9335.91,1.32645,0.778461,9522872210
5754945,9335.91,1.34095,0.759926,9522872211
5754946,9335.91,1.39897,0.775238,9522872212
5754947,9335.91,1.29099,0.780073,9522872213
5754948,9335.91,1.42234,0.776849,9522872214
5754949,9335.91,1.42637,0.777655,9522872215
5754950,9335.91,1.40542,0.777655,9522872215
5754951,9335.92,1.43685,0.765567,9522872216
5754952,9335.92,1.39333,0.776849,9522872217
5754953,9335.92,1.37963,0.780879,9522872218
5754954,9335.92,1.4296,0.789743,9522872219
5754955,9335.92,1.29099,0.785714,9522872219
5754956,9335.92,1.39253,0.783296,9522872220
5754957,9335.92,1.32,0.777655,9522872221
5754958,9335.92,1.32,0.776849,9522888859
5754959,9335.92,1.39253,0.780879,9522888864
5754960,9335.92,1.40139,0.780073,9522888865
5754961,9335.92,1.34095,0.792967,9522888865
5754962,9335.93,1.31597,0.776849,9522888866
5754963,9335.93,1.41832,0.78652,9522888867
5754964,9335.93,1.40059,0.777655,9522888868
5754965,9335.93,1.31516,0.776849,9522888869
5754966,9335.93,1.3756,0.776849,9522888870
5754967,9335.93,1.41832,0.773626,9522888871
5754968,9335.93,1.27165,0.780073,9522888871
5754969,9335.93,1.4715,0.776849,9522888872
5754970,9335.93,1.42637,0.776849,9522888873
5754971,9335.93,1.4441,0.777655,9522888874
5754972,9335.94,1.43846,0.777655,9522888874
5754973,9335.94,1.403,0.778461,9522888875
5754974,9335.94,1.41026,0.778461,9522888876
5754975,9335.94,1.32645,0.777655,9522905547
5754976,9335.94,1.26923,0.775238,9522905551
5754977,9335.94,1.38286,0.776849,9522905552
5754978,9335.94,1.27487,0.777655,9522905553
5754979,9335.94,1.39253,0.776849,9522905554
5754980,9335.94,1.38125,0.776849,9522905555
5754981,9335.94,1.41832,0.777655,9522905582
5754982,9335.95,1.36674,0.776043,9522905583
5754983,9335.95,1.31516,0.783296,9522905583
5754984,9335.95,1.3748,0.79619,9522905584
5754985,9335.95,1.403,0.776849,9522905585
5754986,9335.95,1.28938,0.776849,9522905586
5754987,9335.95,1.36916,0.777655,9522905587
5754988,9335.95,1.42073,0.777655,9522905588
5754989,9335.95,1.29744,0.773626,9522905589
5754990,9335.95,1.41187,0.773626,9522905590
5754991,9335.95,1.41428,0.778461,9522905590
5754992,9335.96,1.34095,0.776849,9522922226
5754993,9335.96,1.41832,0.79619,9522922230
5754994,9335.96,1.39575,0.785714,9522922231
5754995,9335.96,1.35304,0.792967,9522922232
5754996,9335.96,1.41993,0.777655,9522922233
5754997,9335.96,1.31758,0.779267,9522922234
5754998,9335.96,1.36674,0.770402,9522922235
5754999,9335.96,1.40381,0.778461,9522922236
5755000,9335.96,1.30711,0.785714,9522922236
5755001,9335.97,1.40462,0.780879,9522922237
5755002,9335.97,1.37157,0.78249,9522922238
5755003,9335.97,1.36674,0.780879,9522922239
5755004,9335.97,1.36835,0.778461,9522922240
5755005,9335.97,1.403,0.776849,9522922240
5755006,9335.97,1.41832,0.778461,9522922241
5755007,9335.97,1.29099,0.788937,9522922242
5755008,9335.97,1.38125,0.778461,9522938891
5755009,9335.97,1.36835,0.781684,9522938896
5755010,9335.97,1.35949,0.783296,9522938897
5755011,9335.98,1.39817,0.780073,9522938898
5755012,9335.98,1.37963,0.780879,9522938899
5755013,9335.98,1.40864,0.780073,9522938900
5755014,9335.98,1.36674,0.792967,9522938900
5755015,9335.98,1.41993,0.783296,9522938901
5755016,9335.98,1.42234,0.780879,9522938902
5755017,9335.98,1.30147,0.770402,9522938903
5755018,9335.98,1.41832,0.775238,9522938904
5755019,9335.98,1.34095,0.775238,9522938904
5755020,9335.98,1.39414,0.779267,9522938905
5755021,9335.99,1.39817,0.779267,9522938906
5755022,9335.99,1.36593,0.777655,9522938907
5755023,9335.99,1.39414,0.780879,9522938907
5755024,9335.99,1.37157,0.778461,9522938908
5755025,9335.99,1.30066,0.773626,9522955557
5755026,9335.99,1.28938,0.780073,9522955561
5755027,9335.99,1.32645,0.767985,9522955562
5755028,9335.99,1.41993,0.777655,9522955563
5755029,9335.99,1.33289,0.776849,9522955564
5755030,9335.99,1.42476,0.776849,9522955565
5755031,9336,1.41832,0.777655,9522955565
5755032,9336,1.34901,0.776849,9522955566
5755033,9336,1.39897,0.777655,9522955567
5755034,9336,1.42315,0.776849,9522955568
5755035,9336,1.44007,0.778461,9522955569
5755036,9336,1.30388,0.777655,9522955570
5755037,9336,1.39414,0.785714,9522955571
5755038,9336,1.40381,0.778461,9522955572
5755039,9336,1.29099,0.777655,9522955573
5755040,9336,1.39817,0.780879,9522955573
5755041,9336,1.40542,0.780879,9522955574
5755042,9336.01,1.29099,0.776849,9522972383
5755043,9336.01,1.29824,0.777655,9522972390
5755044,9336.01,1.35385,0.785714,9522972391
5755045,9336.01,1.38125,0.780879,9522972392
5755046,9336.01,1.2652,0.777655,9522972393
5755047,9336.01,1.39333,0.79619,9522972394
5755048,9336.01,1.39897,0.777655,9522972395
5755049,9336.01,1.37883,0.780073,9522972396
5755050,9336.01,1.42315,0.777655,9522972397
5755051,9336.01,1.40381,0.776849,9522972398
5755052,9336.02,1.4296,0.778461,9522972399
5755053,9336.02,1.39736,0.780879,9522972400
5755054,9336.02,1.43121,0.779267,9522972401
5755055,9336.02,1.39253,0.776849,9522972402
5755056,9336.02,1.26681,0.765567,9522972402
5755057,9336.02,1.39414,0.780073,9522972403
5755058,9336.02,1.30066,0.780879,9522972404
5755059,9336.02,1.37157,0.783296,9522989049
5755060,9336.02,1.39253,0.77282,9522989055
5755061,9336.02,1.32403,0.776849,9522989056
5755062,9336.03,1.39817,0.777655,9522989057
5755063,9336.03,1.40139,0.776849,9522989058
5755064,9336.03,1.43765,0.777655,9522989059
5755065,9336.03,1.32242,0.778461,9522989060
5755066,9336.03,1.39736,0.776849,9522989061
5755067,9336.03,1.42315,0.777655,9522989062
5755068,9336.03,1.31516,0.779267,9522989062
5755069,9336.03,1.41832,0.776849,9522989063
5755070,9336.03,1.40381,0.775238,9522989064
5755071,9336.03,1.35223,0.779267,9522989065
5755072,9336.04,1.39414,0.777655,9522989066
5755073,9336.04,1.39253,0.780879,9522989067
5755074,9336.04,1.42476,0.777655,9522989067
5755075,9336.04,1.23619,0.776849,9523005675
5755076,9336.04,1.37399,0.780879,9523005681
5755077,9336.04,1.36674,0.792967,9523005683
5755078,9336.04,1.28938,0.779267,9523005684
5755079,9336.04,1.38125,0.776849,9523005685
5755080,9336.04,1.36674,0.777655,9523005685
5755081,9336.05,1.40139,0.767179,9523005686
5755082,9336.05,1.3748,0.781684,9523005687
5755083,9336.05,1.37963,0.779267,9523005688
5755084,9336.05,1.37722,0.777655,9523005689
5755085,9336.05,1.21201,0.773626,9523005689
5755086,9336.05,1.41026,0.788131,9523005690
5755087,9336.05,1.34095,0.780073,9523005691
5755088,9336.05,1.42315,0.776849,9523005692
5755089,9336.05,1.39253,0.776849,9523005693
5755090,9336.05,1.39495,0.778461,9523005693
5755091,9336.06,1.44249,0.770402,9523005694
5755092,9336.06,1.33289,0.780073,9523022322
5755093,9336.06,1.37399,0.780073,9523022330
5755094,9336.06,1.32725,0.776849,9523022331
5755095,9336.06,1.33289,0.776849,9523022332
5755096,9336.06,1.40703,0.776849,9523022333
5755097,9336.06,1.34417,0.778461,9523022333
5755098,9336.06,1.42637,0.776849,9523022334
5755099,9336.06,1.36755,0.780073,9523022335
5755100,9336.06,1.32806,0.778461,9523022336
5755101,9336.07,1.39414,0.778461,9523022337
5755102,9336.07,1.42637,0.78249,9523022338
5755103,9336.07,1.40542,0.778461,9523022338
5755104,9336.07,1.24022,0.778461,9523022339
5755105,9336.07,1.36674,0.776849,9523022340
5755106,9336.07,1.37802,0.776849,9523022341
5755107,9336.07,1.34417,0.777655,9523022342
5755108,9336.07,1.42476,0.785714,9523022344
5755109,9336.07,1.37319,0.776849,9523038940
5755110,9336.07,1.38125,0.780073,9523038944
5755111,9336.08,1.40381,0.777655,9523038945
5755112,9336.08,1.42396,0.78652,9523038946
5755113,9336.08,1.43604,0.78249,9523038947
5755114,9336.08,1.32,0.777655,9523038948
5755115,9336.08,1.40381,0.759926,9523038949
5755116,9336.08,1.37319,0.776849,9523038950
5755117,9336.08,1.35626,0.778461,9523038950
5755118,9336.08,1.41912,0.785714,9523038951
5755119,9336.08,1.39414,0.785714,9523038952
5755120,9336.08,1.43604,0.778461,9523038953
5755121,9336.08,1.39253,0.775238,9523038954
5755122,9336.09,1.41832,0.78652,9523038954
5755123,9336.09,1.40703,0.776849,9523038955
5755124,9336.09,1.32,0.775238,9523038956
5755125,9336.09,1.36674,0.777655,9523055620
5755126,9336.09,1.30066,0.776849,9523055624
5755127,9336.09,1.40381,0.780879,9523055626
5755128,9336.09,1.40059,0.773626,9523055627
5755129,9336.09,1.39495,0.783296,9523055627
5755130,9336.09,1.457,0.776849,9523055628
5755131,9336.09,1.40703,0.778461,9523055629
5755132,9336.1,1.43121,0.773626,9523055630
5755133,9336.1,1.32322,0.777655,9523055631
5755134,9336.1,1.39253,0.773626,9523055632
5755135,9336.1,1.43604,0.776849,9523055633
5755136,9336.1,1.34095,0.775238,9523055633
5755137,9336.1,1.41832,0.778461,9523055634
5755138,9336.1,1.42476,0.776849,9523055635
5755139,9336.1,1.34337,0.780879,9523055636
5755140,9336.1,1.37319,0.776849,9523055638
5755141,9336.1,1.3748,0.777655,9523055639
5755142,9336.11,1.32967,0.785714,9523072294
5755143,9336.11,1.26681,0.775238,9523072299
5755144,9336.11,1.34256,0.783296,9523072300
5755145,9336.11,1.34337,0.777655,9523072300
5755146,9336.11,1.31516,0.776849,9523072301
5755147,9336.11,1.41993,0.777655,9523072302
5755148,9336.11,1.43282,0.776849,9523072303
5755149,9336.11,1.43604,0.776849,9523072304
5755150,9336.11,1.41026,0.780073,9523072305
5755151,9336.11,1.43443,0.780879,9523072306
5755152,9336.12,1.41751,0.780879,9523072306
5755153,9336.12,1.30227,0.776849,9523072307
5755154,9336.12,1.42154,0.776849,9523072308
5755155,9336.12,1.36674,0.764761,9523072309
5755156,9336.12,1.40059,0.777655,9523072310
5755157,9336.12,1.41832,0.773626,9523072310
5755158,9336.12,1.30147,0.780879,9523072311
5755159,9336.12,1.37077,0.776849,9523088949
5755160,9336.12,1.38608,0.776849,9523088953
5755161,9336.12,1.39978,0.783296,9523088954
5755162,9336.13,1.34095,0.793772,9523088955
5755163,9336.13,1.34417,0.780879,9523088956
5755164,9336.13,1.41832,0.77282,9523088957
5755165,9336.13,1.30147,0.78652,9523088958
5755166,9336.13,1.40703,0.780879,9523088959
5755167,9336.13,1.4296,0.779267,9523088960
5755168,9336.13,1.35385,0.793772,9523088960
5755169,9336.13,1.39575,0.778461,9523088981
5755170,9336.13,1.43524,0.776849,9523088982
5755171,9336.14,1.46908,0.783296,9523088983
5755172,9336.14,1.29582,0.778461,9523088983
5755173,9336.14,1.39172,0.79619,9523088984
5755174,9336.14,1.39897,0.785714,9523088985
5755175,9336.14,1.24344,0.785714,9523105834
5755176,9336.14,1.40059,0.778461,9523105844
5755177,9336.14,1.39172,0.778461,9523105845
5755178,9336.14,1.31758,0.778461,9523105846
5755179,9336.14,1.31839,0.777655,9523105847
5755180,9336.14,1.33048,0.776849,9523105848
5755181,9336.15,1.35546,0.776043,9523105849
5755182,9336.15,1.28938,0.777655,9523105850
5755183,9336.15,1.41912,0.776849,9523105851
5755184,9336.15,1.36674,0.776849,9523105851
5755185,9336.15,1.39253,0.780879,9523105852
5755186,9336.15,1.39736,0.777655,9523105853
5755187,9336.15,1.39253,0.780879,9523105854
5755188,9336.15,1.42234,0.776849,9523105855
5755189,9336.15,1.42073,0.777655,9523105855
5755190,9336.15,1.43685,0.777655,9523105856
5755191,9336.16,1.42315,0.777655,9523105857
5755192,9336.16,1.25069,0.778461,9523122352
5755193,9336.16,1.41832,0.780073,9523122360
5755194,9336.16,1.29018,0.777655,9523122361
5755195,9336.16,1.37963,0.778461,9523122362
5755196,9336.16,1.36835,0.776849,9523122363
5755197,9336.16,1.35546,0.780879,9523122364
5755198,9336.16,1.40542,0.779267,9523122365
5755199,9336.16,1.41751,0.776849,9523122366
5755200,9336.16,1.43524,0.776849,9523122367
5755201,9336.17,1.34095,0.784102,9523122368
5755202,9336.17,1.37157,0.773626,9523122369
5755203,9336.17,1.41187,0.776849,9523122370
5755204,9336.17,1.31516,0.777655,9523122370
5755205,9336.17,1.42557,0.776849,9523122371
5755206,9336.17,1.36996,0.777655,9523122372
5755207,9336.17,1.39897,0.770402,9523122373
5755208,9336.17,1.34256,0.773626,9523122374
5755209,9336.17,1.38608,0.776849,9523139021
5755210,9336.17,1.46989,0.776849,9523139028
5755211,9336.17,1.30066,0.78652,9523139029
5755212,9336.18,1.34901,0.773626,9523139030
5755213,9336.18,1.39414,0.791355,9523139031
5755214,9336.18,1.32403,0.778461,9523139032
5755215,9336.18,1.43685,0.783296,9523139033
5755216,9336.18,1.38769,0.778461,9523139034
5755217,9336.18,1.42637,0.776849,9523139035
5755218,9336.18,1.42476,0.780879,9523139036
5755219,9336.18,1.41832,0.776849,9523139037
5755220,9336.18,1.41832,0.777655,9523139037
5755221,9336.18,1.29018,0.776849,9523139038
5755222,9336.19,1.43765,0.785714,9523139039
5755223,9336.19,1.37319,0.778461,9523139040
5755224,9336.19,1.39172,0.775238,9523139041
5755225,9336.19,1.34337,0.776849,9523155721
5755226,9336.19,1.34095,0.775238,9523155727
5755227,9336.19,1.43927,0.785714,9523155728
5755228,9336.19,1.41832,0.776849,9523155729
5755229,9336.19,1.39495,0.778461,9523155730
5755230,9336.19,1.37238,0.776849,9523155731
5755231,9336.19,1.36835,0.778461,9523155732
5755232,9336.2,1.36674,0.776849,9523155733
5755233,9336.2,1.29179,0.776849,9523155733
5755234,9336.2,1.43121,0.780879,9523155734
5755235,9336.2,1.43524,0.79619,9523155735
5755236,9336.2,1.34417,0.780879,9523155736
5755237,9336.2,1.41026,0.773626,9523155737
5755238,9336.2,1.3756,0.78652,9523155738
5755239,9336.2,1.43685,0.778461,9523155739
5755240,9336.2,1.2926,0.78652,9523155740
5755241,9336.2,1.36674,0.778461,9523155741
5755242,9336.21,1.32,0.777655,9523172343
5755243,9336.21,1.27245,0.775238,9523172349
5755244,9336.21,1.32322,0.778461,9523172350
5755245,9336.21,1.32161,0.780073,9523172351
5755246,9336.21,1.39172,0.780073,9523172352
5755247,9336.21,1.39736,0.792967,9523172353
5755248,9336.21,1.43604,0.777655,9523172354
5755249,9336.21,1.44491,0.792967,9523172355
5755250,9336.21,1.34256,0.780879,9523172356
5755251,9336.22,1.457,0.780879,9523172357
5755252,9336.22,1.39253,0.781684,9523172357
5755253,9336.22,1.36674,0.780073,9523172358
5755254,9336.22,1.4296,0.777655,9523172359
5755255,9336.22,1.39736,0.780879,9523172360
5755256,9336.22,1.40381,0.776849,9523172361
5755257,9336.22,1.39253,0.785714,9523172361
5755258,9336.22,1.37157,0.784102,9523172362
5755259,9336.22,1.34901,0.778461,9523189049
5755260,9336.22,1.34095,0.778461,9523189059
5755261,9336.23,1.44249,0.763956,9523189060
5755262,9336.23,1.34095,0.792967,9523189061
5755263,9336.23,1.39414,0.776849,9523189062
5755264,9336.23,1.41993,0.777655,9523189064
5755265,9336.23,1.31516,0.784102,9523189064
5755266,9336.23,1.39253,0.773626,9523189065
5755267,9336.23,1.41993,0.785714,9523189066
5755268,9336.23,1.39414,0.773626,9523189067
5755269,9336.23,1.32967,0.778461,9523189068
5755270,9336.23,1.36674,0.778461,9523189068
5755271,9336.24,1.42315,0.773626,9523189069
5755272,9336.24,1.31839,0.779267,9523189070
5755273,9336.24,1.41993,0.780879,9523189070
5755274,9336.24,1.41993,0.773626,9523189071
5755275,9336.24,1.32403,0.777655,9523205728
5755276,9336.24,1.34256,0.780879,9523205733
5755277,9336.24,1.41993,0.783296,9523205734
5755278,9336.24,1.40462,0.778461,9523205735
5755279,9336.24,1.29421,0.780879,9523205736
5755280,9336.24,1.40059,0.773626,9523205737
5755281,9336.25,1.39817,0.783296,9523205738
5755282,9336.25,1.31919,0.78249,9523205739
5755283,9336.25,1.40784,0.777655,9523205740
5755284,9336.25,1.42476,0.778461,9523205740
5755285,9336.25,1.39736,0.778461,9523205741
5755286,9336.25,1.39253,0.777655,9523205742
5755287,9336.25,1.41832,0.778461,9523205743
5755288,9336.25,1.40864,0.788937,9523205744
5755289,9336.25,1.29421,0.780879,9523205744
5755290,9336.25,1.44249,0.773626,9523205745
5755291,9336.25,1.36996,0.775238,9523205746
5755292,9336.26,1.29582,0.776849,9523222429
5755293,9336.26,1.39817,0.775238,9523222434
5755294,9336.26,1.34256,0.777655,9523222436
5755295,9336.26,1.39253,0.777655,9523222437
5755296,9336.26,1.40462,0.776849,9523222438
5755297,9336.26,1.39495,0.776849,9523222439
5755298,9336.26,1.32645,0.780879,9523222440
5755299,9336.26,1.35385,0.79619,9523222441
5755300,9336.26,1.41993,0.783296,9523222441
5755301,9336.26,1.32322,0.778461,9523222442
5755302,9336.27,1.40381,0.764761,9523222443
5755303,9336.27,1.39817,0.783296,9523222444
5755304,9336.27,1.29421,0.777655,9523222445
5755305,9336.27,1.39575,0.788131,9523222445
5755306,9336.27,1.39253,0.777655,9523222446
5755307,9336.27,1.43927,0.776849,9523222447
5755308,9336.27,1.31516,0.776849,9523222448
5755309,9336.27,1.35385,0.776849,9523239058
5755310,9336.27,1.43927,0.780879,9523239062
5755311,9336.27,1.32322,0.792967,9523239063
5755312,9336.28,1.39333,0.778461,9523239064
5755313,9336.28,1.41832,0.776849,9523239065
5755314,9336.28,1.36835,0.776849,9523239065
5755315,9336.28,1.35707,0.783296,9523239066
5755316,9336.28,1.41832,0.780073,9523239067
5755317,9336.28,1.42073,0.778461,9523239068
5755318,9336.28,1.28938,0.780879,9523239069
5755319,9336.28,1.40059,0.778461,9523239070
5755320,9336.28,1.35385,0.778461,9523239071
5755321,9336.28,1.35143,0.777655,9523239071
5755322,9336.29,1.40462,0.773626,9523239072
5755323,9336.29,1.39253,0.78652,9523239073
5755324,9336.29,1.42637,0.778461,9523239074
5755325,9336.29,1.32483,0.778461,9523255720
5755326,9336.29,1.33289,0.779267,9523255725
5755327,9336.29,1.36674,0.776849,9523255726
5755328,9336.29,1.33934,0.778461,9523255727
5755329,9336.29,1.45216,0.777655,9523255727
5755330,9336.29,1.34095,0.767179,9523255728
5755331,9336.3,1.43282,0.777655,9523255729
5755332,9336.3,1.40784,0.780879,9523255730
5755333,9336.3,1.32645,0.778461,9523255731
5755334,9336.3,1.4022,0.788131,9523255731
5755335,9336.3,1.42637,0.776849,9523255732
5755336,9336.3,1.42476,0.777655,9523255733
5755337,9336.3,1.33612,0.78652,9523255734
5755338,9336.3,1.39897,0.783296,9523255735
5755339,9336.3,1.42073,0.780879,9523255736
5755340,9336.3,1.28938,0.784102,9523255736
5755341,9336.31,1.43121,0.777655,9523255737
5755342,9336.31,1.34095,0.773626,9523272447
5755343,9336.31,1.31516,0.79619,9523272451
5755344,9336.31,1.32403,0.78652,9523272453
5755345,9336.31,1.36674,0.779267,9523272454
5755346,9336.31,1.41832,0.780073,9523272455
5755347,9336.31,1.29099,0.780879,9523272455
5755348,9336.31,1.41832,0.77282,9523272456
5755349,9336.31,1.41912,0.776849,9523272457
5755350,9336.31,1.34579,0.778461,9523272458
5755351,9336.32,1.42315,0.777655,9523272459
5755352,9336.32,1.40139,0.778461,9523272459
5755353,9336.32,1.40381,0.773626,9523272460
5755354,9336.32,1.3756,0.777655,9523272461
5755355,9336.32,1.39736,0.776849,9523272462
5755356,9336.32,1.36835,0.775238,9523272482
5755357,9336.32,1.2781,0.776849,9523272483
5755358,9336.32,1.4304,0.778461,9523272484
5755359,9336.32,1.27245,0.778461,9523289097
5755360,9336.32,1.39575,0.785714,9523289102
5755361,9336.33,1.41832,0.784908,9523289103
5755362,9336.33,1.3474,0.780073,9523289103
5755363,9336.33,1.42396,0.777655,9523289104
5755364,9336.33,1.40542,0.776849,9523289105
5755365,9336.33,1.41832,0.780073,9523289106
5755366,9336.33,1.31516,0.777655,9523289107
5755367,9336.33,1.35223,0.778461,9523289108
5755368,9336.33,1.4433,0.778461,9523289109
5755369,9336.33,1.32242,0.776043,9523289109
5755370,9336.33,1.42476,0.788131,9523289110
5755371,9336.33,1.41993,0.785714,9523289111
5755372,9336.34,1.30549,0.778461,9523289112
5755373,9336.34,1.40381,0.783296,9523289112
5755374,9336.34,1.45619,0.781684,9523289113
5755375,9336.34,1.39253,0.763956,9523305706
5755376,9336.34,1.26842,0.789743,9523305710
5755377,9336.34,1.39495,0.777655,9523305712
5755378,9336.34,1.40462,0.779267,9523305712
5755379,9336.34,1.32564,0.779267,9523305713
5755380,9336.34,1.40462,0.779267,9523305714
5755381,9336.34,1.40784,0.780073,9523305715
5755382,9336.35,1.32806,0.778461,9523305716
5755383,9336.35,1.37641,0.785714,9523305717
5755384,9336.35,1.41832,0.776849,9523305717
5755385,9336.35,1.41993,0.778461,9523305718
5755386,9336.35,1.26359,0.780879,9523305719
5755387,9336.35,1.40381,0.777655,9523305720
5755388,9336.35,1.39414,0.77282,9523305721
5755389,9336.35,1.34095,0.778461,9523305722
5755390,9336.35,1.4441,0.779267,9523305723
5755391,9336.35,1.38286,0.783296,9523305723
5755392,9336.36,1.33612,0.794578,9523322394
5755393,9336.36,1.39414,0.792967,9523322398
5755394,9336.36,1.36755,0.780073,9523322400
5755395,9336.36,1.37319,0.778461,9523322401
5755396,9336.36,1.32322,0.783296,9523322402
5755397,9336.36,1.43282,0.778461,9523322403
5755398,9336.36,1.30147,0.78652,9523322404
5755399,9336.36,1.41187,0.778461,9523322405
5755400,9336.36,1.39495,0.776849,9523322405
5755401,9336.36,1.31516,0.775238,9523322406
5755402,9336.37,1.40542,0.776849,9523322407
5755403,9336.37,1.39495,0.776849,9523322408
5755404,9336.37,1.3474,0.78652,9523322408
5755405,9336.37,1.26842,0.778461,9523322409
5755406,9336.37,1.3756,0.780073,9523322410
5755407,9336.37,1.39575,0.788937,9523322411
5755408,9336.37,1.29421,0.777655,9523322412
5755409,9336.37,1.39253,0.777655,9523339084
5755410,9336.37,1.4304,0.759926,9523339090
5755411,9336.38,1.39333,0.776849,9523339091
5755412,9336.38,1.38447,0.775238,9523339092
5755413,9336.38,1.39253,0.776849,9523339093
5755414,9336.38,1.44007,0.780073,9523339094
5755415,9336.38,1.29421,0.777655,9523339095
5755416,9336.38,1.41993,0.780879,9523339096
5755417,9336.38,1.40703,0.773626,9523339096
5755418,9336.38,1.31919,0.776849,9523339097
5755419,9336.38,1.40703,0.784102,9523339098
5755420,9336.38,1.29421,0.785714,9523339099
5755421,9336.39,1.35868,0.777655,9523339100
5755422,9336.39,1.37802,0.777655,9523339100
5755423,9336.39,1.42396,0.776849,9523339101
5755424,9336.39,1.42073,0.764761,9523339102
5755425,9336.39,1.23619,0.776849,9523355822
5755426,9336.39,1.38447,0.776849,9523355828
5755427,9336.39,1.35385,0.778461,9523355829
5755428,9336.39,1.40059,0.776849,9523355830
5755429,9336.39,1.39897,0.777655,9523355831
5755430,9336.39,1.36916,0.792967,9523355832
5755431,9336.4,1.47231,0.780879,9523355833
5755432,9336.4,1.39575,0.780073,9523355834
5755433,9336.4,1.35868,0.780073,9523355835
5755434,9336.4,1.35304,0.775238,9523355836
5755435,9336.4,1.3474,0.78652,9523355837
5755436,9336.4,1.40542,0.776849,9523355838
5755437,9336.4,1.32564,0.778461,9523355838
5755438,9336.4,1.41428,0.776849,9523355839
5755439,9336.4,1.43685,0.773626,9523355840
5755440,9336.4,1.36674,0.784102,9523355841
5755441,9336.41,1.39736,0.770402,9523355842
5755442,9336.41,1.34256,0.792967,9523372485
5755443,9336.41,1.38205,0.78652,9523372489
5755444,9336.41,1.25231,0.777655,9523372490
5755445,9336.41,1.34176,0.773626,9523372491
5755446,9336.41,1.39575,0.778461,9523372492
5755447,9336.41,1.30388,0.778461,9523372493
5755448,9336.41,1.44974,0.778461,9523372494
5755449,9336.41,1.457,0.783296,9523372495
5755450,9336.41,1.39414,0.79619,9523372496
5755451,9336.42,1.40784,0.77282,9523372496
5755452,9336.42,1.42315,0.780879,9523372497
5755453,9336.42,1.43282,0.776849,9523372498
5755454,9336.42,1.28938,0.776849,9523372499
5755455,9336.42,1.41993,0.778461,9523372500
5755456,9336.42,1.39253,0.773626,9523372500
5755457,9336.42,1.34095,0.773626,9523372501
5755458,9336.42,1.41832,0.778461,9523372502
5755459,9336.42,1.34095,0.777655,9523389238
5755460,9336.42,1.39172,0.778461,9523389246
5755461,9336.42,1.3748,0.773626,9523389248
5755462,9336.43,1.3756,0.776849,9523389248
5755463,9336.43,1.34982,0.777655,9523389249
5755464,9336.43,1.32,0.777655,9523389250
5755465,9336.43,1.46989,0.778461,9523389251
5755466,9336.43,1.34095,0.789743,9523389252
5755467,9336.43,1.39495,0.777655,9523389253
5755468,9336.43,1.42315,0.774432,9523389254
5755469,9336.43,1.36674,0.792967,9523389254
5755470,9336.43,1.45297,0.783296,9523389255
5755471,9336.43,1.42718,0.780073,9523389256
5755472,9336.44,1.40059,0.779267,9523389257
5755473,9336.44,1.31597,0.767179,9523389258
5755474,9336.44,1.39897,0.78249,9523389259
5755475,9336.44,1.38125,0.783296,9523389259
5755476,9336.44,1.26842,0.784102,9523405856
5755477,9336.44,1.4296,0.780879,9523405859
5755478,9336.44,1.42073,0.770402,9523405860
5755479,9336.44,1.3474,0.779267,9523405861
5755480,9336.44,1.34176,0.776849,9523405862
5755481,9336.44,1.41106,0.764761,9523405863
5755482,9336.45,1.42315,0.784102,9523405864
5755483,9336.45,1.26842,0.787326,9523405865
5755484,9336.45,1.39575,0.773626,9523405865
5755485,9336.45,1.41832,0.776849,9523405866
5755486,9336.45,1.29582,0.776849,9523405867
5755487,9336.45,1.41993,0.776849,9523405868
5755488,9336.45,1.41832,0.777655,9523405868
5755489,9336.45,1.42718,0.780073,9523405870
5755490,9336.45,1.41832,0.776849,9523405871
5755491,9336.45,1.41993,0.777655,9523405872
5755492,9336.46,1.32725,0.777655,9523422510
5755493,9336.46,1.2652,0.783296,9523422514
5755494,9336.46,1.39817,0.779267,9523422516
5755495,9336.46,1.32,0.777655,9523422516
5755496,9336.46,1.39414,0.777655,9523422517
5755497,9336.46,1.42073,0.792967,9523422518
5755498,9336.46,1.37722,0.776849,9523422519
5755499,9336.46,1.42315,0.777655,9523422520
5755500,9336.46,1.39978,0.777655,9523422521
5755501,9336.47,1.39414,0.779267,9523422521
5755502,9336.47,1.34095,0.778461,9523422522
5755503,9336.47,1.33934,0.777655,9523422523
5755504,9336.47,1.43121,0.776849,9523422524
5755505,9336.47,1.32806,0.776849,9523422524
5755506,9336.47,1.41026,0.777655,9523422525
5755507,9336.47,1.43604,0.777655,9523422526
5755508,9336.47,1.34095,0.776849,9523422527
5755509,9336.47,1.36674,0.777655,9523439352
5755510,9336.47,1.41993,0.780879,9523439359
5755511,9336.48,1.4715,0.78652,9523439360
5755512,9336.48,1.21443,0.777655,9523439362
5755513,9336.48,1.33289,0.775238,9523439363
5755514,9336.48,1.39414,0.778461,9523439363
5755515,9336.48,1.32,0.776849,9523439364
5755516,9336.48,1.39736,0.776849,9523439365
5755517,9336.48,1.40462,0.777655,9523439366
5755518,9336.48,1.39897,0.778461,9523439367
5755519,9336.48,1.39253,0.778461,9523439368
5755520,9336.48,1.40462,0.777655,9523439368
5755521,9336.49,1.43121,0.78652,9523439369
5755522,9336.49,1.29744,0.776849,9523439370
5755523,9336.49,1.40703,0.777655,9523439371
5755524,9336.49,1.34176,0.778461,9523439372
5755525,9336.49,1.29099,0.777655,9523439373
5755526,9336.49,1.32,0.780879,9523455914
5755527,9336.49,1.41832,0.785714,9523455920
5755528,9336.49,1.4715,0.778461,9523455921
5755529,9336.49,1.39253,0.775238,9523455921
5755530,9336.49,1.45135,0.779267,9523455922
5755531,9336.5,1.42315,0.776849,9523455923
5755532,9336.5,1.30066,0.776849,9523455924
5755533,9336.5,1.42718,0.776849,9523455925
5755534,9336.5,1.32242,0.78652,9523455926
5755535,9336.5,1.42315,0.778461,9523455927
5755536,9336.5,1.42315,0.788937,9523455928
5755537,9336.5,1.35868,0.777655,9523455929
5755538,9336.5,1.43282,0.776849,9523455930
5755539,9336.5,1.39817,0.777655,9523455930
5755540,9336.5,1.41026,0.777655,9523455931
5755541,9336.5,1.34095,0.788937,9523455932
5755542,9336.51,1.2781,0.783296,9523472446
5755543,9336.51,1.37157,0.777655,9523472451
5755544,9336.51,1.26359,0.792967,9523472474
5755545,9336.51,1.38125,0.776849,9523472475
5755546,9336.51,1.42637,0.776043,9523472476
5755547,9336.51,1.36835,0.777655,9523472477
5755548,9336.51,1.40059,0.776849,9523472478
5755549,9336.51,1.45297,0.773626,9523472478
5755550,9336.51,1.46989,0.777655,9523472479
5755551,9336.51,1.31516,0.778461,9523472480
5755552,9336.52,1.41832,0.783296,9523472481
5755553,9336.52,1.39817,0.767179,9523472482
5755554,9336.52,1.31758,0.779267,9523472482
5755555,9336.52,1.40784,0.788937,9523472483
5755556,9336.52,1.40139,0.778461,9523472484
5755557,9336.52,1.42315,0.777655,9523472485
5755558,9336.52,1.33934,0.788937,9523472486
5755559,9336.52,1.34337,0.784102,9523489238
5755560,9336.52,1.41348,0.776849,9523489243
5755561,9336.52,1.27648,0.775238,9523489244
5755562,9336.53,1.39253,0.788131,9523489245
5755563,9336.53,1.34095,0.776849,9523489245
5755564,9336.53,1.38205,0.783296,9523489246
5755565,9336.53,1.42315,0.767179,9523489247
5755566,9336.53,1.38125,0.779267,9523489248
5755567,9336.53,1.44894,0.780879,9523489249
5755568,9336.53,1.41832,0.777655,9523489250
5755569,9336.53,1.42637,0.777655,9523489251
5755570,9336.53,1.34901,0.777655,9523489251
5755571,9336.53,1.36916,0.776849,9523489252
5755572,9336.54,1.40139,0.763956,9523489253
5755573,9336.54,1.36674,0.780879,9523489254
5755574,9336.54,1.43846,0.776849,9523489254
5755575,9336.54,1.39253,0.778461,9523489255
5755576,9336.54,1.34095,0.780879,9523505935
5755577,9336.54,1.39414,0.776849,9523505939
5755578,9336.54,1.39253,0.783296,9523505941
5755579,9336.54,1.41832,0.783296,9523505941
5755580,9336.54,1.29421,0.773626,9523505942
5755581,9336.55,1.34337,0.776849,9523505943
5755582,9336.55,1.38125,0.777655,9523505944
5755583,9336.55,1.29099,0.777655,9523505944
5755584,9336.55,1.41993,0.780879,9523505945
5755585,9336.55,1.42315,0.777655,9523505946
5755586,9336.55,1.35223,0.776849,9523505947
5755587,9336.55,1.37641,0.763956,9523505948
5755588,9336.55,1.4433,0.773626,9523505948
5755589,9336.55,1.4715,0.778461,9523505949
5755590,9336.55,1.30872,0.78652,9523505950
5755591,9336.56,1.4304,0.784102,9523505951
5755592,9336.56,1.31516,0.777655,9523522515
5755593,9336.56,1.30066,0.773626,9523522519
5755594,9336.56,1.3756,0.780879,9523522520
5755595,9336.56,1.35385,0.777655,9523522521
5755596,9336.56,1.44491,0.778461,9523522522
5755597,9336.56,1.36755,0.792161,9523522523
5755598,9336.56,1.40139,0.777655,9523522524
5755599,9336.56,1.39253,0.77282,9523522524
5755600,9336.56,1.32,0.781684,9523522525
5755601,9336.57,1.4441,0.780073,9523522526
5755602,9336.57,1.32483,0.784908,9523522527
5755603,9336.57,1.40864,0.780879,9523522528
5755604,9336.57,1.40462,0.770402,9523522529
5755605,9336.57,1.34498,0.780879,9523522530
5755606,9336.57,1.40462,0.785714,9523522530
5755607,9336.57,1.41026,0.778461,9523522531
5755608,9336.57,1.42396,0.777655,9523522532
5755609,9336.57,1.27487,0.776849,9523539293
5755610,9336.57,1.39253,0.773626,9523539300
5755611,9336.58,1.40462,0.776849,9523539301
5755612,9336.58,1.27971,0.778461,9523539302
5755613,9336.58,1.43846,0.778461,9523539303
5755614,9336.58,1.43604,0.78652,9523539304
5755615,9336.58,1.31516,0.776849,9523539304
5755616,9336.58,1.39736,0.777655,9523539305
5755617,9336.58,1.41832,0.778461,9523539306
5755618,9336.58,1.41106,0.778461,9523539307
5755619,9336.58,1.29099,0.777655,9523539308
5755620,9336.58,1.37077,0.773626,9523539309
5755621,9336.58,1.32242,0.780879,9523539309
5755622,9336.59,1.2789,0.778461,9523539310
5755623,9336.59,1.40462,0.777655,9523539311
5755624,9336.59,1.39253,0.791355,9523539312
5755625,9336.59,1.36996,0.773626,9523539313
5755626,9336.59,1.32,0.776849,9523555999
5755627,9336.59,1.4296,0.777655,9523556008
5755628,9336.59,1.43282,0.773626,9523556009
5755629,9336.59,1.29341,0.776849,9523556010
5755630,9336.59,1.44733,0.780879,9523556011
5755631,9336.59,1.36996,0.778461,9523556012
5755632,9336.6,1.39736,0.776849,9523556013
5755633,9336.6,1.37963,0.792967,9523556014
5755634,9336.6,1.32645,0.785714,9523556014
5755635,9336.6,1.42557,0.775238,9523556015
5755636,9336.6,1.44652,0.767179,9523556016
5755637,9336.6,1.43282,0.788131,9523556017
5755638,9336.6,1.37883,0.776849,9523556018
5755639,9336.6,1.34901,0.776849,9523556019
5755640,9336.6,1.41832,0.778461,9523556020
5755641,9336.6,1.31758,0.777655,9523556021
5755642,9336.61,1.35868,0.778461,9523572461
5755643,9336.61,1.35304,0.776849,9523572471
5755644,9336.61,1.30388,0.780879,9523572473
5755645,9336.61,1.37802,0.777655,9523572475
5755646,9336.61,1.37883,0.776849,9523572476
5755647,9336.61,1.44733,0.791355,9523572477
5755648,9336.61,1.36674,0.778461,9523572478
5755649,9336.61,1.44007,0.779267,9523572480
5755650,9336.61,1.46989,0.777655,9523572481
5755651,9336.61,1.34579,0.777655,9523572482
5755652,9336.62,1.42718,0.778461,9523572483
5755653,9336.62,1.43282,0.776849,9523572484
5755654,9336.62,1.37319,0.778461,9523572485
5755655,9336.62,1.3756,0.776849,9523572486
5755656,9336.62,1.39978,0.777655,9523572487
5755657,9336.62,1.40059,0.776849,9523572489
5755658,9336.62,1.29099,0.780073,9523572490
5755659,9336.62,1.32645,0.776849,9523589174
5755660,9336.62,1.37157,0.775238,9523589179
5755661,9336.62,1.31839,0.776043,9523589180
5755662,9336.63,1.39253,0.789743,9523589181
5755663,9336.63,1.39253,0.759926,9523589182
5755664,9336.63,1.44571,0.778461,9523589183
5755665,9336.63,1.39736,0.777655,9523589183
5755666,9336.63,1.42879,0.778461,9523589184
5755667,9336.63,1.43121,0.775238,9523589185
5755668,9336.63,1.36271,0.776849,9523589186
5755669,9336.63,1.42637,0.783296,9523589187
5755670,9336.63,1.39253,0.777655,9523589187
5755671,9336.64,1.44894,0.776849,9523589188
5755672,9336.64,1.44491,0.774432,9523589189
5755673,9336.64,1.39897,0.776849,9523589190
5755674,9336.64,1.44571,0.776849,9523589190
5755675,9336.64,1.39414,0.775238,9523589192
5755676,9336.64,1.39253,0.778461,9523605939
5755677,9336.64,1.34095,0.79619,9523605943
5755678,9336.64,1.3482,0.780879,9523605945
5755679,9336.64,1.38447,0.767179,9523605945
5755680,9336.64,1.2652,0.767179,9523605946
5755681,9336.65,1.40462,0.778461,9523605947
5755682,9336.65,1.41993,0.777655,9523605948
5755683,9336.65,1.35223,0.776849,9523605949
5755684,9336.65,1.34579,0.775238,9523605950
5755685,9336.65,1.40381,0.792161,9523605951
5755686,9336.65,1.39414,0.759926,9523605951
5755687,9336.65,1.31516,0.78652,9523605952
5755688,9336.65,1.457,0.767179,9523605953
5755689,9336.65,1.41993,0.777655,9523605954
5755690,9336.65,1.34256,0.785714,9523605955
5755691,9336.66,1.4304,0.775238,9523605955
5755692,9336.66,1.32483,0.777655,9523622696
5755693,9336.66,1.35223,0.776043,9523622700
5755694,9336.66,1.34579,0.777655,9523622701
5755695,9336.66,1.37641,0.777655,9523622702
5755696,9336.66,1.43121,0.785714,9523622703
5755697,9336.66,1.29663,0.764761,9523622704
5755698,9336.66,1.41993,0.776849,9523622704
5755699,9336.66,1.36674,0.776849,9523622705
5755700,9336.66,1.36674,0.775238,9523622706
5755701,9336.67,1.40381,0.776849,9523622707
5755702,9336.67,1.38286,0.778461,9523622708
5755703,9336.67,1.41912,0.773626,9523622708
5755704,9336.67,1.39656,0.777655,9523622709
5755705,9336.67,1.39414,0.776849,9523622710
5755706,9336.67,1.35385,0.777655,9523622711
5755707,9336.67,1.37157,0.770402,9523622712
5755708,9336.67,1.44974,0.777655,9523622712
5755709,9336.67,1.26359,0.777655,9523639351
5755710,9336.67,1.41832,0.778461,9523639355
5755711,9336.67,1.40381,0.777655,9523639356
5755712,9336.68,1.28938,0.773626,9523639357
5755713,9336.68,1.39414,0.780879,9523639358
5755714,9336.68,1.41832,0.776849,9523639358
5755715,9336.68,1.42396,0.780879,9523639359
5755716,9336.68,1.30066,0.780879,9523639360
5755717,9336.68,1.42073,0.780879,9523639361
5755718,9336.68,1.36835,0.777655,9523639362
5755719,9336.68,1.31678,0.780879,9523639362
5755720,9336.68,1.41832,0.778461,9523639363
5755721,9336.68,1.39736,0.78652,9523639364
5755722,9336.69,1.37963,0.775238,9523639365
5755723,9336.69,1.36835,0.780879,9523639366
5755724,9336.69,1.42798,0.776849,9523639366
5755725,9336.69,1.39978,0.787326,9523639367
5755726,9336.69,1.22168,0.759926,9523656049
5755727,9336.69,1.39333,0.776043,9523656056
5755728,9336.69,1.32967,0.778461,9523656057
5755729,9336.69,1.31597,0.777655,9523656058
5755730,9336.69,1.36674,0.792967,9523656059
5755731,9336.69,1.43282,0.759926,9523656082
5755732,9336.7,1.42476,0.777655,9523656083
5755733,9336.7,1.39253,0.777655,9523656084
5755734,9336.7,1.43927,0.773626,9523656085
5755735,9336.7,1.39736,0.778461,9523656086
5755736,9336.7,1.34095,0.78652,9523656087
5755737,9336.7,1.457,0.779267,9523656088
5755738,9336.7,1.35868,0.79619,9523656088
5755739,9336.7,1.42315,0.791355,9523656089
5755740,9336.7,1.43604,0.780073,9523656090
5755741,9336.7,1.36996,0.781684,9523656091
5755742,9336.71,1.35546,0.776043,9523672599
5755743,9336.71,1.3482,0.776849,9523672603
5755744,9336.71,1.41026,0.778461,9523672604
5755745,9336.71,1.31678,0.776043,9523672605
5755746,9336.71,1.3748,0.777655,9523672606
5755747,9336.71,1.4441,0.785714,9523672607
5755748,9336.71,1.34095,0.778461,9523672608
5755749,9336.71,1.44571,0.778461,9523672609
5755750,9336.71,1.40381,0.777655,9523672609
5755751,9336.72,1.36916,0.777655,9523672610
5755752,9336.72,1.40381,0.777655,9523672611
5755753,9336.72,1.44249,0.777655,9523672612
5755754,9336.72,1.42718,0.784102,9523672613
5755755,9336.72,1.30066,0.776849,9523672613
5755756,9336.72,1.36674,0.792967,9523672614
5755757,9336.72,1.37319,0.785714,9523672615
5755758,9336.72,1.32403,0.777655,9523672616
5755759,9336.72,1.34095,0.777655,9523689366
5755760,9336.72,1.37963,0.780879,9523689370
5755761,9336.73,1.35385,0.776849,9523689371
5755762,9336.73,1.34095,0.775238,9523689372
5755763,9336.73,1.40542,0.776849,9523689373
5755764,9336.73,1.40381,0.781684,9523689374
5755765,9336.73,1.30711,0.777655,9523689375
5755766,9336.73,1.43927,0.778461,9523689375
5755767,9336.73,1.37963,0.777655,9523689376
5755768,9336.73,1.41832,0.779267,9523689377
5755769,9336.73,1.43363,0.778461,9523689378
5755770,9336.73,1.39736,0.773626,9523689379
5755771,9336.74,1.43685,0.773626,9523689379
5755772,9336.74,1.41832,0.776849,9523689380
5755773,9336.74,1.37963,0.778461,9523689381
5755774,9336.74,1.37157,0.776043,9523689382
5755775,9336.74,1.34901,0.775238,9523689383
5755776,9336.74,1.37157,0.778461,9523706095
5755777,9336.74,1.29744,0.776849,9523706098
5755778,9336.74,1.43604,0.759926,9523706100
5755779,9336.74,1.39253,0.792967,9523706100
5755780,9336.74,1.30066,0.778461,9523706101
5755781,9336.75,1.39414,0.778461,9523706102
5755782,9336.75,1.39414,0.777655,9523706103
5755783,9336.75,1.41832,0.776849,9523706104
5755784,9336.75,1.28938,0.79619,9523706104
5755785,9336.75,1.37802,0.776849,9523706105
5755786,9336.75,1.38447,0.784908,9523706106
5755787,9336.75,1.34095,0.770402,9523706107
5755788,9336.75,1.43121,0.777655,9523706108
5755789,9336.75,1.44007,0.778461,9523706109
5755790,9336.75,1.37077,0.776849,9523706110
5755791,9336.75,1.39414,0.763956,9523706110
5755792,9336.76,1.37157,0.777655,9523722703
5755793,9336.76,1.38447,0.777655,9523722713
5755794,9336.76,1.29582,0.776849,9523722716
5755795,9336.76,1.38608,0.777655,9523722717
5755796,9336.76,1.32161,0.778461,9523722718
5755797,9336.76,1.28938,0.77282,9523722720
5755798,9336.76,1.40542,0.776849,9523722721
5755799,9336.76,1.39897,0.777655,9523722722
5755800,9336.76,1.42476,0.784102,9523722723
5755801,9336.76,1.36755,0.776849,9523722724
5755802,9336.77,1.43282,0.773626,9523722725
5755803,9336.77,1.39736,0.776849,9523722726
5755804,9336.77,1.29099,0.778461,9523722728
5755805,9336.77,1.39978,0.776849,9523722729
5755806,9336.77,1.31678,0.777655,9523722730
5755807,9336.77,1.40381,0.792967,9523722732
5755808,9336.77,1.42315,0.778461,9523722733
5755809,9336.77,1.25231,0.780879,9523739422
5755810,9336.77,1.37963,0.777655,9523739428
5755811,9336.77,1.37883,0.776849,9523739429
5755812,9336.78,1.36593,0.759926,9523739430
5755813,9336.78,1.32806,0.778461,9523739431
5755814,9336.78,1.36674,0.776849,9523739432
5755815,9336.78,1.4296,0.776849,9523739432
5755816,9336.78,1.32645,0.776849,9523739433
5755817,9336.78,1.46989,0.777655,9523739434
5755818,9336.78,1.43121,0.778461,9523739435
5755819,9336.78,1.32806,0.778461,9523739436
5755820,9336.78,1.37399,0.776849,9523739437
5755821,9336.78,1.38044,0.778461,9523739437
5755822,9336.79,1.44894,0.778461,9523739438
5755823,9336.79,1.27568,0.777655,9523739439
5755824,9336.79,1.4022,0.780879,9523739440
5755825,9336.79,1.39897,0.763956,9523739440
5755826,9336.79,1.24747,0.777655,9523756077
5755827,9336.79,1.36996,0.779267,9523756081
5755828,9336.79,1.39897,0.779267,9523756082
5755829,9336.79,1.36674,0.777655,9523756083
5755830,9336.79,1.40784,0.778461,9523756084
5755831,9336.8,1.43927,0.785714,9523756085
5755832,9336.8,1.42637,0.775238,9523756086
5755833,9336.8,1.29824,0.779267,9523756086
5755834,9336.8,1.40784,0.778461,9523756087
5755835,9336.8,1.3748,0.775238,9523756088
5755836,9336.8,1.38125,0.777655,9523756089
5755837,9336.8,1.4296,0.778461,9523756090
5755838,9336.8,1.39575,0.776849,9523756090
5755839,9336.8,1.4304,0.785714,9523756091
5755840,9336.8,1.37238,0.776849,9523756092
5755841,9336.81,1.37157,0.784102,9523756093
5755842,9336.81,1.31516,0.776849,9523772746
5755843,9336.81,1.2781,0.777655,9523772749
5755844,9336.81,1.38447,0.785714,9523772750
5755845,9336.81,1.32242,0.776849,9523772751
5755846,9336.81,1.39414,0.783296,9523772752
5755847,9336.81,1.41832,0.776849,9523772753
5755848,9336.81,1.34095,0.776849,9523772754
5755849,9336.81,1.40059,0.776849,9523772755
5755850,9336.81,1.44088,0.776849,9523772755
5755851,9336.82,1.43927,0.780879,9523772756
5755852,9336.82,1.29421,0.779267,9523772757
5755853,9336.82,1.39253,0.780879,9523772758
5755854,9336.82,1.41026,0.777655,9523772759
5755855,9336.82,1.29744,0.773626,9523772759
5755856,9336.82,1.43765,0.785714,9523772760
5755857,9336.82,1.43282,0.780073,9523772761
5755858,9336.82,1.36593,0.773626,9523772762
5755859,9336.82,1.30227,0.778461,9523789399
5755860,9336.82,1.37802,0.775238,9523789403
5755861,9336.83,1.38125,0.78249,9523789404
5755862,9336.83,1.2378,0.777655,9523789405
5755863,9336.83,1.42637,0.776849,9523789405
5755864,9336.83,1.3748,0.778461,9523789406
5755865,9336.83,1.34417,0.777655,9523789407
5755866,9336.83,1.41832,0.773626,9523789408
5755867,9336.83,1.41832,0.780879,9523789409
5755868,9336.83,1.44571,0.780879,9523789409
5755869,9336.83,1.39495,0.776849,9523789410
5755870,9336.83,1.39897,0.778461,9523789411
5755871,9336.83,1.40542,0.77282,9523789412
5755872,9336.84,1.34095,0.776849,9523789413
5755873,9336.84,1.43282,0.778461,9523789414
5755874,9336.84,1.32322,0.778461,9523789414
5755875,9336.84,1.39253,0.763956,9523789415
5755876,9336.84,1.35385,0.770402,9523806022
5755877,9336.84,1.32,0.778461,9523806027
5755878,9336.84,1.39897,0.775238,9523806028
5755879,9336.84,1.36674,0.776043,9523806028
5755880,9336.84,1.35223,0.776849,9523806029
5755881,9336.84,1.32322,0.759926,9523806030
5755882,9336.85,1.35626,0.777655,9523806031
5755883,9336.85,1.42073,0.778461,9523806032
5755884,9336.85,1.30227,0.776849,9523806032
5755885,9336.85,1.35546,0.777655,9523806033
5755886,9336.85,1.38205,0.79619,9523806034
5755887,9336.85,1.32,0.777655,9523806035
5755888,9336.85,1.39414,0.762344,9523806036
5755889,9336.85,1.39978,0.778461,9523806037
5755890,9336.85,1.45619,0.777655,9523806037
5755891,9336.85,1.31516,0.776849,9523806038
5755892,9336.86,1.34095,0.776849,9523822668
5755893,9336.86,1.35868,0.780879,9523822672
5755894,9336.86,1.31678,0.765567,9523822673
5755895,9336.86,1.42396,0.784102,9523822673
5755896,9336.86,1.41832,0.777655,9523822674
5755897,9336.86,1.39253,0.780879,9523822675
5755898,9336.86,1.36835,0.783296,9523822676
5755899,9336.86,1.42315,0.776849,9523822677
5755900,9336.86,1.41912,0.780073,9523822677
5755901,9336.86,1.28938,0.778461,9523822678
5755902,9336.87,1.42476,0.776849,9523822679
5755903,9336.87,1.35626,0.780879,9523822680
5755904,9336.87,1.34659,0.792967,9523822680
5755905,9336.87,1.39414,0.763956,9523822681
5755906,9336.87,1.34337,0.784102,9523822682
5755907,9336.87,1.42637,0.776849,9523822682
5755908,9336.87,1.42315,0.780073,9523822683
5755909,9336.87,1.31516,0.78652,9523839579
5755910,9336.87,1.35385,0.776849,9523839585
5755911,9336.88,1.30791,0.788131,9523839586
5755912,9336.88,1.39253,0.783296,9523839588
5755913,9336.88,1.30066,0.780879,9523839589
5755914,9336.88,1.41832,0.776849,9523839589
5755915,9336.88,1.41993,0.777655,9523839590
5755916,9336.88,1.31516,0.780879,9523839591
5755917,9336.88,1.37319,0.783296,9523839592
5755918,9336.88,1.39414,0.780073,9523839612
5755919,9336.88,1.44249,0.777655,9523839613
5755920,9336.88,1.27648,0.783296,9523839613
5755921,9336.89,1.34337,0.780879,9523839614
5755922,9336.89,1.39253,0.780073,9523839615
5755923,9336.89,1.29744,0.765567,9523839616
5755924,9336.89,1.40139,0.777655,9523839617
5755925,9336.89,1.39253,0.777655,9523839617
5755926,9336.89,1.24989,0.777655,9523856032
5755927,9336.89,1.36674,0.776849,9523856038
5755928,9336.89,1.43765,0.776849,9523856039
5755929,9336.89,1.41026,0.776849,9523856040
5755930,9336.89,1.2652,0.776849,9523856041
5755931,9336.9,1.40381,0.792967,9523856042
5755932,9336.9,1.37883,0.776849,9523856043
5755933,9336.9,1.31516,0.775238,9523856044
5755934,9336.9,1.43282,0.780879,9523856045
5755935,9336.9,1.38125,0.779267,9523856046
5755936,9336.9,1.42637,0.783296,9523856047
5755937,9336.9,1.40542,0.776849,9523856048
5755938,9336.9,1.41832,0.777655,9523856049
5755939,9336.9,1.42637,0.778461,9523856050
5755940,9336.9,1.30147,0.776849,9523856050
5755941,9336.91,1.43282,0.780879,9523856051
5755942,9336.91,1.26359,0.79619,9523872740
5755943,9336.91,1.36674,0.776849,9523872745
5755944,9336.91,1.39897,0.770402,9523872747
5755945,9336.91,1.35223,0.778461,9523872747
5755946,9336.91,1.4304,0.777655,9523872748
5755947,9336.91,1.39897,0.777655,9523872749
5755948,9336.91,1.42637,0.770402,9523872750
5755949,9336.91,1.34256,0.776849,9523872751
5755950,9336.91,1.34579,0.785714,9523872752
5755951,9336.92,1.42315,0.778461,9523872753
5755952,9336.92,1.32645,0.776849,9523872753
5755953,9336.92,1.44571,0.780879,9523872754
5755954,9336.92,1.42315,0.777655,9523872755
5755955,9336.92,1.34256,0.785714,9523872756
5755956,9336.92,1.37157,0.785714,9523872757
5755957,9336.92,1.41993,0.784102,9523872758
5755958,9336.92,1.42879,0.777655,9523872759
5755959,9336.92,1.22652,0.785714,9523889440
5755960,9336.92,1.38125,0.778461,9523889446
5755961,9336.92,1.35304,0.776849,9523889447
5755962,9336.93,1.27165,0.780073,9523889448
5755963,9336.93,1.43363,0.780073,9523889449
5755964,9336.93,1.39253,0.780879,9523889449
5755965,9336.93,1.39897,0.780879,9523889450
5755966,9336.93,1.37802,0.784102,9523889451
5755967,9336.93,1.42154,0.780879,9523889452
5755968,9336.93,1.42637,0.780879,9523889453
5755969,9336.93,1.29099,0.778461,9523889453
5755970,9336.93,1.44249,0.779267,9523889454
5755971,9336.93,1.37319,0.78652,9523889455
5755972,9336.94,1.36674,0.778461,9523889456
5755973,9336.94,1.40381,0.777655,9523889457
5755974,9336.94,1.35546,0.779267,9523889458
5755975,9336.94,1.41832,0.777655,9523889459
5755976,9336.94,1.34901,0.777655,9523906151
5755977,9336.94,1.40381,0.777655,9523906158
5755978,9336.94,1.34256,0.759926,9523906159
5755979,9336.94,1.30711,0.777655,9523906160
5755980,9336.94,1.42637,0.778461,9523906160
5755981,9336.94,1.30388,0.777655,9523906161
5755982,9336.95,1.41993,0.783296,9523906162
5755983,9336.95,1.41832,0.776849,9523906163
5755984,9336.95,1.28212,0.778461,9523906163
5755985,9336.95,1.34095,0.776849,9523906164
5755986,9336.95,1.36674,0.780073,9523906165
5755987,9336.95,1.4296,0.778461,9523906166
5755988,9336.95,1.32,0.775238,9523906167
5755989,9336.95,1.40703,0.778461,9523906168
5755990,9336.95,1.41993,0.777655,9523906168
5755991,9336.95,1.32806,0.780879,9523906169
5755992,9336.96,1.36916,0.780073,9523906171
5755993,9336.96,1.34901,0.776849,9523922780
5755994,9336.96,1.37883,0.780879,9523922786
5755995,9336.96,1.35223,0.776849,9523922787
5755996,9336.96,1.43765,0.777655,9523922788
5755997,9336.96,1.37319,0.778461,9523922789
5755998,9336.96,1.22974,0.778461,9523922790
5755999,9336.96,1.40945,0.780073,9523922791
5756000,9336.96,1.34982,0.777655,9523922792
5756001,9336.97,1.72051,0.78652,9523922792
5756002,9336.97,1.75355,0.776849,9523922793
5756003,9336.97,1.75355,0.777655,9523922794
5756004,9336.97,1.74066,0.78249,9523922795
5756005,9336.97,1.72776,0.773626,9523922796
5756006,9336.97,1.72776,0.776849,9523922796
5756007,9336.97,1.68103,0.778461,9523922797
5756008,9336.97,1.62945,0.77282,9523922798
5756009,9336.97,1.52146,0.776849,9523939496
5756010,9336.97,1.4441,0.784908,9523939502
5756011,9336.98,1.21846,0.777655,9523939503
5756012,9336.98,1.02183,0.780073,9523939504
5756013,9336.98,0.939633,0.780073,9523939505
5756014,9336.98,0.75912,0.780073,9523939506
5756015,9336.98,0.572161,0.778461,9523939507
5756016,9336.98,0.518974,0.778461,9523939508
5756017,9336.98,0.451282,0.780879,9523939509
5756018,9336.98,0.430329,0.785714,9523939510
5756019,9336.98,0.409377,0.78652,9523939511
5756020,9336.98,0.403736,0.780073,9523939511
5756021,9336.99,0.401318,0.777655,9523939512
5756022,9336.99,0.394065,0.776849,9523939513
5756023,9336.99,0.39326,0.792967,9523939514
5756024,9336.99,0.388424,0.776849,9523939515
5756025,9336.99,0.39326,0.78249,9523939515
5756026,9336.99,0.390036,0.777655,9523956112
5756027,9336.99,0.398095,0.778461,9523956118
5756028,9336.99,0.4126,0.775238,9523956119
5756029,9336.99,0.410989,0.792967,9523956120
5756030,9336.99,0.425494,0.778461,9523956121
5756031,9337,0.46901,0.777655,9523956121
5756032,9337,0.549597,0.792967,9523956122
5756033,9337,0.614065,0.794578,9523956123
5756034,9337,0.757509,0.780879,9523956124
5756035,9337,0.923516,0.779267,9523956125
5756036,9337,1.06535,0.778461,9523956126
5756037,9337,1.22491,0.777655,9523956127
5756038,9337,1.38769,0.773626,9523956128
5756039,9337,1.49568,0.776043,9523956129
5756040,9337,1.5537,0.776849,9523956130
5756041,9337,1.57788,0.776849,9523956131
5756042,9337.01,1.58593,0.759926,9523972786
5756043,9337.01,1.58916,0.778461,9523972791
5756044,9337.01,1.59963,0.780073,9523972792
5756045,9337.01,1.62461,0.778461,9523972793
5756046,9337.01,1.5682,0.778461,9523972794
5756047,9337.01,1.54725,0.777655,9523972795
5756048,9337.01,1.56015,0.777655,9523972796
5756049,9337.01,1.52308,0.778461,9523972797
5756050,9337.01,1.457,0.777655,9523972798
5756051,9337.01,1.36674,0.792967,9523972798
5756052,9337.02,1.30066,0.776849,9523972799
5756053,9337.02,1.2104,0.777655,9523972800
5756054,9337.02,1.16044,0.775238,9523972801
5756055,9337.02,1.08549,0.780879,9523972802
5756056,9337.02,1.02747,0.78249,9523972803
5756057,9337.02,0.910622,0.779267,9523972803
5756058,9337.02,0.825201,0.778461,9523972804
5756059,9337.02,0.709157,0.775238,9523989363
5756060,9337.02,0.682564,0.78652,9523989368
5756061,9337.02,0.626959,0.785714,9523989369
5756062,9337.03,0.607619,0.776849,9523989370
5756063,9337.03,0.580219,0.780073,9523989371
5756064,9337.03,0.579413,0.780073,9523989372
5756065,9337.03,0.559267,0.776849,9523989373
5756066,9337.03,0.547985,0.773626,9523989373
5756067,9337.03,0.556043,0.777655,9523989374
5756068,9337.03,0.533479,0.778461,9523989375
5756069,9337.03,0.523809,0.785714,9523989376
5756070,9337.03,0.502857,0.765567,9523989377
5756071,9337.03,0.485128,0.773626,9523989378
5756072,9337.04,0.457728,0.780879,9523989378
5756073,9337.04,0.475457,0.776849,9523989379
5756074,9337.04,0.46901,0.789743,9523989380
5756075,9337.04,0.462564,0.778461,9523989381
5756076,9337.04,0.440805,0.778461,9524006128
5756077,9337.04,0.443223,0.778461,9524006134
5756078,9337.04,0.438388,0.780073,9524006135
5756079,9337.04,0.427106,0.777655,9524006136
5756080,9337.04,0.431135,0.780073,9524006137
5756081,9337.05,0.420659,0.777655,9524006138
5756082,9337.05,0.414212,0.780879,9524006139
5756083,9337.05,0.428717,0.780879,9524006140
5756084,9337.05,0.423076,0.780879,9524006140
5756085,9337.05,0.417435,0.777655,9524006141
5756086,9337.05,0.425494,0.778461,9524006142
5756087,9337.05,0.441611,0.779267,9524006143
5756088,9337.05,0.444029,0.759926,9524006145
5756089,9337.05,0.45934,0.775238,9524006145
5756090,9337.05,0.450476,0.776849,9524006146
5756091,9337.06,0.452893,0.778461,9524006147
5756092,9337.06,0.454505,0.776849,9524022747
5756093,9337.06,0.475457,0.773626,9524022752
5756094,9337.06,0.521391,0.777655,9524022753
5756095,9337.06,0.524615,0.778461,9524022754
5756096,9337.06,0.514139,0.779267,9524022755
5756097,9337.06,0.51575,0.777655,9524022756
5756098,9337.06,0.502857,0.773626,9524022757
5756099,9337.06,0.541538,0.778461,9524022758
5756100,9337.06,0.531868,0.775238,9524022759
5756101,9337.07,0.527032,0.776849,9524022760
5756102,9337.07,0.523809,0.777655,9524022761
5756103,9337.07,0.504468,0.785714,9524022761
5756104,9337.07,0.480293,0.780073,9524022786
5756105,9337.07,0.486739,0.780073,9524022787
5756106,9337.07,0.478681,0.776849,9524022787
5756107,9337.07,0.464175,0.792967,9524022788
5756108,9337.07,0.448864,0.779267,9524022789
5756109,9337.07,0.43597,0.780879,9524039494
5756110,9337.07,0.439194,0.778461,9524039500
5756111,9337.08,0.415824,0.778461,9524039501
5756112,9337.08,0.425494,0.776849,9524039502
5756113,9337.08,0.430329,0.776849,9524039502
5756114,9337.08,0.424688,0.778461,9524039503
5756115,9337.08,0.425494,0.783296,9524039504
5756116,9337.08,0.423882,0.781684,9524039505
5756117,9337.08,0.438388,0.779267,9524039506
5756118,9337.08,0.427912,0.781684,9524039506
5756119,9337.08,0.428717,0.780073,9524039507
5756120,9337.08,0.439194,0.776849,9524039508
5756121,9337.08,0.432747,0.775238,9524039509
5756122,9337.09,0.440805,0.777655,9524039510
5756123,9337.09,0.438388,0.778461,9524039511
5756124,9337.09,0.447252,0.776849,9524039511
5756125,9337.09,0.451282,0.764761,9524039512
5756126,9337.09,0.448058,0.778461,9524056249
5756127,9337.09,0.450476,0.776043,9524056255
5756128,9337.09,0.489963,0.788131,9524056256
5756129,9337.09,0.46901,0.776849,9524056257
5756130,9337.09,0.452893,0.776849,9524056258
5756131,9337.09,0.472234,0.78652,9524056258
5756132,9337.1,0.464175,0.773626,9524056259
5756133,9337.1,0.478681,0.777655,9524056260
5756134,9337.1,0.480293,0.776849,9524056261
5756135,9337.1,0.46901,0.783296,9524056262
5756136,9337.1,0.472234,0.780879,9524056263
5756137,9337.1,0.480293,0.776849,9524056264
5756138,9337.1,0.501245,0.778461,9524056264
5756139,9337.1,0.478681,0.792967,9524056265
5756140,9337.1,0.480293,0.780073,9524056266
5756141,9337.1,0.480293,0.775238,9524056267
5756142,9337.11,0.486739,0.777655,9524056268
5756143,9337.11,0.481904,0.776849,9524072948
5756144,9337.11,0.517362,0.778461,9524072955
5756145,9337.11,0.491575,0.783296,9524072956
5756146,9337.11,0.51575,0.783296,9524072957
5756147,9337.11,0.528644,0.776849,9524072958
5756148,9337.11,0.541538,0.778461,9524072959
5756149,9337.11,0.560879,0.783296,9524072959
5756150,9337.11,0.567326,0.778461,9524072960
5756151,9337.11,0.556043,0.775238,9524072961
5756152,9337.12,0.568937,0.777655,9524072962
5756153,9337.12,0.572161,0.778461,9524072963
5756154,9337.12,0.551208,0.792967,9524072963
5756155,9337.12,0.553626,0.773626,9524072964
5756156,9337.12,0.570549,0.777655,9524072965
5756157,9337.12,0.568937,0.777655,9524072966
5756158,9337.12,0.56652,0.777655,9524072966
5756159,9337.12,0.525421,0.775238,9524089602
5756160,9337.12,0.54315,0.776043,9524089608
5756161,9337.12,0.541538,0.777655,9524089609
5756162,9337.13,0.561684,0.777655,9524089610
5756163,9337.13,0.585054,0.776849,9524089611
5756164,9337.13,0.623736,0.773626,9524089612
5756165,9337.13,0.675311,0.77282,9524089613
5756166,9337.13,0.626959,0.777655,9524089614
5756167,9337.13,0.722051,0.778461,9524089615
5756168,9337.13,0.722051,0.773626,9524089615
5756169,9337.13,0.779267,0.777655,9524089616
5756170,9337.13,0.792161,0.785714,9524089617
5756171,9337.14,0.832454,0.788937,9524089618
5756172,9337.14,0.807472,0.778461,9524089618
5756173,9337.14,0.79619,0.788937,9524089619
5756174,9337.14,0.815531,0.776849,9524089620
5756175,9337.14,0.868717,0.780879,9524089621
5756176,9337.14,0.804249,0.777655,9524106587
5756177,9337.14,0.902564,0.778461,9524106607
5756178,9337.14,0.838095,0.775238,9524106609
5756179,9337.14,0.81956,0.780073,9524106610
5756180,9337.14,0.854212,0.775238,9524106611
5756181,9337.15,0.834065,0.778461,9524106612
5756182,9337.15,0.812307,0.780879,9524106614
5756183,9337.15,0.804249,0.776849,9524106615
5756184,9337.15,0.813919,0.777655,9524106616
5756185,9337.15,0.84293,0.777655,9524106618
5756186,9337.15,0.836483,0.777655,9524106619
5756187,9337.15,0.876776,0.773626,9524106620
5756188,9337.15,0.876776,0.780073,9524106621
5756189,9337.15,0.855824,0.775238,9524106623
5756190,9337.15,0.860659,0.776849,9524106624
5756191,9337.16,0.8526,0.774432,9524106625
5756192,9337.16,0.818754,0.780073,9524106626
5756193,9337.16,0.766373,0.774432,9524122772
5756194,9337.16,0.846959,0.783296,9524122787
5756195,9337.16,0.844542,0.776849,9524122789
5756196,9337.16,0.862271,0.780879,9524122790
5756197,9337.16,0.905787,0.777655,9524122791
5756198,9337.16,0.904175,0.775238,9524122792
5756199,9337.16,0.949304,0.776849,9524122793
5756200,9337.16,0.928351,0.777655,9524122795
5756201,9337.17,0.931575,0.780073,9524122796
5756202,9337.17,0.92271,0.780073,9524122797
5756203,9337.17,0.95978,0.778461,9524122798
5756204,9337.17,0.967032,0.776849,9524122799
5756205,9337.17,0.963003,0.767179,9524122801
5756206,9337.17,0.98315,0.777655,9524122802
5756207,9337.17,0.970256,0.776849,9524122803
5756208,9337.17,0.992014,0.778461,9524122804
5756209,9337.17,0.928351,0.776849,9524139609
5756210,9337.17,0.997655,0.777655,9524139619
5756211,9337.17,0.979926,0.780073,9524139621
5756212,9337.18,0.984761,0.767179,9524139623
5756213,9337.18,1.00733,0.780073,9524139624
5756214,9337.18,1.04278,0.777655,9524139625
5756215,9337.18,1.00571,0.778461,9524139627
5756216,9337.18,1.05729,0.779267,9524139628
5756217,9337.18,1.05245,0.778461,9524139629
5756218,9337.18,1.06454,0.778461,9524139630
5756219,9337.18,1.05729,0.770402,9524139631
5756220,9337.18,1.08308,0.778461,9524139633
5756221,9337.18,1.06857,0.777655,9524139634
5756222,9337.19,1.06938,0.775238,9524139635
5756223,9337.19,1.06212,0.780879,9524139636
5756224,9337.19,1.08952,0.780879,9524139637
5756225,9337.19,1.06857,0.776849,9524139638
5756226,9337.19,1.0589,0.777655,9524156287
5756227,9337.19,1.1274,0.777655,9524156294
5756228,9337.19,1.15238,0.776849,9524156296
5756229,9337.19,1.15238,0.776849,9524156297
5756230,9337.19,1.16205,0.778461,9524156298
5756231,9337.19,1.2241,0.78652,9524156299
5756232,9337.2,1.21363,0.777655,9524156299
5756233,9337.2,1.26359,0.780073,9524156300
5756234,9337.2,1.26439,0.776849,9524156301
5756235,9337.2,1.27648,0.780879,9524156302
5756236,9337.2,1.25069,0.777655,9524156303
5756237,9337.2,1.23619,0.779267,9524156304
5756238,9337.2,1.22168,0.780073,9524156305
5756239,9337.2,1.21363,0.778461,9524156306
5756240,9337.2,1.24264,0.778461,9524156306
5756241,9337.2,1.26359,0.759926,9524156307
5756242,9337.21,1.24667,0.778461,9524156308
5756243,9337.21,1.23377,0.776849,9524172766
5756244,9337.21,1.22491,0.778461,9524172774
5756245,9337.21,1.29421,0.759926,9524172777
5756246,9337.21,1.31678,0.777655,9524172778
5756247,9337.21,1.34095,0.775238,9524172779
5756248,9337.21,1.33612,0.778461,9524172781
5756249,9337.21,1.34579,0.776849,9524172782
5756250,9337.21,1.36271,0.777655,9524172783
5756251,9337.22,1.37963,0.778461,9524172784
5756252,9337.22,1.35385,0.778461,9524172785
5756253,9337.22,1.33934,0.777655,9524172786
5756254,9337.22,1.36674,0.780879,9524172787
5756255,9337.22,1.36835,0.776849,9524172789
5756256,9337.22,1.34095,0.778461,9524172790
5756257,9337.22,1.35385,0.779267,9524172791
5756258,9337.22,1.35385,0.788937,9524172792
5756259,9337.22,1.31678,0.780879,9524189564
5756260,9337.22,1.31516,0.780879,9524189576
5756261,9337.23,1.31516,0.780879,9524189578
5756262,9337.23,1.34417,0.778461,9524189579
5756263,9337.23,1.32403,0.776849,9524189580
5756264,9337.23,1.33934,0.788937,9524189581
5756265,9337.23,1.3756,0.776849,9524189582
5756266,9337.23,1.34498,0.779267,9524189584
5756267,9337.23,1.39736,0.777655,9524189585
5756268,9337.23,1.37238,0.780879,9524189586
5756269,9337.23,1.39817,0.778461,9524189587
5756270,9337.23,1.38769,0.778461,9524189588
5756271,9337.24,1.37802,0.780879,9524189590
5756272,9337.24,1.39253,0.785714,9524189591
5756273,9337.24,1.39897,0.780073,9524189592
5756274,9337.24,1.39253,0.785714,9524189593
5756275,9337.24,1.39253,0.783296,9524189594
5756276,9337.24,1.32322,0.778461,9524206471
5756277,9337.24,1.38125,0.778461,9524206476
5756278,9337.24,1.34579,0.776849,9524206478
5756279,9337.24,1.32322,0.791355,9524206479
5756280,9337.24,1.36835,0.776849,9524206479
5756281,9337.25,1.36674,0.763956,9524206480
5756282,9337.25,1.36835,0.780879,9524206481
5756283,9337.25,1.37157,0.777655,9524206482
5756284,9337.25,1.37319,0.778461,9524206483
5756285,9337.25,1.37319,0.763956,9524206483
5756286,9337.25,1.39495,0.776849,9524206484
5756287,9337.25,1.40059,0.776849,9524206485
5756288,9337.25,1.39414,0.776849,9524206486
5756289,9337.25,1.41832,0.776849,9524206524
5756290,9337.25,1.42315,0.780879,9524206525
5756291,9337.25,1.41026,0.777655,9524206526
5756292,9337.26,1.39253,0.763956,9524206526
5756293,9337.26,1.30147,0.778461,9524222802
5756294,9337.26,1.36996,0.776849,9524222808
5756295,9337.26,1.39414,0.777655,9524222809
5756296,9337.26,1.38125,0.777655,9524222810
5756297,9337.26,1.39414,0.773626,9524222811
5756298,9337.26,1.37883,0.776849,9524222811
5756299,9337.26,1.39414,0.776849,9524222812
5756300,9337.26,1.40542,0.777655,9524222813
5756301,9337.26,1.39897,0.780879,9524222814
5756302,9337.27,1.41912,0.776849,9524222815
5756303,9337.27,1.39736,0.780073,9524222815
5756304,9337.27,1.34901,0.776849,9524222816
5756305,9337.27,1.3756,0.780879,9524222817
5756306,9337.27,1.40864,0.778461,9524222818
5756307,9337.27,1.39817,0.778461,9524222819
5756308,9337.27,1.40542,0.776849,9524222819
5756309,9337.27,1.32322,0.777655,9524239374
5756310,9337.27,1.42315,0.759926,9524239383
5756311,9337.27,1.34095,0.780879,9524239386
5756312,9337.28,1.36674,0.776849,9524239387
5756313,9337.28,1.36674,0.778461,9524239389
5756314,9337.28,1.39253,0.773626,9524239390
5756315,9337.28,1.39253,0.776849,9524239391
5756316,9337.28,1.35304,0.773626,9524239392
5756317,9337.28,1.38125,0.777655,9524239393
5756318,9337.28,1.37319,0.780879,9524239394
5756319,9337.28,1.39172,0.777655,9524239396
5756320,9337.28,1.36835,0.763956,9524239397
5756321,9337.28,1.39897,0.780879,9524239398
5756322,9337.29,1.37883,0.776849,9524239399
5756323,9337.29,1.37963,0.792967,9524239400
5756324,9337.29,1.39172,0.783296,9524239401
5756325,9337.29,1.39897,0.780879,9524239402
5756326,9337.29,1.31516,0.778461,9524256059
5756327,9337.29,1.40059,0.776849,9524256064
5756328,9337.29,1.39253,0.788131,9524256065
5756329,9337.29,1.34176,0.776849,9524256066
5756330,9337.29,1.39897,0.783296,9524256067
5756331,9337.3,1.41832,0.779267,9524256068
5756332,9337.3,1.40139,0.784102,9524256070
5756333,9337.3,1.34095,0.780073,9524256070
5756334,9337.3,1.34579,0.780073,9524256071
5756335,9337.3,1.37802,0.776849,9524256072
5756336,9337.3,1.35223,0.777655,9524256073
5756337,9337.3,1.37077,0.767179,9524256074
5756338,9337.3,1.36835,0.776849,9524256075
5756339,9337.3,1.34901,0.779267,9524256076
5756340,9337.3,1.34579,0.780879,9524256076
5756341,9337.31,1.32725,0.777655,9524256077
5756342,9337.31,1.29179,0.780879,9524272746
5756343,9337.31,1.30066,0.777655,9524272752
5756344,9337.31,1.34176,0.776849,9524272753
5756345,9337.31,1.34982,0.778461,9524272754
5756346,9337.31,1.34095,0.783296,9524272755
5756347,9337.31,1.36755,0.776849,9524272756
5756348,9337.31,1.35304,0.780073,9524272757
5756349,9337.31,1.32322,0.780879,9524272757
5756350,9337.31,1.37319,0.780879,9524272758
5756351,9337.32,1.39736,0.776849,9524272759
5756352,9337.32,1.35546,0.778461,9524272760
5756353,9337.32,1.36674,0.77282,9524272761
5756354,9337.32,1.36835,0.776849,9524272762
5756355,9337.32,1.39575,0.776849,9524272763
5756356,9337.32,1.35385,0.780073,9524272763
5756357,9337.32,1.39414,0.777655,9524272764
5756358,9337.32,1.3756,0.773626,9524272765
5756359,9337.32,1.29018,0.776849,9524289420
5756360,9337.32,1.30066,0.780879,9524289425
5756361,9337.33,1.26923,0.778461,9524289426
5756362,9337.33,1.2781,0.777655,9524289427
5756363,9337.33,1.36674,0.785714,9524289428
5756364,9337.33,1.38125,0.777655,9524289429
5756365,9337.33,1.40542,0.780073,9524289430
5756366,9337.33,1.34901,0.780073,9524289431
5756367,9337.33,1.39414,0.777655,9524289432
5756368,9337.33,1.38125,0.773626,9524289432
5756369,9337.33,1.4022,0.788131,9524289433
5756370,9337.33,1.40542,0.776849,9524289434
5756371,9337.33,1.35304,0.777655,9524289435
5756372,9337.34,1.44571,0.776849,9524289436
5756373,9337.34,1.40139,0.776849,9524289436
5756374,9337.34,1.40462,0.778461,9524289437
5756375,9337.34,1.40864,0.773626,9524289438
5756376,9337.34,1.34337,0.775238,9524305982
5756377,9337.34,1.41187,0.780073,9524305988
5756378,9337.34,1.38205,0.763956,9524305989
5756379,9337.34,1.34095,0.777655,9524305990
5756380,9337.34,1.37722,0.780073,9524305991
5756381,9337.34,1.40703,0.785714,9524305992
5756382,9337.35,1.39253,0.777655,9524305992
5756383,9337.35,1.40945,0.789743,9524305993
5756384,9337.35,1.39253,0.774432,9524305994
5756385,9337.35,1.41832,0.773626,9524305995
5756386,9337.35,1.41832,0.777655,9524305996
5756387,9337.35,1.41832,0.773626,9524305996
5756388,9337.35,1.43604,0.777655,9524305997
5756389,9337.35,1.42154,0.776849,9524305998
5756390,9337.35,1.39253,0.773626,9524305999
5756391,9337.35,1.35304,0.776849,9524305999
5756392,9337.36,1.31678,0.759926,9524322650
5756393,9337.36,1.33289,0.777655,9524322654
5756394,9337.36,1.38447,0.777655,9524322655
5756395,9337.36,1.36996,0.780879,9524322656
5756396,9337.36,1.39172,0.759926,9524322657
5756397,9337.36,1.32645,0.776849,9524322658
5756398,9337.36,1.31678,0.777655,9524322659
5756399,9337.36,1.29663,0.759926,9524322660
5756400,9337.36,1.32645,0.764761,9524322660
5756401,9337.36,1.32806,0.777655,9524322661
5756402,9337.37,1.32161,0.776849,9524322662
5756403,9337.37,1.31516,0.778461,9524322663
5756404,9337.37,1.32725,0.770402,9524322664
5756405,9337.37,1.36674,0.778461,9524322664
5756406,9337.37,1.34256,0.777655,9524322665
5756407,9337.37,1.40864,0.788131,9524322666
5756408,9337.37,1.35223,0.776849,9524322667
5756409,9337.37,1.32322,0.78249,9524339244
5756410,9337.37,1.37641,0.776849,9524339248
5756411,9337.38,1.39253,0.791355,9524339249
5756412,9337.38,1.39253,0.778461,9524339249
5756413,9337.38,1.36674,0.777655,9524339250
5756414,9337.38,1.36835,0.776849,9524339251
5756415,9337.38,1.42637,0.785714,9524339252
5756416,9337.38,1.36835,0.759926,9524339253
5756417,9337.38,1.39414,0.776849,9524339254
5756418,9337.38,1.42396,0.784908,9524339254
5756419,9337.38,1.39817,0.776849,9524339255
5756420,9337.38,1.36835,0.776849,9524339256
5756421,9337.39,1.41993,0.780879,9524339257
5756422,9337.39,1.38286,0.780879,9524339258
5756423,9337.39,1.39253,0.780879,9524339258
5756424,9337.39,1.40703,0.777655,9524339259
5756425,9337.39,1.34659,0.777655,9524339260
5756426,9337.39,1.33612,0.770402,9524356039
5756427,9337.39,1.40542,0.778461,9524356043
5756428,9337.39,1.3474,0.773626,9524356044
5756429,9337.39,1.36674,0.767179,9524356049
5756430,9337.39,1.36835,0.759926,9524356050
5756431,9337.4,1.37802,0.780073,9524356051
5756432,9337.4,1.4022,0.778461,9524356052
5756433,9337.4,1.39253,0.777655,9524356053
5756434,9337.4,1.37238,0.780073,9524356053
5756435,9337.4,1.37963,0.780879,9524356054
5756436,9337.4,1.36835,0.775238,9524356055
5756437,9337.4,1.37802,0.780073,9524356056
5756438,9337.4,1.39253,0.780073,9524356057
5756439,9337.4,1.36674,0.780073,9524356058
5756440,9337.4,1.39092,0.780879,9524356059
5756441,9337.41,1.34095,0.78249,9524356060
5756442,9337.41,1.35304,0.780879,9524372619
5756443,9337.41,1.37157,0.789743,9524372623
5756444,9337.41,1.3885,0.777655,9524372624
5756445,9337.41,1.36835,0.776849,9524372625
5756446,9337.41,1.40542,0.776849,9524372626
5756447,9337.41,1.4296,0.777655,9524372627
5756448,9337.41,1.44491,0.765567,9524372628
5756449,9337.41,1.39897,0.778461,9524372628
5756450,9337.41,1.42476,0.792967,9524372629
5756451,9337.42,1.42154,0.763956,9524372630
5756452,9337.42,1.40542,0.780073,9524372631
5756453,9337.42,1.41832,0.764761,9524372632
5756454,9337.42,1.39736,0.767179,9524372632
5756455,9337.42,1.37883,0.759926,9524372633
5756456,9337.42,1.39414,0.785714,9524372634
5756457,9337.42,1.42315,0.776849,9524372635
5756458,9337.42,1.39414,0.778461,9524372636
5756459,9337.42,1.31758,0.776849,9524389354
5756460,9337.42,1.38125,0.773626,9524389359
5756461,9337.42,1.32645,0.777655,9524389360
5756462,9337.43,1.36835,0.776849,9524389361
5756463,9337.43,1.34095,0.776849,9524389362
5756464,9337.43,1.37963,0.776849,9524389363
5756465,9337.43,1.35304,0.785714,9524389364
5756466,9337.43,1.39253,0.777655,9524389365
5756467,9337.43,1.41832,0.779267,9524389366
5756468,9337.43,1.3748,0.780879,9524389367
5756469,9337.43,1.39736,0.773626,9524389367
5756470,9337.43,1.39253,0.779267,9524389368
5756471,9337.43,1.37963,0.780879,9524389369
5756472,9337.44,1.3482,0.776849,9524389370
5756473,9337.44,1.36755,0.777655,9524389371
5756474,9337.44,1.37399,0.777655,9524389371
5756475,9337.44,1.39253,0.777655,9524389372
5756476,9337.44,1.34095,0.78249,9524406128
5756477,9337.44,1.34659,0.785714,9524406133
5756478,9337.44,1.36674,0.775238,9524406135
5756479,9337.44,1.35223,0.789743,9524406136
5756480,9337.44,1.3756,0.767179,9524406137
5756481,9337.44,1.39253,0.778461,9524406137
5756482,9337.45,1.39253,0.777655,9524406138
5756483,9337.45,1.37157,0.784102,9524406139
5756484,9337.45,1.3756,0.776849,9524406140
5756485,9337.45,1.39253,0.778461,9524406141
5756486,9337.45,1.3756,0.777655,9524406142
5756487,9337.45,1.39978,0.788937,9524406142
5756488,9337.45,1.41993,0.776849,9524406143
5756489,9337.45,1.39414,0.776849,9524406144
5756490,9337.45,1.41026,0.776043,9524406145
5756491,9337.45,1.41832,0.778461,9524406146
5756492,9337.46,1.35626,0.778461,9524422695
5756493,9337.46,1.34095,0.777655,9524422700
5756494,9337.46,1.39253,0.778461,9524422701
5756495,9337.46,1.36835,0.779267,9524422702
5756496,9337.46,1.36674,0.780073,9524422703
5756497,9337.46,1.39414,0.778461,9524422704
5756498,9337.46,1.37238,0.776849,9524422705
5756499,9337.46,1.35868,0.792967,9524422706
5756500,9337.46,1.39495,0.777655,9524422707
5756501,9337.47,1.34901,0.780879,9524422708
5756502,9337.47,1.34256,0.776849,9524422709
5756503,9337.47,1.36674,0.776849,9524422709
5756504,9337.47,1.32403,0.777655,9524422710
5756505,9337.47,1.35223,0.777655,9524422711
5756506,9337.47,1.39575,0.788131,9524422712
5756507,9337.47,1.37802,0.776849,9524422712
5756508,9337.47,1.3748,0.776849,9524422713
5756509,9337.47,1.34095,0.783296,9524439744
5756510,9337.47,1.37399,0.777655,9524439755
5756511,9337.48,1.34982,0.792161,9524439757
5756512,9337.48,1.32322,0.776849,9524439758
5756513,9337.48,1.31516,0.776849,9524439760
5756514,9337.48,1.34095,0.778461,9524439761
5756515,9337.48,1.39414,0.79619,9524439762
5756516,9337.48,1.42718,0.777655,9524439763
5756517,9337.48,1.39414,0.776849,9524439764
5756518,9337.48,1.39414,0.783296,9524439765
5756519,9337.48,1.44007,0.777655,9524439766
5756520,9337.48,1.42315,0.780879,9524439768
5756521,9337.49,1.42073,0.776849,9524439769
5756522,9337.49,1.42234,0.759926,9524439771
5756523,9337.49,1.41993,0.776849,9524439772
5756524,9337.49,1.37802,0.779267,9524439773
5756525,9337.49,1.43604,0.783296,9524439774
5756526,9337.49,1.34337,0.780879,9524456503
5756527,9337.49,1.39253,0.776849,9524456511
5756528,9337.49,1.42315,0.783296,9524456512
5756529,9337.49,1.38125,0.78249,9524456513
5756530,9337.49,1.40864,0.779267,9524456514
5756531,9337.5,1.42718,0.778461,9524456515
5756532,9337.5,1.32967,0.764761,9524456516
5756533,9337.5,1.34337,0.778461,9524456517
5756534,9337.5,1.32967,0.777655,9524456522
5756535,9337.5,1.40139,0.788131,9524456523
5756536,9337.5,1.36835,0.779267,9524456524
5756537,9337.5,1.32725,0.775238,9524456524
5756538,9337.5,1.32322,0.776849,9524456525
5756539,9337.5,1.42315,0.773626,9524456526
5756540,9337.5,1.36674,0.765567,9524456527
5756541,9337.5,1.38205,0.777655,9524456528
5756542,9337.51,1.35385,0.777655,9524456529
5756543,9337.51,1.32,0.780073,9524472858
5756544,9337.51,1.36674,0.776849,9524472864
5756545,9337.51,1.34498,0.785714,9524472865
5756546,9337.51,1.35707,0.778461,9524472866
5756547,9337.51,1.39414,0.778461,9524472867
5756548,9337.51,1.403,0.776849,9524472868
5756549,9337.51,1.34337,0.78652,9524472869
5756550,9337.51,1.32322,0.788131,9524472870
5756551,9337.51,1.36835,0.777655,9524472871
5756552,9337.52,1.3748,0.784102,9524472871
5756553,9337.52,1.39333,0.776849,9524472872
5756554,9337.52,1.41832,0.776849,9524472873
5756555,9337.52,1.36835,0.777655,9524472874
5756556,9337.52,1.42073,0.777655,9524472875
5756557,9337.52,1.39656,0.778461,9524472875
5756558,9337.52,1.39253,0.775238,9524472876
5756559,9337.52,1.31678,0.788131,9524489478
5756560,9337.52,1.34095,0.788937,9524489484
5756561,9337.52,1.39253,0.788131,9524489485
5756562,9337.53,1.37963,0.776849,9524489486
5756563,9337.53,1.36835,0.783296,9524489487
5756564,9337.53,1.34095,0.778461,9524489488
5756565,9337.53,1.39253,0.776849,9524489488
5756566,9337.53,1.40059,0.777655,9524489489
5756567,9337.53,1.42637,0.792967,9524489490
5756568,9337.53,1.39253,0.773626,9524489491
5756569,9337.53,1.42315,0.776849,9524489492
5756570,9337.53,1.41993,0.783296,9524489493
5756571,9337.53,1.40542,0.778461,9524489493
5756572,9337.54,1.43282,0.785714,9524489494
5756573,9337.54,1.39495,0.775238,9524489495
5756574,9337.54,1.39172,0.784102,9524489496
5756575,9337.54,1.42315,0.776849,9524489497
5756576,9337.54,1.30227,0.778461,9524506254
5756577,9337.54,1.37157,0.780879,9524506260
5756578,9337.54,1.37077,0.778461,9524506261
5756579,9337.54,1.36755,0.780879,9524506262
5756580,9337.54,1.37319,0.777655,9524506263
5756581,9337.55,1.36674,0.785714,9524506263
5756582,9337.55,1.34659,0.780879,9524506264
5756583,9337.55,1.39897,0.780073,9524506265
5756584,9337.55,1.37157,0.776849,9524506266
5756585,9337.55,1.3748,0.777655,9524506267
5756586,9337.55,1.35223,0.776849,9524506268
5756587,9337.55,1.36835,0.777655,9524506268
5756588,9337.55,1.39253,0.78652,9524506269
5756589,9337.55,1.41832,0.776849,9524506270
5756590,9337.55,1.36674,0.780879,9524506271
5756591,9337.56,1.38125,0.783296,9524506272
5756592,9337.56,1.32,0.792967,9524506272
5756593,9337.56,1.32,0.780879,9524522933
5756594,9337.56,1.36029,0.780879,9524522939
5756595,9337.56,1.33289,0.770402,9524522940
5756596,9337.56,1.34901,0.776849,9524522941
5756597,9337.56,1.41832,0.776849,9524522942
5756598,9337.56,1.39253,0.776849,9524522943
5756599,9337.56,1.39253,0.776849,9524522943
5756600,9337.56,1.37963,0.779267,9524522944
5756601,9337.57,1.37883,0.776849,9524522945
5756602,9337.57,1.36996,0.780073,9524522946
5756603,9337.57,1.39253,0.776849,9524522946
5756604,9337.57,1.39253,0.767179,9524522947
5756605,9337.57,1.38527,0.780879,9524522948
5756606,9337.57,1.40462,0.778461,9524522949
5756607,9337.57,1.40139,0.778461,9524522950
5756608,9337.57,1.41993,0.773626,9524522951
5756609,9337.57,1.36674,0.777655,9524539539
5756610,9337.57,1.3748,0.776849,9524539545
5756611,9337.58,1.39978,0.778461,9524539546
5756612,9337.58,1.37157,0.779267,9524539547
5756613,9337.58,1.40381,0.777655,9524539548
5756614,9337.58,1.39736,0.778461,9524539548
5756615,9337.58,1.39253,0.783296,9524539549
5756616,9337.58,1.40462,0.788131,9524539550
5756617,9337.58,1.41832,0.777655,9524539551
5756618,9337.58,1.42718,0.773626,9524539552
5756619,9337.58,1.36835,0.776849,9524539552
5756620,9337.58,1.36755,0.776849,9524539553
5756621,9337.58,1.39253,0.780879,9524539554
5756622,9337.59,1.39253,0.778461,9524539555
5756623,9337.59,1.3756,0.776849,9524539555
5756624,9337.59,1.39333,0.776849,9524539556
5756625,9337.59,1.34095,0.777655,9524539557
5756626,9337.59,1.27165,0.774432,9524556332
5756627,9337.59,1.39253,0.778461,9524556339
5756628,9337.59,1.34176,0.778461,9524556340
5756629,9337.59,1.38125,0.778461,9524556341
5756630,9337.59,1.39817,0.780879,9524556342
5756631,9337.59,1.38286,0.778461,9524556342
5756632,9337.6,1.35304,0.776849,9524556343
5756633,9337.6,1.35385,0.776849,9524556344
5756634,9337.6,1.36674,0.778461,9524556345
5756635,9337.6,1.34256,0.788937,9524556346
5756636,9337.6,1.40542,0.77282,9524556347
5756637,9337.6,1.3474,0.780073,9524556347
5756638,9337.6,1.34256,0.778461,9524556348
5756639,9337.6,1.31919,0.777655,9524556349
5756640,9337.6,1.35304,0.780073,9524556350
5756641,9337.6,1.39253,0.775238,9524556351
5756642,9337.61,1.34256,0.776849,9524556351
5756643,9337.61,1.30388,0.776849,9524572878
5756644,9337.61,1.34982,0.778461,9524572884
5756645,9337.61,1.38447,0.776849,9524572885
5756646,9337.61,1.34256,0.775238,9524572886
5756647,9337.61,1.39253,0.784102,9524572887
5756648,9337.61,1.42637,0.776849,9524572888
5756649,9337.61,1.44571,0.764761,9524572889
5756650,9337.61,1.42154,0.776849,9524572890
5756651,9337.61,1.42154,0.788131,9524572890
5756652,9337.62,1.42476,0.775238,9524572891
5756653,9337.62,1.42637,0.773626,9524572892
5756654,9337.62,1.44088,0.778461,9524572893
5756655,9337.62,1.43121,0.792967,9524572893
5756656,9337.62,1.41106,0.776849,9524572894
5756657,9337.62,1.42154,0.785714,9524572895
5756658,9337.62,1.39253,0.777655,9524572896
5756659,9337.62,1.34095,0.785714,9524589552
5756660,9337.62,1.36674,0.776849,9524589557
5756661,9337.62,1.39495,0.777655,9524589558
5756662,9337.63,1.40059,0.759926,9524589559
5756663,9337.63,1.37963,0.780073,9524589589
5756664,9337.63,1.40381,0.788937,9524589590
5756665,9337.63,1.39253,0.780879,9524589591
5756666,9337.63,1.39736,0.767179,9524589592
5756667,9337.63,1.41912,0.780073,9524589593
5756668,9337.63,1.42637,0.776849,9524589594
5756669,9337.63,1.39414,0.780073,9524589595
5756670,9337.63,1.39736,0.776043,9524589595
5756671,9337.64,1.40139,0.777655,9524589596
5756672,9337.64,1.41912,0.778461,9524589597
5756673,9337.64,1.40139,0.776849,9524589598
5756674,9337.64,1.41187,0.776849,9524589599
5756675,9337.64,1.37319,0.775238,9524589599
5756676,9337.64,1.31516,0.78249,9524606409
5756677,9337.64,1.41832,0.780073,9524606414
5756678,9337.64,1.37319,0.780073,9524606416
5756679,9337.64,1.36674,0.785714,9524606417
5756680,9337.64,1.39253,0.776849,9524606417
5756681,9337.65,1.37157,0.779267,9524606418
5756682,9337.65,1.41832,0.777655,9524606419
5756683,9337.65,1.36674,0.777655,9524606420
5756684,9337.65,1.35385,0.777655,9524606421
5756685,9337.65,1.34095,0.777655,9524606421
5756686,9337.65,1.38769,0.778461,9524606423
5756687,9337.65,1.41832,0.785714,9524606424
5756688,9337.65,1.41993,0.777655,9524606425
5756689,9337.65,1.41026,0.778461,9524606426
5756690,9337.65,1.37157,0.778461,9524606427
5756691,9337.66,1.39253,0.778461,9524606428
5756692,9337.66,1.37802,0.784102,9524606428
5756693,9337.66,1.32161,0.77282,9524623005
5756694,9337.66,1.37319,0.780879,9524623011
5756695,9337.66,1.37157,0.777655,9524623012
5756696,9337.66,1.36674,0.778461,9524623013
5756697,9337.66,1.36674,0.776849,9524623014
5756698,9337.66,1.35304,0.773626,9524623015
5756699,9337.66,1.37157,0.780879,9524623016
5756700,9337.66,1.34982,0.777655,9524623017
5756701,9337.67,1.39414,0.77282,9524623017
5756702,9337.67,1.40381,0.767179,9524623018
5756703,9337.67,1.40703,0.780073,9524623019
5756704,9337.67,1.36835,0.777655,9524623020
5756705,9337.67,1.36835,0.776849,9524623021
5756706,9337.67,1.36916,0.785714,9524623021
5756707,9337.67,1.39817,0.778461,9524623022
5756708,9337.67,1.43121,0.779267,9524623023
5756709,9337.67,1.35868,0.779267,9524639569
5756710,9337.67,1.36674,0.773626,9524639575
5756711,9337.67,1.36674,0.780879,9524639576
5756712,9337.68,1.37963,0.784102,9524639577
5756713,9337.68,1.37319,0.777655,9524639578
5756714,9337.68,1.36674,0.779267,9524639579
5756715,9337.68,1.35868,0.776849,9524639579
5756716,9337.68,1.37802,0.777655,9524639580
5756717,9337.68,1.37802,0.783296,9524639581
5756718,9337.68,1.36674,0.780879,9524639582
5756719,9337.68,1.35385,0.765567,9524639583
5756720,9337.68,1.35385,0.788131,9524639583
5756721,9337.68,1.35385,0.776849,9524639584
5756722,9337.69,1.37157,0.773626,9524639585
5756723,9337.69,1.36835,0.788131,9524639586
5756724,9337.69,1.32322,0.780073,9524639587
5756725,9337.69,1.37641,0.778461,9524639587
5756726,9337.69,1.28212,0.773626,9524656430
5756727,9337.69,1.38447,0.785714,9524656437
5756728,9337.69,1.2926,0.776849,9524656439
5756729,9337.69,1.32,0.780879,9524656440
5756730,9337.69,1.34579,0.777655,9524656441
5756731,9337.69,1.44249,0.780879,9524656442
5756732,9337.7,1.39495,0.777655,9524656443
5756733,9337.7,1.41187,0.778461,9524656443
5756734,9337.7,1.39253,0.785714,9524656444
5756735,9337.7,1.42718,0.777655,9524656445
5756736,9337.7,1.4022,0.778461,9524656446
5756737,9337.7,1.4296,0.78652,9524656447
5756738,9337.7,1.37319,0.778461,9524656448
5756739,9337.7,1.34982,0.780073,9524656450
5756740,9337.7,1.38205,0.777655,9524656451
5756741,9337.7,1.41187,0.778461,9524656451
5756742,9337.71,1.39253,0.777655,9524656452
5756743,9337.71,1.36674,0.777655,9524673149
5756744,9337.71,1.39897,0.780879,9524673155
5756745,9337.71,1.41832,0.779267,9524673157
5756746,9337.71,1.37883,0.776849,9524673158
5756747,9337.71,1.4296,0.789743,9524673158
5756748,9337.71,1.43604,0.773626,9524673159
5756749,9337.71,1.43282,0.779267,9524673160
5756750,9337.71,1.36674,0.78652,9524673161
5756751,9337.72,1.32,0.785714,9524673162
5756752,9337.72,1.40462,0.773626,9524673163
5756753,9337.72,1.36835,0.777655,9524673164
5756754,9337.72,1.39656,0.777655,9524673165
5756755,9337.72,1.39333,0.778461,9524673166
5756756,9337.72,1.40462,0.783296,9524673167
5756757,9337.72,1.3756,0.778461,9524673167
5756758,9337.72,1.3748,0.777655,9524673168
5756759,9337.72,1.34256,0.776849,9524689709
5756760,9337.72,1.32806,0.784102,9524689719
5756761,9337.73,1.37802,0.759926,9524689720
5756762,9337.73,1.3756,0.79619,9524689721
5756763,9337.73,1.34579,0.770402,9524689722
5756764,9337.73,1.37238,0.784908,9524689722
5756765,9337.73,1.3756,0.78652,9524689723
5756766,9337.73,1.37157,0.778461,9524689724
5756767,9337.73,1.39172,0.78652,9524689725
5756768,9337.73,1.39253,0.778461,9524689726
5756769,9337.73,1.40139,0.776849,9524689727
5756770,9337.73,1.40542,0.779267,9524689727
5756771,9337.74,1.40059,0.776849,9524689728
5756772,9337.74,1.37963,0.776849,9524689729
5756773,9337.74,1.38447,0.778461,9524689730
5756774,9337.74,1.38125,0.776849,9524689731
5756775,9337.74,1.37963,0.78652,9524689732
5756776,9337.74,1.3208,0.788937,9524706411
5756777,9337.74,1.39253,0.776849,9524706416
5756778,9337.74,1.34095,0.776849,9524706417
5756779,9337.74,1.37399,0.763956,9524706418
5756780,9337.74,1.35062,0.773626,9524706419
5756781,9337.75,1.34095,0.776849,9524706420
5756782,9337.75,1.3756,0.778461,9524706421
5756783,9337.75,1.39333,0.777655,9524706422
5756784,9337.75,1.36996,0.778461,9524706422
5756785,9337.75,1.39253,0.78249,9524706423
5756786,9337.75,1.39253,0.788937,9524706424
5756787,9337.75,1.41832,0.777655,9524706425
5756788,9337.75,1.37641,0.780073,9524706426
5756789,9337.75,1.37963,0.780879,9524706427
5756790,9337.75,1.39575,0.777655,9524706428
5756791,9337.75,1.40462,0.776849,9524706428
5756792,9337.76,1.37157,0.776849,9524706429
5756793,9337.76,1.3474,0.778461,9524723098
5756794,9337.76,1.39253,0.778461,9524723104
5756795,9337.76,1.31758,0.776849,9524723105
5756796,9337.76,1.36674,0.776849,9524723106
5756797,9337.76,1.39817,0.777655,9524723107
5756798,9337.76,1.37963,0.776849,9524723107
5756799,9337.76,1.39333,0.789743,9524723108
5756800,9337.76,1.35223,0.776849,9524723109
5756801,9337.76,1.36674,0.777655,9524723110
5756802,9337.77,1.35223,0.778461,9524723110
5756803,9337.77,1.34256,0.777655,9524723111
5756804,9337.77,1.37963,0.792967,9524723112
5756805,9337.77,1.39736,0.778461,9524723113
5756806,9337.77,1.36916,0.778461,9524723113
5756807,9337.77,1.40381,0.776849,9524723114
5756808,9337.77,1.41832,0.777655,9524723115
5756809,9337.77,1.37319,0.777655,9524723116
5756810,9337.77,1.34901,0.777655,9524739677
5756811,9337.77,1.36755,0.778461,9524739683
5756812,9337.78,1.36674,0.773626,9524739684
5756813,9337.78,1.36674,0.78652,9524739685
5756814,9337.78,1.39414,0.774432,9524739686
5756815,9337.78,1.39414,0.778461,9524739687
5756816,9337.78,1.4296,0.780073,9524739687
5756817,9337.78,1.40139,0.780879,9524739688
5756818,9337.78,1.37641,0.784908,9524739689
5756819,9337.78,1.34095,0.777655,9524739690
5756820,9337.78,1.39253,0.778461,9524739691
5756821,9337.78,1.34579,0.783296,9524739692
5756822,9337.79,1.40462,0.776849,9524739693
5756823,9337.79,1.3756,0.778461,9524739693
5756824,9337.79,1.39978,0.780073,9524739694
5756825,9337.79,1.36674,0.773626,9524739695
5756826,9337.79,1.27165,0.778461,9524756367
5756827,9337.79,1.39253,0.777655,9524756372
5756828,9337.79,1.38608,0.773626,9524756374
5756829,9337.79,1.39253,0.780879,9524756375
5756830,9337.79,1.403,0.776849,9524756375
5756831,9337.8,1.35385,0.778461,9524756376
5756832,9337.8,1.39253,0.776849,9524756378
5756833,9337.8,1.39495,0.778461,9524756379
5756834,9337.8,1.38044,0.776849,9524756380
5756835,9337.8,1.36674,0.765567,9524756381
5756836,9337.8,1.40542,0.776849,9524756382
5756837,9337.8,1.38125,0.792967,9524756383
5756838,9337.8,1.37399,0.776849,9524756384
5756839,9337.8,1.37963,0.773626,9524756384
5756840,9337.8,1.36029,0.780879,9524756385
5756841,9337.81,1.34659,0.770402,9524756386
5756842,9337.81,1.36916,0.776849,9524756387
5756843,9337.81,1.32322,0.776849,9524773054
5756844,9337.81,1.37157,0.770402,9524773059
5756845,9337.81,1.37802,0.777655,9524773060
5756846,9337.81,1.36996,0.776849,9524773061
5756847,9337.81,1.40784,0.779267,9524773062
5756848,9337.81,1.41993,0.780073,9524773063
5756849,9337.81,1.35223,0.777655,9524773064
5756850,9337.81,1.42879,0.780073,9524773065
5756851,9337.82,1.40381,0.784908,9524773088
5756852,9337.82,1.37319,0.780879,9524773089
5756853,9337.82,1.40784,0.791355,9524773089
5756854,9337.82,1.39253,0.788937,9524773090
5756855,9337.82,1.36674,0.773626,9524773091
5756856,9337.82,1.39333,0.780073,9524773092
5756857,9337.82,1.39172,0.780073,9524773093
5756858,9337.82,1.40542,0.783296,9524773094
5756859,9337.82,1.3474,0.778461,9524773096
5756860,9337.82,1.34176,0.785714,9524789691
5756861,9337.83,1.39817,0.783296,9524789697
5756862,9337.83,1.34579,0.783296,9524789698
5756863,9337.83,1.39414,0.780073,9524789699
5756864,9337.83,1.39253,0.776849,9524789700
5756865,9337.83,1.40059,0.778461,9524789701
5756866,9337.83,1.40462,0.780073,9524789702
5756867,9337.83,1.3474,0.777655,9524789702
5756868,9337.83,1.43604,0.777655,9524789703
5756869,9337.83,1.42476,0.778461,9524789704
5756870,9337.83,1.40059,0.776849,9524789705
5756871,9337.83,1.41026,0.78652,9524789706
5756872,9337.84,1.41832,0.777655,9524789707
5756873,9337.84,1.40462,0.794578,9524789707
5756874,9337.84,1.41832,0.791355,9524789708
5756875,9337.84,1.37883,0.78652,9524789709
5756876,9337.84,1.32403,0.77282,9524806390
5756877,9337.84,1.36835,0.780879,9524806395
5756878,9337.84,1.37802,0.767179,9524806397
5756879,9337.84,1.33934,0.785714,9524806398
5756880,9337.84,1.39495,0.784102,9524806398
5756881,9337.84,1.37802,0.777655,9524806399
5756882,9337.85,1.34337,0.780879,9524806400
5756883,9337.85,1.40059,0.776849,9524806401
5756884,9337.85,1.38447,0.776849,9524806402
5756885,9337.85,1.32322,0.779267,9524806402
5756886,9337.85,1.36835,0.773626,9524806403
5756887,9337.85,1.42154,0.778461,9524806404
5756888,9337.85,1.42315,0.759926,9524806405
5756889,9337.85,1.43604,0.779267,9524806406
5756890,9337.85,1.43282,0.783296,9524806406
5756891,9337.85,1.39253,0.778461,9524806407
5756892,9337.86,1.41832,0.778461,9524806408
5756893,9337.86,1.32806,0.778461,9524823073
5756894,9337.86,1.39414,0.776849,9524823078
5756895,9337.86,1.36674,0.792967,9524823079
5756896,9337.86,1.32322,0.777655,9524823080
5756897,9337.86,1.39736,0.792967,9524823081
5756898,9337.86,1.37399,0.779267,9524823082
5756899,9337.86,1.36835,0.780879,9524823083
5756900,9337.86,1.32645,0.776849,9524823084
5756901,9337.86,1.33692,0.780879,9524823085
5756902,9337.87,1.34095,0.778461,9524823086
5756903,9337.87,1.35385,0.780073,9524823086
5756904,9337.87,1.36755,0.788937,9524823087
5756905,9337.87,1.34176,0.773626,9524823088
5756906,9337.87,1.37157,0.780073,9524823089
5756907,9337.87,1.36835,0.788131,9524823090
5756908,9337.87,1.38689,0.780073,9524823090
5756909,9337.87,1.32161,0.780073,9524823092
5756910,9337.87,1.3345,0.777655,9524839771
5756911,9337.88,1.35546,0.780879,9524839776
5756912,9337.88,1.34579,0.780879,9524839778
5756913,9337.88,1.36593,0.780879,9524839778
5756914,9337.88,1.31516,0.781684,9524839779
5756915,9337.88,1.34095,0.785714,9524839780
5756916,9337.88,1.39414,0.792967,9524839781
5756917,9337.88,1.39736,0.779267,9524839782
5756918,9337.88,1.37157,0.777655,9524839787
5756919,9337.88,1.42476,0.776849,9524839788
5756920,9337.88,1.41832,0.776849,9524839789
5756921,9337.89,1.39414,0.778461,9524839790
5756922,9337.89,1.37963,0.777655,9524839790
5756923,9337.89,1.3748,0.776849,9524839791
5756924,9337.89,1.39736,0.778461,9524839792
5756925,9337.89,1.41106,0.776849,9524839793
5756926,9337.89,1.27487,0.778461,9524856339
5756927,9337.89,1.35304,0.778461,9524856344
5756928,9337.89,1.37963,0.778461,9524856345
5756929,9337.89,1.41993,0.776849,9524856346
5756930,9337.89,1.40059,0.780879,9524856347
5756931,9337.9,1.40059,0.764761,9524856348
5756932,9337.9,1.42234,0.777655,9524856349
5756933,9337.9,1.42557,0.776849,9524856350
5756934,9337.9,1.39414,0.780879,9524856350
5756935,9337.9,1.40381,0.778461,9524856351
5756936,9337.9,1.39253,0.773626,9524856352
5756937,9337.9,1.40059,0.780879,9524856353
5756938,9337.9,1.42315,0.785714,9524856354
5756939,9337.9,1.39253,0.776849,9524856354
5756940,9337.9,1.37157,0.776849,9524856355
5756941,9337.91,1.39414,0.780073,9524856356
5756942,9337.91,1.39978,0.79619,9524856357
5756943,9337.91,1.31839,0.776849,9524873050
5756944,9337.91,1.39253,0.777655,9524873055
5756945,9337.91,1.39253,0.784102,9524873056
5756946,9337.91,1.34256,0.788131,9524873057
5756947,9337.91,1.39253,0.78249,9524873058
5756948,9337.91,1.42073,0.780879,9524873059
5756949,9337.91,1.41187,0.778461,9524873060
5756950,9337.91,1.40703,0.783296,9524873061
5756951,9337.92,1.39414,0.784908,9524873062
5756952,9337.92,1.36674,0.778461,9524873063
5756953,9337.92,1.37963,0.778461,9524873063
5756954,9337.92,1.36835,0.770402,9524873064
5756955,9337.92,1.36835,0.777655,9524873065
5756956,9337.92,1.37802,0.783296,9524873066
5756957,9337.92,1.36835,0.781684,9524873067
5756958,9337.92,1.36271,0.778461,9524873068
5756959,9337.92,1.34095,0.776849,9524889640
5756960,9337.92,1.31678,0.780879,9524889646
5756961,9337.92,1.37963,0.779267,9524889647
5756962,9337.93,1.37319,0.780073,9524889648
5756963,9337.93,1.37319,0.779267,9524889649
5756964,9337.93,1.36996,0.777655,9524889650
5756965,9337.93,1.36674,0.776849,9524889650
5756966,9337.93,1.36674,0.777655,9524889651
5756967,9337.93,1.41912,0.777655,9524889652
5756968,9337.93,1.42476,0.784102,9524889653
5756969,9337.93,1.42315,0.778461,9524889654
5756970,9337.93,1.43282,0.777655,9524889654
5756971,9337.93,1.42073,0.78652,9524889655
5756972,9337.94,1.39414,0.776849,9524889656
5756973,9337.94,1.40059,0.779267,9524889657
5756974,9337.94,1.42476,0.78249,9524889658
5756975,9337.94,1.38447,0.778461,9524889658
5756976,9337.94,1.32242,0.776849,9524906357
5756977,9337.94,1.31678,0.779267,9524906363
5756978,9337.94,1.37963,0.784102,9524906364
5756979,9337.94,1.39897,0.783296,9524906365
5756980,9337.94,1.36674,0.778461,9524906365
5756981,9337.94,1.39575,0.765567,9524906366
5756982,9337.95,1.36674,0.778461,9524906367
5756983,9337.95,1.36755,0.785714,9524906368
5756984,9337.95,1.36835,0.78249,9524906369
5756985,9337.95,1.36835,0.785714,9524906370
5756986,9337.95,1.37802,0.776043,9524906371
5756987,9337.95,1.37319,0.780879,9524906372
5756988,9337.95,1.37157,0.778461,9524906372
5756989,9337.95,1.41832,0.778461,9524906373
5756990,9337.95,1.36996,0.78652,9524906374
5756991,9337.95,1.35385,0.776849,9524906375
5756992,9337.96,1.39333,0.788937,9524906376
5756993,9337.96,1.30791,0.773626,9524923202
5756994,9337.96,1.33612,0.776849,9524923207
5756995,9337.96,1.32,0.780073,9524923208
5756996,9337.96,1.34095,0.780879,9524923209
5756997,9337.96,1.39253,0.778461,9524923210
5756998,9337.96,1.35868,0.778461,9524923211
5756999,9337.96,1.39253,0.777655,9524923212
5757000,9337.96,1.38205,0.776849,9524923213
5757001,9337.97,1.34095,0.777655,9524923214
5757002,9337.97,1.36674,0.780073,9524923214
5757003,9337.97,1.37963,0.777655,9524923215
5757004,9337.97,1.36755,0.776849,9524923216
5757005,9337.97,1.36996,0.776849,9524923217
5757006,9337.97,1.3748,0.779267,9524923218
5757007,9337.97,1.39736,0.776849,9524923219
5757008,9337.97,1.40381,0.789743,9524923219
5757009,9337.97,1.3619,0.780879,9524923220
5757010,9337.97,1.39253,0.781684,9524939735
5757011,9337.98,1.41832,0.777655,9524939741
5757012,9337.98,1.39092,0.780879,9524939742
5757013,9337.98,1.3756,0.776849,9524939743
5757014,9337.98,1.40542,0.778461,9524939744
5757015,9337.98,1.41832,0.779267,9524939744
5757016,9337.98,1.42476,0.780073,9524939745
5757017,9337.98,1.41751,0.776849,9524939746
5757018,9337.98,1.42637,0.776849,9524939747
5757019,9337.98,1.42637,0.770402,9524939748
5757020,9337.98,1.41832,0.776849,9524939749
5757021,9337.99,1.40784,0.773626,9524939749
5757022,9337.99,1.40864,0.776849,9524939750
5757023,9337.99,1.39414,0.788937,9524939751
5757024,9337.99,1.36674,0.78652,9524939752
5757025,9337.99,1.41832,0.780073,9524939753
5757026,9337.99,1.31678,0.776849,9524956497
5757027,9337.99,1.3748,0.778461,9524956503
5757028,9337.99,1.42476,0.776849,9524956504
5757029,9337.99,1.45055,0.788131,9524956505
5757030,9337.99,1.41832,0.763956,9524956506
5757031,9338,1.39253,0.780879,9524956507
5757032,9338,1.41832,0.783296,9524956508
5757033,9338,1.41832,0.778461,9524956508
5757034,9338,1.41832,0.776849,9524956509
5757035,9338,1.3748,0.776849,9524956510
5757036,9338,1.40864,0.776849,9524956511
5757037,9338,1.34337,0.780879,9524956512
5757038,9338,1.40542,0.778461,9524956531
5757039,9338,1.39253,0.777655,9524956532
5757040,9338,1.37883,0.779267,9524956533
5757041,9338,1.39253,0.776849,9524956534
5757042,9338.01,1.36674,0.776849,9524956535
5757043,9338.01,1.27648,0.780073,9524973151
5757044,9338.01,1.38286,0.778461,9524973156
5757045,9338.01,1.32725,0.780073,9524973157
5757046,9338.01,1.34256,0.779267,9524973159
5757047,9338.01,1.37157,0.794578,9524973160
5757048,9338.01,1.39897,0.776849,9524973160
5757049,9338.01,1.39736,0.779267,9524973161
5757050,9338.01,1.36835,0.780073,9524973162
5757051,9338.01,1.35304,0.780073,9524973163
5757052,9338.02,1.38608,0.783296,9524973164
5757053,9338.02,1.36835,0.784102,9524973164
5757054,9338.02,1.37963,0.784102,9524973165
5757055,9338.02,1.36835,0.773626,9524973166
5757056,9338.02,1.37802,0.784102,9524973167
5757057,9338.02,1.37399,0.763956,9524973168
5757058,9338.02,1.36674,0.780879,9524973169
5757059,9338.02,1.31597,0.775238,9524973169
5757060,9338.02,1.29744,0.780073,9524989816
5757061,9338.02,1.34095,0.780879,9524989821
5757062,9338.03,1.31516,0.777655,9524989822
5757063,9338.03,1.30872,0.778461,9524989823
5757064,9338.03,1.34256,0.788937,9524989824
5757065,9338.03,1.36996,0.778461,9524989825
5757066,9338.03,1.37963,0.780879,9524989826
5757067,9338.03,1.35546,0.783296,9524989827
5757068,9338.03,1.35223,0.784908,9524989828
5757069,9338.03,1.39253,0.778461,9524989828
5757070,9338.03,1.41832,0.776849,9524989829
5757071,9338.03,1.39414,0.78652,9524989830
5757072,9338.04,1.35304,0.778461,9524989831
5757073,9338.04,1.40139,0.780073,9524989832
5757074,9338.04,1.3748,0.783296,9524989833
5757075,9338.04,1.39736,0.783296,9524989833
5757076,9338.04,1.32725,0.778461,9525006391
5757077,9338.04,1.37399,0.777655,9525006396
5757078,9338.04,1.39253,0.777655,9525006397
5757079,9338.04,1.39414,0.785714,9525006398
5757080,9338.04,1.35223,0.78249,9525006399
5757081,9338.05,1.39253,0.777655,9525006400
5757082,9338.05,1.41267,0.780879,9525006401
5757083,9338.05,1.40542,0.780073,9525006402
5757084,9338.05,1.39253,0.780879,9525006402
5757085,9338.05,1.40462,0.778461,9525006403
5757086,9338.05,1.37319,0.780879,9525006404
5757087,9338.05,1.42315,0.784102,9525006405
5757088,9338.05,1.42315,0.780073,9525006406
5757089,9338.05,1.39333,0.777655,9525006407
5757090,9338.05,1.42315,0.776849,9525006408
5757091,9338.06,1.43443,0.777655,9525006408
5757092,9338.06,1.41832,0.783296,9525006409
5757093,9338.06,1.34095,0.776849,9525023163
5757094,9338.06,1.37319,0.777655,9525023169
5757095,9338.06,1.38125,0.780879,9525023170
5757096,9338.06,1.36916,0.78652,9525023171
5757097,9338.06,1.40381,0.780879,9525023172
5757098,9338.06,1.3756,0.780073,9525023173
5757099,9338.06,1.40059,0.778461,9525023174
5757100,9338.06,1.39414,0.777655,9525023175
5757101,9338.07,1.39414,0.779267,9525023176
5757102,9338.07,1.34095,0.779267,9525023178
5757103,9338.07,1.33048,0.778461,9525023178
5757104,9338.07,1.35546,0.776849,9525023179
5757105,9338.07,1.40703,0.779267,9525023180
5757106,9338.07,1.34337,0.778461,9525023181
5757107,9338.07,1.40139,0.778461,9525023182
5757108,9338.07,1.36916,0.78652,9525023182
5757109,9338.07,1.36674,0.776849,9525023183
5757110,9338.07,1.3748,0.776849,9525039773
5757111,9338.08,1.34659,0.776849,9525039778
5757112,9338.08,1.35385,0.780879,9525039779
5757113,9338.08,1.36674,0.780073,9525039780
5757114,9338.08,1.37963,0.780879,9525039781
5757115,9338.08,1.32725,0.792161,9525039782
5757116,9338.08,1.34176,0.776849,9525039783
5757117,9338.08,1.4304,0.773626,9525039783
5757118,9338.08,1.39253,0.778461,9525039784
5757119,9338.08,1.39817,0.778461,9525039785
5757120,9338.08,1.40139,0.780073,9525039786
5757121,9338.08,1.40381,0.777655,9525039787
5757122,9338.09,1.38125,0.777655,9525039788
5757123,9338.09,1.34579,0.778461,9525039788
5757124,9338.09,1.35546,0.778461,9525039789
5757125,9338.09,1.38527,0.777655,9525039790
5757126,9338.09,1.32161,0.783296,9525056404
5757127,9338.09,1.39253,0.759926,9525056409
5757128,9338.09,1.39092,0.779267,9525056410
5757129,9338.09,1.4296,0.776849,9525056411
5757130,9338.09,1.44894,0.777655,9525056412
5757131,9338.09,1.41832,0.780879,9525056413
5757132,9338.1,1.44571,0.777655,9525056414
5757133,9338.1,1.41912,0.776849,9525056415
5757134,9338.1,1.42637,0.777655,9525056416
5757135,9338.1,1.38125,0.778461,9525056416
5757136,9338.1,1.39253,0.777655,9525056417
5757137,9338.1,1.39414,0.780073,9525056418
5757138,9338.1,1.39736,0.779267,9525056419
5757139,9338.1,1.40864,0.777655,9525056420
5757140,9338.1,1.41187,0.783296,9525056421
5757141,9338.1,1.43121,0.78249,9525056422
5757142,9338.11,1.45538,0.776849,9525056422
5757143,9338.11,1.44007,0.774432,9525073158
5757144,9338.11,1.54725,0.788937,9525073163
5757145,9338.11,1.52952,0.780073,9525073164
5757146,9338.11,1.58593,0.780073,9525073165
5757147,9338.11,1.57546,0.778461,9525073166
5757148,9338.11,1.59883,0.783296,9525073167
5757149,9338.11,1.60044,0.776043,9525073168
5757150,9338.11,1.55853,0.776849,9525073168
5757151,9338.11,1.53597,0.780073,9525073169
5757152,9338.12,1.50777,0.779267,9525073170
5757153,9338.12,1.46989,0.788131,9525073171
5757154,9338.12,1.47473,0.777655,9525073172
5757155,9338.12,1.4852,0.780073,9525073173
5757156,9338.12,1.44894,0.783296,9525073174
5757157,9338.12,1.43685,0.778461,9525073174
5757158,9338.12,1.45055,0.780879,9525073175
5757159,9338.12,1.4022,0.776849,9525073176
5757160,9338.12,1.41832,0.783296,9525089738
5757161,9338.12,1.40542,0.773626,9525089744
5757162,9338.13,1.39333,0.778461,9525089745
5757163,9338.13,1.36674,0.776849,9525089746
5757164,9338.13,1.41993,0.78249,9525089747
5757165,9338.13,1.4296,0.791355,9525089747
5757166,9338.13,1.40059,0.780879,9525089748
5757167,9338.13,1.41993,0.776043,9525089749
5757168,9338.13,1.42879,0.780879,9525089750
5757169,9338.13,1.43443,0.780073,9525089751
5757170,9338.13,1.39414,0.777655,9525089752
5757171,9338.14,1.41912,0.780879,9525089753
5757172,9338.14,1.39172,0.778461,9525089754
5757173,9338.14,1.37157,0.783296,9525089754
5757174,9338.14,1.36835,0.779267,9525089755
5757175,9338.14,1.39253,0.784102,9525089756
5757176,9338.14,1.32322,0.776849,9525106694
5757177,9338.14,1.37802,0.777655,9525106702
5757178,9338.14,1.32645,0.776849,9525106703
5757179,9338.14,1.2926,0.778461,9525106704
5757180,9338.14,1.29018,0.776849,9525106705
5757181,9338.15,1.32483,0.773626,9525106706
5757182,9338.15,1.36674,0.777655,9525106707
5757183,9338.15,1.39495,0.792967,9525106707
5757184,9338.15,1.39253,0.783296,9525106708
5757185,9338.15,1.39736,0.778461,9525106709
5757186,9338.15,1.38205,0.791355,9525106710
5757187,9338.15,1.36835,0.764761,9525106710
5757188,9338.15,1.36835,0.783296,9525106711
5757189,9338.15,1.40381,0.776849,9525106712
5757190,9338.15,1.3756,0.776849,9525106713
5757191,9338.16,1.37802,0.776849,9525106714
5757192,9338.16,1.39414,0.776849,9525106714
5757193,9338.16,1.28938,0.777655,9525123552
5757194,9338.16,1.34095,0.78652,9525123559
5757195,9338.16,1.34579,0.776849,9525123560
5757196,9338.16,1.35143,0.780879,9525123561
5757197,9338.16,1.32,0.778461,9525123562
5757198,9338.16,1.31516,0.777655,9525123563
5757199,9338.16,1.36674,0.780879,9525123564
5757200,9338.16,1.36916,0.780073,9525123565
5757201,9338.17,1.40542,0.778461,9525123565
5757202,9338.17,1.35626,0.788937,9525123566
5757203,9338.17,1.38447,0.778461,9525123567
5757204,9338.17,1.36674,0.776849,9525123568
5757205,9338.17,1.39414,0.778461,9525123569
5757206,9338.17,1.39736,0.776849,9525123569
5757207,9338.17,1.37802,0.770402,9525123570
5757208,9338.17,1.38769,0.778461,9525123571
5757209,9338.17,1.35385,0.781684,9525123572
5757210,9338.17,1.2926,0.780879,9525139632
5757211,9338.17,1.36835,0.783296,9525139637
5757212,9338.18,1.33289,0.777655,9525139639
5757213,9338.18,1.32322,0.778461,9525139640
5757214,9338.18,1.34579,0.776849,9525139641
5757215,9338.18,1.39253,0.777655,9525139641
5757216,9338.18,1.38125,0.765567,9525139642
5757217,9338.18,1.40542,0.776043,9525139643
5757218,9338.18,1.37963,0.78249,9525139644
5757219,9338.18,1.37963,0.780073,9525139645
5757220,9338.18,1.3748,0.780073,9525139646
5757221,9338.18,1.35868,0.773626,9525139647
5757222,9338.19,1.34095,0.775238,9525139647
5757223,9338.19,1.32403,0.788131,9525139648
5757224,9338.19,1.3619,0.780073,9525139649
5757225,9338.19,1.37157,0.780073,9525139676
5757226,9338.19,1.28938,0.776849,9525156340
5757227,9338.19,1.34417,0.777655,9525156345
5757228,9338.19,1.39253,0.780879,9525156346
5757229,9338.19,1.40139,0.777655,9525156347
5757230,9338.19,1.36674,0.776849,9525156348
5757231,9338.19,1.37157,0.780879,9525156349
5757232,9338.2,1.39736,0.788937,9525156350
5757233,9338.2,1.39253,0.775238,9525156350
5757234,9338.2,1.35626,0.78249,9525156351
5757235,9338.2,1.39736,0.773626,9525156353
5757236,9338.2,1.35626,0.767179,9525156353
5757237,9338.2,1.37883,0.776849,9525156354
5757238,9338.2,1.39414,0.780073,9525156355
5757239,9338.2,1.38125,0.780073,9525156356
5757240,9338.2,1.34095,0.780879,9525156357
5757241,9338.2,1.38447,0.780879,9525156358
5757242,9338.21,1.34256,0.780073,9525156358
5757243,9338.21,1.28938,0.777655,9525173080
5757244,9338.21,1.35868,0.777655,9525173085
5757245,9338.21,1.3208,0.778461,9525173086
5757246,9338.21,1.35385,0.764761,9525173087
5757247,9338.21,1.36674,0.776849,9525173088
5757248,9338.21,1.37157,0.777655,9525173089
5757249,9338.21,1.37157,0.776849,9525173089
5757250,9338.21,1.37157,0.765567,9525173090
5757251,9338.22,1.39253,0.776849,9525173091
5757252,9338.22,1.34982,0.784102,9525173092
5757253,9338.22,1.37963,0.780073,9525173092
5757254,9338.22,1.36674,0.779267,9525173093
5757255,9338.22,1.34579,0.777655,9525173094
5757256,9338.22,1.39817,0.779267,9525173095
5757257,9338.22,1.38447,0.773626,9525173096
5757258,9338.22,1.39253,0.784102,9525173096
5757259,9338.22,1.34579,0.777655,9525173097
5757260,9338.22,1.34095,0.778461,9525189693
5757261,9338.23,1.38125,0.777655,9525189698
5757262,9338.23,1.37157,0.783296,9525189699
5757263,9338.23,1.34095,0.777655,9525189700
5757264,9338.23,1.34176,0.784102,9525189701
5757265,9338.23,1.34337,0.776043,9525189702
5757266,9338.23,1.39253,0.788937,9525189703
5757267,9338.23,1.39253,0.777655,9525189704
5757268,9338.23,1.39817,0.785714,9525189704
5757269,9338.23,1.36996,0.779267,9525189705
5757270,9338.23,1.40542,0.78249,9525189706
5757271,9338.24,1.39414,0.778461,9525189707
5757272,9338.24,1.38125,0.785714,9525189708
5757273,9338.24,1.38125,0.776849,9525189708
5757274,9338.24,1.37157,0.776849,9525189709
5757275,9338.24,1.39897,0.777655,9525189710
5757276,9338.24,1.29744,0.777655,9525206358
5757277,9338.24,1.32806,0.778461,9525206365
5757278,9338.24,1.31516,0.778461,9525206366
5757279,9338.24,1.32806,0.78249,9525206367
5757280,9338.24,1.34417,0.776849,9525206368
5757281,9338.25,1.37077,0.780879,9525206369
5757282,9338.25,1.39253,0.776849,9525206370
5757283,9338.25,1.3756,0.778461,9525206370
5757284,9338.25,1.39253,0.767179,9525206371
5757285,9338.25,1.39817,0.776849,9525206372
5757286,9338.25,1.36996,0.778461,9525206373
5757287,9338.25,1.36674,0.773626,9525206374
5757288,9338.25,1.41912,0.778461,9525206375
5757289,9338.25,1.39172,0.776849,9525206375
5757290,9338.25,1.37641,0.776849,9525206376
5757291,9338.25,1.34982,0.776849,9525206377
5757292,9338.26,1.32,0.778461,9525206378
5757293,9338.26,1.30227,0.776849,9525223068
5757294,9338.26,1.35868,0.773626,9525223073
5757295,9338.26,1.32645,0.777655,9525223074
5757296,9338.26,1.35465,0.773626,9525223075
5757297,9338.26,1.39253,0.776849,9525223076
5757298,9338.26,1.34901,0.776849,9525223077
5757299,9338.26,1.39253,0.779267,9525223078
5757300,9338.26,1.39656,0.780073,9525223079
5757301,9338.26,1.35223,0.778461,9525223080
5757302,9338.27,1.35062,0.759926,9525223080
5757303,9338.27,1.36674,0.791355,9525223081
5757304,9338.27,1.34579,0.780879,9525223082
5757305,9338.27,1.35546,0.776849,9525223083
5757306,9338.27,1.36835,0.788131,9525223084
5757307,9338.27,1.37157,0.778461,9525223084
5757308,9338.27,1.39253,0.776849,9525223085
5757309,9338.27,1.37802,0.777655,9525239603
5757310,9338.27,1.36674,0.788131,9525239608
5757311,9338.27,1.3756,0.780073,9525239609
5757312,9338.28,1.3474,0.778461,9525239610
5757313,9338.28,1.36674,0.778461,9525239611
5757314,9338.28,1.35385,0.776849,9525239612
5757315,9338.28,1.39253,0.776849,9525239613
5757316,9338.28,1.39897,0.780073,9525239614
5757317,9338.28,1.38125,0.778461,9525239614
5757318,9338.28,1.39978,0.784102,9525239615
5757319,9338.28,1.36916,0.773626,9525239616
5757320,9338.28,1.34095,0.777655,9525239617
5757321,9338.28,1.37157,0.770402,9525239618
5757322,9338.29,1.34095,0.783296,9525239619
5757323,9338.29,1.39253,0.783296,9525239620
5757324,9338.29,1.35546,0.778461,9525239621
5757325,9338.29,1.37157,0.773626,9525239621
5757326,9338.29,1.31516,0.783296,9525256511
5757327,9338.29,1.39414,0.783296,9525256516
5757328,9338.29,1.40462,0.780879,9525256518
5757329,9338.29,1.39736,0.776849,9525256519
5757330,9338.29,1.39817,0.777655,9525256519
5757331,9338.3,1.36835,0.785714,9525256520
5757332,9338.3,1.4022,0.783296,9525256521
5757333,9338.3,1.39414,0.778461,9525256522
5757334,9338.3,1.39253,0.777655,9525256523
5757335,9338.3,1.39253,0.776849,9525256523
5757336,9338.3,1.39333,0.773626,9525256524
5757337,9338.3,1.36835,0.784102,9525256525
5757338,9338.3,1.39253,0.792967,9525256526
5757339,9338.3,1.38125,0.780073,9525256527
5757340,9338.3,1.36674,0.777655,9525256528
5757341,9338.31,1.36835,0.777655,9525256529
5757342,9338.31,1.36674,0.780879,9525256530
5757343,9338.31,1.29179,0.778461,9525273098
5757344,9338.31,1.32,0.776849,9525273104
5757345,9338.31,1.32,0.773626,9525273105
5757346,9338.31,1.34337,0.778461,9525273106
5757347,9338.31,1.35707,0.776849,9525273107
5757348,9338.31,1.41832,0.776849,9525273108
5757349,9338.31,1.41832,0.776849,9525273109
5757350,9338.31,1.40139,0.779267,9525273110
5757351,9338.32,1.36593,0.780879,9525273110
5757352,9338.32,1.37399,0.773626,9525273111
5757353,9338.32,1.40139,0.783296,9525273112
5757354,9338.32,1.3474,0.778461,9525273113
5757355,9338.32,1.34095,0.78652,9525273114
5757356,9338.32,1.39414,0.776849,9525273115
5757357,9338.32,1.34579,0.781684,9525273115
5757358,9338.32,1.39414,0.783296,9525273116
5757359,9338.32,1.35385,0.785714,9525273117
5757360,9338.32,1.32403,0.775238,9525289706
5757361,9338.33,1.33934,0.778461,9525289711
5757362,9338.33,1.36674,0.79619,9525289712
5757363,9338.33,1.35223,0.776849,9525289713
5757364,9338.33,1.35385,0.788131,9525289714
5757365,9338.33,1.36674,0.784102,9525289715
5757366,9338.33,1.35304,0.778461,9525289716
5757367,9338.33,1.37722,0.778461,9525289717
5757368,9338.33,1.36513,0.776849,9525289718
5757369,9338.33,1.39253,0.78652,9525289718
5757370,9338.33,1.39253,0.778461,9525289719
5757371,9338.33,1.40542,0.776849,9525289720
5757372,9338.34,1.41832,0.777655,9525289721
5757373,9338.34,1.39333,0.779267,9525289722
5757374,9338.34,1.39253,0.780073,9525289723
5757375,9338.34,1.34417,0.788937,9525289723
5757376,9338.34,1.31516,0.784908,9525306309
5757377,9338.34,1.39253,0.776849,9525306314
5757378,9338.34,1.3611,0.780879,9525306315
5757379,9338.34,1.41832,0.776043,9525306316
5757380,9338.34,1.36674,0.780073,9525306317
5757381,9338.34,1.36996,0.777655,9525306319
5757382,9338.35,1.36755,0.776849,9525306320
5757383,9338.35,1.3748,0.780879,9525306321
5757384,9338.35,1.36674,0.777655,9525306322
5757385,9338.35,1.39253,0.774432,9525306323
5757386,9338.35,1.37963,0.780073,9525306324
5757387,9338.35,1.38527,0.780073,9525306324
5757388,9338.35,1.36835,0.773626,9525306325
5757389,9338.35,1.40139,0.777655,9525306326
5757390,9338.35,1.36674,0.784102,9525306327
5757391,9338.35,1.39414,0.776849,9525306327
5757392,9338.36,1.35626,0.778461,9525306328
5757393,9338.36,1.34982,0.759926,9525323086
5757394,9338.36,1.35868,0.777655,9525323092
5757395,9338.36,1.36674,0.79619,9525323093
5757396,9338.36,1.32725,0.759926,9525323094
5757397,9338.36,1.36029,0.778461,9525323095
5757398,9338.36,1.37157,0.789743,9525323096
5757399,9338.36,1.34256,0.780879,9525323097
5757400,9338.36,1.37157,0.780879,9525323097
5757401,9338.36,1.3756,0.759926,9525323098
5757402,9338.37,1.39817,0.776849,9525323099
5757403,9338.37,1.38447,0.785714,9525323100
5757404,9338.37,1.36835,0.777655,9525323101
5757405,9338.37,1.39253,0.777655,9525323102
5757406,9338.37,1.37157,0.777655,9525323103
5757407,9338.37,1.3748,0.780073,9525323104
5757408,9338.37,1.41993,0.776849,9525323104
5757409,9338.37,1.35304,0.763956,9525339672
5757410,9338.37,1.34256,0.777655,9525339678
5757411,9338.38,1.40381,0.785714,9525339679
5757412,9338.38,1.3748,0.773626,9525339703
5757413,9338.38,1.36996,0.779267,9525339704
5757414,9338.38,1.36674,0.777655,9525339705
5757415,9338.38,1.39736,0.777655,9525339705
5757416,9338.38,1.36674,0.784908,9525339706
5757417,9338.38,1.38125,0.777655,9525339707
5757418,9338.38,1.39253,0.792967,9525339708
5757419,9338.38,1.38125,0.776849,9525339709
5757420,9338.38,1.36674,0.783296,9525339709
5757421,9338.39,1.39333,0.776849,9525339710
5757422,9338.39,1.39253,0.780879,9525339711
5757423,9338.39,1.36996,0.780879,9525339712
5757424,9338.39,1.39253,0.778461,9525339713
5757425,9338.39,1.39414,0.788131,9525339714
5757426,9338.39,1.28857,0.780879,9525356469
5757427,9338.39,1.34417,0.777655,9525356475
5757428,9338.39,1.3748,0.767179,9525356476
5757429,9338.39,1.39817,0.767179,9525356477
5757430,9338.39,1.41106,0.777655,9525356478
5757431,9338.4,1.39414,0.777655,9525356479
5757432,9338.4,1.39897,0.780073,9525356480
5757433,9338.4,1.39414,0.776849,9525356480
5757434,9338.4,1.40864,0.777655,9525356481
5757435,9338.4,1.41187,0.777655,9525356482
5757436,9338.4,1.37963,0.778461,9525356483
5757437,9338.4,1.39253,0.778461,9525356484
5757438,9338.4,1.39414,0.78652,9525356485
5757439,9338.4,1.3748,0.776849,9525356485
5757440,9338.4,1.38447,0.777655,9525356486
5757441,9338.41,1.3756,0.778461,9525356487
5757442,9338.41,1.39333,0.778461,9525356488
5757443,9338.41,1.29018,0.778461,9525373230
5757444,9338.41,1.36674,0.780879,9525373235
5757445,9338.41,1.31678,0.778461,9525373237
5757446,9338.41,1.36674,0.785714,9525373238
5757447,9338.41,1.37319,0.776849,9525373239
5757448,9338.41,1.36029,0.780879,9525373240
5757449,9338.41,1.39253,0.778461,9525373240
5757450,9338.41,1.36916,0.785714,9525373241
5757451,9338.42,1.36835,0.780073,9525373242
5757452,9338.42,1.36674,0.779267,9525373243
5757453,9338.42,1.37319,0.778461,9525373244
5757454,9338.42,1.38447,0.778461,9525373244
5757455,9338.42,1.34982,0.776849,9525373245
5757456,9338.42,1.40381,0.776849,9525373246
5757457,9338.42,1.39414,0.778461,9525373247
5757458,9338.42,1.36674,0.792967,9525373248
5757459,9338.42,1.34579,0.780879,9525373248
5757460,9338.42,1.31516,0.776849,9525389860
5757461,9338.42,1.4022,0.776849,9525389866
5757462,9338.43,1.38125,0.792967,9525389868
5757463,9338.43,1.35143,0.779267,9525389869
5757464,9338.43,1.32967,0.79619,9525389869
5757465,9338.43,1.39495,0.780879,9525389870
5757466,9338.43,1.37157,0.780879,9525389871
5757467,9338.43,1.39414,0.765567,9525389872
5757468,9338.43,1.40059,0.780879,9525389873
5757469,9338.43,1.42073,0.778461,9525389874
5757470,9338.43,1.41993,0.778461,9525389875
5757471,9338.43,1.39253,0.788937,9525389876
5757472,9338.44,1.39253,0.778461,9525389876
5757473,9338.44,1.34982,0.777655,9525389877
5757474,9338.44,1.34337,0.778461,9525389878
5757475,9338.44,1.36593,0.778461,9525389879
5757476,9338.44,1.34256,0.776849,9525406423
5757477,9338.44,1.3482,0.784908,9525406428
5757478,9338.44,1.31597,0.759926,9525406430
5757479,9338.44,1.31678,0.773626,9525406431
5757480,9338.44,1.34901,0.777655,9525406431
5757481,9338.44,1.35465,0.780879,9525406432
5757482,9338.45,1.38286,0.777655,9525406433
5757483,9338.45,1.39414,0.779267,9525406434
5757484,9338.45,1.3748,0.778461,9525406435
5757485,9338.45,1.3748,0.778461,9525406435
5757486,9338.45,1.35385,0.778461,9525406436
5757487,9338.45,1.37157,0.776849,9525406437
5757488,9338.45,1.37157,0.778461,9525406438
5757489,9338.45,1.40703,0.778461,9525406439
5757490,9338.45,1.41993,0.775238,9525406440
5757491,9338.45,1.40139,0.777655,9525406441
5757492,9338.46,1.38608,0.777655,9525406441
5757493,9338.46,1.29582,0.779267,9525423110
5757494,9338.46,1.3345,0.775238,9525423115
5757495,9338.46,1.36674,0.776849,9525423116
5757496,9338.46,1.3474,0.759926,9525423117
5757497,9338.46,1.37883,0.785714,9525423118
5757498,9338.46,1.35304,0.777655,9525423119
5757499,9338.46,1.37883,0.788937,9525423120
5757500,9338.46,1.40703,0.778461,9525423121
5757501,9338.47,1.39414,0.776849,9525423122
5757502,9338.47,1.36674,0.780879,9525423122
5757503,9338.47,1.35868,0.785714,9525423123
5757504,9338.47,1.37802,0.784908,9525423124
5757505,9338.47,1.3756,0.773626,9525423125
5757506,9338.47,1.39253,0.788131,9525423126
5757507,9338.47,1.37157,0.792967,9525423127
5757508,9338.47,1.36674,0.777655,9525423128
5757509,9338.47,1.39253,0.778461,9525423128
5757510,9338.47,1.38125,0.780073,9525439893
5757511,9338.48,1.36916,0.792967,9525439900
5757512,9338.48,1.32645,0.777655,9525439901
5757513,9338.48,1.31516,0.780073,9525439902
5757514,9338.48,1.34095,0.780073,9525439902
5757515,9338.48,1.40703,0.776849,9525439903
5757516,9338.48,1.4296,0.767179,9525439904
5757517,9338.48,1.40462,0.792161,9525439905
5757518,9338.48,1.39897,0.78249,9525439906
5757519,9338.48,1.42637,0.780879,9525439907
5757520,9338.48,1.39736,0.778461,9525439908
5757521,9338.49,1.3748,0.776849,9525439908
5757522,9338.49,1.39817,0.778461,9525439909
5757523,9338.49,1.37399,0.775238,9525439910
5757524,9338.49,1.39253,0.776849,9525439911
5757525,9338.49,1.39253,0.778461,9525439911
5757526,9338.49,1.34095,0.780879,9525456622
5757527,9338.49,1.3619,0.776849,9525456628
5757528,9338.49,1.35223,0.778461,9525456629
5757529,9338.49,1.40381,0.784102,9525456630
5757530,9338.49,1.3885,0.788131,9525456631
5757531,9338.5,1.39414,0.776849,9525456632
5757532,9338.5,1.39978,0.777655,9525456633
5757533,9338.5,1.41832,0.778461,9525456633
5757534,9338.5,1.42154,0.788937,9525456634
5757535,9338.5,1.3748,0.776849,9525456635
5757536,9338.5,1.36996,0.778461,9525456636
5757537,9338.5,1.36835,0.776849,9525456637
5757538,9338.5,1.38205,0.773626,9525456638
5757539,9338.5,1.37963,0.780879,9525456639
5757540,9338.5,1.36916,0.778461,9525456639
5757541,9338.5,1.39414,0.785714,9525456640
5757542,9338.51,1.37802,0.777655,9525456641
5757543,9338.51,1.29824,0.792967,9525473221
5757544,9338.51,1.33289,0.776849,9525473226
5757545,9338.51,1.35304,0.784908,9525473228
5757546,9338.51,1.36755,0.774432,9525473229
5757547,9338.51,1.39253,0.778461,9525473230
5757548,9338.51,1.40381,0.770402,9525473231
5757549,9338.51,1.40703,0.780879,9525473232
5757550,9338.51,1.41832,0.778461,9525473233
5757551,9338.51,1.36674,0.780879,9525473233
5757552,9338.52,1.39253,0.777655,9525473234
5757553,9338.52,1.37157,0.778461,9525473235
5757554,9338.52,1.3756,0.776849,9525473236
5757555,9338.52,1.36674,0.776849,9525473237
5757556,9338.52,1.37722,0.776849,9525473237
5757557,9338.52,1.39253,0.780879,9525473238
5757558,9338.52,1.40542,0.780879,9525473239
5757559,9338.52,1.3748,0.777655,9525473240
5757560,9338.52,1.32403,0.79619,9525489924
5757561,9338.52,1.36674,0.792967,9525489930
5757562,9338.53,1.36755,0.780879,9525489931
5757563,9338.53,1.34901,0.776849,9525489932
5757564,9338.53,1.36674,0.776043,9525489933
5757565,9338.53,1.3748,0.776849,9525489934
5757566,9338.53,1.39253,0.778461,9525489935
5757567,9338.53,1.39897,0.777655,9525489936
5757568,9338.53,1.37883,0.792967,9525489937
5757569,9338.53,1.4296,0.776849,9525489937
5757570,9338.53,1.41993,0.776849,9525489938
5757571,9338.53,1.39495,0.778461,9525489939
5757572,9338.54,1.41026,0.779267,9525489940
5757573,9338.54,1.39736,0.776849,9525489941
5757574,9338.54,1.39414,0.778461,9525489942
5757575,9338.54,1.40381,0.776849,9525489942
5757576,9338.54,1.34659,0.778461,9525506540
5757577,9338.54,1.34256,0.776849,9525506545
5757578,9338.54,1.32322,0.777655,9525506546
5757579,9338.54,1.35626,0.78652,9525506547
5757580,9338.54,1.39253,0.779267,9525506548
5757581,9338.55,1.39253,0.780073,9525506549
5757582,9338.55,1.37802,0.783296,9525506550
5757583,9338.55,1.36674,0.777655,9525506551
5757584,9338.55,1.37319,0.785714,9525506551
5757585,9338.55,1.38447,0.780879,9525506552
5757586,9338.55,1.39253,0.784102,9525506553
5757587,9338.55,1.34579,0.783296,9525506554
5757588,9338.55,1.41026,0.777655,9525506555
5757589,9338.55,1.39495,0.777655,9525506555
5757590,9338.55,1.39253,0.776849,9525506556
5757591,9338.56,1.4022,0.780879,9525506557
5757592,9338.56,1.38447,0.778461,9525506558
5757593,9338.56,1.31597,0.779267,9525523246
5757594,9338.56,1.35546,0.777655,9525523251
5757595,9338.56,1.36029,0.777655,9525523252
5757596,9338.56,1.39253,0.777655,9525523253
5757597,9338.56,1.34095,0.776849,9525523254
5757598,9338.56,1.39495,0.773626,9525523255
5757599,9338.56,1.36835,0.780879,9525523256
5757600,9338.56,1.36674,0.773626,9525523283
5757601,9338.57,1.40542,0.776849,9525523284
5757602,9338.57,1.35385,0.777655,9525523285
5757603,9338.57,1.34095,0.780073,9525523286
5757604,9338.57,1.38769,0.780879,9525523287
5757605,9338.57,1.39253,0.783296,9525523288
5757606,9338.57,1.39253,0.776849,9525523289
5757607,9338.57,1.42315,0.777655,9525523289
5757608,9338.57,1.39978,0.784908,9525523290
5757609,9338.57,1.3756,0.777655,9525523291
5757610,9338.57,1.34579,0.773626,9525539972
5757611,9338.58,1.37802,0.776849,9525539977
5757612,9338.58,1.34579,0.778461,9525539979
5757613,9338.58,1.34095,0.776849,9525539980
5757614,9338.58,1.38125,0.767179,9525539980
5757615,9338.58,1.35868,0.780879,9525539981
5757616,9338.58,1.403,0.777655,9525539982
5757617,9338.58,1.41832,0.773626,9525539983
5757618,9338.58,1.36674,0.780073,9525539984
5757619,9338.58,1.38125,0.783296,9525539985
5757620,9338.58,1.36916,0.78652,9525539986
5757621,9338.58,1.39253,0.781684,9525539987
5757622,9338.59,1.39253,0.776849,9525539987
5757623,9338.59,1.39817,0.780879,9525539988
5757624,9338.59,1.39414,0.788131,9525539989
5757625,9338.59,1.39333,0.788937,9525539990
5757626,9338.59,1.34095,0.780073,9525556695
5757627,9338.59,1.35223,0.780073,9525556701
5757628,9338.59,1.40542,0.778461,9525556702
5757629,9338.59,1.40703,0.792967,9525556703
5757630,9338.59,1.37883,0.780073,9525556704
5757631,9338.59,1.42073,0.776849,9525556705
5757632,9338.6,1.42234,0.776849,9525556705
5757633,9338.6,1.39495,0.776849,9525556706
5757634,9338.6,1.41832,0.776849,9525556707
5757635,9338.6,1.39736,0.776849,9525556708
5757636,9338.6,1.40703,0.780073,9525556709
5757637,9338.6,1.4022,0.775238,9525556710
5757638,9338.6,1.3748,0.780879,9525556711
5757639,9338.6,1.39817,0.780073,9525556712
5757640,9338.6,1.36674,0.776849,9525556712
5757641,9338.6,1.39414,0.788131,9525556713
5757642,9338.61,1.39253,0.777655,9525556714
5757643,9338.61,1.30388,0.778461,9525573291
5757644,9338.61,1.34337,0.78652,9525573297
5757645,9338.61,1.35546,0.776849,9525573298
5757646,9338.61,1.36674,0.780073,9525573299
5757647,9338.61,1.41993,0.778461,9525573300
5757648,9338.61,1.43121,0.775238,9525573301
5757649,9338.61,1.43443,0.777655,9525573302
5757650,9338.61,1.41832,0.777655,9525573303
5757651,9338.61,1.40703,0.776849,9525573303
5757652,9338.62,1.37238,0.777655,9525573305
5757653,9338.62,1.37883,0.773626,9525573306
5757654,9338.62,1.37802,0.779267,9525573307
5757655,9338.62,1.37963,0.775238,9525573308
5757656,9338.62,1.36996,0.777655,9525573309
5757657,9338.62,1.38125,0.784908,9525573310
5757658,9338.62,1.41832,0.777655,9525573310
5757659,9338.62,1.41832,0.780879,9525573311
5757660,9338.62,1.34579,0.777655,9525589997
5757661,9338.62,1.3756,0.778461,9525590008
5757662,9338.63,1.33289,0.776849,9525590009
5757663,9338.63,1.32967,0.777655,9525590010
5757664,9338.63,1.36916,0.779267,9525590011
5757665,9338.63,1.40381,0.780073,9525590011
5757666,9338.63,1.39172,0.783296,9525590012
5757667,9338.63,1.39253,0.776849,9525590013
5757668,9338.63,1.40139,0.776849,9525590014
5757669,9338.63,1.32322,0.779267,9525590015
5757670,9338.63,1.35385,0.777655,9525590016
5757671,9338.64,1.39253,0.792967,9525590016
5757672,9338.64,1.39656,0.778461,9525590017
5757673,9338.64,1.39495,0.788131,9525590018
5757674,9338.64,1.42315,0.776849,9525590019
5757675,9338.64,1.39414,0.776849,9525590020
5757676,9338.64,1.36674,0.780073,9525606651
5757677,9338.64,1.34095,0.780073,9525606656
5757678,9338.64,1.36674,0.778461,9525606657
5757679,9338.64,1.30388,0.777655,9525606658
5757680,9338.64,1.33612,0.767179,9525606659
5757681,9338.65,1.39736,0.759926,9525606660
5757682,9338.65,1.39414,0.78249,9525606661
5757683,9338.65,1.36996,0.785714,9525606662
5757684,9338.65,1.39414,0.777655,9525606663
5757685,9338.65,1.39736,0.780879,9525606663
5757686,9338.65,1.40703,0.778461,9525606664
5757687,9338.65,1.43121,0.773626,9525606665
5757688,9338.65,1.42315,0.776849,9525606666
5757689,9338.65,1.41832,0.777655,9525606667
5757690,9338.65,1.40139,0.777655,9525606667
5757691,9338.66,1.39333,0.777655,9525606668
5757692,9338.66,1.3748,0.794578,9525606669
5757693,9338.66,1.30066,0.780879,9525623428
5757694,9338.66,1.34337,0.781684,9525623433
5757695,9338.66,1.34417,0.778461,9525623435
5757696,9338.66,1.39253,0.777655,9525623436
5757697,9338.66,1.37641,0.773626,9525623437
5757698,9338.66,1.39253,0.781684,9525623438
5757699,9338.66,1.36835,0.784908,9525623439
5757700,9338.66,1.39736,0.775238,9525623439
5757701,9338.67,1.36755,0.777655,9525623440
5757702,9338.67,1.37641,0.775238,9525623441
5757703,9338.67,1.39495,0.792967,9525623442
5757704,9338.67,1.34095,0.792967,9525623443
5757705,9338.67,1.32645,0.776849,9525623444
5757706,9338.67,1.37802,0.777655,9525623444
5757707,9338.67,1.36835,0.777655,9525623445
5757708,9338.67,1.34901,0.773626,9525623446
5757709,9338.67,1.41832,0.778461,9525623447
5757710,9338.67,1.31678,0.777655,9525640041
5757711,9338.67,1.42315,0.778461,9525640047
5757712,9338.68,1.35223,0.776849,9525640048
5757713,9338.68,1.3482,0.776849,9525640049
5757714,9338.68,1.39736,0.788937,9525640050
5757715,9338.68,1.40139,0.780073,9525640051
5757716,9338.68,1.39495,0.778461,9525640052
5757717,9338.68,1.39092,0.777655,9525640053
5757718,9338.68,1.34579,0.774432,9525640054
5757719,9338.68,1.36674,0.783296,9525640055
5757720,9338.68,1.3756,0.778461,9525640055
5757721,9338.68,1.37963,0.784102,9525640056
5757722,9338.69,1.33048,0.778461,9525640057
5757723,9338.69,1.39333,0.777655,9525640058
5757724,9338.69,1.36593,0.773626,9525640059
5757725,9338.69,1.36593,0.773626,9525640059
5757726,9338.69,1.33289,0.763956,9525640060
5757727,9338.69,1.36674,0.778461,9525656731
5757728,9338.69,1.32,0.783296,9525656738
5757729,9338.69,1.36755,0.783296,9525656739
5757730,9338.69,1.36674,0.777655,9525656740
5757731,9338.69,1.42154,0.776849,9525656741
5757732,9338.7,1.39414,0.780879,9525656742
5757733,9338.7,1.39253,0.780073,9525656743
5757734,9338.7,1.40139,0.777655,9525656744
5757735,9338.7,1.36674,0.780879,9525656744
5757736,9338.7,1.40381,0.776849,9525656745
5757737,9338.7,1.40542,0.773626,9525656746
5757738,9338.7,1.37157,0.777655,9525656747
5757739,9338.7,1.41832,0.773626,9525656748
5757740,9338.7,1.36835,0.784908,9525656749
5757741,9338.7,1.40059,0.792967,9525656750
5757742,9338.71,1.39253,0.780879,9525656751
5757743,9338.71,1.31516,0.777655,9525673377
5757744,9338.71,1.35304,0.783296,9525673383
5757745,9338.71,1.34982,0.790549,9525673384
5757746,9338.71,1.39253,0.759926,9525673385
5757747,9338.71,1.41832,0.780073,9525673386
5757748,9338.71,1.38608,0.773626,9525673387
5757749,9338.71,1.39736,0.777655,9525673388
5757750,9338.71,1.39253,0.780073,9525673388
5757751,9338.72,1.39736,0.784102,9525673389
5757752,9338.72,1.37157,0.783296,9525673390
5757753,9338.72,1.36674,0.777655,9525673391
5757754,9338.72,1.34256,0.776849,9525673392
5757755,9338.72,1.39575,0.777655,9525673392
5757756,9338.72,1.42234,0.776849,9525673393
5757757,9338.72,1.40462,0.777655,9525673394
5757758,9338.72,1.39414,0.778461,9525673395
5757759,9338.72,1.39414,0.780073,9525673396
5757760,9338.72,1.2652,0.777655,9525690008
5757761,9338.73,1.3756,0.778461,9525690014
5757762,9338.73,1.35385,0.777655,9525690015
5757763,9338.73,1.34095,0.777655,9525690016
5757764,9338.73,1.36835,0.777655,9525690017
5757765,9338.73,1.37963,0.783296,9525690018
5757766,9338.73,1.41832,0.777655,9525690019
5757767,9338.73,1.38447,0.777655,9525690019
5757768,9338.73,1.42476,0.776849,9525690020
5757769,9338.73,1.40462,0.778461,9525690021
5757770,9338.73,1.39575,0.784908,9525690022
5757771,9338.74,1.39253,0.783296,9525690023
5757772,9338.74,1.40139,0.785714,9525690024
5757773,9338.74,1.42396,0.778461,9525690024
5757774,9338.74,1.41993,0.777655,9525690025
5757775,9338.74,1.39736,0.780879,9525690026
5757776,9338.74,1.3482,0.780879,9525706675
5757777,9338.74,1.31597,0.778461,9525706680
5757778,9338.74,1.3748,0.776849,9525706681
5757779,9338.74,1.39897,0.778461,9525706682
5757780,9338.74,1.37883,0.777655,9525706683
5757781,9338.75,1.34095,0.779267,9525706684
5757782,9338.75,1.36996,0.778461,9525706685
5757783,9338.75,1.37802,0.773626,9525706686
5757784,9338.75,1.39253,0.78652,9525706687
5757785,9338.75,1.4304,0.774432,9525706687
5757786,9338.75,1.35868,0.778461,9525706688
5757787,9338.75,1.41993,0.773626,9525706712
5757788,9338.75,1.41993,0.776849,9525706713
5757789,9338.75,1.41267,0.780879,9525706714
5757790,9338.75,1.36674,0.776043,9525706714
5757791,9338.75,1.41832,0.767179,9525706715
5757792,9338.76,1.42315,0.780879,9525706716
5757793,9338.76,1.33289,0.777655,9525723437
5757794,9338.76,1.35546,0.778461,9525723442
5757795,9338.76,1.36835,0.785714,9525723443
5757796,9338.76,1.41912,0.780073,9525723444
5757797,9338.76,1.42315,0.784102,9525723445
5757798,9338.76,1.35385,0.780879,9525723446
5757799,9338.76,1.36835,0.777655,9525723447
5757800,9338.76,1.39736,0.784102,9525723448
5757801,9338.76,1.38125,0.780879,9525723449
5757802,9338.77,1.35385,0.778461,9525723450
5757803,9338.77,1.36835,0.773626,9525723450
5757804,9338.77,1.38608,0.780879,9525723451
5757805,9338.77,1.38286,0.778461,9525723452
5757806,9338.77,1.40784,0.783296,9525723453
5757807,9338.77,1.44733,0.777655,9525723454
5757808,9338.77,1.41106,0.775238,9525723454
5757809,9338.77,1.42315,0.784908,9525723455
5757810,9338.77,1.30066,0.780879,9525740096
5757811,9338.77,1.40381,0.777655,9525740101
5757812,9338.78,1.3474,0.778461,9525740103
5757813,9338.78,1.3474,0.777655,9525740104
5757814,9338.78,1.39253,0.785714,9525740104
5757815,9338.78,1.38447,0.776849,9525740105
5757816,9338.78,1.40381,0.773626,9525740106
5757817,9338.78,1.36835,0.777655,9525740107
5757818,9338.78,1.35868,0.78652,9525740108
5757819,9338.78,1.36513,0.783296,9525740109
5757820,9338.78,1.33692,0.777655,9525740109
5757821,9338.78,1.40139,0.776043,9525740110
5757822,9338.79,1.36916,0.785714,9525740111
5757823,9338.79,1.32725,0.778461,9525740112
5757824,9338.79,1.34095,0.784102,9525740113
5757825,9338.79,1.37963,0.778461,9525740114
5757826,9338.79,1.3474,0.776849,9525740114
5757827,9338.79,1.35385,0.773626,9525756676
5757828,9338.79,1.39817,0.777655,9525756681
5757829,9338.79,1.33934,0.783296,9525756683
5757830,9338.79,1.39092,0.775238,9525756683
5757831,9338.8,1.4167,0.780879,9525756684
5757832,9338.8,1.35868,0.776849,9525756685
5757833,9338.8,1.39253,0.776849,9525756686
5757834,9338.8,1.34256,0.780073,9525756687
5757835,9338.8,1.36916,0.773626,9525756688
5757836,9338.8,1.40784,0.780073,9525756689
5757837,9338.8,1.35223,0.777655,9525756690
5757838,9338.8,1.37157,0.776849,9525756690
5757839,9338.8,1.39414,0.791355,9525756691
5757840,9338.8,1.41912,0.777655,9525756692
5757841,9338.81,1.3474,0.777655,9525756693
5757842,9338.81,1.36996,0.778461,9525756694
5757843,9338.81,1.29018,0.779267,9525773581
5757844,9338.81,1.34659,0.776849,9525773586
5757845,9338.81,1.34095,0.784908,9525773588
5757846,9338.81,1.36835,0.779267,9525773589
5757847,9338.81,1.39253,0.779267,9525773590
5757848,9338.81,1.41832,0.781684,9525773591
5757849,9338.81,1.40542,0.778461,9525773592
5757850,9338.81,1.39495,0.778461,9525773593
5757851,9338.82,1.39817,0.780073,9525773594
5757852,9338.82,1.37722,0.775238,9525773595
5757853,9338.82,1.39414,0.776849,9525773596
5757854,9338.82,1.42557,0.780879,9525773596
5757855,9338.82,1.30711,0.78249,9525773597
5757856,9338.82,1.34579,0.78652,9525773598
5757857,9338.82,1.39253,0.778461,9525773599
5757858,9338.82,1.42154,0.780073,9525773600
5757859,9338.82,1.36835,0.778461,9525773601
5757860,9338.82,1.32967,0.776849,9525790068
5757861,9338.83,1.35949,0.784908,9525790074
5757862,9338.83,1.31839,0.783296,9525790075
5757863,9338.83,1.34176,0.780073,9525790076
5757864,9338.83,1.34982,0.776849,9525790077
5757865,9338.83,1.34579,0.770402,9525790078
5757866,9338.83,1.41832,0.776849,9525790079
5757867,9338.83,1.36835,0.777655,9525790080
5757868,9338.83,1.34982,0.778461,9525790081
5757869,9338.83,1.40059,0.785714,9525790081
5757870,9338.83,1.40542,0.778461,9525790082
5757871,9338.83,1.37883,0.778461,9525790083
5757872,9338.84,1.41832,0.78249,9525790084
5757873,9338.84,1.34579,0.780073,9525790085
5757874,9338.84,1.42637,0.780879,9525790086
5757875,9338.84,1.36674,0.777655,9525790086
5757876,9338.84,1.31758,0.780073,9525790087
5757877,9338.84,1.36835,0.773626,9525806660
5757878,9338.84,1.42396,0.780073,9525806666
5757879,9338.84,1.40381,0.777655,9525806667
5757880,9338.84,1.36674,0.776849,9525806668
5757881,9338.84,1.34337,0.775238,9525806669
5757882,9338.85,1.39414,0.777655,9525806670
5757883,9338.85,1.34901,0.779267,9525806670
5757884,9338.85,1.31678,0.776849,9525806671
5757885,9338.85,1.42315,0.777655,9525806672
5757886,9338.85,1.41832,0.792967,9525806673
5757887,9338.85,1.36835,0.78249,9525806674
5757888,9338.85,1.41912,0.780879,9525806675
5757889,9338.85,1.40139,0.784102,9525806676
5757890,9338.85,1.38125,0.780073,9525806677
5757891,9338.85,1.42073,0.785714,9525806678
5757892,9338.86,1.39333,0.777655,9525806679
5757893,9338.86,1.32161,0.778461,9525823378
5757894,9338.86,1.37399,0.783296,9525823383
5757895,9338.86,1.34256,0.780073,9525823384
5757896,9338.86,1.3748,0.778461,9525823385
5757897,9338.86,1.38608,0.778461,9525823386
5757898,9338.86,1.34337,0.763956,9525823387
5757899,9338.86,1.34176,0.765567,9525823388
5757900,9338.86,1.36755,0.770402,9525823389
5757901,9338.86,1.38205,0.777655,9525823390
5757902,9338.87,1.37238,0.776849,9525823391
5757903,9338.87,1.34579,0.777655,9525823391
5757904,9338.87,1.34579,0.777655,9525823392
5757905,9338.87,1.34982,0.780073,9525823393
5757906,9338.87,1.35546,0.783296,9525823394
5757907,9338.87,1.37883,0.776043,9525823395
5757908,9338.87,1.39897,0.770402,9525823396
5757909,9338.87,1.37157,0.780073,9525823396
5757910,9338.87,1.30147,0.780073,9525840067
5757911,9338.88,1.39253,0.783296,9525840072
5757912,9338.88,1.36674,0.759926,9525840073
5757913,9338.88,1.36029,0.778461,9525840074
5757914,9338.88,1.40059,0.778461,9525840075
5757915,9338.88,1.37722,0.784102,9525840076
5757916,9338.88,1.41832,0.778461,9525840077
5757917,9338.88,1.37238,0.778461,9525840078
5757918,9338.88,1.39817,0.78652,9525840079
5757919,9338.88,1.39333,0.784102,9525840080
5757920,9338.88,1.39333,0.775238,9525840080
5757921,9338.89,1.39817,0.777655,9525840081
5757922,9338.89,1.39495,0.792967,9525840082
5757923,9338.89,1.38125,0.784102,9525840083
5757924,9338.89,1.41832,0.776849,9525840083
5757925,9338.89,1.38125,0.776849,9525840084
5757926,9338.89,1.36674,0.792967,9525840085
5757927,9338.89,1.3474,0.759926,9525856674
5757928,9338.89,1.37157,0.776849,9525856679
5757929,9338.89,1.41832,0.776849,9525856680
5757930,9338.89,1.37319,0.779267,9525856681
5757931,9338.9,1.39736,0.780879,9525856682
5757932,9338.9,1.39897,0.778461,9525856683
5757933,9338.9,1.42154,0.776849,9525856684
5757934,9338.9,1.40703,0.767985,9525856684
5757935,9338.9,1.39736,0.780073,9525856685
5757936,9338.9,1.39253,0.776849,9525856686
5757937,9338.9,1.41832,0.776849,9525856687
5757938,9338.9,1.42315,0.770402,9525856688
5757939,9338.9,1.37963,0.776849,9525856689
5757940,9338.9,1.36835,0.777655,9525856690
5757941,9338.91,1.36674,0.777655,9525856690
5757942,9338.91,1.39253,0.777655,9525856691
5757943,9338.91,1.2652,0.776849,9525873390
5757944,9338.91,1.36674,0.79619,9525873396
5757945,9338.91,1.35385,0.778461,9525873397
5757946,9338.91,1.36674,0.770402,9525873398
5757947,9338.91,1.39253,0.783296,9525873399
5757948,9338.91,1.39333,0.776043,9525873400
5757949,9338.91,1.41832,0.780879,9525873401
5757950,9338.91,1.40703,0.777655,9525873402
5757951,9338.92,1.38125,0.777655,9525873403
5757952,9338.92,1.40462,0.773626,9525873403
5757953,9338.92,1.39414,0.785714,9525873404
5757954,9338.92,1.37883,0.776849,9525873405
5757955,9338.92,1.34095,0.780073,9525873406
5757956,9338.92,1.39736,0.777655,9525873407
5757957,9338.92,1.39253,0.777655,9525873407
5757958,9338.92,1.39978,0.780073,9525873408
5757959,9338.92,1.34256,0.780879,9525873409
5757960,9338.92,1.26842,0.778461,9525889920
5757961,9338.92,1.34256,0.776849,9525889924
5757962,9338.93,1.34659,0.776849,9525889925
5757963,9338.93,1.32,0.780879,9525889926
5757964,9338.93,1.32806,0.777655,9525889927
5757965,9338.93,1.36835,0.78652,9525889928
5757966,9338.93,1.40059,0.788131,9525889929
5757967,9338.93,1.39253,0.780879,9525889930
5757968,9338.93,1.37399,0.778461,9525889931
5757969,9338.93,1.41832,0.773626,9525889931
5757970,9338.93,1.42315,0.792967,9525889932
5757971,9338.93,1.34256,0.788131,9525889933
5757972,9338.94,1.35546,0.788937,9525889934
5757973,9338.94,1.37963,0.776849,9525889935
5757974,9338.94,1.40381,0.780073,9525889958
5757975,9338.94,1.30147,0.779267,9525889959
5757976,9338.94,1.29744,0.765567,9525906634
5757977,9338.94,1.33934,0.778461,9525906638
5757978,9338.94,1.39897,0.778461,9525906639
5757979,9338.94,1.38769,0.784102,9525906640
5757980,9338.94,1.34256,0.778461,9525906640
5757981,9338.94,1.38125,0.778461,9525906641
5757982,9338.95,1.32645,0.778461,9525906642
5757983,9338.95,1.42476,0.778461,9525906643
5757984,9338.95,1.36835,0.779267,9525906644
5757985,9338.95,1.37802,0.776849,9525906644
5757986,9338.95,1.29744,0.776849,9525906645
5757987,9338.95,1.40703,0.780073,9525906646
5757988,9338.95,1.34417,0.784102,9525906647
5757989,9338.95,1.39253,0.773626,9525906648
5757990,9338.95,1.30066,0.778461,9525906649
5757991,9338.95,1.41026,0.784102,9525906650
5757992,9338.96,1.32806,0.777655,9525906650
5757993,9338.96,1.31516,0.783296,9525923383
5757994,9338.96,1.32,0.778461,9525923389
5757995,9338.96,1.37802,0.776849,9525923390
5757996,9338.96,1.40703,0.780879,9525923391
5757997,9338.96,1.39253,0.780879,9525923392
5757998,9338.96,1.3756,0.776849,9525923393
5757999,9338.96,1.3893,0.777655,9525923394
5758000,9338.96,1.39495,0.778461,9525923394
5758001,9338.97,1.40542,0.780073,9525923395
5758002,9338.97,1.403,0.778461,9525923396
5758003,9338.97,1.34095,0.783296,9525923397
5758004,9338.97,1.39253,0.775238,9525923398
5758005,9338.97,1.36674,0.780879,9525923399
5758006,9338.97,1.39897,0.778461,9525923400
5758007,9338.97,1.31678,0.778461,9525923400
5758008,9338.97,1.41026,0.778461,9525923401
5758009,9338.97,1.35868,0.779267,9525923402
5758010,9338.97,1.3474,0.773626,9525940129
5758011,9338.98,1.36835,0.780879,9525940142
5758012,9338.98,1.36674,0.776043,9525940145
5758013,9338.98,1.36916,0.776849,9525940146
5758014,9338.98,1.37802,0.792967,9525940147
5758015,9338.98,1.39253,0.776849,9525940149
5758016,9338.98,1.41832,0.776849,9525940150
5758017,9338.98,1.42637,0.784102,9525940151
5758018,9338.98,1.41026,0.791355,9525940152
5758019,9338.98,1.42154,0.779267,9525940153
5758020,9338.98,1.36674,0.780879,9525940154
5758021,9338.99,1.40703,0.777655,9525940155
5758022,9338.99,1.34176,0.788131,9525940157
5758023,9338.99,1.35304,0.776849,9525940158
5758024,9338.99,1.32725,0.777655,9525940159
5758025,9338.99,1.32725,0.777655,9525940160
5758026,9338.99,1.33289,0.776849,9525940161
5758027,9338.99,1.31678,0.78652,9525956811
5758028,9338.99,1.36674,0.776849,9525956820
5758029,9338.99,1.30388,0.791355,9525956822
5758030,9338.99,1.34095,0.776849,9525956824
5758031,9339,1.26842,0.791355,9525956825
5758032,9339,1.36674,0.78249,9525956826
5758033,9339,1.33289,0.780879,9525956828
5758034,9339,1.39897,0.776849,9525956829
5758035,9339,1.38125,0.777655,9525956830
5758036,9339,1.42315,0.778461,9525956831
5758037,9339,1.39253,0.776849,9525956833
5758038,9339,1.39414,0.780879,9525956834
5758039,9339,1.39253,0.779267,9525956835
5758040,9339,1.36674,0.783296,9525956836
5758041,9339,1.40139,0.778461,9525956837
5758042,9339.01,1.40462,0.770402,9525956838
5758043,9339.01,1.31678,0.759926,9525973444
5758044,9339.01,1.35062,0.778461,9525973453
5758045,9339.01,1.31516,0.78652,9525973456
5758046,9339.01,1.3748,0.776849,9525973457
5758047,9339.01,1.39736,0.778461,9525973458
5758048,9339.01,1.36674,0.775238,9525973459
5758049,9339.01,1.40703,0.780879,9525973461
5758050,9339.01,1.41832,0.776849,9525973462
5758051,9339.01,1.42718,0.776849,9525973463
5758052,9339.02,1.35546,0.788937,9525973464
5758053,9339.02,1.4296,0.775238,9525973465
5758054,9339.02,1.44007,0.775238,9525973467
5758055,9339.02,1.34579,0.780879,9525973468
5758056,9339.02,1.38527,0.776849,9525973469
5758057,9339.02,1.36674,0.776849,9525973470
5758058,9339.02,1.40381,0.779267,9525973471
5758059,9339.02,1.35626,0.778461,9525973472
5758060,9339.02,1.34095,0.783296,9525990124
5758061,9339.02,1.42637,0.780073,9525990134
5758062,9339.03,1.34982,0.778461,9525990137
5758063,9339.03,1.37883,0.780073,9525990138
5758064,9339.03,1.37157,0.784908,9525990139
5758065,9339.03,1.37157,0.778461,9525990141
5758066,9339.03,1.34982,0.776849,9525990142
5758067,9339.03,1.41993,0.776849,9525990143
5758068,9339.03,1.39253,0.777655,9525990144
5758069,9339.03,1.42557,0.778461,9525990145
5758070,9339.03,1.39253,0.791355,9525990146
5758071,9339.03,1.40139,0.776849,9525990147
5758072,9339.04,1.44652,0.759926,9525990149
5758073,9339.04,1.42073,0.788131,9525990150
5758074,9339.04,1.39253,0.777655,9525990151
5758075,9339.04,1.39253,0.779267,9525990152
5758076,9339.04,1.35868,0.778461,9525990157
5758077,9339.04,1.30711,0.78652,9526006965
5758078,9339.04,1.30791,0.777655,9526006974
5758079,9339.04,1.35304,0.788131,9526006977
5758080,9339.04,1.36674,0.788131,9526006978
5758081,9339.05,1.40059,0.776849,9526006979
5758082,9339.05,1.39092,0.776849,9526006980
5758083,9339.05,1.41832,0.780879,9526006982
5758084,9339.05,1.41912,0.783296,9526006983
5758085,9339.05,1.34337,0.778461,9526006984
5758086,9339.05,1.39897,0.780879,9526006985
5758087,9339.05,1.40381,0.759926,9526006986
5758088,9339.05,1.43927,0.788131,9526006987
5758089,9339.05,1.39736,0.780073,9526006988
5758090,9339.05,1.41832,0.780879,9526006990
5758091,9339.06,1.38769,0.784102,9526006991
5758092,9339.06,1.34095,0.792967,9526006992
5758093,9339.06,1.36674,0.780879,9526023586
5758094,9339.06,1.37883,0.777655,9526023595
5758095,9339.06,1.39253,0.780073,9526023598
5758096,9339.06,1.34901,0.784102,9526023599
5758097,9339.06,1.40542,0.780879,9526023601
5758098,9339.06,1.4022,0.778461,9526023602
5758099,9339.06,1.34095,0.780073,9526023603
5758100,9339.06,1.34256,0.776849,9526023604
5758101,9339.07,1.41993,0.792967,9526023605
5758102,9339.07,1.35868,0.759926,9526023606
5758103,9339.07,1.35385,0.781684,9526023608
5758104,9339.07,1.40462,0.793772,9526023609
5758105,9339.07,1.40703,0.776849,9526023610
5758106,9339.07,1.34256,0.785714,9526023611
5758107,9339.07,1.36996,0.78249,9526023612
5758108,9339.07,1.40139,0.780879,9526023613
5758109,9339.07,1.42154,0.780073,9526023614
5758110,9339.07,1.27004,0.776849,9526040175
5758111,9339.08,1.39253,0.788131,9526040184
5758112,9339.08,1.37319,0.789743,9526040186
5758113,9339.08,1.33289,0.777655,9526040187
5758114,9339.08,1.37157,0.773626,9526040188
5758115,9339.08,1.39253,0.764761,9526040189
5758116,9339.08,1.37157,0.777655,9526040191
5758117,9339.08,1.34095,0.776043,9526040192
5758118,9339.08,1.37802,0.780073,9526040193
5758119,9339.08,1.3748,0.776849,9526040194
5758120,9339.08,1.29502,0.777655,9526040196
5758121,9339.08,1.36835,0.776849,9526040197
5758122,9339.09,1.39414,0.77282,9526040198
5758123,9339.09,1.37238,0.776849,9526040199
5758124,9339.09,1.34095,0.777655,9526040200
5758125,9339.09,1.41832,0.777655,9526040201
5758126,9339.09,1.41832,0.778461,9526040202
5758127,9339.09,1.29663,0.777655,9526056864
5758128,9339.09,1.35223,0.775238,9526056874
5758129,9339.09,1.41993,0.777655,9526056876
5758130,9339.09,1.35868,0.779267,9526056877
5758131,9339.09,1.34095,0.775238,9526056879
5758132,9339.1,1.34579,0.780073,9526056880
5758133,9339.1,1.39414,0.780879,9526056881
5758134,9339.1,1.34256,0.784102,9526056882
5758135,9339.1,1.39253,0.778461,9526056883
5758136,9339.1,1.39414,0.781684,9526056885
5758137,9339.1,1.36674,0.778461,9526056886
5758138,9339.1,1.35868,0.788937,9526056887
5758139,9339.1,1.42476,0.780879,9526056888
5758140,9339.1,1.36835,0.79619,9526056890
5758141,9339.1,1.39253,0.776849,9526056891
5758142,9339.11,1.38286,0.773626,9526056892
5758143,9339.11,1.24908,0.785714,9526073514
5758144,9339.11,1.34095,0.776849,9526073523
5758145,9339.11,1.3748,0.778461,9526073525
5758146,9339.11,1.29099,0.777655,9526073526
5758147,9339.11,1.40462,0.777655,9526073528
5758148,9339.11,1.36755,0.792967,9526073529
5758149,9339.11,1.36996,0.780879,9526073530
5758150,9339.11,1.457,0.780879,9526073531
5758151,9339.11,1.37238,0.778461,9526073533
5758152,9339.12,1.34256,0.776849,9526073534
5758153,9339.12,1.37802,0.777655,9526073535
5758154,9339.12,1.33612,0.778461,9526073536
5758155,9339.12,1.4296,0.773626,9526073537
5758156,9339.12,1.35546,0.776849,9526073538
5758157,9339.12,1.3482,0.776849,9526073539
5758158,9339.12,1.42637,0.780879,9526073540
5758159,9339.12,1.34901,0.780073,9526073542
5758160,9339.12,1.27245,0.780879,9526090208
5758161,9339.12,1.39656,0.780073,9526090217
5758162,9339.13,1.32645,0.789743,9526090253
5758163,9339.13,1.35868,0.788937,9526090255
5758164,9339.13,1.39575,0.776849,9526090256
5758165,9339.13,1.41832,0.784102,9526090257
5758166,9339.13,1.39656,0.780073,9526090259
5758167,9339.13,1.42154,0.776849,9526090260
5758168,9339.13,1.40059,0.773626,9526090261
5758169,9339.13,1.457,0.787326,9526090262
5758170,9339.13,1.43927,0.775238,9526090263
5758171,9339.14,1.39414,0.783296,9526090264
5758172,9339.14,1.43685,0.78652,9526090266
5758173,9339.14,1.43121,0.778461,9526090267
5758174,9339.14,1.44652,0.778461,9526090268
5758175,9339.14,1.36674,0.773626,9526090269
5758176,9339.14,1.42637,0.778461,9526090270
5758177,9339.14,1.35385,0.780073,9526106993
5758178,9339.14,1.39253,0.779267,9526107012
5758179,9339.14,1.32725,0.788131,9526107014
5758180,9339.14,1.32806,0.784102,9526107016
5758181,9339.15,1.29421,0.778461,9526107017
5758182,9339.15,1.34095,0.778461,9526107018
5758183,9339.15,1.39736,0.785714,9526107019
5758184,9339.15,1.28938,0.767179,9526107021
5758185,9339.15,1.41832,0.776849,9526107022
5758186,9339.15,1.39253,0.780879,9526107023
5758187,9339.15,1.31516,0.783296,9526107024
5758188,9339.15,1.41832,0.777655,9526107025
5758189,9339.15,1.39414,0.773626,9526107026
5758190,9339.15,1.34417,0.779267,9526107027
5758191,9339.16,1.41832,0.765567,9526107028
5758192,9339.16,1.31678,0.778461,9526107029
5758193,9339.16,1.26601,0.777655,9526107030
5758194,9339.16,1.35385,0.780879,9526123679
5758195,9339.16,1.29582,0.79619,9526123690
5758196,9339.16,1.39817,0.780879,9526123692
5758197,9339.16,1.32322,0.780879,9526123693
5758198,9339.16,1.26439,0.776849,9526123694
5758199,9339.16,1.40381,0.763956,9526123695
5758200,9339.16,1.37157,0.776849,9526123697
5758201,9339.17,1.3748,0.780073,9526123698
5758202,9339.17,1.37802,0.777655,9526123699
5758203,9339.17,1.3619,0.776849,9526123701
5758204,9339.17,1.34498,0.780879,9526123702
5758205,9339.17,1.41026,0.777655,9526123703
5758206,9339.17,1.36674,0.784102,9526123704
5758207,9339.17,1.40784,0.777655,9526123705
5758208,9339.17,1.41832,0.776849,9526123706
5758209,9339.17,1.39253,0.793772,9526123707
5758210,9339.17,1.3748,0.776849,9526140212
5758211,9339.17,1.37641,0.792967,9526140221
5758212,9339.18,1.39414,0.780073,9526140223
5758213,9339.18,1.41832,0.778461,9526140225
5758214,9339.18,1.39253,0.777655,9526140226
5758215,9339.18,1.39414,0.776849,9526140227
5758216,9339.18,1.39414,0.777655,9526140228
5758217,9339.18,1.37883,0.780879,9526140229
5758218,9339.18,1.43846,0.778461,9526140230
5758219,9339.18,1.36996,0.776849,9526140232
5758220,9339.18,1.42637,0.785714,9526140233
5758221,9339.18,1.39817,0.777655,9526140234
5758222,9339.19,1.33934,0.785714,9526140235
5758223,9339.19,1.39414,0.777655,9526140236
5758224,9339.19,1.39978,0.780879,9526140237
5758225,9339.19,1.30388,0.778461,9526140239
5758226,9339.19,1.36029,0.778461,9526140240
5758227,9339.19,1.34095,0.776849,9526156919
5758228,9339.19,1.33128,0.759926,9526156928
5758229,9339.19,1.40703,0.776849,9526156930
5758230,9339.19,1.3208,0.79619,9526156932
5758231,9339.19,1.2652,0.778461,9526156933
5758232,9339.2,1.36674,0.780879,9526156934
5758233,9339.2,1.34579,0.778461,9526156935
5758234,9339.2,1.39253,0.780879,9526156937
5758235,9339.2,1.42154,0.789743,9526156938
5758236,9339.2,1.34901,0.777655,9526156939
5758237,9339.2,1.39253,0.784102,9526156940
5758238,9339.2,1.35304,0.777655,9526156941
5758239,9339.2,1.34337,0.775238,9526156942
5758240,9339.2,1.41832,0.780879,9526156944
5758241,9339.2,1.33612,0.780879,9526156945
5758242,9339.21,1.34901,0.776849,9526156946
5758243,9339.21,1.29744,0.77282,9526173672
5758244,9339.21,1.29824,0.778461,9526173682
5758245,9339.21,1.36835,0.778461,9526173685
5758246,9339.21,1.39253,0.773626,9526173686
5758247,9339.21,1.34417,0.776849,9526173689
5758248,9339.21,1.42154,0.777655,9526173690
5758249,9339.21,1.43927,0.776849,9526173691
5758250,9339.21,1.4441,0.778461,9526173699
5758251,9339.22,1.43282,0.776849,9526173700
5758252,9339.22,1.39414,0.776849,9526173701
5758253,9339.22,1.42718,0.778461,9526173702
5758254,9339.22,1.4304,0.776849,9526173703
5758255,9339.22,1.39736,0.778461,9526173704
5758256,9339.22,1.41832,0.784908,9526173706
5758257,9339.22,1.40059,0.777655,9526173707
5758258,9339.22,1.42315,0.776849,9526173708
5758259,9339.22,1.42718,0.778461,9526173709
5758260,9339.22,1.26439,0.776849,9526190213
5758261,9339.23,1.35223,0.777655,9526190222
5758262,9339.23,1.39978,0.777655,9526190224
5758263,9339.23,1.32322,0.780073,9526190225
5758264,9339.23,1.34256,0.779267,9526190227
5758265,9339.23,1.35385,0.775238,9526190228
5758266,9339.23,1.31839,0.776849,9526190229
5758267,9339.23,1.41832,0.776849,9526190230
5758268,9339.23,1.40703,0.777655,9526190232
5758269,9339.23,1.34659,0.779267,9526190233
5758270,9339.23,1.42154,0.759926,9526190234
5758271,9339.24,1.34095,0.767179,9526190235
5758272,9339.24,1.30227,0.785714,9526190236
5758273,9339.24,1.44249,0.777655,9526190237
5758274,9339.24,1.3482,0.778461,9526190238
5758275,9339.24,1.36674,0.792161,9526190239
5758276,9339.24,1.31678,0.776849,9526190240
5758277,9339.24,1.26359,0.776849,9526206944
5758278,9339.24,1.3748,0.778461,9526206953
5758279,9339.24,1.34256,0.778461,9526206956
5758280,9339.24,1.29824,0.78249,9526206957
5758281,9339.25,1.41832,0.775238,9526206958
5758282,9339.25,1.34256,0.780073,9526206959
5758283,9339.25,1.35385,0.778461,9526206961
5758284,9339.25,1.43604,0.776849,9526206962
5758285,9339.25,1.3474,0.767179,9526206963
5758286,9339.25,1.403,0.778461,9526206965
5758287,9339.25,1.41832,0.776849,9526206966
5758288,9339.25,1.39333,0.777655,9526206967
5758289,9339.25,1.41832,0.792967,9526206968
5758290,9339.25,1.42073,0.779267,9526206969
5758291,9339.25,1.39897,0.788937,9526206970
5758292,9339.26,1.43121,0.777655,9526206971
5758293,9339.26,1.35868,0.78652,9526206976
5758294,9339.26,1.36835,0.777655,9526223591
5758295,9339.26,1.39253,0.776849,9526223601
5758296,9339.26,1.43121,0.783296,9526223603
5758297,9339.26,1.36835,0.778461,9526223604
5758298,9339.26,1.36674,0.79619,9526223606
5758299,9339.26,1.37157,0.776849,9526223607
5758300,9339.26,1.38608,0.784102,9526223608
5758301,9339.26,1.34176,0.778461,9526223609
5758302,9339.27,1.33289,0.780073,9526223610
5758303,9339.27,1.42234,0.778461,9526223612
5758304,9339.27,1.32161,0.776043,9526223613
5758305,9339.27,1.37802,0.777655,9526223614
5758306,9339.27,1.42315,0.773626,9526223615
5758307,9339.27,1.3208,0.776849,9526223617
5758308,9339.27,1.43927,0.777655,9526223618
5758309,9339.27,1.40703,0.780073,9526223619
5758310,9339.27,1.25069,0.788937,9526240281
5758311,9339.27,1.39897,0.776849,9526240290
5758312,9339.28,1.34256,0.777655,9526240292
5758313,9339.28,1.35223,0.779267,9526240293
5758314,9339.28,1.43121,0.776849,9526240294
5758315,9339.28,1.31678,0.780073,9526240296
5758316,9339.28,1.39253,0.773626,9526240297
5758317,9339.28,1.37963,0.778461,9526240298
5758318,9339.28,1.31516,0.776849,9526240299
5758319,9339.28,1.43121,0.776849,9526240300
5758320,9339.28,1.39253,0.784102,9526240301
5758321,9339.28,1.31516,0.779267,9526240302
5758322,9339.29,1.39253,0.776849,9526240303
5758323,9339.29,1.34095,0.775238,9526240305
5758324,9339.29,1.37802,0.778461,9526240306
5758325,9339.29,1.41026,0.778461,9526240307
5758326,9339.29,1.36916,0.781684,9526240308
5758327,9339.29,1.34659,0.780879,9526256987
5758328,9339.29,1.41187,0.780073,9526256999
5758329,9339.29,1.37883,0.781684,9526257009
5758330,9339.29,1.39253,0.778461,9526257010
5758331,9339.3,1.42396,0.780073,9526257011
5758332,9339.3,1.43282,0.777655,9526257013
5758333,9339.3,1.41993,0.780073,9526257014
5758334,9339.3,1.43282,0.776043,9526257015
5758335,9339.3,1.37238,0.779267,9526257016
5758336,9339.3,1.40059,0.785714,9526257017
5758337,9339.3,1.41026,0.778461,9526257019
5758338,9339.3,1.40381,0.781684,9526257020
5758339,9339.3,1.39253,0.780879,9526257021
5758340,9339.3,1.39817,0.780073,9526257022
5758341,9339.31,1.39414,0.780879,9526257023
5758342,9339.31,1.36835,0.777655,9526257025
5758343,9339.31,1.34095,0.778461,9526257026
5758344,9339.31,1.35626,0.774432,9526273560
5758345,9339.31,1.29099,0.792967,9526273570
5758346,9339.31,1.37157,0.784102,9526273572
5758347,9339.31,1.42315,0.776849,9526273573
5758348,9339.31,1.30227,0.776043,9526273575
5758349,9339.31,1.41026,0.759926,9526273608
5758350,9339.31,1.43201,0.783296,9526273610
5758351,9339.32,1.41993,0.779267,9526273611
5758352,9339.32,1.39495,0.780073,9526273613
5758353,9339.32,1.39253,0.777655,9526273614
5758354,9339.32,1.35223,0.777655,9526273615
5758355,9339.32,1.28938,0.773626,9526273616
5758356,9339.32,1.30388,0.778461,9526273617
5758357,9339.32,1.3748,0.767179,9526273618
5758358,9339.32,1.31678,0.778461,9526273619
5758359,9339.32,1.40059,0.776849,9526273621
5758360,9339.32,1.36755,0.788937,9526290411
5758361,9339.33,1.40703,0.792161,9526290421
5758362,9339.33,1.3748,0.776043,9526290423
5758363,9339.33,1.40703,0.784102,9526290425
5758364,9339.33,1.35949,0.767179,9526290426
5758365,9339.33,1.29099,0.780073,9526290427
5758366,9339.33,1.41026,0.777655,9526290428
5758367,9339.33,1.40542,0.778461,9526290430
5758368,9339.33,1.37319,0.780073,9526290431
5758369,9339.33,1.34256,0.777655,9526290432
5758370,9339.33,1.42476,0.765567,9526290433
5758371,9339.33,1.32403,0.780073,9526290435
5758372,9339.34,1.39736,0.776849,9526290436
5758373,9339.34,1.39736,0.763956,9526290437
5758374,9339.34,1.43121,0.780879,9526290438
5758375,9339.34,1.40462,0.78652,9526290439
5758376,9339.34,1.4304,0.759926,9526290440
5758377,9339.34,1.3482,0.785714,9526307068
5758378,9339.34,1.34095,0.778461,9526307077
5758379,9339.34,1.32806,0.785714,9526307080
5758380,9339.34,1.29905,0.78652,9526307081
5758381,9339.34,1.36755,0.778461,9526307083
5758382,9339.35,1.40462,0.775238,9526307084
5758383,9339.35,1.30308,0.767179,9526307085
5758384,9339.35,1.39414,0.79619,9526307086
5758385,9339.35,1.40381,0.778461,9526307087
5758386,9339.35,1.30388,0.776849,9526307088
5758387,9339.35,1.35304,0.777655,9526307090
5758388,9339.35,1.4022,0.780879,9526307091
5758389,9339.35,1.39414,0.776849,9526307092
5758390,9339.35,1.43927,0.776043,9526307093
5758391,9339.35,1.37157,0.777655,9526307095
5758392,9339.36,1.403,0.776849,9526307096
5758393,9339.36,1.39414,0.777655,9526307097
5758394,9339.36,1.26842,0.778461,9526323581
5758395,9339.36,1.43363,0.784908,9526323587
5758396,9339.36,1.37157,0.776849,9526323588
5758397,9339.36,1.25231,0.780879,9526323589
5758398,9339.36,1.41187,0.784102,9526323590
5758399,9339.36,1.39414,0.778461,9526323591
5758400,9339.36,1.37157,0.778461,9526323592
5758401,9339.36,1.28212,0.779267,9526323592
5758402,9339.37,1.36674,0.780879,9526323593
5758403,9339.37,1.37963,0.776849,9526323594
5758404,9339.37,1.29099,0.783296,9526323595
5758405,9339.37,1.35707,0.777655,9526323596
5758406,9339.37,1.40139,0.778461,9526323596
5758407,9339.37,1.30469,0.780073,9526323597
5758408,9339.37,1.39414,0.792967,9526323598
5758409,9339.37,1.40139,0.776849,9526323599
5758410,9339.37,1.29744,0.776849,9526340335
5758411,9339.38,1.38125,0.780879,9526340340
5758412,9339.38,1.38125,0.776849,9526340341
5758413,9339.38,1.41912,0.785714,9526340342
5758414,9339.38,1.40542,0.780879,9526340343
5758415,9339.38,1.34095,0.778461,9526340344
5758416,9339.38,1.45297,0.783296,9526340344
5758417,9339.38,1.32645,0.777655,9526340345
5758418,9339.38,1.2789,0.777655,9526340346
5758419,9339.38,1.41993,0.777655,9526340347
5758420,9339.38,1.37399,0.773626,9526340348
5758421,9339.39,1.40542,0.780879,9526340348
5758422,9339.39,1.32645,0.783296,9526340349
5758423,9339.39,1.35385,0.779267,9526340350
5758424,9339.39,1.34095,0.778461,9526340351
5758425,9339.39,1.3208,0.777655,9526340351
5758426,9339.39,1.40784,0.794578,9526340352
5758427,9339.39,1.3337,0.778461,9526357227
5758428,9339.39,1.30066,0.780879,9526357232
5758429,9339.39,1.39253,0.778461,9526357233
5758430,9339.39,1.37157,0.776849,9526357234
5758431,9339.4,1.34579,0.777655,9526357235
5758432,9339.4,1.32,0.776849,9526357236
5758433,9339.4,1.35385,0.778461,9526357237
5758434,9339.4,1.42315,0.776849,9526357238
5758435,9339.4,1.45619,0.777655,9526357239
5758436,9339.4,1.33048,0.780879,9526357239
5758437,9339.4,1.44249,0.773626,9526357240
5758438,9339.4,1.34095,0.773626,9526357241
5758439,9339.4,1.34095,0.78249,9526357242
5758440,9339.4,1.43604,0.792967,9526357243
5758441,9339.41,1.40139,0.791355,9526357244
5758442,9339.41,1.40139,0.776849,9526357244
5758443,9339.41,1.31516,0.764761,9526357245
5758444,9339.41,1.34095,0.778461,9526373889
5758445,9339.41,1.41993,0.777655,9526373894
5758446,9339.41,1.30549,0.776849,9526373895
5758447,9339.41,1.38447,0.764761,9526373896
5758448,9339.41,1.39736,0.784102,9526373897
5758449,9339.41,1.28938,0.785714,9526373897
5758450,9339.41,1.41993,0.780073,9526373898
5758451,9339.42,1.457,0.776849,9526373899
5758452,9339.42,1.40059,0.780073,9526373900
5758453,9339.42,1.35949,0.778461,9526373901
5758454,9339.42,1.39253,0.776849,9526373902
5758455,9339.42,1.40542,0.778461,9526373903
5758456,9339.42,1.42315,0.783296,9526373903
5758457,9339.42,1.29099,0.780879,9526373904
5758458,9339.42,1.44813,0.778461,9526373905
5758459,9339.42,1.32967,0.79619,9526373906
5758460,9339.42,1.31678,0.780073,9526390576
5758461,9339.42,1.39414,0.781684,9526390580
5758462,9339.43,1.40381,0.773626,9526390581
5758463,9339.43,1.42315,0.778461,9526390582
5758464,9339.43,1.35949,0.780879,9526390583
5758465,9339.43,1.36674,0.788937,9526390584
5758466,9339.43,1.42637,0.778461,9526390585
5758467,9339.43,1.32967,0.780879,9526390586
5758468,9339.43,1.41026,0.776849,9526390586
5758469,9339.43,1.41832,0.776849,9526390587
5758470,9339.43,1.29744,0.759926,9526390588
5758471,9339.43,1.40381,0.78652,9526390589
5758472,9339.44,1.42718,0.776849,9526390590
5758473,9339.44,1.37238,0.780073,9526390590
5758474,9339.44,1.37963,0.776849,9526390591
5758475,9339.44,1.40381,0.776849,9526390592
5758476,9339.44,1.41993,0.780073,9526390593
5758477,9339.44,1.34256,0.78652,9526407297
5758478,9339.44,1.30147,0.785714,9526407302
5758479,9339.44,1.39495,0.777655,9526407303
5758480,9339.44,1.26359,0.788937,9526407304
5758481,9339.44,1.37319,0.775238,9526407305
5758482,9339.45,1.38125,0.776849,9526407305
5758483,9339.45,1.41832,0.776849,9526407306
5758484,9339.45,1.3748,0.780073,9526407307
5758485,9339.45,1.35868,0.776849,9526407308
5758486,9339.45,1.39736,0.778461,9526407309
5758487,9339.45,1.45377,0.778461,9526407309
5758488,9339.45,1.3208,0.776849,9526407310
5758489,9339.45,1.38447,0.78652,9526407311
5758490,9339.45,1.38205,0.780073,9526407312
5758491,9339.45,1.32322,0.78249,9526407313
5758492,9339.46,1.42476,0.776849,9526407313
5758493,9339.46,1.43363,0.778461,9526407314
5758494,9339.46,1.31919,0.780879,9526423774
5758495,9339.46,1.35868,0.773626,9526423780
5758496,9339.46,1.41832,0.783296,9526423781
5758497,9339.46,1.39253,0.778461,9526423782
5758498,9339.46,1.42154,0.776849,9526423783
5758499,9339.46,1.2789,0.780073,9526423784
5758500,9339.46,1.41348,0.778461,9526423785
5758501,9339.47,1.26439,0.778461,9526423785
5758502,9339.47,1.39414,0.776849,9526423786
5758503,9339.47,1.39333,0.784102,9526423787
5758504,9339.47,1.38125,0.778461,9526423788
5758505,9339.47,1.39978,0.783296,9526423789
5758506,9339.47,1.34095,0.776849,9526423789
5758507,9339.47,1.39575,0.770402,9526423790
5758508,9339.47,1.42073,0.773626,9526423791
5758509,9339.47,1.30227,0.780073,9526423792
5758510,9339.47,1.36916,0.776849,9526440654
5758511,9339.48,1.37802,0.778461,9526440666
5758512,9339.48,1.25311,0.776043,9526440668
5758513,9339.48,1.39253,0.784102,9526440670
5758514,9339.48,1.34982,0.783296,9526440671
5758515,9339.48,1.38125,0.780073,9526440672
5758516,9339.48,1.39495,0.778461,9526440674
5758517,9339.48,1.41832,0.773626,9526440675
5758518,9339.48,1.41832,0.778461,9526440676
5758519,9339.48,1.39253,0.776849,9526440677
5758520,9339.48,1.32645,0.778461,9526440678
5758521,9339.49,1.45216,0.780879,9526440679
5758522,9339.49,1.29099,0.777655,9526440680
5758523,9339.49,1.37157,0.778461,9526440682
5758524,9339.49,1.37802,0.783296,9526440683
5758525,9339.49,1.43121,0.776849,9526440684
5758526,9339.49,1.41026,0.780879,9526440685
5758527,9339.49,1.32161,0.776849,9526457257
5758528,9339.49,1.37238,0.776849,9526457266
5758529,9339.49,1.39253,0.778461,9526457269
5758530,9339.49,1.32,0.776849,9526457270
5758531,9339.5,1.37883,0.779267,9526457271
5758532,9339.5,1.36755,0.783296,9526457273
5758533,9339.5,1.34095,0.776849,9526457274
5758534,9339.5,1.41993,0.783296,9526457275
5758535,9339.5,1.42154,0.788131,9526457276
5758536,9339.5,1.37157,0.776043,9526457306
5758537,9339.5,1.39414,0.776849,9526457308
5758538,9339.5,1.39817,0.776849,9526457310
5758539,9339.5,1.41993,0.776849,9526457311
5758540,9339.5,1.34095,0.780073,9526457312
5758541,9339.5,1.31597,0.777655,9526457313
5758542,9339.51,1.43927,0.780879,9526457314
5758543,9339.51,1.26842,0.776849,9526457316
5758544,9339.51,1.33289,0.776849,9526474120
5758545,9339.51,1.35546,0.79619,9526474125
5758546,9339.51,1.41832,0.780073,9526474127
5758547,9339.51,1.3756,0.776849,9526474128
5758548,9339.51,1.36674,0.776849,9526474129
5758549,9339.51,1.44571,0.780073,9526474129
5758550,9339.51,1.4441,0.780073,9526474130
5758551,9339.51,1.34095,0.780879,9526474131
5758552,9339.52,1.39253,0.780073,9526474132
5758553,9339.52,1.39253,0.778461,9526474133
5758554,9339.52,1.3474,0.781684,9526474134
5758555,9339.52,1.37802,0.778461,9526474135
5758556,9339.52,1.42315,0.785714,9526474135
5758557,9339.52,1.3482,0.777655,9526474136
5758558,9339.52,1.36916,0.778461,9526474137
5758559,9339.52,1.41832,0.780879,9526474138
5758560,9339.52,1.36674,0.773626,9526474139
5758561,9339.52,1.2652,0.783296,9526490702
5758562,9339.53,1.29502,0.778461,9526490708
5758563,9339.53,1.44007,0.780879,9526490709
5758564,9339.53,1.27165,0.767179,9526490710
5758565,9339.53,1.41832,0.770402,9526490711
5758566,9339.53,1.40381,0.778461,9526490712
5758567,9339.53,1.41993,0.776849,9526490713
5758568,9339.53,1.43604,0.778461,9526490713
5758569,9339.53,1.38447,0.777655,9526490714
5758570,9339.53,1.41993,0.776849,9526490715
5758571,9339.53,1.39253,0.778461,9526490716
5758572,9339.54,1.32806,0.780073,9526490717
5758573,9339.54,1.41912,0.777655,9526490717
5758574,9339.54,1.39736,0.780879,9526490718
5758575,9339.54,1.34337,0.773626,9526490719
5758576,9339.54,1.39817,0.778461,9526490720
5758577,9339.54,1.34579,0.784102,9526507394
5758578,9339.54,1.3208,0.780073,9526507400
5758579,9339.54,1.35385,0.780879,9526507401
5758580,9339.54,1.37319,0.776849,9526507402
5758581,9339.55,1.39253,0.770402,9526507403
5758582,9339.55,1.29824,0.78249,9526507404
5758583,9339.55,1.31516,0.773626,9526507405
5758584,9339.55,1.41912,0.778461,9526507406
5758585,9339.55,1.26842,0.776849,9526507407
5758586,9339.55,1.4296,0.792967,9526507407
5758587,9339.55,1.41832,0.780879,9526507408
5758588,9339.55,1.42154,0.785714,9526507409
5758589,9339.55,1.39736,0.777655,9526507410
5758590,9339.55,1.32645,0.780073,9526507411
5758591,9339.56,1.3748,0.776849,9526507411
5758592,9339.56,1.38125,0.778461,9526507412
5758593,9339.56,1.32725,0.783296,9526507413
5758594,9339.56,1.3208,0.773626,9526523896
5758595,9339.56,1.39414,0.776849,9526523901
5758596,9339.56,1.31678,0.778461,9526523903
5758597,9339.56,1.34901,0.778461,9526523904
5758598,9339.56,1.42476,0.791355,9526523905
5758599,9339.56,1.35062,0.776849,9526523905
5758600,9339.56,1.32322,0.767179,9526523906
5758601,9339.57,1.34901,0.783296,9526523907
5758602,9339.57,1.39817,0.780073,9526523908
5758603,9339.57,1.30711,0.780073,9526523909
5758604,9339.57,1.34256,0.776849,9526523910
5758605,9339.57,1.41832,0.792967,9526523910
5758606,9339.57,1.31516,0.780879,9526523911
5758607,9339.57,1.44249,0.780073,9526523912
5758608,9339.57,1.35546,0.780879,9526523913
5758609,9339.57,1.35223,0.783296,9526523914
5758610,9339.57,1.37238,0.778461,9526540456
5758611,9339.58,1.34095,0.787326,9526540461
5758612,9339.58,1.42315,0.764761,9526540462
5758613,9339.58,1.38447,0.776849,9526540463
5758614,9339.58,1.34095,0.777655,9526540464
5758615,9339.58,1.40059,0.780879,9526540465
5758616,9339.58,1.41993,0.780879,9526540466
5758617,9339.58,1.32806,0.777655,9526540466
5758618,9339.58,1.43121,0.79619,9526540467
5758619,9339.58,1.42315,0.778461,9526540468
5758620,9339.58,1.38527,0.783296,9526540469
5758621,9339.58,1.38125,0.780073,9526540470
5758622,9339.59,1.40864,0.785714,9526540471
5758623,9339.59,1.39253,0.777655,9526540472
5758624,9339.59,1.27165,0.780879,9526540473
5758625,9339.59,1.3756,0.780879,9526540473
5758626,9339.59,1.4433,0.767985,9526540474
5758627,9339.59,1.24425,0.780879,9526557120
5758628,9339.59,1.4715,0.778461,9526557125
5758629,9339.59,1.43121,0.777655,9526557126
5758630,9339.59,1.39253,0.779267,9526557127
5758631,9339.59,1.43685,0.770402,9526557128
5758632,9339.6,1.34417,0.778461,9526557129
5758633,9339.6,1.41832,0.78652,9526557130
5758634,9339.6,1.35868,0.776849,9526557131
5758635,9339.6,1.34982,0.776849,9526557131
5758636,9339.6,1.43121,0.794578,9526557132
5758637,9339.6,1.39575,0.777655,9526557133
5758638,9339.6,1.30388,0.780073,9526557134
5758639,9339.6,1.37883,0.788937,9526557135
5758640,9339.6,1.39978,0.777655,9526557136
5758641,9339.6,1.37883,0.776849,9526557137
5758642,9339.61,1.39253,0.784102,9526557138
5758643,9339.61,1.37399,0.777655,9526557138
5758644,9339.61,1.34579,0.765567,9526573895
5758645,9339.61,1.28938,0.776849,9526573900
5758646,9339.61,1.39253,0.780073,9526573901
5758647,9339.61,1.40703,0.780879,9526573903
5758648,9339.61,1.34095,0.780879,9526573904
5758649,9339.61,1.44249,0.778461,9526573904
5758650,9339.61,1.41832,0.764761,9526573905
5758651,9339.61,1.41832,0.78652,9526573906
5758652,9339.62,1.43765,0.777655,9526573907
5758653,9339.62,1.34095,0.779267,9526573908
5758654,9339.62,1.42476,0.778461,9526573908
5758655,9339.62,1.32,0.775238,9526573909
5758656,9339.62,1.35868,0.792967,9526573910
5758657,9339.62,1.41993,0.788937,9526573911
5758658,9339.62,1.37883,0.776849,9526573912
5758659,9339.62,1.31758,0.784102,9526573913
5758660,9339.62,1.36755,0.773626,9526573913
5758661,9339.62,1.36674,0.778461,9526590515
5758662,9339.63,1.39253,0.780879,9526590520
5758663,9339.63,1.3474,0.777655,9526590522
5758664,9339.63,1.3474,0.778461,9526590522
5758665,9339.63,1.39736,0.776849,9526590523
5758666,9339.63,1.32645,0.780879,9526590524
5758667,9339.63,1.41832,0.776849,9526590525
5758668,9339.63,1.41832,0.792967,9526590526
5758669,9339.63,1.34095,0.775238,9526590527
5758670,9339.63,1.41832,0.773626,9526590527
5758671,9339.64,1.39736,0.778461,9526590528
5758672,9339.64,1.39253,0.779267,9526590529
5758673,9339.64,1.40462,0.784102,9526590530
5758674,9339.64,1.36674,0.781684,9526590531
5758675,9339.64,1.41106,0.763956,9526590532
5758676,9339.64,1.3474,0.773626,9526590532
5758677,9339.64,1.30066,0.780073,9526607166
5758678,9339.64,1.41832,0.759926,9526607171
5758679,9339.64,1.34256,0.767179,9526607172
5758680,9339.64,1.30711,0.785714,9526607173
5758681,9339.65,1.39253,0.778461,9526607174
5758682,9339.65,1.39736,0.777655,9526607175
5758683,9339.65,1.36835,0.776849,9526607176
5758684,9339.65,1.32967,0.777655,9526607177
5758685,9339.65,1.39575,0.776849,9526607178
5758686,9339.65,1.42476,0.780879,9526607179
5758687,9339.65,1.31516,0.778461,9526607180
5758688,9339.65,1.45055,0.778461,9526607180
5758689,9339.65,1.39172,0.780879,9526607181
5758690,9339.65,1.30066,0.777655,9526607182
5758691,9339.66,1.41832,0.780073,9526607183
5758692,9339.66,1.43282,0.778461,9526607183
5758693,9339.66,1.39736,0.778461,9526607184
5758694,9339.66,1.3748,0.792967,9526623926
5758695,9339.66,1.34095,0.777655,9526623931
5758696,9339.66,1.39495,0.777655,9526623933
5758697,9339.66,1.28938,0.776849,9526623933
5758698,9339.66,1.36835,0.773626,9526623934
5758699,9339.66,1.45619,0.776849,9526623935
5758700,9339.66,1.3748,0.778461,9526623936
5758701,9339.67,1.29502,0.773626,9526623937
5758702,9339.67,1.42396,0.776849,9526623938
5758703,9339.67,1.40139,0.781684,9526623938
5758704,9339.67,1.42718,0.776849,9526623939
5758705,9339.67,1.32967,0.777655,9526623940
5758706,9339.67,1.39253,0.784908,9526623941
5758707,9339.67,1.403,0.767179,9526623942
5758708,9339.67,1.32645,0.778461,9526623943
5758709,9339.67,1.43604,0.776849,9526623944
5758710,9339.67,1.34579,0.776849,9526623944
5758711,9339.67,1.23377,0.776849,9526640516
5758712,9339.68,1.42798,0.773626,9526640521
5758713,9339.68,1.42476,0.778461,9526640522
5758714,9339.68,1.36996,0.778461,9526640523
5758715,9339.68,1.35223,0.779267,9526640524
5758716,9339.68,1.36835,0.778461,9526640525
5758717,9339.68,1.37883,0.777655,9526640525
5758718,9339.68,1.35546,0.778461,9526640526
5758719,9339.68,1.36835,0.78652,9526640527
5758720,9339.68,1.43443,0.780073,9526640528
5758721,9339.68,1.34256,0.780879,9526640529
5758722,9339.69,1.30388,0.780073,9526640530
5758723,9339.69,1.39736,0.777655,9526640530
5758724,9339.69,1.37077,0.776849,9526640556
5758725,9339.69,1.42476,0.78249,9526640557
5758726,9339.69,1.34901,0.780879,9526640558
5758727,9339.69,1.32322,0.776849,9526657232
5758728,9339.69,1.34579,0.777655,9526657239
5758729,9339.69,1.24264,0.777655,9526657240
5758730,9339.69,1.37963,0.773626,9526657241
5758731,9339.69,1.41026,0.776849,9526657242
5758732,9339.7,1.31678,0.778461,9526657243
5758733,9339.7,1.40703,0.777655,9526657243
5758734,9339.7,1.43363,0.780073,9526657244
5758735,9339.7,1.39575,0.775238,9526657245
5758736,9339.7,1.37722,0.780073,9526657246
5758737,9339.7,1.39575,0.776849,9526657247
5758738,9339.7,1.44249,0.777655,9526657248
5758739,9339.7,1.39253,0.777655,9526657249
5758740,9339.7,1.40784,0.778461,9526657249
5758741,9339.7,1.39736,0.778461,9526657250
5758742,9339.71,1.32322,0.777655,9526657251
5758743,9339.71,1.30711,0.785714,9526657252
5758744,9339.71,1.30711,0.784102,9526673865
5758745,9339.71,1.36674,0.777655,9526673873
5758746,9339.71,1.43121,0.785714,9526673874
5758747,9339.71,1.32725,0.780073,9526673875
5758748,9339.71,1.40542,0.767985,9526673876
5758749,9339.71,1.43121,0.78249,9526673877
5758750,9339.71,1.32,0.773626,9526673878
5758751,9339.72,1.42315,0.777655,9526673879
5758752,9339.72,1.37963,0.773626,9526673880
5758753,9339.72,1.31516,0.776849,9526673881
5758754,9339.72,1.43363,0.781684,9526673882
5758755,9339.72,1.42154,0.777655,9526673882
5758756,9339.72,1.42073,0.778461,9526673883
5758757,9339.72,1.31678,0.780879,9526673884
5758758,9339.72,1.32967,0.777655,9526673885
5758759,9339.72,1.42073,0.777655,9526673885
5758760,9339.72,1.30388,0.777655,9526690489
5758761,9339.73,1.34659,0.785714,9526690493
5758762,9339.73,1.39495,0.778461,9526690494
5758763,9339.73,1.27568,0.778461,9526690495
5758764,9339.73,1.29099,0.779267,9526690496
5758765,9339.73,1.39736,0.776849,9526690497
5758766,9339.73,1.39897,0.777655,9526690497
5758767,9339.73,1.43604,0.783296,9526690498
5758768,9339.73,1.39333,0.775238,9526690499
5758769,9339.73,1.42315,0.778461,9526690500
5758770,9339.73,1.40542,0.779267,9526690501
5758771,9339.74,1.33612,0.777655,9526690502
5758772,9339.74,1.42073,0.779267,9526690502
5758773,9339.74,1.36674,0.780073,9526690503
5758774,9339.74,1.27487,0.777655,9526690504
5758775,9339.74,1.39253,0.776849,9526690505
5758776,9339.74,1.4296,0.781684,9526690505
5758777,9339.74,1.31758,0.777655,9526707339
5758778,9339.74,1.2926,0.777655,9526707345
5758779,9339.74,1.37963,0.777655,9526707346
5758780,9339.74,1.41187,0.792967,9526707347
5758781,9339.75,1.35385,0.776849,9526707348
5758782,9339.75,1.35385,0.784102,9526707349
5758783,9339.75,1.34256,0.777655,9526707350
5758784,9339.75,1.23216,0.778461,9526707351
5758785,9339.75,1.35304,0.773626,9526707351
5758786,9339.75,1.42476,0.777655,9526707352
5758787,9339.75,1.39414,0.776849,9526707353
5758788,9339.75,1.43604,0.778461,9526707354
5758789,9339.75,1.39978,0.78652,9526707355
5758790,9339.75,1.43927,0.780073,9526707356
5758791,9339.75,1.40462,0.785714,9526707357
5758792,9339.76,1.30147,0.778461,9526707358
5758793,9339.76,1.457,0.778461,9526707359
5758794,9339.76,1.27245,0.79619,9526723974
5758795,9339.76,1.27245,0.777655,9526723980
5758796,9339.76,1.39736,0.778461,9526723981
5758797,9339.76,1.39253,0.792967,9526723982
5758798,9339.76,1.41832,0.777655,9526723983
5758799,9339.76,1.34901,0.778461,9526723983
5758800,9339.76,1.40542,0.767179,9526723984
5758801,9339.76,1.32725,0.779267,9526723985
5758802,9339.77,1.28938,0.792967,9526723986
5758803,9339.77,1.39253,0.780879,9526723987
5758804,9339.77,1.35223,0.773626,9526723987
5758805,9339.77,1.30711,0.780879,9526723988
5758806,9339.77,1.38447,0.780879,9526723989
5758807,9339.77,1.46989,0.777655,9526723990
5758808,9339.77,1.41912,0.777655,9526723991
5758809,9339.77,1.41832,0.777655,9526723991
5758810,9339.77,1.36835,0.776849,9526723992
5758811,9339.77,1.3619,0.792967,9526740484
5758812,9339.78,1.39253,0.775238,9526740489
5758813,9339.78,1.32,0.780879,9526740490
5758814,9339.78,1.44571,0.780879,9526740491
5758815,9339.78,1.34095,0.780073,9526740492
5758816,9339.78,1.34176,0.780073,9526740493
5758817,9339.78,1.42154,0.777655,9526740494
5758818,9339.78,1.41026,0.780879,9526740495
5758819,9339.78,1.40784,0.777655,9526740496
5758820,9339.78,1.32242,0.780879,9526740496
5758821,9339.78,1.40542,0.777655,9526740497
5758822,9339.79,1.37157,0.780879,9526740498
5758823,9339.79,1.34579,0.776849,9526740499
5758824,9339.79,1.36674,0.776849,9526740499
5758825,9339.79,1.4022,0.776849,9526740500
5758826,9339.79,1.30066,0.780879,9526740501
5758827,9339.79,1.34982,0.776849,9526757345
5758828,9339.79,1.3619,0.763956,9526757350
5758829,9339.79,1.39253,0.767179,9526757352
5758830,9339.79,1.37963,0.778461,9526757352
5758831,9339.8,1.42396,0.780879,9526757353
5758832,9339.8,1.39414,0.778461,9526757354
5758833,9339.8,1.39897,0.778461,9526757355
5758834,9339.8,1.30791,0.776043,9526757356
5758835,9339.8,1.42315,0.780879,9526757357
5758836,9339.8,1.34095,0.778461,9526757358
5758837,9339.8,1.34256,0.78652,9526757359
5758838,9339.8,1.4441,0.777655,9526757360
5758839,9339.8,1.41832,0.780073,9526757360
5758840,9339.8,1.36674,0.780073,9526757361
5758841,9339.81,1.34095,0.79619,9526757362
5758842,9339.81,1.39253,0.773626,9526757363
5758843,9339.81,1.37722,0.773626,9526757363
5758844,9339.81,1.24264,0.781684,9526773855
5758845,9339.81,1.35868,0.776849,9526773860
5758846,9339.81,1.36835,0.778461,9526773861
5758847,9339.81,1.24102,0.780879,9526773861
5758848,9339.81,1.44249,0.783296,9526773863
5758849,9339.81,1.44249,0.777655,9526773863
5758850,9339.81,1.42476,0.765567,9526773864
5758851,9339.82,1.39495,0.773626,9526773865
5758852,9339.82,1.39253,0.767179,9526773866
5758853,9339.82,1.39253,0.767179,9526773867
5758854,9339.82,1.39253,0.777655,9526773867
5758855,9339.82,1.29018,0.775238,9526773868
5758856,9339.82,1.45055,0.767179,9526773869
5758857,9339.82,1.34095,0.776849,9526773870
5758858,9339.82,1.35223,0.777655,9526773870
5758859,9339.82,1.41026,0.777655,9526773871
5758860,9339.82,1.3756,0.781684,9526790704
5758861,9339.83,1.35223,0.773626,9526790708
5758862,9339.83,1.31516,0.773626,9526790709
5758863,9339.83,1.39817,0.780073,9526790710
5758864,9339.83,1.41832,0.777655,9526790710
5758865,9339.83,1.32725,0.778461,9526790711
5758866,9339.83,1.39575,0.778461,9526790712
5758867,9339.83,1.41832,0.780073,9526790713
5758868,9339.83,1.32806,0.79619,9526790714
5758869,9339.83,1.42637,0.777655,9526790715
5758870,9339.83,1.43282,0.779267,9526790715
5758871,9339.83,1.40059,0.778461,9526790716
5758872,9339.84,1.41832,0.778461,9526790717
5758873,9339.84,1.39253,0.776849,9526790718
5758874,9339.84,1.42476,0.780879,9526790719
5758875,9339.84,1.39414,0.778461,9526790720
5758876,9339.84,1.30469,0.780073,9526790720
5758877,9339.84,1.39253,0.778461,9526807372
5758878,9339.84,1.25714,0.783296,9526807377
5758879,9339.84,1.39253,0.780073,9526807378
5758880,9339.84,1.39253,0.780879,9526807379
5758881,9339.84,1.40059,0.778461,9526807380
5758882,9339.85,1.36674,0.780879,9526807381
5758883,9339.85,1.29502,0.792967,9526807382
5758884,9339.85,1.41832,0.779267,9526807383
5758885,9339.85,1.4441,0.776849,9526807383
5758886,9339.85,1.31678,0.778461,9526807389
5758887,9339.85,1.39253,0.778461,9526807390
5758888,9339.85,1.39736,0.785714,9526807390
5758889,9339.85,1.32645,0.777655,9526807391
5758890,9339.85,1.4715,0.778461,9526807392
5758891,9339.85,1.42637,0.783296,9526807393
5758892,9339.86,1.3748,0.776849,9526807393
5758893,9339.86,1.4022,0.780879,9526807394
5758894,9339.86,1.30388,0.780879,9526824097
5758895,9339.86,1.42073,0.778461,9526824102
5758896,9339.86,1.36674,0.780073,9526824104
5758897,9339.86,1.27487,0.778461,9526824105
5758898,9339.86,1.41832,0.778461,9526824106
5758899,9339.86,1.30066,0.777655,9526824106
5758900,9339.86,1.39253,0.783296,9526824107
5758901,9339.86,1.39253,0.781684,9526824108
5758902,9339.87,1.39253,0.773626,9526824109
5758903,9339.87,1.36674,0.778461,9526824110
5758904,9339.87,1.30469,0.763956,9526824110
5758905,9339.87,1.38527,0.777655,9526824111
5758906,9339.87,1.41993,0.776849,9526824112
5758907,9339.87,1.30147,0.780879,9526824113
5758908,9339.87,1.39253,0.776043,9526824114
5758909,9339.87,1.41993,0.780073,9526824114
5758910,9339.87,1.31597,0.777655,9526824115
5758911,9339.88,1.40542,0.777655,9526840724
5758912,9339.88,1.43846,0.776849,9526840729
5758913,9339.88,1.39414,0.776849,9526840730
5758914,9339.88,1.3756,0.776849,9526840731
5758915,9339.88,1.39333,0.780879,9526840732
5758916,9339.88,1.39656,0.784908,9526840733
5758917,9339.88,1.35546,0.78652,9526840734
5758918,9339.88,1.32806,0.785714,9526840735
5758919,9339.88,1.38769,0.792967,9526840735
5758920,9339.88,1.26923,0.776849,9526840736
5758921,9339.89,1.39736,0.778461,9526840737
5758922,9339.89,1.37077,0.770402,9526840738
5758923,9339.89,1.37802,0.777655,9526840739
5758924,9339.89,1.36835,0.776849,9526840739
5758925,9339.89,1.32322,0.776043,9526840740
5758926,9339.89,1.40703,0.781684,9526840741
5758927,9339.89,1.35143,0.773626,9526857555
5758928,9339.89,1.29179,0.785714,9526857561
5758929,9339.89,1.39736,0.780073,9526857562
5758930,9339.89,1.4296,0.780879,9526857563
5758931,9339.9,1.32806,0.777655,9526857564
5758932,9339.9,1.37883,0.78652,9526857565
5758933,9339.9,1.4441,0.777655,9526857565
5758934,9339.9,1.38286,0.780879,9526857566
5758935,9339.9,1.39736,0.78652,9526857567
5758936,9339.9,1.40542,0.778461,9526857568
5758937,9339.9,1.41993,0.778461,9526857569
5758938,9339.9,1.34417,0.784102,9526857570
5758939,9339.9,1.28857,0.778461,9526857571
5758940,9339.9,1.43604,0.778461,9526857572
5758941,9339.91,1.32161,0.778461,9526857572
5758942,9339.91,1.36029,0.776849,9526857573
5758943,9339.91,1.39253,0.777655,9526857574
5758944,9339.91,1.30791,0.780073,9526874151
5758945,9339.91,1.36835,0.780073,9526874157
5758946,9339.91,1.28938,0.780073,9526874158
5758947,9339.91,1.38447,0.776849,9526874159
5758948,9339.91,1.41751,0.785714,9526874160
5758949,9339.91,1.31678,0.780879,9526874160
5758950,9339.91,1.40381,0.784102,9526874161
5758951,9339.92,1.42154,0.778461,9526874162
5758952,9339.92,1.31516,0.779267,9526874163
5758953,9339.92,1.41832,0.776849,9526874164
5758954,9339.92,1.43443,0.776849,9526874165
5758955,9339.92,1.3748,0.785714,9526874165
5758956,9339.92,1.39172,0.779267,9526874166
5758957,9339.92,1.38769,0.777655,9526874167
5758958,9339.92,1.40059,0.778461,9526874168
5758959,9339.92,1.28212,0.79619,9526874169
5758960,9339.92,1.31516,0.776849,9526874170
5758961,9339.92,1.35949,0.776043,9526890784
5758962,9339.93,1.2789,0.779267,9526890789
5758963,9339.93,1.40139,0.776849,9526890791
5758964,9339.93,1.37802,0.776849,9526890792
5758965,9339.93,1.41832,0.777655,9526890792
5758966,9339.93,1.40703,0.778461,9526890793
5758967,9339.93,1.34982,0.776849,9526890794
5758968,9339.93,1.4296,0.777655,9526890795
5758969,9339.93,1.41993,0.778461,9526890796
5758970,9339.93,1.32403,0.778461,9526890797
5758971,9339.93,1.40462,0.767179,9526890797
5758972,9339.94,1.41832,0.778461,9526890798
5758973,9339.94,1.30872,0.776849,9526890799
5758974,9339.94,1.4441,0.792967,9526890800
5758975,9339.94,1.40059,0.776849,9526890801
5758976,9339.94,1.39897,0.777655,9526890801
5758977,9339.94,1.34095,0.77282,9526907424
5758978,9339.94,1.28938,0.776849,9526907430
5758979,9339.94,1.39253,0.776849,9526907431
5758980,9339.94,1.32322,0.778461,9526907432
5758981,9339.94,1.39253,0.779267,9526907433
5758982,9339.95,1.41993,0.777655,9526907433
5758983,9339.95,1.32725,0.780879,9526907434
5758984,9339.95,1.34901,0.785714,9526907435
5758985,9339.95,1.3482,0.776849,9526907436
5758986,9339.95,1.39253,0.777655,9526907437
5758987,9339.95,1.41993,0.776849,9526907438
5758988,9339.95,1.36674,0.776849,9526907438
5758989,9339.95,1.42234,0.776849,9526907439
5758990,9339.95,1.39253,0.776849,9526907440
5758991,9339.95,1.34176,0.777655,9526907440
5758992,9339.96,1.42315,0.778461,9526907441
5758993,9339.96,1.42315,0.776849,9526907442
5758994,9339.96,1.20154,0.776849,9526924164
5758995,9339.96,1.4304,0.776849,9526924170
5758996,9339.96,1.30227,0.767179,9526924171
5758997,9339.96,1.36996,0.780073,9526924172
5758998,9339.96,1.37963,0.776849,9526924173
5758999,9339.96,1.37319,0.781684,9526924174
5759000,9339.96,1.43282,0.784102,9526924175
5759001,9339.97,1.41026,0.776849,9526924175
5759002,9339.97,1.39736,0.773626,9526924176
5759003,9339.97,1.34256,0.776849,9526924177
5759004,9339.97,1.34901,0.776849,9526924178
5759005,9339.97,1.41993,0.773626,9526924179
5759006,9339.97,1.29099,0.777655,9526924179
5759007,9339.97,1.39495,0.763956,9526924180
5759008,9339.97,1.40703,0.78652,9526924181
5759009,9339.97,1.37963,0.775238,9526924182
5759010,9339.97,1.41106,0.775238,9526924183
5759011,9339.98,1.34417,0.778461,9526940832
5759012,9339.98,1.43685,0.777655,9526940837
5759013,9339.98,1.31033,0.776849,9526940838
5759014,9339.98,1.36593,0.778461,9526940839
5759015,9339.98,1.41832,0.767179,9526940840
5759016,9339.98,1.34095,0.776849,9526940841
5759017,9339.98,1.43121,0.777655,9526940843
5759018,9339.98,1.39817,0.779267,9526940844
5759019,9339.98,1.39253,0.780879,9526940845
5759020,9339.98,1.35304,0.778461,9526940846
5759021,9339.99,1.41832,0.776849,9526940847
5759022,9339.99,1.37802,0.776849,9526940847
5759023,9339.99,1.2652,0.777655,9526940848
5759024,9339.99,1.39736,0.776849,9526940849
5759025,9339.99,1.3756,0.779267,9526940850
5759026,9339.99,1.35546,0.778461,9526940850
5759027,9339.99,1.36674,0.776849,9526957481
5759028,9339.99,1.36674,0.778461,9526957486
5759029,9339.99,1.4296,0.777655,9526957487
5759030,9339.99,1.41993,0.783296,9526957488
5759031,9340,1.39978,0.778461,9526957489
5759032,9340,1.40381,0.775238,9526957490
5759033,9340,1.32967,0.776849,9526957491
5759034,9340,1.43282,0.778461,9526957492
5759035,9340,1.31678,0.776849,9526957493
5759036,9340,1.41993,0.777655,9526957493
5759037,9340,1.40462,0.778461,9526957496
5759038,9340,1.32483,0.78249,9526957497
5759039,9340,1.40784,0.785714,9526957497
5759040,9340,1.39736,0.778461,9526957498
5759041,9340,1.39414,0.773626,9526957499
5759042,9340.01,1.29421,0.784102,9526957500
5759043,9340.01,1.36916,0.780073,9526957501
5759044,9340.01,1.32806,0.773626,9526974227
5759045,9340.01,1.29824,0.780073,9526974232
5759046,9340.01,1.39253,0.777655,9526974233
5759047,9340.01,1.39736,0.780073,9526974234
5759048,9340.01,1.35949,0.776849,9526974235
5759049,9340.01,1.41993,0.776849,9526974236
5759050,9340.01,1.44652,0.792967,9526974237
5759051,9340.01,1.41832,0.773626,9526974238
5759052,9340.02,1.28938,0.780073,9526974238
5759053,9340.02,1.40542,0.780073,9526974239
5759054,9340.02,1.39253,0.776849,9526974240
5759055,9340.02,1.30711,0.777655,9526974241
5759056,9340.02,1.403,0.777655,9526974241
5759057,9340.02,1.40059,0.785714,9526974242
5759058,9340.02,1.39253,0.79619,9526974243
5759059,9340.02,1.36916,0.79619,9526974244
5759060,9340.02,1.403,0.785714,9526974245
5759061,9340.02,1.34095,0.794578,9526990755
5759062,9340.03,1.2789,0.777655,9526990760
5759063,9340.03,1.42315,0.776849,9526990761
5759064,9340.03,1.31597,0.792967,9526990762
5759065,9340.03,1.39253,0.773626,9526990763
5759066,9340.03,1.43604,0.776849,9526990764
5759067,9340.03,1.39736,0.777655,9526990765
5759068,9340.03,1.44571,0.777655,9526990766
5759069,9340.03,1.40542,0.778461,9526990766
5759070,9340.03,1.41832,0.775238,9526990767
5759071,9340.03,1.32725,0.775238,9526990768
5759072,9340.04,1.34579,0.777655,9526990769
5759073,9340.04,1.42396,0.778461,9526990769
5759074,9340.04,1.30388,0.789743,9526990770
5759075,9340.04,1.39414,0.778461,9526990771
5759076,9340.04,1.43282,0.778461,9526990772
5759077,9340.04,1.2789,0.776849,9527007483
5759078,9340.04,1.3748,0.776849,9527007488
5759079,9340.04,1.40059,0.78652,9527007490
5759080,9340.04,1.43604,0.765567,9527007491
5759081,9340.05,1.26359,0.78652,9527007492
5759082,9340.05,1.36674,0.779267,9527007492
5759083,9340.05,1.40462,0.767179,9527007493
5759084,9340.05,1.30711,0.780073,9527007494
5759085,9340.05,1.41832,0.779267,9527007495
5759086,9340.05,1.39495,0.778461,9527007496
5759087,9340.05,1.35062,0.775238,9527007497
5759088,9340.05,1.39253,0.780073,9527007498
5759089,9340.05,1.4304,0.777655,9527007499
5759090,9340.05,1.45216,0.776849,9527007499
5759091,9340.06,1.30549,0.780879,9527007500
5759092,9340.06,1.4296,0.780073,9527007501
5759093,9340.06,1.38286,0.780879,9527007502
5759094,9340.06,1.26359,0.778461,9527024164
5759095,9340.06,1.41993,0.776849,9527024170
5759096,9340.06,1.34256,0.777655,9527024171
5759097,9340.06,1.40542,0.778461,9527024172
5759098,9340.06,1.3748,0.780073,9527024173
5759099,9340.06,1.37157,0.778461,9527024193
5759100,9340.06,1.39253,0.778461,9527024193
5759101,9340.07,1.2652,0.773626,9527024194
5759102,9340.07,1.40381,0.780879,9527024195
5759103,9340.07,1.31516,0.777655,9527024196
5759104,9340.07,1.40381,0.78249,9527024197
5759105,9340.07,1.37157,0.780073,9527024198
5759106,9340.07,1.35304,0.777655,9527024199
5759107,9340.07,1.42637,0.763956,9527024199
5759108,9340.07,1.43282,0.776849,9527024200
5759109,9340.07,1.44249,0.775238,9527024201
5759110,9340.07,1.30147,0.785714,9527024202
5759111,9340.08,1.31678,0.777655,9527040892
5759112,9340.08,1.41832,0.776849,9527040897
5759113,9340.08,1.30147,0.778461,9527040898
5759114,9340.08,1.39253,0.784908,9527040900
5759115,9340.08,1.39253,0.776849,9527040901
5759116,9340.08,1.32806,0.777655,9527040902
5759117,9340.08,1.39736,0.78249,9527040903
5759118,9340.08,1.41832,0.776849,9527040904
5759119,9340.08,1.39333,0.780073,9527040904
5759120,9340.08,1.28132,0.776849,9527040905
5759121,9340.08,1.39253,0.783296,9527040906
5759122,9340.09,1.37883,0.788937,9527040907
5759123,9340.09,1.29824,0.77282,9527040907
5759124,9340.09,1.39253,0.788937,9527040908
5759125,9340.09,1.39897,0.776849,9527040909
5759126,9340.09,1.41026,0.783296,9527040910
5759127,9340.09,1.34579,0.777655,9527040911
5759128,9340.09,1.39736,0.780073,9527057538
5759129,9340.09,1.43604,0.784102,9527057544
5759130,9340.09,1.31516,0.780073,9527057545
5759131,9340.09,1.45619,0.777655,9527057546
5759132,9340.1,1.36674,0.778461,9527057547
5759133,9340.1,1.403,0.778461,9527057547
5759134,9340.1,1.41912,0.788131,9527057548
5759135,9340.1,1.36674,0.780073,9527057549
5759136,9340.1,1.4296,0.777655,9527057550
5759137,9340.1,1.40139,0.777655,9527057551
5759138,9340.1,1.40703,0.776849,9527057552
5759139,9340.1,1.3474,0.778461,9527057552
5759140,9340.1,1.34256,0.780879,9527057553
5759141,9340.1,1.41832,0.78249,9527057554
5759142,9340.11,1.28938,0.779267,9527057555
5759143,9340.11,1.41832,0.780879,9527057556
5759144,9340.11,1.30227,0.778461,9527074177
5759145,9340.11,1.31839,0.776849,9527074182
5759146,9340.11,1.35304,0.780073,9527074184
5759147,9340.11,1.39253,0.778461,9527074185
5759148,9340.11,1.45538,0.776849,9527074186
5759149,9340.11,1.35223,0.776849,9527074187
5759150,9340.11,1.39736,0.79619,9527074187
5759151,9340.11,1.44007,0.784102,9527074188
5759152,9340.12,1.34095,0.778461,9527074189
5759153,9340.12,1.42396,0.778461,9527074190
5759154,9340.12,1.4296,0.773626,9527074191
5759155,9340.12,1.39253,0.794578,9527074191
5759156,9340.12,1.35385,0.778461,9527074192
5759157,9340.12,1.39253,0.780073,9527074193
5759158,9340.12,1.42315,0.792967,9527074194
5759159,9340.12,1.28938,0.778461,9527074195
5759160,9340.12,1.40703,0.778461,9527074195
5759161,9340.12,1.29421,0.777655,9527090748
5759162,9340.13,1.33128,0.792967,9527090753
5759163,9340.13,1.40784,0.780879,9527090754
5759164,9340.13,1.34982,0.777655,9527090755
5759165,9340.13,1.41832,0.780879,9527090756
5759166,9340.13,1.38125,0.785714,9527090757
5759167,9340.13,1.42476,0.776849,9527090758
5759168,9340.13,1.41832,0.778461,9527090758
5759169,9340.13,1.32967,0.773626,9527090759
5759170,9340.13,1.45619,0.778461,9527090760
5759171,9340.14,1.33934,0.783296,9527090761
5759172,9340.14,1.40139,0.783296,9527090762
5759173,9340.14,1.40542,0.792967,9527090763
5759174,9340.14,1.36996,0.778461,9527090764
5759175,9340.14,1.40462,0.780879,9527090764
5759176,9340.14,1.42073,0.779267,9527090765
5759177,9340.14,1.3756,0.778461,9527107773
5759178,9340.14,1.26681,0.778461,9527107782
5759179,9340.14,1.29824,0.776849,9527107783
5759180,9340.14,1.31758,0.776849,9527107784
5759181,9340.15,1.24667,0.776849,9527107785
5759182,9340.15,1.34982,0.785714,9527107786
5759183,9340.15,1.37802,0.778461,9527107786
5759184,9340.15,1.36755,0.784908,9527107787
5759185,9340.15,1.31597,0.780073,9527107788
5759186,9340.15,1.36916,0.777655,9527107789
5759187,9340.15,1.43121,0.783296,9527107790
5759188,9340.15,1.31516,0.767179,9527107791
5759189,9340.15,1.40381,0.776849,9527107792
5759190,9340.15,1.39817,0.784908,9527107793
5759191,9340.16,1.32,0.778461,9527107794
5759192,9340.16,1.41832,0.776849,9527107795
5759193,9340.16,1.39253,0.776849,9527107795
5759194,9340.16,1.35385,0.776849,9527124223
5759195,9340.16,1.34176,0.780073,9527124231
5759196,9340.16,1.37157,0.788131,9527124232
5759197,9340.16,1.39414,0.780073,9527124233
5759198,9340.16,1.2241,0.780879,9527124234
5759199,9340.16,1.43685,0.776849,9527124235
5759200,9340.16,1.34982,0.776849,9527124235
5759201,9340.17,1.42315,0.777655,9527124236
5759202,9340.17,1.42154,0.776849,9527124237
5759203,9340.17,1.39253,0.778461,9527124238
5759204,9340.17,1.42718,0.778461,9527124239
5759205,9340.17,1.4022,0.776849,9527124239
5759206,9340.17,1.41832,0.780879,9527124240
5759207,9340.17,1.35304,0.776849,9527124241
5759208,9340.17,1.36593,0.776043,9527124242
5759209,9340.17,1.43604,0.776849,9527124243
5759210,9340.17,1.32322,0.775238,9527124244
5759211,9340.17,1.37802,0.776849,9527140802
5759212,9340.18,1.39092,0.780073,9527140810
5759213,9340.18,1.29502,0.777655,9527140811
5759214,9340.18,1.35143,0.779267,9527140812
5759215,9340.18,1.42476,0.777655,9527140813
5759216,9340.18,1.42476,0.783296,9527140813
5759217,9340.18,1.32403,0.777655,9527140814
5759218,9340.18,1.39817,0.776849,9527140815
5759219,9340.18,1.40139,0.783296,9527140816
5759220,9340.18,1.29099,0.777655,9527140817
5759221,9340.18,1.40139,0.776849,9527140818
5759222,9340.19,1.39736,0.777655,9527140818
5759223,9340.19,1.35304,0.778461,9527140819
5759224,9340.19,1.36916,0.780073,9527140820
5759225,9340.19,1.39736,0.776849,9527140821
5759226,9340.19,1.41832,0.780073,9527140822
5759227,9340.19,1.23619,0.778461,9527157511
5759228,9340.19,1.39736,0.778461,9527157517
5759229,9340.19,1.39736,0.783296,9527157518
5759230,9340.19,1.36996,0.784102,9527157519
5759231,9340.19,1.37319,0.777655,9527157520
5759232,9340.2,1.42073,0.784102,9527157521
5759233,9340.2,1.457,0.778461,9527157522
5759234,9340.2,1.42073,0.780879,9527157523
5759235,9340.2,1.41348,0.776849,9527157524
5759236,9340.2,1.39253,0.778461,9527157524
5759237,9340.2,1.32161,0.764761,9527157525
5759238,9340.2,1.41106,0.777655,9527157526
5759239,9340.2,1.31516,0.78652,9527157527
5759240,9340.2,1.40703,0.776849,9527157528
5759241,9340.2,1.39253,0.773626,9527157529
5759242,9340.21,1.30066,0.78652,9527157529
5759243,9340.21,1.41993,0.778461,9527157530
5759244,9340.21,1.31597,0.776849,9527174225
5759245,9340.21,1.37641,0.779267,9527174231
5759246,9340.21,1.28938,0.778461,9527174232
5759247,9340.21,1.36513,0.776849,9527174233
5759248,9340.21,1.4304,0.784102,9527174234
5759249,9340.21,1.34256,0.778461,9527174234
5759250,9340.21,1.43927,0.777655,9527174236
5759251,9340.22,1.42637,0.778461,9527174237
5759252,9340.22,1.37157,0.780879,9527174238
5759253,9340.22,1.39253,0.777655,9527174239
5759254,9340.22,1.42315,0.773626,9527174240
5759255,9340.22,1.4441,0.792967,9527174241
5759256,9340.22,1.31516,0.776849,9527174241
5759257,9340.22,1.39253,0.776849,9527174242
5759258,9340.22,1.40462,0.780879,9527174243
5759259,9340.22,1.31516,0.777655,9527174243
5759260,9340.22,1.39253,0.778461,9527174244
5759261,9340.23,1.30872,0.776849,9527191088
5759262,9340.23,1.38205,0.780879,9527191093
5759263,9340.23,1.3619,0.780073,9527191094
5759264,9340.23,1.36835,0.780879,9527191095
5759265,9340.23,1.41832,0.780073,9527191096
5759266,9340.23,1.27165,0.778461,9527191097
5759267,9340.23,1.45297,0.780073,9527191098
5759268,9340.23,1.36674,0.776849,9527191099
5759269,9340.23,1.41832,0.776849,9527191099
5759270,9340.23,1.40462,0.783296,9527191100
5759271,9340.24,1.3756,0.788131,9527191101
5759272,9340.24,1.43201,0.783296,9527191102
5759273,9340.24,1.41912,0.765567,9527191103
5759274,9340.24,1.40542,0.781684,9527191104
5759275,9340.24,1.3619,0.785714,9527191105
5759276,9340.24,1.31678,0.777655,9527191105
5759277,9340.24,1.39495,0.776849,9527191106
5759278,9340.24,1.23055,0.773626,9527207617
5759279,9340.24,1.39253,0.780073,9527207623
5759280,9340.24,1.42315,0.776849,9527207624
5759281,9340.25,1.29099,0.780073,9527207626
5759282,9340.25,1.39253,0.78652,9527207627
5759283,9340.25,1.37883,0.780073,9527207628
5759284,9340.25,1.41832,0.781684,9527207629
5759285,9340.25,1.30066,0.780073,9527207630
5759286,9340.25,1.39736,0.780073,9527207655
5759287,9340.25,1.43443,0.776043,9527207656
5759288,9340.25,1.34176,0.777655,9527207657
5759289,9340.25,1.42718,0.780073,9527207658
5759290,9340.25,1.4304,0.780073,9527207659
5759291,9340.25,1.35304,0.776849,9527207660
5759292,9340.26,1.37319,0.776849,9527207660
5759293,9340.26,1.43121,0.785714,9527207661
5759294,9340.26,1.34417,0.773626,9527224246
5759295,9340.26,1.24908,0.789743,9527224251
5759296,9340.26,1.35787,0.776849,9527224253
5759297,9340.26,1.36755,0.778461,9527224254
5759298,9340.26,1.34659,0.780879,9527224254
5759299,9340.26,1.38125,0.778461,9527224255
5759300,9340.26,1.36674,0.777655,9527224256
5759301,9340.26,1.42315,0.780073,9527224257
5759302,9340.27,1.3748,0.773626,9527224258
5759303,9340.27,1.41832,0.778461,9527224259
5759304,9340.27,1.36674,0.777655,9527224259
5759305,9340.27,1.28938,0.788131,9527224260
5759306,9340.27,1.4441,0.778461,9527224261
5759307,9340.27,1.35223,0.775238,9527224262
5759308,9340.27,1.44571,0.776849,9527224263
5759309,9340.27,1.43121,0.776849,9527224263
5759310,9340.27,1.34901,0.79619,9527224264
5759311,9340.27,1.33048,0.778461,9527240956
5759312,9340.28,1.41993,0.777655,9527240961
5759313,9340.28,1.41993,0.780879,9527240963
5759314,9340.28,1.27648,0.780073,9527240964
5759315,9340.28,1.39253,0.784908,9527240965
5759316,9340.28,1.39414,0.78652,9527240966
5759317,9340.28,1.32322,0.767179,9527240966
5759318,9340.28,1.43121,0.776849,9527240967
5759319,9340.28,1.41832,0.777655,9527240968
5759320,9340.28,1.34176,0.778461,9527240969
5759321,9340.28,1.39253,0.778461,9527240970
5759322,9340.29,1.41912,0.784102,9527240970
5759323,9340.29,1.39817,0.780879,9527240971
5759324,9340.29,1.28293,0.776849,9527240972
5759325,9340.29,1.36674,0.777655,9527240973
5759326,9340.29,1.39253,0.767179,9527240974
5759327,9340.29,1.27648,0.776849,9527240974
5759328,9340.29,1.36593,0.773626,9527257588
5759329,9340.29,1.42154,0.777655,9527257593
5759330,9340.29,1.40542,0.783296,9527257595
5759331,9340.3,1.34095,0.778461,9527257595
5759332,9340.3,1.39253,0.776849,9527257596
5759333,9340.3,1.4296,0.777655,9527257597
5759334,9340.3,1.28938,0.776849,9527257598
5759335,9340.3,1.44088,0.780879,9527257599
5759336,9340.3,1.37238,0.780073,9527257600
5759337,9340.3,1.38527,0.776849,9527257601
5759338,9340.3,1.40462,0.776849,9527257602
5759339,9340.3,1.36674,0.776849,9527257603
5759340,9340.3,1.41912,0.783296,9527257603
5759341,9340.31,1.3748,0.776849,9527257604
5759342,9340.31,1.37883,0.776849,9527257605
5759343,9340.31,1.31597,0.778461,9527257606
5759344,9340.31,1.24989,0.792967,9527274323
5759345,9340.31,1.41832,0.776849,9527274329
5759346,9340.31,1.29099,0.777655,9527274331
5759347,9340.31,1.45619,0.773626,9527274332
5759348,9340.31,1.4441,0.777655,9527274332
5759349,9340.31,1.3474,0.788131,9527274333
5759350,9340.31,1.42154,0.780879,9527274334
5759351,9340.32,1.40703,0.792967,9527274335
5759352,9340.32,1.44974,0.777655,9527274336
5759353,9340.32,1.29421,0.783296,9527274337
5759354,9340.32,1.39253,0.778461,9527274337
5759355,9340.32,1.41993,0.778461,9527274338
5759356,9340.32,1.237,0.776849,9527274339
5759357,9340.32,1.36835,0.783296,9527274340
5759358,9340.32,1.36674,0.791355,9527274341
5759359,9340.32,1.37238,0.776849,9527274341
5759360,9340.32,1.36674,0.779267,9527274342
5759361,9340.33,1.27648,0.778461,9527291116
5759362,9340.33,1.35868,0.777655,9527291122
5759363,9340.33,1.25311,0.777655,9527291123
5759364,9340.33,1.35546,0.773626,9527291124
5759365,9340.33,1.3756,0.776043,9527291125
5759366,9340.33,1.36835,0.785714,9527291125
5759367,9340.33,1.44894,0.78652,9527291126
5759368,9340.33,1.40784,0.776849,9527291127
5759369,9340.33,1.42718,0.778461,9527291128
5759370,9340.33,1.39414,0.778461,9527291129
5759371,9340.33,1.39253,0.776849,9527291130
5759372,9340.34,1.40703,0.773626,9527291130
5759373,9340.34,1.31678,0.788131,9527291131
5759374,9340.34,1.42315,0.776849,9527291132
5759375,9340.34,1.34579,0.773626,9527291133
5759376,9340.34,1.42476,0.775238,9527291134
5759377,9340.34,1.38447,0.780879,9527291135
5759378,9340.34,1.30549,0.780879,9527307744
5759379,9340.34,1.41751,0.777655,9527307750
5759380,9340.34,1.38447,0.785714,9527307751
5759381,9340.34,1.37157,0.785714,9527307752
5759382,9340.35,1.31678,0.776849,9527307753
5759383,9340.35,1.32322,0.778461,9527307753
5759384,9340.35,1.4296,0.759926,9527307754
5759385,9340.35,1.31678,0.777655,9527307755
5759386,9340.35,1.39817,0.783296,9527307756
5759387,9340.35,1.40059,0.777655,9527307757
5759388,9340.35,1.37157,0.780073,9527307758
5759389,9340.35,1.39414,0.780073,9527307758
5759390,9340.35,1.46989,0.780073,9527307759
5759391,9340.35,1.43685,0.778461,9527307760
5759392,9340.36,1.30549,0.780879,9527307761
5759393,9340.36,1.40381,0.776849,9527307761
5759394,9340.36,1.36835,0.777655,9527324397
5759395,9340.36,1.27648,0.778461,9527324403
5759396,9340.36,1.36835,0.780879,9527324404
5759397,9340.36,1.39414,0.763956,9527324405
5759398,9340.36,1.39414,0.773626,9527324406
5759399,9340.36,1.34256,0.759926,9527324407
5759400,9340.36,1.39897,0.776849,9527324408
5759401,9340.36,1.40703,0.776849,9527324409
5759402,9340.37,1.25069,0.773626,9527324409
5759403,9340.37,1.40462,0.777655,9527324410
5759404,9340.37,1.34982,0.777655,9527324411
5759405,9340.37,1.36755,0.780879,9527324412
5759406,9340.37,1.40864,0.792967,9527324413
5759407,9340.37,1.39495,0.777655,9527324413
5759408,9340.37,1.43604,0.780073,9527324414
5759409,9340.37,1.39817,0.778461,9527324415
5759410,9340.37,1.41832,0.780073,9527324416
5759411,9340.38,1.22088,0.776849,9527341117
5759412,9340.38,1.31597,0.780073,9527341124
5759413,9340.38,1.39414,0.776849,9527341125
5759414,9340.38,1.28938,0.777655,9527341126
5759415,9340.38,1.4296,0.780073,9527341127
5759416,9340.38,1.40542,0.777655,9527341128
5759417,9340.38,1.34095,0.776849,9527341129
5759418,9340.38,1.4022,0.779267,9527341130
5759419,9340.38,1.39736,0.763956,9527341131
5759420,9340.38,1.39897,0.776849,9527341132
5759421,9340.39,1.28938,0.780879,9527341132
5759422,9340.39,1.36674,0.777655,9527341133
5759423,9340.39,1.39253,0.778461,9527341134
5759424,9340.39,1.2781,0.781684,9527341135
5759425,9340.39,1.40542,0.780073,9527341136
5759426,9340.39,1.40542,0.778461,9527341136
5759427,9340.39,1.36835,0.780073,9527341137
5759428,9340.39,1.29582,0.776849,9527357859
5759429,9340.39,1.42154,0.776849,9527357865
5759430,9340.39,1.43121,0.78652,9527357866
5759431,9340.4,1.26359,0.775238,9527357867
5759432,9340.4,1.39736,0.78652,9527357868
5759433,9340.4,1.39253,0.778461,9527357869
5759434,9340.4,1.32725,0.778461,9527357869
5759435,9340.4,1.39092,0.780073,9527357870
5759436,9340.4,1.39575,0.765567,9527357871
5759437,9340.4,1.41832,0.778461,9527357872
5759438,9340.4,1.36835,0.780073,9527357873
5759439,9340.4,1.39736,0.778461,9527357874
5759440,9340.4,1.39253,0.778461,9527357875
5759441,9340.41,1.30711,0.778461,9527357876
5759442,9340.41,1.41993,0.779267,9527357877
5759443,9340.41,1.31436,0.780879,9527357877
5759444,9340.41,1.34337,0.777655,9527357881
5759445,9340.41,1.37319,0.785714,9527374519
5759446,9340.41,1.34095,0.783296,9527374524
5759447,9340.41,1.41912,0.776849,9527374525
5759448,9340.41,1.41912,0.779267,9527374526
5759449,9340.41,1.41993,0.789743,9527374527
5759450,9340.41,1.34095,0.780073,9527374528
5759451,9340.42,1.36674,0.776849,9527374529
5759452,9340.42,1.39736,0.792967,9527374529
5759453,9340.42,1.31597,0.778461,9527374530
5759454,9340.42,1.41912,0.776849,9527374531
5759455,9340.42,1.39897,0.792967,9527374532
5759456,9340.42,1.34176,0.778461,9527374533
5759457,9340.42,1.39253,0.778461,9527374533
5759458,9340.42,1.39253,0.770402,9527374534
5759459,9340.42,1.42315,0.780879,9527374535
5759460,9340.42,1.31114,0.776849,9527374536
5759461,9340.42,1.28938,0.780073,9527390927
5759462,9340.43,1.39253,0.780073,9527390932
5759463,9340.43,1.25714,0.776849,9527390933
5759464,9340.43,1.32967,0.784102,9527390934
5759465,9340.43,1.37963,0.778461,9527390935
5759466,9340.43,1.36674,0.776849,9527390936
5759467,9340.43,1.40462,0.777655,9527390937
5759468,9340.43,1.42557,0.776849,9527390938
5759469,9340.43,1.44894,0.773626,9527390939
5759470,9340.43,1.32,0.780879,9527390939
5759471,9340.43,1.44974,0.776849,9527390940
5759472,9340.44,1.36674,0.780073,9527390941
5759473,9340.44,1.3748,0.780879,9527390960
5759474,9340.44,1.40059,0.783296,9527390960
5759475,9340.44,1.37157,0.778461,9527390961
5759476,9340.44,1.43443,0.778461,9527390962
5759477,9340.44,1.38125,0.776849,9527390963
5759478,9340.44,1.36835,0.776849,9527407567
5759479,9340.44,1.32161,0.779267,9527407573
5759480,9340.44,1.30791,0.780879,9527407574
5759481,9340.44,1.41832,0.780879,9527407575
5759482,9340.45,1.31516,0.792967,9527407576
5759483,9340.45,1.39414,0.778461,9527407577
5759484,9340.45,1.40381,0.788937,9527407577
5759485,9340.45,1.34176,0.777655,9527407578
5759486,9340.45,1.39978,0.780073,9527407579
5759487,9340.45,1.41993,0.785714,9527407580
5759488,9340.45,1.47473,0.779267,9527407581
5759489,9340.45,1.33128,0.778461,9527407582
5759490,9340.45,1.40139,0.78652,9527407583
5759491,9340.45,1.42315,0.776849,9527407583
5759492,9340.46,1.32483,0.778461,9527407584
5759493,9340.46,1.43121,0.780879,9527407585
5759494,9340.46,1.34417,0.778461,9527424375
5759495,9340.46,1.32645,0.776849,9527424380
5759496,9340.46,1.36674,0.777655,9527424381
5759497,9340.46,1.42718,0.778461,9527424382
5759498,9340.46,1.41832,0.776849,9527424383
5759499,9340.46,1.27165,0.773626,9527424384
5759500,9340.46,1.37157,0.765567,9527424384
5759501,9340.47,1.40462,0.778461,9527424385
5759502,9340.47,1.32403,0.776849,9527424386
5759503,9340.47,1.39253,0.780879,9527424387
5759504,9340.47,1.39253,0.778461,9527424388
5759505,9340.47,1.41832,0.777655,9527424388
5759506,9340.47,1.38125,0.778461,9527424389
5759507,9340.47,1.42315,0.778461,9527424390
5759508,9340.47,1.43121,0.776849,9527424391
5759509,9340.47,1.32,0.778461,9527424391
5759510,9340.47,1.44249,0.788937,9527424392
5759511,9340.48,1.27245,0.784102,9527441265
5759512,9340.48,1.31516,0.777655,9527441271
5759513,9340.48,1.32645,0.777655,9527441273
5759514,9340.48,1.27326,0.778461,9527441273
5759515,9340.48,1.41912,0.778461,9527441274
5759516,9340.48,1.39253,0.777655,9527441275
5759517,9340.48,1.41832,0.784908,9527441276
5759518,9340.48,1.30147,0.778461,9527441277
5759519,9340.48,1.35304,0.777655,9527441278
5759520,9340.48,1.39978,0.778461,9527441278
5759521,9340.49,1.29824,0.780073,9527441279
5759522,9340.49,1.42315,0.778461,9527441280
5759523,9340.49,1.41912,0.779267,9527441281
5759524,9340.49,1.34982,0.780073,9527441282
5759525,9340.49,1.39253,0.780879,9527441283
5759526,9340.49,1.39253,0.776849,9527441283
5759527,9340.49,1.45055,0.773626,9527441284
5759528,9340.49,1.21201,0.777655,9527457778
5759529,9340.49,1.41187,0.780073,9527457784
5759530,9340.49,1.43765,0.783296,9527457787
5759531,9340.5,1.27568,0.770402,9527457787
5759532,9340.5,1.35546,0.776849,9527457788
5759533,9340.5,1.32967,0.776849,9527457789
5759534,9340.5,1.41993,0.778461,9527457790
5759535,9340.5,1.39817,0.779267,9527457791
5759536,9340.5,1.39414,0.776849,9527457791
5759537,9340.5,1.3474,0.777655,9527457792
5759538,9340.5,1.21201,0.777655,9527457793
5759539,9340.5,1.40381,0.773626,9527457794
5759540,9340.5,1.34095,0.783296,9527457795
5759541,9340.5,1.36996,0.778461,9527457795
5759542,9340.51,1.41912,0.777655,9527457796
5759543,9340.51,1.36674,0.777655,9527457797
5759544,9340.51,1.37883,0.788131,9527474479
5759545,9340.51,1.39736,0.770402,9527474485
5759546,9340.51,1.37399,0.777655,9527474486
5759547,9340.51,1.36835,0.780879,9527474487
5759548,9340.51,1.36674,0.776849,9527474488
5759549,9340.51,1.44571,0.777655,9527474489
5759550,9340.51,1.34659,0.777655,9527474490
5759551,9340.51,1.4296,0.778461,9527474490
5759552,9340.52,1.42073,0.778461,9527474491
5759553,9340.52,1.33692,0.77282,9527474492
5759554,9340.52,1.40059,0.78652,9527474493
5759555,9340.52,1.41832,0.780879,9527474494
5759556,9340.52,1.42557,0.779267,9527474495
5759557,9340.52,1.27971,0.776849,9527474495
5759558,9340.52,1.39495,0.777655,9527474496
5759559,9340.52,1.39736,0.777655,9527474497
5759560,9340.52,1.28938,0.776849,9527474498
5759561,9340.52,1.32645,0.778461,9527491167
5759562,9340.53,1.39253,0.778461,9527491172
5759563,9340.53,1.31516,0.776043,9527491174
5759564,9340.53,1.34256,0.775238,9527491174
5759565,9340.53,1.41832,0.776849,9527491175
5759566,9340.53,1.43604,0.776849,9527491176
5759567,9340.53,1.28938,0.778461,9527491177
5759568,9340.53,1.45055,0.780879,9527491178
5759569,9340.53,1.39172,0.777655,9527491179
5759570,9340.53,1.34982,0.776849,9527491180
5759571,9340.53,1.42073,0.776849,9527491181
5759572,9340.54,1.43121,0.784102,9527491182
5759573,9340.54,1.4296,0.783296,9527491182
5759574,9340.54,1.3482,0.780073,9527491183
5759575,9340.54,1.40139,0.773626,9527491184
5759576,9340.54,1.41993,0.777655,9527491185
5759577,9340.54,1.31597,0.778461,9527491186
5759578,9340.54,1.35385,0.776849,9527507737
5759579,9340.54,1.32725,0.781684,9527507743
5759580,9340.54,1.40703,0.789743,9527507744
5759581,9340.55,1.37238,0.780073,9527507745
5759582,9340.55,1.31033,0.778461,9527507746
5759583,9340.55,1.39495,0.776849,9527507747
5759584,9340.55,1.40784,0.785714,9527507748
5759585,9340.55,1.40462,0.780073,9527507749
5759586,9340.55,1.32806,0.773626,9527507750
5759587,9340.55,1.37963,0.777655,9527507751
5759588,9340.55,1.39414,0.777655,9527507751
5759589,9340.55,1.34579,0.784908,9527507752
5759590,9340.55,1.44894,0.778461,9527507753
5759591,9340.56,1.42315,0.776849,9527507754
5759592,9340.56,1.3337,0.779267,9527507755
5759593,9340.56,1.37641,0.778461,9527507755
5759594,9340.56,1.36755,0.777655,9527524463
5759595,9340.56,1.41832,0.778461,9527524470
5759596,9340.56,1.30549,0.776849,9527524471
5759597,9340.56,1.40381,0.776849,9527524472
5759598,9340.56,1.37883,0.777655,9527524473
5759599,9340.56,1.2652,0.778461,9527524473
5759600,9340.56,1.41912,0.767179,9527524474
5759601,9340.57,1.36835,0.776849,9527524475
5759602,9340.57,1.39414,0.776849,9527524476
5759603,9340.57,1.37399,0.776849,9527524476
5759604,9340.57,1.38125,0.780073,9527524477
5759605,9340.57,1.39736,0.780879,9527524478
5759606,9340.57,1.30227,0.777655,9527524479
5759607,9340.57,1.36593,0.783296,9527524480
5759608,9340.57,1.39172,0.781684,9527524481
5759609,9340.57,1.40784,0.778461,9527524481
5759610,9340.58,1.28857,0.77282,9527541191
5759611,9340.58,1.39897,0.78652,9527541196
5759612,9340.58,1.36835,0.780073,9527541197
5759613,9340.58,1.35626,0.775238,9527541198
5759614,9340.58,1.3756,0.781684,9527541199
5759615,9340.58,1.34095,0.780073,9527541201
5759616,9340.58,1.4296,0.783296,9527541202
5759617,9340.58,1.34095,0.780879,9527541203
5759618,9340.58,1.4296,0.773626,9527541204
5759619,9340.58,1.38125,0.780073,9527541204
5759620,9340.58,1.33289,0.78249,9527541205
5759621,9340.59,1.39414,0.780879,9527541206
5759622,9340.59,1.38125,0.780073,9527541207
5759623,9340.59,1.41832,0.780073,9527541207
5759624,9340.59,1.29018,0.776849,9527541208
5759625,9340.59,1.40784,0.778461,9527541209
5759626,9340.59,1.43282,0.780879,9527541210
5759627,9340.59,1.24908,0.778461,9527557864
5759628,9340.59,1.42315,0.778461,9527557869
5759629,9340.59,1.43121,0.778461,9527557871
5759630,9340.59,1.32806,0.778461,9527557872
5759631,9340.6,1.33048,0.776849,9527557872
5759632,9340.6,1.41026,0.792161,9527557873
5759633,9340.6,1.41751,0.783296,9527557874
5759634,9340.6,1.27648,0.778461,9527557875
5759635,9340.6,1.42315,0.776849,9527557876
5759636,9340.6,1.39253,0.776849,9527557876
5759637,9340.6,1.31678,0.779267,9527557877
5759638,9340.6,1.36916,0.778461,9527557878
5759639,9340.6,1.3756,0.776849,9527557879
5759640,9340.6,1.41832,0.780073,9527557880
5759641,9340.61,1.35223,0.792967,9527557880
5759642,9340.61,1.39575,0.776849,9527557881
5759643,9340.61,1.36674,0.780073,9527557882
5759644,9340.61,1.26762,0.780879,9527574495
5759645,9340.61,1.42315,0.776849,9527574501
5759646,9340.61,1.36674,0.778461,9527574502
5759647,9340.61,1.42234,0.788131,9527574503
5759648,9340.61,1.43604,0.784908,9527574504
5759649,9340.61,1.39253,0.788937,9527574505
5759650,9340.61,1.44571,0.78652,9527574506
5759651,9340.62,1.42315,0.779267,9527574507
5759652,9340.62,1.42798,0.778461,9527574507
5759653,9340.62,1.37157,0.778461,9527574508
5759654,9340.62,1.3474,0.776849,9527574509
5759655,9340.62,1.41993,0.778461,9527574510
5759656,9340.62,1.32161,0.775238,9527574511
5759657,9340.62,1.3748,0.777655,9527574511
5759658,9340.62,1.42315,0.763956,9527574512
5759659,9340.62,1.34095,0.785714,9527574513
5759660,9340.62,1.32161,0.764761,9527591197
5759661,9340.63,1.39817,0.776849,9527591228
5759662,9340.63,1.39253,0.780879,9527591229
5759663,9340.63,1.28938,0.779267,9527591230
5759664,9340.63,1.39897,0.784102,9527591231
5759665,9340.63,1.41832,0.773626,9527591232
5759666,9340.63,1.34256,0.767179,9527591233
5759667,9340.63,1.41912,0.778461,9527591233
5759668,9340.63,1.41832,0.780879,9527591234
5759669,9340.63,1.39495,0.780073,9527591235
5759670,9340.64,1.39253,0.777655,9527591236
5759671,9340.64,1.42396,0.776849,9527591237
5759672,9340.64,1.43121,0.778461,9527591238
5759673,9340.64,1.30147,0.780879,9527591239
5759674,9340.64,1.42798,0.777655,9527591239
5759675,9340.64,1.37319,0.78652,9527591240
5759676,9340.64,1.37077,0.778461,9527591241
5759677,9340.64,1.31516,0.776849,9527607846
5759678,9340.64,1.3482,0.777655,9527607851
5759679,9340.64,1.41912,0.776849,9527607852
5759680,9340.65,1.35626,0.773626,9527607853
5759681,9340.65,1.39253,0.78652,9527607854
5759682,9340.65,1.3748,0.767179,9527607855
5759683,9340.65,1.3337,0.783296,9527607856
5759684,9340.65,1.41348,0.778461,9527607856
5759685,9340.65,1.32322,0.776849,9527607857
5759686,9340.65,1.41832,0.776849,9527607858
5759687,9340.65,1.42154,0.776849,9527607859
5759688,9340.65,1.32967,0.780073,9527607859
5759689,9340.65,1.39495,0.776849,9527607860
5759690,9340.66,1.41832,0.777655,9527607861
5759691,9340.66,1.45861,0.785714,9527607862
5759692,9340.66,1.31516,0.784908,9527607863
5759693,9340.66,1.34256,0.785714,9527607863
5759694,9340.66,1.39253,0.759926,9527624536
5759695,9340.66,1.31516,0.777655,9527624541
5759696,9340.66,1.41832,0.776849,9527624542
5759697,9340.66,1.38447,0.778461,9527624543
5759698,9340.66,1.31678,0.780073,9527624544
5759699,9340.66,1.3756,0.778461,9527624545
5759700,9340.67,1.40542,0.780073,9527624546
5759701,9340.67,1.40542,0.775238,9527624547
5759702,9340.67,1.2652,0.784102,9527624548
5759703,9340.67,1.39253,0.778461,9527624549
5759704,9340.67,1.39736,0.775238,9527624549
5759705,9340.67,1.34095,0.777655,9527624550
5759706,9340.67,1.41832,0.764761,9527624551
5759707,9340.67,1.42476,0.79619,9527624552
5759708,9340.67,1.41832,0.776849,9527624553
5759709,9340.67,1.39575,0.778461,9527624554
5759710,9340.67,1.32242,0.778461,9527641251
5759711,9340.68,1.403,0.780879,9527641258
5759712,9340.68,1.27648,0.79619,9527641259
5759713,9340.68,1.42154,0.776849,9527641260
5759714,9340.68,1.34579,0.777655,9527641261
5759715,9340.68,1.39736,0.780879,9527641262
5759716,9340.68,1.4296,0.777655,9527641263
5759717,9340.68,1.34982,0.784102,9527641264
5759718,9340.68,1.4296,0.773626,9527641265
5759719,9340.68,1.41187,0.777655,9527641265
5759720,9340.68,1.39897,0.780879,9527641266
5759721,9340.69,1.31758,0.778461,9527641267
5759722,9340.69,1.35223,0.778461,9527641268
5759723,9340.69,1.41993,0.780073,9527641269
5759724,9340.69,1.30711,0.778461,9527641269
5759725,9340.69,1.39736,0.777655,9527641270
5759726,9340.69,1.41832,0.778461,9527641271
5759727,9340.69,1.18864,0.780073,9527657950
5759728,9340.69,1.34256,0.783296,9527657957
5759729,9340.69,1.36916,0.776849,9527657958
5759730,9340.69,1.45055,0.780073,9527657959
5759731,9340.7,1.34095,0.779267,9527657960
5759732,9340.7,1.33612,0.78652,9527657961
5759733,9340.7,1.37157,0.780073,9527657962
5759734,9340.7,1.29744,0.778461,9527657963
5759735,9340.7,1.44571,0.759926,9527657964
5759736,9340.7,1.40381,0.780879,9527657965
5759737,9340.7,1.32645,0.780879,9527657966
5759738,9340.7,1.34095,0.777655,9527657966
5759739,9340.7,1.41993,0.788131,9527657967
5759740,9340.7,1.45297,0.780073,9527657968
5759741,9340.71,1.26359,0.776849,9527657969
5759742,9340.71,1.41832,0.788131,9527657970
5759743,9340.71,1.29099,0.780879,9527657970
5759744,9340.71,1.32161,0.778461,9527674549
5759745,9340.71,1.40784,0.777655,9527674555
5759746,9340.71,1.39414,0.78652,9527674557
5759747,9340.71,1.4304,0.779267,9527674558
5759748,9340.71,1.42637,0.777655,9527674559
5759749,9340.71,1.41832,0.759926,9527674559
5759750,9340.72,1.34659,0.780879,9527674560
5759751,9340.72,1.37319,0.778461,9527674561
5759752,9340.72,1.41832,0.777655,9527674562
5759753,9340.72,1.31919,0.780879,9527674563
5759754,9340.72,1.41993,0.780879,9527674563
5759755,9340.72,1.39575,0.794578,9527674564
5759756,9340.72,1.34579,0.776849,9527674565
5759757,9340.72,1.36835,0.780879,9527674566
5759758,9340.72,1.39414,0.776849,9527674567
5759759,9340.72,1.41993,0.780879,9527674567
5759760,9340.73,1.23135,0.775238,9527691273
5759761,9340.73,1.34901,0.776849,9527691278
5759762,9340.73,1.35868,0.780073,9527691280
5759763,9340.73,1.28938,0.773626,9527691281
5759764,9340.73,1.43927,0.780073,9527691281
5759765,9340.73,1.42637,0.780073,9527691282
5759766,9340.73,1.39253,0.780073,9527691283
5759767,9340.73,1.40381,0.780879,9527691284
5759768,9340.73,1.4304,0.777655,9527691285
5759769,9340.73,1.39253,0.792967,9527691286
5759770,9340.74,1.29099,0.778461,9527691286
5759771,9340.74,1.41993,0.773626,9527691287
5759772,9340.74,1.39253,0.777655,9527691288
5759773,9340.74,1.31516,0.792967,9527691289
5759774,9340.74,1.41832,0.776849,9527691290
5759775,9340.74,1.41912,0.783296,9527691291
5759776,9340.74,1.41832,0.777655,9527691291
5759777,9340.74,1.29421,0.778461,9527708014
5759778,9340.74,1.42154,0.785714,9527708019
5759779,9340.74,1.36674,0.773626,9527708020
5759780,9340.75,1.24908,0.788937,9527708021
5759781,9340.75,1.42476,0.776849,9527708022
5759782,9340.75,1.32161,0.765567,9527708023
5759783,9340.75,1.39253,0.792161,9527708024
5759784,9340.75,1.36916,0.773626,9527708024
5759785,9340.75,1.36674,0.777655,9527708025
5759786,9340.75,1.4296,0.773626,9527708026
5759787,9340.75,1.42476,0.780879,9527708027
5759788,9340.75,1.38125,0.776849,9527708028
5759789,9340.75,1.34256,0.776849,9527708028
5759790,9340.75,1.36835,0.780879,9527708029
5759791,9340.76,1.42315,0.778461,9527708030
5759792,9340.76,1.31516,0.78249,9527708031
5759793,9340.76,1.36674,0.778461,9527708032
5759794,9340.76,1.36674,0.777655,9527724436
5759795,9340.76,1.32645,0.778461,9527724442
5759796,9340.76,1.3756,0.778461,9527724443
5759797,9340.76,1.39253,0.778461,9527724444
5759798,9340.76,1.4441,0.77282,9527724445
5759799,9340.76,1.32161,0.776849,9527724446
5759800,9340.76,1.35546,0.773626,9527724447
5759801,9340.77,1.39897,0.776849,9527724448
5759802,9340.77,1.30388,0.778461,9527724449
5759803,9340.77,1.41026,0.784908,9527724449
5759804,9340.77,1.39897,0.783296,9527724450
5759805,9340.77,1.39736,0.776849,9527724451
5759806,9340.77,1.36835,0.792967,9527724452
5759807,9340.77,1.40784,0.777655,9527724453
5759808,9340.77,1.45135,0.780879,9527724453
5759809,9340.77,1.29179,0.776849,9527724454
5759810,9340.77,1.36674,0.773626,9527741170
5759811,9340.78,1.35223,0.778461,9527741176
5759812,9340.78,1.33289,0.780879,9527741177
5759813,9340.78,1.35707,0.776849,9527741178
5759814,9340.78,1.34095,0.780879,9527741179
5759815,9340.78,1.39817,0.776849,9527741180
5759816,9340.78,1.40542,0.78652,9527741181
5759817,9340.78,1.40381,0.780879,9527741182
5759818,9340.78,1.37238,0.777655,9527741183
5759819,9340.78,1.32403,0.759926,9527741183
5759820,9340.78,1.41993,0.780879,9527741184
5759821,9340.79,1.28938,0.778461,9527741185
5759822,9340.79,1.41832,0.79619,9527741186
5759823,9340.79,1.40381,0.777655,9527741187
5759824,9340.79,1.2781,0.770402,9527741187
5759825,9340.79,1.39253,0.778461,9527741188
5759826,9340.79,1.42476,0.788131,9527741189
5759827,9340.79,1.36674,0.778461,9527757847
5759828,9340.79,1.29341,0.778461,9527757853
5759829,9340.79,1.39253,0.776849,9527757854
5759830,9340.8,1.3748,0.78652,9527757855
5759831,9340.8,1.29744,0.778461,9527757856
5759832,9340.8,1.39736,0.780879,9527757857
5759833,9340.8,1.42396,0.780879,9527757858
5759834,9340.8,1.3756,0.776849,9527757858
5759835,9340.8,1.37238,0.780073,9527757859
5759836,9340.8,1.44652,0.776849,9527757860
5759837,9340.8,1.39817,0.779267,9527757861
5759838,9340.8,1.23619,0.779267,9527757862
5759839,9340.8,1.39978,0.777655,9527757863
5759840,9340.81,1.37319,0.783296,9527757864
5759841,9340.81,1.31516,0.776849,9527757865
5759842,9340.81,1.36674,0.759926,9527757865
5759843,9340.81,1.35223,0.783296,9527757866
5759844,9340.81,1.37238,0.776849,9527774663
5759845,9340.81,1.3748,0.776849,9527774669
5759846,9340.81,1.41993,0.776849,9527774670
5759847,9340.81,1.40542,0.789743,9527774671
5759848,9340.81,1.31758,0.780879,9527774700
5759849,9340.81,1.47634,0.775238,9527774701
5759850,9340.82,1.34579,0.780073,9527774702
5759851,9340.82,1.39253,0.776849,9527774703
5759852,9340.82,1.42315,0.780879,9527774704
5759853,9340.82,1.34256,0.785714,9527774704
5759854,9340.82,1.41993,0.765567,9527774705
5759855,9340.82,1.39253,0.778461,9527774706
5759856,9340.82,1.40784,0.778461,9527774707
5759857,9340.82,1.30227,0.792967,9527774707
5759858,9340.82,1.34095,0.780879,9527774708
5759859,9340.82,1.39414,0.776849,9527774709
5759860,9340.83,1.24425,0.779267,9527791278
5759861,9340.83,1.36674,0.776849,9527791283
5759862,9340.83,1.36835,0.780073,9527791285
5759863,9340.83,1.32725,0.780879,9527791285
5759864,9340.83,1.36996,0.774432,9527791286
5759865,9340.83,1.40139,0.778461,9527791287
5759866,9340.83,1.46989,0.778461,9527791288
5759867,9340.83,1.26923,0.777655,9527791289
5759868,9340.83,1.42718,0.777655,9527791290
5759869,9340.83,1.41993,0.778461,9527791290
5759870,9340.83,1.29099,0.778461,9527791291
5759871,9340.84,1.41832,0.78652,9527791292
5759872,9340.84,1.39253,0.776849,9527791293
5759873,9340.84,1.38286,0.780073,9527791294
5759874,9340.84,1.39897,0.788937,9527791294
5759875,9340.84,1.4441,0.780879,9527791295
5759876,9340.84,1.41026,0.785714,9527791296
5759877,9340.84,1.19267,0.773626,9527807926
5759878,9340.84,1.40784,0.776849,9527807931
5759879,9340.84,1.30388,0.776849,9527807933
5759880,9340.84,1.30549,0.778461,9527807934
5759881,9340.85,1.36916,0.78652,9527807935
5759882,9340.85,1.35223,0.792967,9527807936
5759883,9340.85,1.41832,0.777655,9527807936
5759884,9340.85,1.38125,0.777655,9527807937
5759885,9340.85,1.40139,0.777655,9527807938
5759886,9340.85,1.34901,0.759926,9527807939
5759887,9340.85,1.34579,0.777655,9527807940
5759888,9340.85,1.42315,0.778461,9527807941
5759889,9340.85,1.32,0.778461,9527807941
5759890,9340.85,1.42798,0.778461,9527807942
5759891,9340.86,1.40381,0.773626,9527807943
5759892,9340.86,1.34095,0.778461,9527807944
5759893,9340.86,1.37077,0.777655,9527807945
5759894,9340.86,1.35223,0.778461,9527824375
5759895,9340.86,1.44571,0.777655,9527824381
5759896,9340.86,1.28938,0.777655,9527824382
5759897,9340.86,1.34901,0.777655,9527824383
5759898,9340.86,1.37157,0.783296,9527824384
5759899,9340.86,1.28132,0.778461,9527824385
5759900,9340.86,1.39897,0.777655,9527824386
5759901,9340.87,1.39736,0.778461,9527824386
5759902,9340.87,1.33934,0.784102,9527824387
5759903,9340.87,1.35223,0.777655,9527824388
5759904,9340.87,1.42073,0.778461,9527824389
5759905,9340.87,1.41993,0.78652,9527824390
5759906,9340.87,1.2789,0.776849,9527824391
5759907,9340.87,1.39575,0.779267,9527824392
5759908,9340.87,1.3885,0.777655,9527824393
5759909,9340.87,1.31839,0.767179,9527824393
5759910,9340.88,1.32806,0.763956,9527841537
5759911,9340.88,1.35546,0.780073,9527841543
5759912,9340.88,1.34579,0.778461,9527841544
5759913,9340.88,1.29663,0.776849,9527841545
5759914,9340.88,1.37802,0.792967,9527841546
5759915,9340.88,1.42315,0.770402,9527841547
5759916,9340.88,1.30388,0.776849,9527841548
5759917,9340.88,1.44007,0.777655,9527841549
5759918,9340.88,1.33612,0.778461,9527841550
5759919,9340.88,1.40542,0.785714,9527841550
5759920,9340.89,1.38125,0.776849,9527841551
5759921,9340.89,1.35546,0.778461,9527841552
5759922,9340.89,1.42718,0.791355,9527841553
5759923,9340.89,1.38447,0.776849,9527841554
5759924,9340.89,1.39414,0.777655,9527841554
5759925,9340.89,1.34579,0.777655,9527841555
5759926,9340.89,1.3748,0.780073,9527841556
5759927,9340.89,1.35304,0.776849,9527857905
5759928,9340.89,1.30147,0.780073,9527857911
5759929,9340.89,1.4304,0.776849,9527857912
5759930,9340.9,1.36835,0.780073,9527857912
5759931,9340.9,1.31678,0.776849,9527857913
5759932,9340.9,1.39414,0.776849,9527857914
5759933,9340.9,1.34095,0.773626,9527857915
5759934,9340.9,1.40381,0.777655,9527857916
5759935,9340.9,1.31758,0.778461,9527857916
5759936,9340.9,1.38205,0.776849,9527857917
5759937,9340.9,1.39575,0.778461,9527857918
5759938,9340.9,1.27648,0.777655,9527857919
5759939,9340.9,1.40139,0.783296,9527857920
5759940,9340.91,1.36674,0.780879,9527857920
5759941,9340.91,1.40542,0.778461,9527857921
5759942,9340.91,1.34901,0.776849,9527857922
5759943,9340.91,1.37802,0.776849,9527857923
5759944,9340.91,1.32725,0.78652,9527874496
5759945,9340.91,1.29421,0.776849,9527874502
5759946,9340.91,1.4304,0.788131,9527874503
5759947,9340.91,1.37963,0.785714,9527874504
5759948,9340.91,1.34095,0.793772,9527874505
5759949,9340.91,1.40059,0.778461,9527874506
5759950,9340.92,1.40542,0.776849,9527874506
5759951,9340.92,1.43685,0.780073,9527874507
5759952,9340.92,1.3756,0.776849,9527874508
5759953,9340.92,1.39495,0.780073,9527874509
5759954,9340.92,1.36674,0.780073,9527874510
5759955,9340.92,1.32645,0.778461,9527874511
5759956,9340.92,1.42637,0.773626,9527874511
5759957,9340.92,1.34095,0.780879,9527874512
5759958,9340.92,1.39414,0.788131,9527874513
5759959,9340.92,1.41832,0.783296,9527874514
5759960,9340.92,1.26359,0.780073,9527891223
5759961,9340.93,1.35707,0.776849,9527891228
5759962,9340.93,1.34095,0.783296,9527891229
5759963,9340.93,1.39817,0.778461,9527891231
5759964,9340.93,1.29421,0.776849,9527891232
5759965,9340.93,1.36674,0.776849,9527891233
5759966,9340.93,1.38447,0.776849,9527891234
5759967,9340.93,1.33612,0.780073,9527891235
5759968,9340.93,1.41993,0.780073,9527891236
5759969,9340.93,1.4441,0.778461,9527891236
5759970,9340.93,1.35868,0.778461,9527891237
5759971,9340.94,1.37157,0.784102,9527891238
5759972,9340.94,1.41993,0.779267,9527891239
5759973,9340.94,1.45297,0.780879,9527891239
5759974,9340.94,1.28938,0.783296,9527891240
5759975,9340.94,1.41993,0.778461,9527891241
5759976,9340.94,1.40542,0.777655,9527891242
5759977,9340.94,1.22894,0.765567,9527907958
5759978,9340.94,1.36674,0.773626,9527907962
5759979,9340.94,1.32322,0.777655,9527907963
5759980,9340.94,1.36996,0.780879,9527907964
5759981,9340.95,1.34256,0.778461,9527907964
5759982,9340.95,1.36916,0.785714,9527907965
5759983,9340.95,1.37157,0.776849,9527907966
5759984,9340.95,1.29421,0.78652,9527907967
5759985,9340.95,1.45297,0.783296,9527907968
5759986,9340.95,1.36916,0.78652,9527907969
5759987,9340.95,1.42637,0.778461,9527907971
5759988,9340.95,1.43443,0.776849,9527907971
5759989,9340.95,1.37157,0.780879,9527907972
5759990,9340.95,1.41187,0.779267,9527907973
5759991,9340.96,1.41832,0.783296,9527907973
5759992,9340.96,1.40381,0.794578,9527907974
5759993,9340.96,1.32,0.776849,9527907975
5759994,9340.96,1.30791,0.780879,9527924586
5759995,9340.96,1.43121,0.783296,9527924590
5759996,9340.96,1.30066,0.792967,9527924591
5759997,9340.96,1.38125,0.779267,9527924592
5759998,9340.96,1.41832,0.783296,9527924592
5759999,9340.96,1.34256,0.777655,9527924593
5760000,9340.97,1.72776,0.759926,9527924594
5760001,9340.97,1.72776,0.777655,9527924595
5760002,9340.97,1.72938,0.775238,9527924597
5760003,9340.97,1.72776,0.774432,9527924597
5760004,9340.97,1.72776,0.767985,9527924598
5760005,9340.97,1.70681,0.778461,9527924599
5760006,9340.97,1.72776,0.777655,9527924600
5760007,9340.97,1.6496,0.777655,9527924600
5760008,9340.97,1.60044,0.778461,9527924601
5760009,9340.97,1.49568,0.785714,9527924602
5760010,9340.98,1.27487,0.780879,9527941266
5760011,9340.98,1.13465,0.777655,9527941269
5760012,9340.98,0.929157,0.778461,9527941270
5760013,9340.98,0.78249,0.773626,9527941271
5760014,9340.98,0.620512,0.78652,9527941272
5760015,9340.98,0.535091,0.776849,9527941273
5760016,9340.98,0.44967,0.777655,9527941274
5760017,9340.98,0.433553,0.780879,9527941274
5760018,9340.98,0.414212,0.783296,9527941275
5760019,9340.98,0.401318,0.776849,9527941276
5760020,9340.99,0.392454,0.777655,9527941277
5760021,9340.99,0.383589,0.777655,9527941278
5760022,9340.99,0.381978,0.778461,9527941278
5760023,9340.99,0.390036,0.777655,9527941279
5760024,9340.99,0.394871,0.773626,9527941280
5760025,9340.99,0.395677,0.777655,9527941281
5760026,9340.99,0.391648,0.780073,9527941281
5760027,9340.99,0.386813,0.776043,9527958064
5760028,9340.99,0.404542,0.778461,9527958069
5760029,9340.99,0.410183,0.785714,9527958070
5760030,9341,0.414212,0.776849,9527958071
5760031,9341,0.456117,0.783296,9527958072
5760032,9341,0.560073,0.777655,9527958073
5760033,9341,0.630989,0.78652,9527958074
5760034,9341,0.83326,0.780073,9527958075
5760035,9341,1.01216,0.767179,9527958094
5760036,9341,1.17172,0.780879,9527958095
5760037,9341,1.34659,0.777655,9527958096
5760038,9341,1.4304,0.778461,9527958101
5760039,9341,1.55128,0.779267,9527958102
5760040,9341,1.56176,0.776849,9527958103
5760041,9341.01,1.62461,0.780879,9527958104
5760042,9341.01,1.60527,0.780879,9527958105
5760043,9341.01,1.60366,0.773626,9527958105
5760044,9341.01,1.57385,0.778461,9527974556
5760045,9341.01,1.60125,0.776849,9527974562
5760046,9341.01,1.58755,0.777655,9527974563
5760047,9341.01,1.54725,0.779267,9527974564
5760048,9341.01,1.54725,0.778461,9527974565
5760049,9341.01,1.46989,0.777655,9527974566
5760050,9341.01,1.39414,0.778461,9527974567
5760051,9341.02,1.34095,0.774432,9527974567
5760052,9341.02,1.23055,0.778461,9527974568
5760053,9341.02,1.19751,0.777655,9527974569
5760054,9341.02,1.08308,0.780879,9527974570
5760055,9341.02,1.01377,0.785714,9527974571
5760056,9341.02,0.930769,0.776849,9527974572
5760057,9341.02,0.882417,0.778461,9527974572
5760058,9341.02,0.768791,0.780879,9527974573
5760059,9341.02,0.727692,0.776849,9527974574
5760060,9341.02,0.630989,0.773626,9527991290
5760061,9341.03,0.593113,0.777655,9527991295
5760062,9341.03,0.587472,0.776849,9527991296
5760063,9341.03,0.575384,0.776849,9527991297
5760064,9341.03,0.567326,0.777655,9527991298
5760065,9341.03,0.559267,0.776849,9527991299
5760066,9341.03,0.541538,0.780073,9527991300
5760067,9341.03,0.527838,0.785714,9527991301
5760068,9341.03,0.51575,0.780073,9527991302
5760069,9341.03,0.516556,0.773626,9527991303
5760070,9341.03,0.489963,0.775238,9527991304
5760071,9341.04,0.470622,0.783296,9527991304
5760072,9341.04,0.502857,0.778461,9527991306
5760073,9341.04,0.464981,0.778461,9527991307
5760074,9341.04,0.458534,0.784908,9527991308
5760075,9341.04,0.453699,0.777655,9527991309
5760076,9341.04,0.444835,0.783296,9527991309
5760077,9341.04,0.423882,0.767179,9528008032
5760078,9341.04,0.425494,0.780879,9528008036
5760079,9341.04,0.421465,0.776043,9528008037
5760080,9341.05,0.414212,0.776849,9528008038
5760081,9341.05,0.414212,0.777655,9528008038
5760082,9341.05,0.427106,0.778461,9528008039
5760083,9341.05,0.433553,0.773626,9528008040
5760084,9341.05,0.421465,0.777655,9528008041
5760085,9341.05,0.44,0.775238,9528008042
5760086,9341.05,0.424688,0.778461,9528008043
5760087,9341.05,0.434358,0.775238,9528008043
5760088,9341.05,0.442417,0.789743,9528008044
5760089,9341.05,0.444029,0.767179,9528008045
5760090,9341.06,0.456923,0.778461,9528008046
5760091,9341.06,0.466593,0.777655,9528008047
5760092,9341.06,0.49238,0.78249,9528008047
5760093,9341.06,0.485128,0.777655,9528008048
5760094,9341.06,0.476263,0.776043,9528024561
5760095,9341.06,0.507692,0.778461,9528024566
5760096,9341.06,0.509304,0.788131,9528024567
5760097,9341.06,0.506886,0.777655,9528024568
5760098,9341.06,0.517362,0.780073,9528024569
5760099,9341.06,0.51575,0.778461,9528024570
5760100,9341.07,0.518974,0.776849,9528024571
5760101,9341.07,0.483516,0.777655,9528024571
5760102,9341.07,0.504468,0.763956,9528024572
5760103,9341.07,0.489963,0.776849,9528024573
5760104,9341.07,0.467399,0.783296,9528024574
5760105,9341.07,0.480293,0.776849,9528024575
5760106,9341.07,0.464981,0.777655,9528024575
5760107,9341.07,0.452893,0.783296,9528024576
5760108,9341.07,0.428717,0.792967,9528024577
5760109,9341.07,0.427912,0.776043,9528024578
5760110,9341.08,0.425494,0.780073,9528041250
5760111,9341.08,0.418241,0.780073,9528041256
5760112,9341.08,0.423882,0.763956,9528041257
5760113,9341.08,0.413406,0.776849,9528041258
5760114,9341.08,0.41663,0.777655,9528041259
5760115,9341.08,0.415824,0.770402,9528041260
5760116,9341.08,0.427106,0.763956,9528041261
5760117,9341.08,0.4263,0.785714,9528041262
5760118,9341.08,0.438388,0.784102,9528041263
5760119,9341.08,0.427106,0.776849,9528041264
5760120,9341.08,0.446446,0.792967,9528041265
5760121,9341.09,0.438388,0.776849,9528041265
5760122,9341.09,0.44,0.776849,9528041266
5760123,9341.09,0.456117,0.78652,9528041267
5760124,9341.09,0.443223,0.783296,9528041268
5760125,9341.09,0.460952,0.776849,9528041269
5760126,9341.09,0.477069,0.780879,9528041270
5760127,9341.09,0.443223,0.787326,9528057954
5760128,9341.09,0.454505,0.779267,9528057959
5760129,9341.09,0.456117,0.780073,9528057959
5760130,9341.09,0.443223,0.773626,9528057960
5760131,9341.1,0.476263,0.778461,9528057961
5760132,9341.1,0.446446,0.784102,9528057962
5760133,9341.1,0.489963,0.778461,9528057963
5760134,9341.1,0.476263,0.776849,9528057964
5760135,9341.1,0.471428,0.778461,9528057965
5760136,9341.1,0.494798,0.780879,9528057966
5760137,9341.1,0.46901,0.777655,9528057966
5760138,9341.1,0.452893,0.776849,9528057967
5760139,9341.1,0.491575,0.777655,9528057968
5760140,9341.1,0.489963,0.773626,9528057969
5760141,9341.11,0.483516,0.777655,9528057970
5760142,9341.11,0.489963,0.779267,9528057970
5760143,9341.11,0.502857,0.775238,9528057971
5760144,9341.11,0.498021,0.776849,9528074774
5760145,9341.11,0.507692,0.773626,9528074778
5760146,9341.11,0.522197,0.778461,9528074779
5760147,9341.11,0.527032,0.778461,9528074780
5760148,9341.11,0.531868,0.778461,9528074781
5760149,9341.11,0.54315,0.777655,9528074782
5760150,9341.11,0.549597,0.777655,9528074782
5760151,9341.12,0.554432,0.778461,9528074783
5760152,9341.12,0.541538,0.791355,9528074784
5760153,9341.12,0.556043,0.778461,9528074785
5760154,9341.12,0.544761,0.780879,9528074786
5760155,9341.12,0.575384,0.779267,9528074786
5760156,9341.12,0.54315,0.777655,9528074787
5760157,9341.12,0.549597,0.779267,9528074788
5760158,9341.12,0.559267,0.778461,9528074789
5760159,9341.12,0.568131,0.778461,9528074790
5760160,9341.12,0.554432,0.785714,9528091344
5760161,9341.13,0.544761,0.78652,9528091347
5760162,9341.13,0.572161,0.775238,9528091348
5760163,9341.13,0.592307,0.778461,9528091349
5760164,9341.13,0.610842,0.79619,9528091350
5760165,9341.13,0.66,0.777655,9528091351
5760166,9341.13,0.672893,0.780879,9528091352
5760167,9341.13,0.701098,0.777655,9528091353
5760168,9341.13,0.750256,0.776849,9528091353
5760169,9341.13,0.775238,0.778461,9528091354
5760170,9341.14,0.794578,0.779267,9528091355
5760171,9341.14,0.830842,0.780879,9528091356
5760172,9341.14,0.836483,0.778461,9528091357
5760173,9341.14,0.837289,0.780073,9528091357
5760174,9341.14,0.881611,0.778461,9528091358
5760175,9341.14,0.882417,0.784908,9528091359
5760176,9341.14,0.920293,0.776849,9528091360
5760177,9341.14,0.817948,0.775238,9528108337
5760178,9341.14,0.835677,0.780879,9528108346
5760179,9341.14,0.817948,0.776849,9528108347
5760180,9341.15,0.801831,0.779267,9528108348
5760181,9341.15,0.839706,0.779267,9528108349
5760182,9341.15,0.846153,0.776849,9528108350
5760183,9341.15,0.799413,0.780073,9528108351
5760184,9341.15,0.859853,0.773626,9528108351
5760185,9341.15,0.862271,0.778461,9528108352
5760186,9341.15,0.863882,0.777655,9528108353
5760187,9341.15,0.8526,0.776849,9528108354
5760188,9341.15,0.830036,0.78249,9528108355
5760189,9341.15,0.857435,0.778461,9528108356
5760190,9341.16,0.836483,0.776849,9528108356
5760191,9341.16,0.855824,0.780073,9528108357
5760192,9341.16,0.863076,0.778461,9528108358
5760193,9341.16,0.861465,0.783296,9528108359
5760194,9341.16,0.767179,0.784102,9528124940
5760195,9341.16,0.838095,0.780073,9528124947
5760196,9341.16,0.859047,0.784102,9528124949
5760197,9341.16,0.84293,0.776849,9528124950
5760198,9341.16,0.902564,0.776849,9528124951
5760199,9341.16,0.933186,0.777655,9528124952
5760200,9341.17,0.956556,0.788937,9528124952
5760201,9341.17,0.920293,0.776849,9528124953
5760202,9341.17,0.965421,0.773626,9528124954
5760203,9341.17,0.971868,0.780879,9528124955
5760204,9341.17,0.981538,0.777655,9528124956
5760205,9341.17,1.00571,0.792967,9528124956
5760206,9341.17,1.02505,0.765567,9528124957
5760207,9341.17,1.03392,0.767179,9528124958
5760208,9341.17,1.01619,0.780073,9528124959
5760209,9341.17,1.04278,0.783296,9528124960
5760210,9341.17,0.958974,0.777655,9528124961
5760211,9341.18,0.979926,0.794578,9528141435
5760212,9341.18,0.979926,0.788131,9528141441
5760213,9341.18,1.02022,0.773626,9528141442
5760214,9341.18,0.991208,0.775238,9528141443
5760215,9341.18,1.00894,0.783296,9528141444
5760216,9341.18,1.02667,0.78249,9528141445
5760217,9341.18,1.00813,0.783296,9528141446
5760218,9341.18,1.04037,0.776849,9528141447
5760219,9341.18,1.06132,0.773626,9528141470
5760220,9341.18,1.05971,0.778461,9528141471
5760221,9341.19,1.08469,0.777655,9528141472
5760222,9341.19,1.0589,0.780879,9528141473
5760223,9341.19,1.08952,0.780879,9528141474
5760224,9341.19,1.08791,0.78249,9528141474
5760225,9341.19,1.12659,0.792967,9528141475
5760226,9341.19,1.10886,0.780073,9528141476
5760227,9341.19,1.09114,0.792967,9528158089
5760228,9341.19,1.14029,0.773626,9528158093
5760229,9341.19,1.13465,0.783296,9528158094
5760230,9341.19,1.16044,0.780073,9528158095
5760231,9341.2,1.17011,0.777655,9528158096
5760232,9341.2,1.21363,0.79619,9528158097
5760233,9341.2,1.21765,0.776043,9528158098
5760234,9341.2,1.21524,0.776043,9528158098
5760235,9341.2,1.22491,0.774432,9528158099
5760236,9341.2,1.237,0.780879,9528158100
5760237,9341.2,1.25956,0.774432,9528158101
5760238,9341.2,1.21765,0.773626,9528158102
5760239,9341.2,1.22813,0.776849,9528158103
5760240,9341.2,1.24183,0.780879,9528158104
5760241,9341.21,1.2652,0.780073,9528158104
5760242,9341.21,1.26359,0.777655,9528158105
5760243,9341.21,1.24586,0.776849,9528158106
5760244,9341.21,1.22007,0.783296,9528174834
5760245,9341.21,1.27487,0.780879,9528174837
5760246,9341.21,1.31516,0.792967,9528174838
5760247,9341.21,1.32645,0.78652,9528174839
5760248,9341.21,1.36835,0.776849,9528174840
5760249,9341.21,1.35546,0.780879,9528174841
5760250,9341.22,1.33934,0.776849,9528174842
5760251,9341.22,1.3482,0.79619,9528174843
5760252,9341.22,1.35385,0.770402,9528174844
5760253,9341.22,1.34095,0.780073,9528174844
5760254,9341.22,1.35868,0.778461,9528174845
5760255,9341.22,1.34901,0.788937,9528174846
5760256,9341.22,1.34417,0.778461,9528174847
5760257,9341.22,1.34337,0.775238,9528174848
5760258,9341.22,1.34095,0.775238,9528174849
5760259,9341.22,1.31516,0.777655,9528174849
5760260,9341.23,1.29421,0.777655,9528174850
5760261,9341.23,1.29824,0.763956,9528191447
5760262,9341.23,1.30388,0.780879,9528191452
5760263,9341.23,1.35385,0.783296,9528191453
5760264,9341.23,1.35223,0.776849,9528191454
5760265,9341.23,1.34901,0.776849,9528191455
5760266,9341.23,1.36029,0.780879,9528191456
5760267,9341.23,1.38125,0.789743,9528191457
5760268,9341.23,1.38125,0.765567,9528191457
5760269,9341.23,1.36674,0.775238,9528191458
5760270,9341.24,1.36674,0.780073,9528191459
5760271,9341.24,1.36755,0.780073,9528191460
5760272,9341.24,1.39817,0.763956,9528191461
5760273,9341.24,1.39333,0.785714,9528191462
5760274,9341.24,1.37157,0.780879,9528191462
5760275,9341.24,1.36674,0.78652,9528191463
5760276,9341.24,1.40059,0.778461,9528191464
5760277,9341.24,1.27971,0.776849,9528208238
5760278,9341.24,1.36674,0.773626,9528208243
5760279,9341.24,1.31758,0.780879,9528208245
5760280,9341.25,1.34256,0.779267,9528208246
5760281,9341.25,1.36996,0.777655,9528208247
5760282,9341.25,1.37319,0.773626,9528208247
5760283,9341.25,1.35546,0.778461,9528208248
5760284,9341.25,1.32967,0.780879,9528208249
5760285,9341.25,1.32725,0.79619,9528208250
5760286,9341.25,1.36674,0.780879,9528208251
5760287,9341.25,1.37238,0.785714,9528208252
5760288,9341.25,1.41348,0.776849,9528208253
5760289,9341.25,1.31919,0.776849,9528208254
5760290,9341.25,1.30147,0.791355,9528208254
5760291,9341.26,1.40381,0.780073,9528208255
5760292,9341.26,1.39817,0.778461,9528208256
5760293,9341.26,1.39172,0.759926,9528208257
5760294,9341.26,1.34095,0.785714,9528224834
5760295,9341.26,1.41832,0.781684,9528224839
5760296,9341.26,1.40542,0.780073,9528224845
5760297,9341.26,1.39253,0.780879,9528224846
5760298,9341.26,1.39253,0.777655,9528224847
5760299,9341.26,1.39253,0.779267,9528224848
5760300,9341.26,1.41832,0.776849,9528224849
5760301,9341.27,1.40059,0.788937,9528224850
5760302,9341.27,1.36674,0.791355,9528224850
5760303,9341.27,1.36835,0.777655,9528224851
5760304,9341.27,1.37238,0.778461,9528224852
5760305,9341.27,1.40703,0.777655,9528224853
5760306,9341.27,1.41832,0.780073,9528224854
5760307,9341.27,1.40139,0.783296,9528224856
5760308,9341.27,1.39736,0.780073,9528224857
5760309,9341.27,1.39253,0.79619,9528224857
5760310,9341.27,1.34256,0.759926,9528224858
5760311,9341.28,1.35304,0.788131,9528241499
5760312,9341.28,1.36271,0.776849,9528241503
5760313,9341.28,1.38205,0.780879,9528241504
5760314,9341.28,1.35143,0.773626,9528241504
5760315,9341.28,1.39897,0.79619,9528241505
5760316,9341.28,1.36674,0.777655,9528241506
5760317,9341.28,1.37238,0.778461,9528241507
5760318,9341.28,1.37963,0.784102,9528241508
5760319,9341.28,1.39253,0.775238,9528241509
5760320,9341.28,1.39253,0.778461,9528241509
5760321,9341.29,1.37399,0.776849,9528241510
5760322,9341.29,1.39253,0.777655,9528241511
5760323,9341.29,1.36593,0.765567,9528241512
5760324,9341.29,1.39253,0.776849,9528241513
5760325,9341.29,1.41993,0.78652,9528241513
5760326,9341.29,1.39253,0.777655,9528241514
5760327,9341.29,1.34256,0.778461,9528258362
5760328,9341.29,1.38447,0.785714,9528258366
5760329,9341.29,1.35304,0.777655,9528258366
5760330,9341.3,1.36674,0.780073,9528258367
5760331,9341.3,1.40139,0.776849,9528258368
5760332,9341.3,1.39495,0.775238,9528258369
5760333,9341.3,1.38769,0.776849,9528258370
5760334,9341.3,1.37319,0.785714,9528258371
5760335,9341.3,1.3474,0.785714,9528258371
5760336,9341.3,1.31516,0.780073,9528258372
5760337,9341.3,1.37157,0.776849,9528258373
5760338,9341.3,1.34095,0.785714,9528258378
5760339,9341.3,1.34417,0.777655,9528258379
5760340,9341.31,1.34176,0.784102,9528258380
5760341,9341.31,1.34579,0.765567,9528258381
5760342,9341.31,1.34417,0.783296,9528258381
5760343,9341.31,1.36755,0.792161,9528258382
5760344,9341.31,1.26359,0.781684,9528274667
5760345,9341.31,1.33128,0.778461,9528274673
5760346,9341.31,1.36916,0.778461,9528274674
5760347,9341.31,1.32483,0.783296,9528274675
5760348,9341.31,1.36674,0.784102,9528274675
5760349,9341.31,1.38205,0.780879,9528274676
5760350,9341.32,1.32564,0.792967,9528274677
5760351,9341.32,1.3756,0.778461,9528274678
5760352,9341.32,1.35868,0.777655,9528274679
5760353,9341.32,1.36674,0.777655,9528274680
5760354,9341.32,1.36835,0.780073,9528274680
5760355,9341.32,1.37077,0.778461,9528274681
5760356,9341.32,1.34901,0.778461,9528274682
5760357,9341.32,1.37319,0.788937,9528274683
5760358,9341.32,1.35385,0.777655,9528274684
5760359,9341.32,1.35385,0.773626,9528274684
5760360,9341.33,1.28454,0.778461,9528291433
5760361,9341.33,1.31516,0.791355,9528291438
5760362,9341.33,1.32806,0.778461,9528291439
5760363,9341.33,1.32564,0.793772,9528291440
5760364,9341.33,1.39253,0.778461,9528291441
5760365,9341.33,1.37319,0.780073,9528291442
5760366,9341.33,1.40703,0.777655,9528291443
5760367,9341.33,1.39736,0.780879,9528291444
5760368,9341.33,1.39253,0.78652,9528291444
5760369,9341.33,1.39333,0.784102,9528291445
5760370,9341.33,1.39656,0.792967,9528291446
5760371,9341.34,1.41832,0.777655,9528291447
5760372,9341.34,1.40462,0.778461,9528291448
5760373,9341.34,1.40864,0.775238,9528291449
5760374,9341.34,1.39414,0.776849,9528291449
5760375,9341.34,1.39172,0.784102,9528291450
5760376,9341.34,1.36916,0.785714,9528291451
5760377,9341.34,1.30872,0.775238,9528308253
5760378,9341.34,1.37157,0.780073,9528308258
5760379,9341.34,1.35626,0.777655,9528308259
5760380,9341.34,1.38125,0.765567,9528308260
5760381,9341.35,1.41832,0.759926,9528308261
5760382,9341.35,1.40542,0.780073,9528308262
5760383,9341.35,1.37238,0.780879,9528308263
5760384,9341.35,1.40381,0.778461,9528308264
5760385,9341.35,1.40462,0.777655,9528308265
5760386,9341.35,1.39414,0.780073,9528308266
5760387,9341.35,1.39414,0.792967,9528308267
5760388,9341.35,1.42073,0.776849,9528308267
5760389,9341.35,1.40703,0.780879,9528308268
5760390,9341.35,1.40703,0.759926,9528308269
5760391,9341.36,1.36674,0.777655,9528308270
5760392,9341.36,1.37963,0.791355,9528308271
5760393,9341.36,1.39333,0.776849,9528308271
5760394,9341.36,1.28132,0.776849,9528324764
5760395,9341.36,1.34417,0.773626,9528324770
5760396,9341.36,1.34095,0.778461,9528324772
5760397,9341.36,1.3474,0.773626,9528324773
5760398,9341.36,1.35546,0.79619,9528324774
5760399,9341.36,1.34579,0.785714,9528324774
5760400,9341.36,1.35787,0.777655,9528324775
5760401,9341.37,1.31678,0.783296,9528324776
5760402,9341.37,1.33934,0.785714,9528324777
5760403,9341.37,1.34659,0.779267,9528324777
5760404,9341.37,1.3474,0.778461,9528324778
5760405,9341.37,1.37963,0.788131,9528324779
5760406,9341.37,1.3748,0.780073,9528324798
5760407,9341.37,1.36674,0.776849,9528324799
5760408,9341.37,1.34579,0.780879,9528324800
5760409,9341.37,1.32806,0.776849,9528324801
5760410,9341.38,1.30388,0.776849,9528324803
5760411,9341.38,1.32645,0.776849,9528341486
5760412,9341.38,1.36835,0.79619,9528341491
5760413,9341.38,1.37319,0.777655,9528341492
5760414,9341.38,1.34579,0.780073,9528341493
5760415,9341.38,1.36674,0.777655,9528341494
5760416,9341.38,1.37319,0.779267,9528341495
5760417,9341.38,1.36916,0.776849,9528341496
5760418,9341.38,1.39414,0.778461,9528341497
5760419,9341.38,1.39897,0.777655,9528341497
5760420,9341.39,1.39414,0.784908,9528341498
5760421,9341.39,1.39253,0.778461,9528341499
5760422,9341.39,1.38125,0.783296,9528341500
5760423,9341.39,1.40703,0.784908,9528341500
5760424,9341.39,1.39414,0.777655,9528341501
5760425,9341.39,1.39253,0.78652,9528341502
5760426,9341.39,1.37802,0.777655,9528341503
5760427,9341.39,1.31678,0.776849,9528358239
5760428,9341.39,1.35385,0.779267,9528358244
5760429,9341.39,1.35223,0.765567,9528358246
5760430,9341.4,1.34095,0.778461,9528358246
5760431,9341.4,1.3756,0.773626,9528358247
5760432,9341.4,1.37238,0.778461,9528358248
5760433,9341.4,1.36916,0.773626,9528358249
5760434,9341.4,1.37963,0.788131,9528358250
5760435,9341.4,1.35868,0.776849,9528358251
5760436,9341.4,1.39253,0.777655,9528358252
5760437,9341.4,1.41187,0.778461,9528358252
5760438,9341.4,1.36674,0.776849,9528358253
5760439,9341.4,1.39897,0.776849,9528358254
5760440,9341.41,1.3756,0.776849,9528358255
5760441,9341.41,1.36674,0.780073,9528358256
5760442,9341.41,1.39253,0.780879,9528358256
5760443,9341.41,1.39414,0.777655,9528358257
5760444,9341.41,1.30227,0.778461,9528374878
5760445,9341.41,1.39172,0.776849,9528374883
5760446,9341.41,1.38205,0.780879,9528374884
5760447,9341.41,1.37963,0.780073,9528374885
5760448,9341.41,1.43443,0.776043,9528374886
5760449,9341.41,1.4296,0.780073,9528374887
5760450,9341.42,1.41912,0.778461,9528374888
5760451,9341.42,1.43685,0.788131,9528374889
5760452,9341.42,1.43121,0.780879,9528374890
5760453,9341.42,1.41832,0.780073,9528374890
5760454,9341.42,1.41832,0.765567,9528374891
5760455,9341.42,1.39736,0.778461,9528374892
5760456,9341.42,1.39897,0.773626,9528374893
5760457,9341.42,1.39253,0.780879,9528374894
5760458,9341.42,1.39253,0.763956,9528374894
5760459,9341.42,1.39414,0.777655,9528374895
5760460,9341.42,1.34901,0.778461,9528374896
5760461,9341.43,1.30388,0.776043,9528391525
5760462,9341.43,1.34982,0.773626,9528391530
5760463,9341.43,1.35546,0.788937,9528391531
5760464,9341.43,1.34256,0.780073,9528391532
5760465,9341.43,1.31516,0.778461,9528391533
5760466,9341.43,1.31678,0.780073,9528391534
5760467,9341.43,1.40381,0.777655,9528391535
5760468,9341.43,1.42315,0.78652,9528391536
5760469,9341.43,1.39817,0.780073,9528391538
5760470,9341.43,1.38447,0.792967,9528391538
5760471,9341.44,1.39253,0.778461,9528391539
5760472,9341.44,1.37238,0.778461,9528391540
5760473,9341.44,1.37238,0.792967,9528391541
5760474,9341.44,1.39253,0.780073,9528391541
5760475,9341.44,1.39253,0.783296,9528391542
5760476,9341.44,1.38125,0.780073,9528391543
5760477,9341.44,1.31758,0.780073,9528408143
5760478,9341.44,1.32725,0.776849,9528408147
5760479,9341.44,1.32,0.777655,9528408148
5760480,9341.44,1.32645,0.792967,9528408149
5760481,9341.45,1.34176,0.780073,9528408150
5760482,9341.45,1.36755,0.785714,9528408151
5760483,9341.45,1.34417,0.776849,9528408152
5760484,9341.45,1.39253,0.777655,9528408152
5760485,9341.45,1.40139,0.778461,9528408153
5760486,9341.45,1.34095,0.777655,9528408154
5760487,9341.45,1.36674,0.777655,9528408155
5760488,9341.45,1.37319,0.778461,9528408156
5760489,9341.45,1.39253,0.776849,9528408156
5760490,9341.45,1.35304,0.778461,9528408157
5760491,9341.46,1.36674,0.773626,9528408158
5760492,9341.46,1.35868,0.791355,9528408159
5760493,9341.46,1.39495,0.776849,9528408160
5760494,9341.46,1.31678,0.776849,9528424787
5760495,9341.46,1.37802,0.784102,9528424790
5760496,9341.46,1.36835,0.791355,9528424791
5760497,9341.46,1.34659,0.78652,9528424792
5760498,9341.46,1.37238,0.776849,9528424793
5760499,9341.46,1.34659,0.780073,9528424794
5760500,9341.47,1.3756,0.777655,9528424795
5760501,9341.47,1.34982,0.777655,9528424795
5760502,9341.47,1.36916,0.780073,9528424796
5760503,9341.47,1.37641,0.784102,9528424797
5760504,9341.47,1.35223,0.788937,9528424798
5760505,9341.47,1.37399,0.775238,9528424798
5760506,9341.47,1.37157,0.777655,9528424799
5760507,9341.47,1.40059,0.778461,9528424800
5760508,9341.47,1.36674,0.777655,9528424801
5760509,9341.47,1.38125,0.778461,9528424801
5760510,9341.48,1.34659,0.792967,9528424802
5760511,9341.48,1.237,0.778461,9528441631
5760512,9341.48,1.32,0.780879,9528441638
5760513,9341.48,1.32967,0.780879,9528441639
5760514,9341.48,1.39414,0.777655,9528441640
5760515,9341.48,1.37802,0.777655,9528441641
5760516,9341.48,1.39897,0.778461,9528441642
5760517,9341.48,1.40059,0.773626,9528441643
5760518,9341.48,1.39414,0.777655,9528441643
5760519,9341.48,1.40059,0.789743,9528441644
5760520,9341.49,1.39978,0.778461,9528441645
5760521,9341.49,1.42396,0.777655,9528441646
5760522,9341.49,1.41026,0.780073,9528441647
5760523,9341.49,1.42637,0.776043,9528441647
5760524,9341.49,1.41993,0.778461,9528441648
5760525,9341.49,1.40703,0.778461,9528441649
5760526,9341.49,1.41187,0.780879,9528441650
5760527,9341.49,1.38447,0.780879,9528458255
5760528,9341.49,1.40542,0.773626,9528458261
5760529,9341.49,1.39736,0.780879,9528458262
5760530,9341.5,1.39253,0.780879,9528458262
5760531,9341.5,1.39736,0.78652,9528458264
5760532,9341.5,1.40381,0.780879,9528458265
5760533,9341.5,1.40059,0.79619,9528458266
5760534,9341.5,1.39414,0.778461,9528458267
5760535,9341.5,1.39253,0.776849,9528458268
5760536,9341.5,1.37157,0.780879,9528458269
5760537,9341.5,1.39495,0.777655,9528458269
5760538,9341.5,1.36674,0.777655,9528458270
5760539,9341.5,1.3756,0.777655,9528458271
5760540,9341.5,1.36835,0.773626,9528458272
5760541,9341.51,1.34095,0.792967,9528458273
5760542,9341.51,1.39253,0.779267,9528458273
5760543,9341.51,1.35385,0.780073,9528458274
5760544,9341.51,1.24908,0.778461,9528474872
5760545,9341.51,1.35385,0.784102,9528474877
5760546,9341.51,1.34095,0.780073,9528474878
5760547,9341.51,1.3345,0.777655,9528474879
5760548,9341.51,1.40542,0.780879,9528474880
5760549,9341.51,1.39978,0.780073,9528474881
5760550,9341.51,1.36835,0.780073,9528474882
5760551,9341.52,1.37883,0.779267,9528474882
5760552,9341.52,1.41832,0.778461,9528474883
5760553,9341.52,1.36674,0.780879,9528474884
5760554,9341.52,1.37399,0.778461,9528474885
5760555,9341.52,1.37157,0.783296,9528474886
5760556,9341.52,1.37238,0.780073,9528474887
5760557,9341.52,1.3756,0.776849,9528474887
5760558,9341.52,1.37157,0.780879,9528474888
5760559,9341.52,1.3748,0.776849,9528474889
5760560,9341.52,1.37963,0.773626,9528474890
5760561,9341.53,1.31516,0.776849,9528491483
5760562,9341.53,1.36835,0.779267,9528491490
5760563,9341.53,1.39253,0.780073,9528491491
5760564,9341.53,1.36996,0.776849,9528491492
5760565,9341.53,1.39333,0.777655,9528491493
5760566,9341.53,1.41832,0.780879,9528491494
5760567,9341.53,1.41993,0.776849,9528491495
5760568,9341.53,1.41832,0.78652,9528491496
5760569,9341.53,1.42637,0.778461,9528491496
5760570,9341.53,1.41993,0.778461,9528491497
5760571,9341.54,1.40703,0.780073,9528491498
5760572,9341.54,1.41832,0.78652,9528491499
5760573,9341.54,1.36674,0.793772,9528491500
5760574,9341.54,1.38286,0.779267,9528491501
5760575,9341.54,1.403,0.776849,9528491502
5760576,9341.54,1.42557,0.780879,9528491502
5760577,9341.54,1.30711,0.778461,9528508191
5760578,9341.54,1.32161,0.784102,9528508196
5760579,9341.54,1.33612,0.788131,9528508197
5760580,9341.55,1.32967,0.784102,9528508198
5760581,9341.55,1.32725,0.778461,9528508199
5760582,9341.55,1.30388,0.783296,9528508200
5760583,9341.55,1.34095,0.780879,9528508201
5760584,9341.55,1.32,0.78652,9528508202
5760585,9341.55,1.34095,0.776849,9528508203
5760586,9341.55,1.34901,0.777655,9528508204
5760587,9341.55,1.32967,0.781684,9528508205
5760588,9341.55,1.39253,0.778461,9528508205
5760589,9341.55,1.36674,0.776849,9528508206
5760590,9341.56,1.39253,0.78652,9528508207
5760591,9341.56,1.32322,0.776849,9528508208
5760592,9341.56,1.35868,0.785714,9528508209
5760593,9341.56,1.36835,0.784102,9528508230
5760594,9341.56,1.28938,0.777655,9528524899
5760595,9341.56,1.34176,0.778461,9528524903
5760596,9341.56,1.33934,0.77282,9528524904
5760597,9341.56,1.35223,0.779267,9528524905
5760598,9341.56,1.36674,0.792967,9528524906
5760599,9341.56,1.37963,0.777655,9528524907
5760600,9341.57,1.40462,0.778461,9528524908
5760601,9341.57,1.38125,0.778461,9528524909
5760602,9341.57,1.37399,0.779267,9528524909
5760603,9341.57,1.41832,0.778461,9528524910
5760604,9341.57,1.39253,0.793772,9528524911
5760605,9341.57,1.42315,0.777655,9528524912
5760606,9341.57,1.39736,0.778461,9528524912
5760607,9341.57,1.41026,0.780879,9528524913
5760608,9341.57,1.40542,0.773626,9528524914
5760609,9341.57,1.40784,0.780879,9528524915
5760610,9341.58,1.39897,0.792967,9528524915
5760611,9341.58,1.35546,0.777655,9528541628
5760612,9341.58,1.37883,0.777655,9528541633
5760613,9341.58,1.39253,0.778461,9528541634
5760614,9341.58,1.39333,0.777655,9528541635
5760615,9341.58,1.39736,0.780879,9528541636
5760616,9341.58,1.42073,0.778461,9528541637
5760617,9341.58,1.42637,0.783296,9528541638
5760618,9341.58,1.40542,0.777655,9528541639
5760619,9341.58,1.40059,0.776849,9528541639
5760620,9341.58,1.41106,0.775238,9528541640
5760621,9341.59,1.3748,0.780879,9528541641
5760622,9341.59,1.37157,0.77282,9528541642
5760623,9341.59,1.39172,0.776849,9528541643
5760624,9341.59,1.39253,0.770402,9528541643
5760625,9341.59,1.38447,0.776849,9528541644
5760626,9341.59,1.39253,0.776849,9528541645
5760627,9341.59,1.34095,0.777655,9528558425
5760628,9341.59,1.38689,0.776849,9528558431
5760629,9341.59,1.36674,0.779267,9528558432
5760630,9341.59,1.39253,0.777655,9528558432
5760631,9341.6,1.36755,0.788131,9528558433
5760632,9341.6,1.39253,0.767179,9528558434
5760633,9341.6,1.36996,0.784908,9528558435
5760634,9341.6,1.35304,0.784908,9528558436
5760635,9341.6,1.36674,0.784908,9528558437
5760636,9341.6,1.36674,0.759926,9528558438
5760637,9341.6,1.36674,0.778461,9528558439
5760638,9341.6,1.36674,0.785714,9528558439
5760639,9341.6,1.36835,0.776849,9528558440
5760640,9341.6,1.36835,0.778461,9528558441
5760641,9341.61,1.34579,0.777655,9528558442
5760642,9341.61,1.36674,0.780879,9528558442
5760643,9341.61,1.39736,0.780879,9528558443
5760644,9341.61,1.30227,0.764761,9528575071
5760645,9341.61,1.37802,0.778461,9528575076
5760646,9341.61,1.39253,0.776849,9528575077
5760647,9341.61,1.37802,0.776849,9528575078
5760648,9341.61,1.4441,0.780073,9528575079
5760649,9341.61,1.43363,0.780879,9528575080
5760650,9341.61,1.40703,0.776849,9528575081
5760651,9341.62,1.42234,0.776849,9528575081
5760652,9341.62,1.43282,0.778461,9528575082
5760653,9341.62,1.43604,0.785714,9528575083
5760654,9341.62,1.42315,0.776849,9528575084
5760655,9341.62,1.43121,0.777655,9528575085
5760656,9341.62,1.41187,0.785714,9528575085
5760657,9341.62,1.41832,0.778461,9528575086
5760658,9341.62,1.39333,0.792967,9528575087
5760659,9341.62,1.39414,0.788131,9528575088
5760660,9341.62,1.39736,0.784908,9528575089
5760661,9341.63,1.29018,0.791355,9528591568
5760662,9341.63,1.30469,0.778461,9528591574
5760663,9341.63,1.39817,0.778461,9528591575
5760664,9341.63,1.38125,0.777655,9528591576
5760665,9341.63,1.39414,0.780073,9528591577
5760666,9341.63,1.36835,0.773626,9528591577
5760667,9341.63,1.36996,0.779267,9528591578
5760668,9341.63,1.457,0.777655,9528591579
5760669,9341.63,1.39575,0.778461,9528591580
5760670,9341.64,1.41832,0.778461,9528591581
5760671,9341.64,1.39253,0.781684,9528591582
5760672,9341.64,1.36755,0.777655,9528591582
5760673,9341.64,1.39253,0.776849,9528591583
5760674,9341.64,1.41832,0.780879,9528591584
5760675,9341.64,1.39333,0.785714,9528591585
5760676,9341.64,1.40462,0.776849,9528591586
5760677,9341.64,1.3474,0.776849,9528608266
5760678,9341.64,1.36674,0.773626,9528608270
5760679,9341.64,1.36674,0.778461,9528608271
5760680,9341.65,1.38205,0.767179,9528608272
5760681,9341.65,1.36029,0.780073,9528608273
5760682,9341.65,1.38125,0.777655,9528608274
5760683,9341.65,1.39172,0.777655,9528608274
5760684,9341.65,1.35626,0.775238,9528608275
5760685,9341.65,1.38447,0.780879,9528608276
5760686,9341.65,1.39253,0.780073,9528608277
5760687,9341.65,1.37238,0.778461,9528608278
5760688,9341.65,1.40059,0.788131,9528608278
5760689,9341.65,1.40139,0.783296,9528608279
5760690,9341.66,1.39253,0.77282,9528608280
5760691,9341.66,1.36916,0.776849,9528608281
5760692,9341.66,1.39333,0.780879,9528608282
5760693,9341.66,1.34256,0.777655,9528608282
5760694,9341.66,1.29099,0.778461,9528624991
5760695,9341.66,1.37641,0.777655,9528624996
5760696,9341.66,1.34659,0.781684,9528625006
5760697,9341.66,1.34256,0.780073,9528625007
5760698,9341.66,1.35546,0.794578,9528625008
5760699,9341.66,1.39253,0.792967,9528625009
5760700,9341.67,1.39414,0.775238,9528625010
5760701,9341.67,1.35385,0.780879,9528625011
5760702,9341.67,1.39414,0.778461,9528625012
5760703,9341.67,1.36835,0.779267,9528625013
5760704,9341.67,1.35385,0.79619,9528625014
5760705,9341.67,1.42073,0.777655,9528625014
5760706,9341.67,1.41026,0.792967,9528625015
5760707,9341.67,1.41832,0.778461,9528625016
5760708,9341.67,1.42315,0.759926,9528625017
5760709,9341.67,1.37963,0.780879,9528625018
5760710,9341.67,1.36996,0.777655,9528625018
5760711,9341.68,1.34095,0.778461,9528641798
5760712,9341.68,1.37399,0.780073,9528641808
5760713,9341.68,1.38125,0.776849,9528641810
5760714,9341.68,1.34579,0.776849,9528641811
5760715,9341.68,1.37238,0.780879,9528641812
5760716,9341.68,1.3474,0.773626,9528641814
5760717,9341.68,1.36996,0.779267,9528641815
5760718,9341.68,1.36835,0.778461,9528641816
5760719,9341.68,1.36835,0.78652,9528641817
5760720,9341.68,1.39253,0.775238,9528641818
5760721,9341.69,1.34901,0.763956,9528641820
5760722,9341.69,1.35868,0.780879,9528641821
5760723,9341.69,1.36029,0.778461,9528641822
5760724,9341.69,1.36835,0.776043,9528641823
5760725,9341.69,1.37802,0.778461,9528641825
5760726,9341.69,1.39414,0.777655,9528641826
5760727,9341.69,1.26923,0.759926,9528641827
5760728,9341.69,1.29421,0.780073,9528658423
5760729,9341.69,1.2926,0.775238,9528658434
5760730,9341.69,1.39495,0.776849,9528658437
5760731,9341.7,1.40381,0.780879,9528658438
5760732,9341.7,1.39978,0.779267,9528658439
5760733,9341.7,1.41832,0.778461,9528658441
5760734,9341.7,1.40381,0.776849,9528658442
5760735,9341.7,1.41993,0.792967,9528658443
5760736,9341.7,1.41832,0.765567,9528658444
5760737,9341.7,1.39736,0.783296,9528658445
5760738,9341.7,1.40462,0.778461,9528658447
5760739,9341.7,1.40945,0.778461,9528658448
5760740,9341.7,1.40139,0.778461,9528658449
5760741,9341.71,1.41026,0.776849,9528658450
5760742,9341.71,1.36835,0.777655,9528658452
5760743,9341.71,1.40542,0.780879,9528658453
5760744,9341.71,1.34498,0.778461,9528674982
5760745,9341.71,1.40381,0.776849,9528674991
5760746,9341.71,1.39495,0.776849,9528674993
5760747,9341.71,1.36674,0.78249,9528674995
5760748,9341.71,1.40059,0.78652,9528674996
5760749,9341.71,1.41832,0.776849,9528674997
5760750,9341.72,1.39253,0.777655,9528674998
5760751,9341.72,1.3756,0.778461,9528674999
5760752,9341.72,1.37802,0.776849,9528675007
5760753,9341.72,1.39253,0.776849,9528675008
5760754,9341.72,1.39253,0.791355,9528675010
5760755,9341.72,1.36835,0.776849,9528675011
5760756,9341.72,1.37157,0.780879,9528675012
5760757,9341.72,1.36674,0.776849,9528675013
5760758,9341.72,1.35304,0.780073,9528675014
5760759,9341.72,1.37399,0.776849,9528675015
5760760,9341.73,1.34337,0.780073,9528675016
5760761,9341.73,1.26359,0.765567,9528691558
5760762,9341.73,1.34095,0.778461,9528691568
5760763,9341.73,1.35223,0.773626,9528691570
5760764,9341.73,1.32564,0.777655,9528691572
5760765,9341.73,1.38447,0.780879,9528691573
5760766,9341.73,1.39414,0.763956,9528691574
5760767,9341.73,1.36674,0.763956,9528691575
5760768,9341.73,1.41993,0.780879,9528691576
5760769,9341.73,1.41832,0.778461,9528691577
5760770,9341.74,1.39253,0.784908,9528691579
5760771,9341.74,1.39414,0.776849,9528691580
5760772,9341.74,1.39253,0.764761,9528691581
5760773,9341.74,1.40703,0.776849,9528691582
5760774,9341.74,1.39253,0.78652,9528691583
5760775,9341.74,1.39253,0.783296,9528691584
5760776,9341.74,1.39253,0.784908,9528691585
